{
  "1": {
    "tier1": {
      "p1": 2.657137244830702,
      "p2": 2.2666978559238573,
      "p3": 1.9232721798549723,
      "p4": 1.5071991332419667
    },
    "tier2": {
      "p1": 0.32286916109535646,
      "p2": 0.21833133834283508,
      "p3": 0.29557701640209516,
      "p4": 0.37735625518669186
    },
    "tier3": {
      "p1": 0.1341238448134074,
      "p2": 0.11839517932994915,
      "p3": 0.18222914492113854,
      "p4": 0.12400857056861263
    }
  },
  "2": {
    "tier1": {
      "p1": 0.0,
      "p2": 0.0,
      "p3": 0.0,
      "p4": 0.0
    },
    "tier2": {
      "p1": 0.0,
      "p2": 0.0,
      "p3": 0.0,
      "p4": 0.0
    },
    "tier3": {
      "p1": 0.0,
      "p2": 0.0,
      "p3": 0.0,
      "p4": 0.0
    }
  },
  "3": {
    "tier1": {
      "p1": 0.0,
      "p2": 0.0,
      "p3": 0.0,
      "p4": 0.0
    },
    "tier2": {
      "p1": 0.0,
      "p2": 0.0,
      "p3": 0.0,
      "p4": 0.0
    },
    "tier3": {
      "p1": 0.0,
      "p2": 0.0,
      "p3": 0.0,
      "p4": 0.0
    }
  }
}