{"deaths": 243160, "totalAttacks": 100001, "damagingAttacks": 187208.25, "damageDone": {"1": 126666.84374999622, "2": 126666.84374999622, "3": 126666.84374999622, "4": 126666.84374999622}, "bleedDamage": {"1": 0.0, "2": 0.0, "3": 0.0, "4": 0.0}}