{"deaths": 183940, "totalAttacks": 100001, "damagingAttacks": 120642.375, "damageDone": {"1": 72272.34060653012, "2": 72272.34060653012, "3": 72272.34060653012, "4": 72272.34060653012}, "bleedDamage": {"1": 0.0, "2": 0.0, "3": 0.0, "4": 0.0}}