{"deaths": 243160, "totalAttacks": 100001, "damagingAttacks": 177396.25, "damageDone": {"1": 132834.66666669984, "2": 132834.66666669984, "3": 132834.66666669984, "4": 132834.66666669984}, "bleedDamage": {"1": 0.0, "2": 0.0, "3": 0.0, "4": 0.0}}