{"deaths": 183940, "totalAttacks": 100001, "damagingAttacks": 110790.375, "damageDone": {"1": 88453.64040928156, "2": 88453.64040928156, "3": 88453.64040928156, "4": 88453.64040928156}, "bleedDamage": {"1": 0.0, "2": 0.0, "3": 0.0, "4": 0.0}}