{"deaths": 57099, "totalAttacks": 100001, "damagingAttacks": 110790.375, "damageDone": {"1": 98963.30498033165, "2": 98963.30498033165, "3": 98963.30498033165, "4": 98963.30498033165}, "bleedDamage": {"1": 0.0, "2": 0.0, "3": 0.0, "4": 0.0}}