{"deaths": 243160, "totalAttacks": 1031778, "damagingAttacks": 1885241.625, "damageDone": {"1": 1115586.7812500473, "2": 1115586.7812500473, "3": 1115586.7812500473, "4": 1115586.7812500473}, "bleedDamage": {"1": 0.0, "2": 0.0, "3": 0.0, "4": 0.0}, "loadoutDamage": {}}