{"deaths": 243160, "totalAttacks": 100001, "damagingAttacks": 175795.375, "damageDone": {"1": 91784.031250002, "2": 91784.031250002, "3": 91784.031250002, "4": 91784.031250002}, "bleedDamage": {"1": 0.0, "2": 0.0, "3": 0.0, "4": 0.0}}