{"deaths": 243160, "totalAttacks": 100001, "damagingAttacks": 168953.375, "damageDone": {"1": 76651.98958335404, "2": 76651.98958335404, "3": 76651.98958335404, "4": 76651.98958335404}, "bleedDamage": {"1": 0.0, "2": 0.0, "3": 0.0, "4": 0.0}}