{"deaths": 243160, "totalAttacks": 100001, "damagingAttacks": 182799.375, "damageDone": {"1": 112575.41666668114, "2": 112575.41666668114, "3": 112575.41666668114, "4": 112575.41666668114}, "bleedDamage": {"1": 0.0, "2": 0.0, "3": 0.0, "4": 0.0}}