{"deaths": 57099, "totalAttacks": 100001, "damagingAttacks": 120642.375, "damageDone": {"1": 70443.78464005237, "2": 70443.78464005237, "3": 70443.78464005237, "4": 70443.78464005237}, "bleedDamage": {"1": 0.0, "2": 0.0, "3": 0.0, "4": 0.0}}