{"deaths": 183940, "totalAttacks": 100001, "damagingAttacks": 116965.125, "damageDone": {"1": 119125.51029345892, "2": 119125.51029345892, "3": 119125.51029345892, "4": 119125.51029345892}, "bleedDamage": {"1": 0.0, "2": 0.0, "3": 0.0, "4": 0.0}}