{"deaths": 243160, "totalAttacks": 100001, "damagingAttacks": 191273.5, "damageDone": {"1": 92352.79166670091, "2": 92352.79166670091, "3": 92352.79166670091, "4": 92352.79166670091}, "bleedDamage": {"1": 0.0, "2": 0.0, "3": 0.0, "4": 0.0}}