{"deaths": {"1": 4470, "2": 11201, "3": 21403}, "totalAttacks": {"1": 18392.0, "2": 6384.0, "3": 8684.0}, "damagingAttacks": {"1": 11361.5, "2": 4015.5, "3": 3258.5625}, "damageDone": {"1": {"1": 28042.029339245837, "2": 7228.773668639174, "3": 5228.6815828402305}, "2": {"1": 28042.029339245837, "2": 7228.773668639174, "3": 5228.6815828402305}, "3": {"1": 28042.029339245837, "2": 7228.773668639174, "3": 5228.6815828402305}, "4": {"1": 28042.029339245837, "2": 7228.773668639174, "3": 5228.6815828402305}}, "bleedDamage": {"1": {"1": 0.0, "2": 0.0, "3": 0.0}, "2": {"1": 0.0, "2": 0.0, "3": 0.0}, "3": {"1": 0.0, "2": 0.0, "3": 0.0}, "4": {"1": 0.0, "2": 0.0, "3": 0.0}}}