{"deaths": 243160, "totalAttacks": 100001, "damagingAttacks": 186731.375, "damageDone": {"1": 80227.33333335097, "2": 80227.33333335097, "3": 80227.33333335097, "4": 80227.33333335097}, "bleedDamage": {"1": 0.0, "2": 0.0, "3": 0.0, "4": 0.0}}