{"deaths": 57099, "totalAttacks": 131778, "damagingAttacks": 194807.25, "damageDone": {"1": 154115.42751491244, "2": 154115.42751491244, "3": 154115.42751491244, "4": 154115.42751491244}, "bleedDamage": {"1": 0.0, "2": 0.0, "3": 0.0, "4": 0.0}}