{"deaths": 57099, "totalAttacks": 100001, "damagingAttacks": 89817.25, "damageDone": {"1": 76322.5490631382, "2": 76322.5490631382, "3": 76322.5490631382, "4": 76322.5490631382}, "bleedDamage": {"1": 0.0, "2": 0.0, "3": 0.0, "4": 0.0}}