{"deaths": 57099, "totalAttacks": 100001, "damagingAttacks": 108403.0, "damageDone": {"1": 112870.33037482253, "2": 112870.33037482253, "3": 112870.33037482253, "4": 112870.33037482253}, "bleedDamage": {"1": 0.0, "2": 0.0, "3": 0.0, "4": 0.0}}