{"deaths": 57099, "totalAttacks": 100001, "damagingAttacks": 81477.125, "damageDone": {"1": 58171.637080881825, "2": 58171.637080881825, "3": 58171.637080881825, "4": 58171.637080881825}, "bleedDamage": {"1": 0.0, "2": 0.0, "3": 0.0, "4": 0.0}}