{"deaths": 57099, "totalAttacks": 100001, "damagingAttacks": 116965.125, "damageDone": {"1": 121028.6639547085, "2": 121028.6639547085, "3": 121028.6639547085, "4": 121028.6639547085}, "bleedDamage": {"1": 0.0, "2": 0.0, "3": 0.0, "4": 0.0}}