{"deaths": {"1": 37610, "2": 72308, "3": 100332}, "totalAttacks": {"1": 18392.0, "2": 6384.0, "3": 8684.0}, "damagingAttacks": {"1": 17676.0, "2": 5847.0, "3": 6829.9375}, "damageDone": {"1": {"1": 29239.333333333896, "2": 5750.29166666664, "3": 6871.072916666686}, "2": {"1": 29239.333333333896, "2": 5750.29166666664, "3": 6871.072916666686}, "3": {"1": 29239.333333333896, "2": 5750.29166666664, "3": 6871.072916666686}, "4": {"1": 29239.333333333896, "2": 5750.29166666664, "3": 6871.072916666686}}, "bleedDamage": {"1": {"1": 0.0, "2": 0.0, "3": 0.0}, "2": {"1": 0.0, "2": 0.0, "3": 0.0}, "3": {"1": 0.0, "2": 0.0, "3": 0.0}, "4": {"1": 0.0, "2": 0.0, "3": 0.0}}}