{"deaths": 57099, "totalAttacks": 100001, "damagingAttacks": 130466.875, "damageDone": {"1": 126512.7297213424, "2": 126512.7297213424, "3": 126512.7297213424, "4": 126512.7297213424}, "bleedDamage": {"1": 0.0, "2": 0.0, "3": 0.0, "4": 0.0}}