{"deaths": 243160, "totalAttacks": 100001, "damagingAttacks": 177277.0, "damageDone": {"1": 122922.3229166689, "2": 122922.3229166689, "3": 122922.3229166689, "4": 122922.3229166689}, "bleedDamage": {"1": 0.0, "2": 0.0, "3": 0.0, "4": 0.0}}