{"deaths": 183940, "totalAttacks": 100001, "damagingAttacks": 81477.125, "damageDone": {"1": 49033.55226827001, "2": 49033.55226827001, "3": 49033.55226827001, "4": 49033.55226827001}, "bleedDamage": {"1": 0.0, "2": 0.0, "3": 0.0, "4": 0.0}}