{"deaths": 243160, "totalAttacks": 131778, "damagingAttacks": 256131.0, "damageDone": {"1": 124862.33333331891, "2": 124862.33333331891, "3": 124862.33333331891, "4": 124862.33333331891}, "bleedDamage": {"1": 0.0, "2": 0.0, "3": 0.0, "4": 0.0}}