{"deaths": 57099, "totalAttacks": 100001, "damagingAttacks": 130230.0, "damageDone": {"1": 114218.72633135061, "2": 114218.72633135061, "3": 114218.72633135061, "4": 114218.72633135061}, "bleedDamage": {"1": 0.0, "2": 0.0, "3": 0.0, "4": 0.0}}