{"deaths": 243160, "totalAttacks": 100001, "damagingAttacks": 181692.125, "damageDone": {"1": 154717.2187500307, "2": 154717.2187500307, "3": 154717.2187500307, "4": 154717.2187500307}, "bleedDamage": {"1": 0.0, "2": 0.0, "3": 0.0, "4": 0.0}}