{"deaths": 57099, "totalAttacks": 100001, "damagingAttacks": 126620.75, "damageDone": {"1": 90428.54733727175, "2": 90428.54733727175, "3": 90428.54733727175, "4": 90428.54733727175}, "bleedDamage": {"1": 0.0, "2": 0.0, "3": 0.0, "4": 0.0}}