{"deaths": 31885, "totalAttacks": 100001, "damagingAttacks": 198744.625, "damageDone": {"1": 111082.27323709967, "2": 111082.27323709967, "3": 111082.27323709967, "4": 111082.27323709967}, "bleedDamage": {"1": 0.0, "2": 0.0, "3": 0.0, "4": 0.0}}