{"deaths": 31885, "totalAttacks": 100001, "damagingAttacks": 196332.875, "damageDone": {"1": 91014.76510106385, "2": 91014.76510106385, "3": 91014.76510106385, "4": 91014.76510106385}, "bleedDamage": {"1": 0.0, "2": 0.0, "3": 0.0, "4": 0.0}}