{"deaths": 31885, "totalAttacks": 100001, "damagingAttacks": 191273.5, "damageDone": {"1": 207933.08333330508, "2": 207933.08333330508, "3": 207933.08333330508, "4": 207933.08333330508}, "bleedDamage": {"1": 0.0, "2": 0.0, "3": 0.0, "4": 0.0}}