{"deaths": 31885, "totalAttacks": 200002, "damagingAttacks": 260933.75, "damageDone": {"1": 194257.35416670566, "2": 209200.22756408944, "3": 224143.1009615138, "4": 242534.32975832018}, "bleedDamage": {"1": 0.0, "2": 0.0, "3": 0.0, "4": 0.0}}