{"deaths": 25522, "totalAttacks": 100001, "damagingAttacks": 81477.125, "damageDone": {"1": 48090.04930966407, "2": 51789.283871998596, "3": 55488.51843422064, "4": 60041.42251088092}, "bleedDamage": {"1": 0.0, "2": 0.0, "3": 0.0, "4": 0.0}}