{"deaths": 31885, "totalAttacks": 200002, "damagingAttacks": 365598.75, "damageDone": {"1": 270645.60416658415, "2": 291464.4967949551, "3": 312283.3894229866, "4": 337906.64188853226}, "bleedDamage": {"1": 0.0, "2": 0.0, "3": 0.0, "4": 0.0}}