{"deaths": 31885, "totalAttacks": 100001, "damagingAttacks": 177396.25, "damageDone": {"1": 149417.0867849283, "2": 160910.70884559778, "3": 172404.33090568762, "4": 186550.32728772872}, "bleedDamage": {"1": 0.0, "2": 0.0, "3": 0.0, "4": 0.0}}