{"deaths": 31885, "totalAttacks": 100001, "damagingAttacks": 199657.5, "damageDone": {"1": 108069.82692313868, "2": 108069.82692313868, "3": 108069.82692313868, "4": 108069.82692313868}, "bleedDamage": {"1": 0.0, "2": 0.0, "3": 0.0, "4": 0.0}}