{"deaths": 31885, "totalAttacks": 200002, "damagingAttacks": 363384.25, "damageDone": {"1": 313964.20833324996, "2": 338115.3012820656, "3": 362266.39423069794, "4": 391990.8163214411}, "bleedDamage": {"1": 0.0, "2": 0.0, "3": 0.0, "4": 0.0}}