{"deaths": 25522, "totalAttacks": 100001, "damagingAttacks": 130230.0, "damageDone": {"1": 90065.83678498573, "2": 96993.97807629498, "3": 103922.11936728867, "4": 112449.06249485865}, "bleedDamage": {"1": 0.0, "2": 0.0, "3": 0.0, "4": 0.0}}