{"deaths": 31885, "totalAttacks": 200002, "damagingAttacks": 233930.25, "damageDone": {"1": 188812.41666669465, "2": 203336.4487180525, "3": 217860.48076920965, "4": 235736.21252472428}, "bleedDamage": {"1": 0.0, "2": 0.0, "3": 0.0, "4": 0.0}}