{"deaths": 31885, "totalAttacks": 100001, "damagingAttacks": 126620.75, "damageDone": {"1": 109945.49999997544, "2": 109945.49999997544, "3": 109945.49999997544, "4": 109945.49999997544}, "bleedDamage": {"1": 0.0, "2": 0.0, "3": 0.0, "4": 0.0}}