{"deaths": 31885, "totalAttacks": 100001, "damagingAttacks": 186731.375, "damageDone": {"1": 106380.09103788195, "2": 106380.09103788195, "3": 106380.09103788195, "4": 106380.09103788195}, "bleedDamage": {"1": 0.0, "2": 0.0, "3": 0.0, "4": 0.0}}