{"deaths": 25522, "totalAttacks": 100001, "damagingAttacks": 126620.75, "damageDone": {"1": 75660.43589741885, "2": 81480.4694280391, "3": 87300.50295856256, "4": 94463.62115009577}, "bleedDamage": {"1": 0.0, "2": 0.0, "3": 0.0, "4": 0.0}}