{"deaths": 25522, "totalAttacks": 100001, "damagingAttacks": 130466.875, "damageDone": {"1": 96813.65680475482, "2": 104260.86117443503, "3": 111708.06554387548, "4": 120873.85553723156}, "bleedDamage": {"1": 0.0, "2": 0.0, "3": 0.0, "4": 0.0}}