{"deaths": 31885, "totalAttacks": 200002, "damagingAttacks": 351590.75, "damageDone": {"1": 164031.91666671674, "2": 176649.7564102739, "3": 189267.59615380285, "4": 204797.2450690601}, "bleedDamage": {"1": 0.0, "2": 0.0, "3": 0.0, "4": 0.0}}