{"deaths": 31885, "totalAttacks": 1031778, "damagingAttacks": 2046474.375, "damageDone": {"1": 1138828.1223460294, "2": 1138828.1223460294, "3": 1138828.1223460294, "4": 1138828.1223460294}, "bleedDamage": {"1": 0.0, "2": 0.0, "3": 0.0, "4": 0.0}, "loadoutDamage": {}}