{"deaths": 31885, "totalAttacks": 100001, "damagingAttacks": 198028.75, "damageDone": {"1": 114419.17283037941, "2": 114419.17283037941, "3": 114419.17283037941, "4": 114419.17283037941}, "bleedDamage": {"1": 0.0, "2": 0.0, "3": 0.0, "4": 0.0}}