{"deaths": 31885, "totalAttacks": 100001, "damagingAttacks": 182799.375, "damageDone": {"1": 135411.46819518527, "2": 145827.7349796877, "3": 156244.00176375787, "4": 169064.02242130958}, "bleedDamage": {"1": 0.0, "2": 0.0, "3": 0.0, "4": 0.0}}