{"deaths": 25522, "totalAttacks": 100001, "damagingAttacks": 108403.0, "damageDone": {"1": 85052.10404339989, "2": 91594.57358526968, "3": 98137.04312693367, "4": 106189.31333228471}, "bleedDamage": {"1": 0.0, "2": 0.0, "3": 0.0, "4": 0.0}}