{"deaths": 31885, "totalAttacks": 100001, "damagingAttacks": 191273.5, "damageDone": {"1": 115541.54832353439, "2": 115541.54832353439, "3": 115541.54832353439, "4": 115541.54832353439}, "bleedDamage": {"1": 0.0, "2": 0.0, "3": 0.0, "4": 0.0}}