{"deaths": 31885, "totalAttacks": 100001, "damagingAttacks": 181692.125, "damageDone": {"1": 147509.27317542804, "2": 158856.14034307256, "3": 170203.00751007017, "4": 184168.3824854315}, "bleedDamage": {"1": 0.0, "2": 0.0, "3": 0.0, "4": 0.0}}