{"deaths": 31885, "totalAttacks": 200002, "damagingAttacks": 221580.75, "damageDone": {"1": 148521.97916667946, "2": 159946.74679494998, "3": 171371.51442302714, "4": 185432.76688854082}, "bleedDamage": {"1": 0.0, "2": 0.0, "3": 0.0, "4": 0.0}}