{"deaths": 31885, "totalAttacks": 1031778, "damagingAttacks": 1210213.125, "damageDone": {"1": 811854.6491596793, "2": 874305.0067799672, "3": 936755.364416832, "4": 1013617.343037851}, "bleedDamage": {"1": 0.0, "2": 0.0, "3": 0.0, "4": 0.0}, "loadoutDamage": {}}