{"deaths": 31885, "totalAttacks": 200002, "damagingAttacks": 162954.25, "damageDone": {"1": 80595.27083334708, "2": 86794.9070512839, "3": 92994.54326920498, "4": 100624.86476823392}, "bleedDamage": {"1": 0.0, "2": 0.0, "3": 0.0, "4": 0.0}}