{"deaths": 31885, "totalAttacks": 100001, "damagingAttacks": 186731.375, "damageDone": {"1": 133543.81410251997, "2": 143816.41518752553, "3": 154089.01627217527, "4": 166732.21760735783}, "bleedDamage": {"1": 0.0, "2": 0.0, "3": 0.0, "4": 0.0}}