{"deaths": 31885, "totalAttacks": 100001, "damagingAttacks": 168953.375, "damageDone": {"1": 105975.75098616425, "2": 114127.73183140872, "3": 122279.71267637628, "4": 132312.91987033273}, "bleedDamage": {"1": 0.0, "2": 0.0, "3": 0.0, "4": 0.0}}