{"deaths": 31885, "totalAttacks": 2063556, "damagingAttacks": 2420426.25, "damageDone": {"1": 1487249.270833469, "2": 1601653.0609002719, "3": 1716056.8509615087, "4": 1856861.5156507774}, "bleedDamage": {"1": 0.0, "2": 0.0, "3": 0.0, "4": 0.0}, "loadoutDamage": {}}