{"deaths": 31885, "totalAttacks": 2063556, "damagingAttacks": 3770483.25, "damageDone": {"1": 2501387.104165828, "2": 2693801.496797806, "3": 2886215.889418213, "4": 3123033.603425331}, "bleedDamage": {"1": 0.0, "2": 0.0, "3": 0.0, "4": 0.0}, "loadoutDamage": {}}