{"deaths": 31885, "totalAttacks": 100001, "damagingAttacks": 182799.375, "damageDone": {"1": 124902.9879190585, "2": 124902.9879190585, "3": 124902.9879190585, "4": 124902.9879190585}, "bleedDamage": {"1": 0.0, "2": 0.0, "3": 0.0, "4": 0.0}}