{"deaths": 31885, "totalAttacks": 200002, "damagingAttacks": 354792.5, "damageDone": {"1": 330651.50000005716, "2": 356086.2307692524, "3": 381520.9615383221, "4": 412825.2455621053}, "bleedDamage": {"1": 0.0, "2": 0.0, "3": 0.0, "4": 0.0}}