{"deaths": 31885, "totalAttacks": 200002, "damagingAttacks": 382547.0, "damageDone": {"1": 250926.5833334105, "2": 270228.62820514856, "3": 289530.673076946, "4": 313287.03599610104}, "bleedDamage": {"1": 0.0, "2": 0.0, "3": 0.0, "4": 0.0}}