{"deaths": 31885, "totalAttacks": 200002, "damagingAttacks": 337906.75, "damageDone": {"1": 184831.68750005495, "2": 199049.50961538704, "3": 213267.33173074923, "4": 230766.18971888887}, "bleedDamage": {"1": 0.0, "2": 0.0, "3": 0.0, "4": 0.0}}