{"deaths": 25522, "totalAttacks": 100001, "damagingAttacks": 116965.125, "damageDone": {"1": 91521.35108479414, "2": 98561.45501449898, "3": 105601.55894396937, "4": 114266.30224197572}, "bleedDamage": {"1": 0.0, "2": 0.0, "3": 0.0, "4": 0.0}}