{"deaths": 25522, "totalAttacks": 100001, "damagingAttacks": 81477.125, "damageDone": {"1": 42898.299309676055, "2": 42898.299309676055, "3": 42898.299309676055, "4": 42898.299309676055}, "bleedDamage": {"1": 0.0, "2": 0.0, "3": 0.0, "4": 0.0}}