{"deaths": 31885, "totalAttacks": 131778, "damagingAttacks": 256131.0, "damageDone": {"1": 171660.01577906855, "2": 184864.6323776912, "3": 198069.24897577736, "4": 214321.0847893602}, "bleedDamage": {"1": 0.0, "2": 0.0, "3": 0.0, "4": 0.0}}