{"deaths": {"1": 3377, "2": 7528, "3": 12341}, "totalAttacks": {"1": 18392.0, "2": 6384.0, "3": 8684.0}, "damagingAttacks": {"1": 17676.0, "2": 5847.0, "3": 6829.9375}, "damageDone": {"1": {"1": 28767.4053254426, "2": 6970.339250493225, "3": 8078.339990138264}, "2": {"1": 28767.4053254426, "2": 6970.339250493225, "3": 8078.339990138264}, "3": {"1": 28767.4053254426, "2": 6970.339250493225, "3": 8078.339990138264}, "4": {"1": 28767.4053254426, "2": 6970.339250493225, "3": 8078.339990138264}}, "bleedDamage": {"1": {"1": 0.0, "2": 0.0, "3": 0.0}, "2": {"1": 0.0, "2": 0.0, "3": 0.0}, "3": {"1": 0.0, "2": 0.0, "3": 0.0}, "4": {"1": 0.0, "2": 0.0, "3": 0.0}}}