{"deaths": 31885, "totalAttacks": 100001, "damagingAttacks": 197138.125, "damageDone": {"1": 80639.22559173488, "2": 80639.22559173488, "3": 80639.22559173488, "4": 80639.22559173488}, "bleedDamage": {"1": 0.0, "2": 0.0, "3": 0.0, "4": 0.0}}