{"deaths": 31885, "totalAttacks": 200002, "damagingAttacks": 179634.5, "damageDone": {"1": 112270.24999999438, "2": 120906.42307691125, "3": 129542.5961538256, "4": 140171.73224849635}, "bleedDamage": {"1": 0.0, "2": 0.0, "3": 0.0, "4": 0.0}}