{"deaths": 31885, "totalAttacks": 200002, "damagingAttacks": 216806.0, "damageDone": {"1": 177488.12499999726, "2": 191141.05769237442, "3": 204793.99038448653, "4": 221597.59985211093}, "bleedDamage": {"1": 0.0, "2": 0.0, "3": 0.0, "4": 0.0}}