{"deaths": 31885, "totalAttacks": 131778, "damagingAttacks": 256131.0, "damageDone": {"1": 153147.08284024193, "2": 153147.08284024193, "3": 153147.08284024193, "4": 153147.08284024193}, "bleedDamage": {"1": 0.0, "2": 0.0, "3": 0.0, "4": 0.0}}