{"deaths": 31885, "totalAttacks": 100001, "damagingAttacks": 181692.125, "damageDone": {"1": 145786.66740633082, "2": 145786.66740633082, "3": 145786.66740633082, "4": 145786.66740633082}, "bleedDamage": {"1": 0.0, "2": 0.0, "3": 0.0, "4": 0.0}}