{"deaths": 31885, "totalAttacks": 100001, "damagingAttacks": 130230.0, "damageDone": {"1": 138870.24999999045, "2": 138870.24999999045, "3": 138870.24999999045, "4": 138870.24999999045}, "bleedDamage": {"1": 0.0, "2": 0.0, "3": 0.0, "4": 0.0}}