{"deaths": 31885, "totalAttacks": 100001, "damagingAttacks": 197585.5, "damageDone": {"1": 158542.53981753145, "2": 158542.53981753145, "3": 158542.53981753145, "4": 158542.53981753145}, "bleedDamage": {"1": 0.0, "2": 0.0, "3": 0.0, "4": 0.0}}