{"deaths": 31885, "totalAttacks": 100001, "damagingAttacks": 182799.375, "damageDone": {"1": 111301.0028970231, "2": 111301.0028970231, "3": 111301.0028970231, "4": 111301.0028970231}, "bleedDamage": {"1": 0.0, "2": 0.0, "3": 0.0, "4": 0.0}}