{"deaths": 31885, "totalAttacks": 100001, "damagingAttacks": 186731.375, "damageDone": {"1": 105656.22682446672, "2": 105656.22682446672, "3": 105656.22682446672, "4": 105656.22682446672}, "bleedDamage": {"1": 0.0, "2": 0.0, "3": 0.0, "4": 0.0}}