{"deaths": {"1": 3377, "2": 7528, "3": 12341}, "totalAttacks": {"1": 18392.0, "2": 6384.0, "3": 8684.0}, "damagingAttacks": {"1": 18372.5, "2": 6323.0, "3": 8383.6875}, "damageDone": {"1": {"1": 27562.970044376852, "2": 7277.31484220932, "3": 8098.3435650889105}, "2": {"1": 27562.970044376852, "2": 7277.31484220932, "3": 8098.3435650889105}, "3": {"1": 27562.970044376852, "2": 7277.31484220932, "3": 8098.3435650889105}, "4": {"1": 27562.970044376852, "2": 7277.31484220932, "3": 8098.3435650889105}}, "bleedDamage": {"1": {"1": 0.0, "2": 0.0, "3": 0.0}, "2": {"1": 0.0, "2": 0.0, "3": 0.0}, "3": {"1": 0.0, "2": 0.0, "3": 0.0}, "4": {"1": 0.0, "2": 0.0, "3": 0.0}}}