{"deaths": 25522, "totalAttacks": 100001, "damagingAttacks": 89817.25, "damageDone": {"1": 60410.050295825924, "2": 65056.97724171416, "3": 69703.90418753204, "4": 75423.19889011497}, "bleedDamage": {"1": 0.0, "2": 0.0, "3": 0.0, "4": 0.0}}