{"deaths": 31885, "totalAttacks": 131778, "damagingAttacks": 256131.0, "damageDone": {"1": 126697.43762330496, "2": 126697.43762330496, "3": 126697.43762330496, "4": 126697.43762330496}, "bleedDamage": {"1": 0.0, "2": 0.0, "3": 0.0, "4": 0.0}}