{"deaths": 31885, "totalAttacks": 200002, "damagingAttacks": 374416.5, "damageDone": {"1": 174318.8750000298, "2": 187728.01923074183, "3": 201137.16346151938, "4": 217640.72559173414}, "bleedDamage": {"1": 0.0, "2": 0.0, "3": 0.0, "4": 0.0}}