{"deaths": 31885, "totalAttacks": 1031778, "damagingAttacks": 1885241.625, "damageDone": {"1": 1028676.9452019128, "2": 1028676.9452019128, "3": 1028676.9452019128, "4": 1028676.9452019128}, "bleedDamage": {"1": 0.0, "2": 0.0, "3": 0.0, "4": 0.0}, "loadoutDamage": {}}