{"deaths": 31885, "totalAttacks": 100001, "damagingAttacks": 187208.25, "damageDone": {"1": 133898.6400393606, "2": 133898.6400393606, "3": 133898.6400393606, "4": 133898.6400393606}, "bleedDamage": {"1": 0.0, "2": 0.0, "3": 0.0, "4": 0.0}}