{"deaths": {"1": 3377, "2": 7528, "3": 12341}, "totalAttacks": {"1": 18392.0, "2": 6384.0, "3": 8684.0}, "damagingAttacks": {"1": 17676.0, "2": 5847.0, "3": 6829.9375}, "damageDone": {"1": {"1": 49101.70833333299, "2": 12585.708333333234, "3": 13049.322916666746}, "2": {"1": 49101.70833333299, "2": 12585.708333333234, "3": 13049.322916666746}, "3": {"1": 49101.70833333299, "2": 12585.708333333234, "3": 13049.322916666746}, "4": {"1": 49101.70833333299, "2": 12585.708333333234, "3": 13049.322916666746}}, "bleedDamage": {"1": {"1": 0.0, "2": 0.0, "3": 0.0}, "2": {"1": 0.0, "2": 0.0, "3": 0.0}, "3": {"1": 0.0, "2": 0.0, "3": 0.0}, "4": {"1": 0.0, "2": 0.0, "3": 0.0}}}