{"deaths": 31885, "totalAttacks": 200002, "damagingAttacks": 373462.75, "damageDone": {"1": 258679.6458334549, "2": 278578.0801281099, "3": 298476.5144231017, "4": 322966.8950935895}, "bleedDamage": {"1": 0.0, "2": 0.0, "3": 0.0, "4": 0.0}}