{"deaths": 31885, "totalAttacks": 100001, "damagingAttacks": 198133.375, "damageDone": {"1": 145832.28180484188, "2": 145832.28180484188, "3": 145832.28180484188, "4": 145832.28180484188}, "bleedDamage": {"1": 0.0, "2": 0.0, "3": 0.0, "4": 0.0}}