{"deaths": 31885, "totalAttacks": 100001, "damagingAttacks": 198554.125, "damageDone": {"1": 122017.47109229151, "2": 122017.47109229151, "3": 122017.47109229151, "4": 122017.47109229151}, "bleedDamage": {"1": 0.0, "2": 0.0, "3": 0.0, "4": 0.0}}