{"deaths": 31885, "totalAttacks": 100001, "damagingAttacks": 81477.125, "damageDone": {"1": 70726.66666666455, "2": 70726.66666666455, "3": 70726.66666666455, "4": 70726.66666666455}, "bleedDamage": {"1": 0.0, "2": 0.0, "3": 0.0, "4": 0.0}}