{"deaths": {"1": 3377, "2": 7528, "3": 12341}, "totalAttacks": {"1": 36784.0, "2": 12768.0, "3": 17368.0}, "damagingAttacks": {"1": 35352.0, "2": 11694.0, "3": 13659.875}, "damageDone": {"1": {"1": 64198.416666670026, "2": 15599.916666666793, "3": 15341.249999999856}, "2": {"1": 69136.75641024145, "2": 16799.910256410352, "3": 16521.346153846236}, "3": {"1": 74075.0961538552, "2": 17999.903846153473, "3": 17701.44230769221}, "4": {"1": 80153.0527613432, "2": 19476.819033531094, "3": 19153.86834319528}}, "bleedDamage": {"1": {"1": 0.0, "2": 0.0, "3": 0.0}, "2": {"1": 0.0, "2": 0.0, "3": 0.0}, "3": {"1": 0.0, "2": 0.0, "3": 0.0}, "4": {"1": 0.0, "2": 0.0, "3": 0.0}}}