{"deaths": 31885, "totalAttacks": 100001, "damagingAttacks": 175795.375, "damageDone": {"1": 101511.20069032339, "2": 109319.75458972459, "3": 117128.30848883335, "4": 126738.83636488221}, "bleedDamage": {"1": 0.0, "2": 0.0, "3": 0.0, "4": 0.0}}