{"deaths": 25522, "totalAttacks": 100001, "damagingAttacks": 120642.375, "damageDone": {"1": 62144.84023667933, "2": 66925.21256263964, "3": 71705.58488852702, "4": 77589.12005883442}, "bleedDamage": {"1": 0.0, "2": 0.0, "3": 0.0, "4": 0.0}}