{"deaths": 31885, "totalAttacks": 200002, "damagingAttacks": 354554.0, "damageDone": {"1": 245277.666666638, "2": 264145.1794871425, "3": 283012.69230768806, "4": 306234.24654823774}, "bleedDamage": {"1": 0.0, "2": 0.0, "3": 0.0, "4": 0.0}}