{"deaths": 31885, "totalAttacks": 100001, "damagingAttacks": 191273.5, "damageDone": {"1": 134315.1035502969, "2": 144647.03459279364, "3": 154978.96563488795, "4": 167695.18845632236}, "bleedDamage": {"1": 0.0, "2": 0.0, "3": 0.0, "4": 0.0}}