{"deaths": 31885, "totalAttacks": 263556, "damagingAttacks": 389614.5, "damageDone": {"1": 215427.62499999342, "2": 231998.98076937764, "3": 248570.33653833155, "4": 268965.85133131285}, "bleedDamage": {"1": 0.0, "2": 0.0, "3": 0.0, "4": 0.0}}