{"deaths": 31885, "totalAttacks": 131778, "damagingAttacks": 256131.0, "damageDone": {"1": 261686.7916667114, "2": 261686.7916667114, "3": 261686.7916667114, "4": 261686.7916667114}, "bleedDamage": {"1": 0.0, "2": 0.0, "3": 0.0, "4": 0.0}}