{"deaths": {"1": 2531, "2": 5766, "3": 10459}, "totalAttacks": {"1": 18392.0, "2": 6384.0, "3": 8684.0}, "damagingAttacks": {"1": 11361.5, "2": 4015.5, "3": 3258.5625}, "damageDone": {"1": {"1": 18907.145463511028, "2": 5184.751479290019, "3": 3897.318786982366}, "2": {"1": 20361.54126839646, "2": 5583.578516158308, "3": 4197.112539827098}, "3": {"1": 21815.937073282705, "2": 5982.4055530269225, "3": 4496.906292671827}, "4": {"1": 23605.96267929467, "2": 6473.269598403626, "3": 4865.883219249998}}, "bleedDamage": {"1": {"1": 0.0, "2": 0.0, "3": 0.0}, "2": {"1": 0.0, "2": 0.0, "3": 0.0}, "3": {"1": 0.0, "2": 0.0, "3": 0.0}, "4": {"1": 0.0, "2": 0.0, "3": 0.0}}}