{"deaths": 31885, "totalAttacks": 131778, "damagingAttacks": 263292.75, "damageDone": {"1": 131606.86895960596, "2": 131606.86895960596, "3": 131606.86895960596, "4": 131606.86895960596}, "bleedDamage": {"1": 0.0, "2": 0.0, "3": 0.0, "4": 0.0}}