{"deaths": 31885, "totalAttacks": 100001, "damagingAttacks": 177277.0, "damageDone": {"1": 126488.30276122756, "2": 136218.17220465315, "3": 145948.04164764655, "4": 157923.26557784007}, "bleedDamage": {"1": 0.0, "2": 0.0, "3": 0.0, "4": 0.0}}