{"deaths": {"1": 3377, "2": 7528, "3": 12341}, "totalAttacks": {"1": 18392.0, "2": 6384.0, "3": 8684.0}, "damagingAttacks": {"1": 17676.0, "2": 5847.0, "3": 6829.9375}, "damageDone": {"1": {"1": 29976.491124259916, "2": 8075.337278106647, "3": 8667.836538461856}, "2": {"1": 32282.375056897185, "2": 8696.51706872999, "3": 9334.593195266225}, "3": {"1": 34588.258989530514, "2": 9317.696859353846, "3": 10001.349852071233}, "4": {"1": 37426.26998354372, "2": 10082.225832429034, "3": 10821.973429676842}}, "bleedDamage": {"1": {"1": 0.0, "2": 0.0, "3": 0.0}, "2": {"1": 0.0, "2": 0.0, "3": 0.0}, "3": {"1": 0.0, "2": 0.0, "3": 0.0}, "4": {"1": 0.0, "2": 0.0, "3": 0.0}}}