{"deaths": 31885, "totalAttacks": 200002, "damagingAttacks": 253241.5, "damageDone": {"1": 116827.33333336159, "2": 125814.05128207212, "3": 134800.76923076154, "4": 145861.34516756615}, "bleedDamage": {"1": 0.0, "2": 0.0, "3": 0.0, "4": 0.0}}