{"deaths": 31885, "totalAttacks": 1031778, "damagingAttacks": 1885241.625, "damageDone": {"1": 1318668.6220372089, "2": 1420104.6698737503, "3": 1521540.7177414212, "4": 1646385.0843316326}, "bleedDamage": {"1": 0.0, "2": 0.0, "3": 0.0, "4": 0.0}, "loadoutDamage": {}}