{"deaths": 31885, "totalAttacks": 100001, "damagingAttacks": 187208.25, "damageDone": {"1": 112848.4669625385, "2": 121529.11826745629, "3": 130209.76957217178, "4": 140893.6481010947}, "bleedDamage": {"1": 0.0, "2": 0.0, "3": 0.0, "4": 0.0}}