{"deaths": 31885, "totalAttacks": 100001, "damagingAttacks": 199024.75, "damageDone": {"1": 75615.48594678765, "2": 75615.48594678765, "3": 75615.48594678765, "4": 75615.48594678765}, "bleedDamage": {"1": 0.0, "2": 0.0, "3": 0.0, "4": 0.0}}