{"deaths": {"1": 3377, "2": 7528, "3": 12341}, "totalAttacks": {"1": 36784.0, "2": 12768.0, "3": 17368.0}, "damagingAttacks": {"1": 22723.0, "2": 8031.0, "3": 6517.125}, "damageDone": {"1": {"1": 39807.29166666754, "2": 9570.166666666622, "3": 6491.1249999999945}, "2": {"1": 42869.39102563691, "2": 10306.33333333286, "3": 6990.442307692091}, "3": {"1": 45931.49038461912, "2": 11042.499999999904, "3": 7489.759615384436}, "4": {"1": 49700.22805719891, "2": 11948.551282051247, "3": 8104.303994082784}}, "bleedDamage": {"1": {"1": 0.0, "2": 0.0, "3": 0.0}, "2": {"1": 0.0, "2": 0.0, "3": 0.0}, "3": {"1": 0.0, "2": 0.0, "3": 0.0}, "4": {"1": 0.0, "2": 0.0, "3": 0.0}}}