{"deaths": 31885, "totalAttacks": 100001, "damagingAttacks": 177396.25, "damageDone": {"1": 131330.8668638792, "2": 131330.8668638792, "3": 131330.8668638792, "4": 131330.8668638792}, "bleedDamage": {"1": 0.0, "2": 0.0, "3": 0.0, "4": 0.0}}