{"deaths": 31885, "totalAttacks": 200002, "damagingAttacks": 260460.0, "damageDone": {"1": 166642.41666667096, "2": 179461.06410259038, "3": 192279.71153845006, "4": 208056.50838258275}, "bleedDamage": {"1": 0.0, "2": 0.0, "3": 0.0, "4": 0.0}}