{"deaths": 31885, "totalAttacks": 263556, "damagingAttacks": 512262.0, "damageDone": {"1": 308084.41666651896, "2": 331783.2179489549, "3": 355482.0192307575, "4": 384649.774654748}, "bleedDamage": {"1": 0.0, "2": 0.0, "3": 0.0, "4": 0.0}}