{"deaths": {"1": 3377, "2": 7528, "3": 12341}, "totalAttacks": {"1": 18392.0, "2": 6384.0, "3": 8684.0}, "damagingAttacks": {"1": 17676.0, "2": 5847.0, "3": 6829.9375}, "damageDone": {"1": {"1": 26401.12401380538, "2": 6415.350345167932, "3": 6308.975591716093}, "2": {"1": 26401.12401380538, "2": 6415.350345167932, "3": 6308.975591716093}, "3": {"1": 26401.12401380538, "2": 6415.350345167932, "3": 6308.975591716093}, "4": {"1": 26401.12401380538, "2": 6415.350345167932, "3": 6308.975591716093}}, "bleedDamage": {"1": {"1": 0.0, "2": 0.0, "3": 0.0}, "2": {"1": 0.0, "2": 0.0, "3": 0.0}, "3": {"1": 0.0, "2": 0.0, "3": 0.0}, "4": {"1": 0.0, "2": 0.0, "3": 0.0}}}