{"deaths": 25522, "totalAttacks": 131778, "damagingAttacks": 194807.25, "damageDone": {"1": 124812.45216960026, "2": 134413.41002897083, "3": 144014.36788804873, "4": 155830.93140703905}, "bleedDamage": {"1": 0.0, "2": 0.0, "3": 0.0, "4": 0.0}}