{"deaths": 31885, "totalAttacks": 200002, "damagingAttacks": 241284.75, "damageDone": {"1": 86417.1666666463, "2": 93064.64102561664, "3": 99712.11538463306, "4": 107893.62228792008}, "bleedDamage": {"1": 0.0, "2": 0.0, "3": 0.0, "4": 0.0}}