{"deaths": 25522, "totalAttacks": 100001, "damagingAttacks": 110790.375, "damageDone": {"1": 77288.95044376065, "2": 83234.25432416223, "3": 89179.5582043554, "4": 96496.85528782869}, "bleedDamage": {"1": 0.0, "2": 0.0, "3": 0.0, "4": 0.0}}