{"deaths": 9846, "totalAttacks": 100001, "damagingAttacks": 191273.5, "damageDone": {"1": 128926.63689870284, "2": 128926.63689870284, "3": 128926.63689870284, "4": 128926.63689870284}, "bleedDamage": {"1": 0.0, "2": 0.0, "3": 0.0, "4": 0.0}}