{"deaths": 7934, "totalAttacks": 200002, "damagingAttacks": 253241.5, "damageDone": {"1": 91055.62797471917, "2": 147965.3954588854, "3": 240443.76762066231, "4": 368490.7444603071}, "bleedDamage": {"1": 0.0, "2": 0.0, "3": 0.0, "4": 0.0}}