{"deaths": 6147, "totalAttacks": 1031778, "damagingAttacks": 1210213.125, "damageDone": {"1": 1484839.4241289133, "2": 2598468.9922100957, "3": 4547320.7363691395, "4": 7331394.656631681}, "bleedDamage": {"1": 0.0, "2": 0.0, "3": 0.0, "4": 0.0}, "loadoutDamage": {}}