{"deaths": 9846, "totalAttacks": 200002, "damagingAttacks": 337906.75, "damageDone": {"1": 144387.77884616936, "2": 155494.53106503576, "3": 166601.28328408443, "4": 180271.1321688291}, "bleedDamage": {"1": 0.0, "2": 0.0, "3": 0.0, "4": 0.0}}