{"deaths": 7934, "totalAttacks": 200002, "damagingAttacks": 162954.25, "damageDone": {"1": 57875.289605313075, "2": 94047.34560863613, "3": 152826.93661394605, "4": 234214.06262145963}, "bleedDamage": {"1": 0.0, "2": 0.0, "3": 0.0, "4": 0.0}}