{"deaths": {"1": 1057, "2": 2029, "3": 3953}, "totalAttacks": {"1": 36784.0, "2": 12768.0, "3": 17368.0}, "damagingAttacks": {"1": 35352.0, "2": 11694.0, "3": 13659.875}, "damageDone": {"1": {"1": 48125.033653841114, "2": 10581.31730769228, "3": 12468.007211538465}, "2": {"1": 51826.95931953647, "2": 11395.264792899436, "3": 13427.084689349254}, "3": {"1": 55528.88498520351, "2": 12209.212278106237, "3": 14386.16216715967}, "4": {"1": 60085.10118913134, "2": 13210.993798361458, "3": 15566.565216772678}}, "bleedDamage": {"1": {"1": 0.0, "2": 0.0, "3": 0.0}, "2": {"1": 0.0, "2": 0.0, "3": 0.0}, "3": {"1": 0.0, "2": 0.0, "3": 0.0}, "4": {"1": 0.0, "2": 0.0, "3": 0.0}}}