{"deaths": 2744, "totalAttacks": 2063556, "damagingAttacks": 3770483.25, "damageDone": {"1": 3934309.656249081, "2": 6555047.087743923, "3": 8634802.586606603, "4": 11514464.046566524}, "bleedDamage": {"1": 0.0, "2": 1031778.0, "3": 1031778.0, "4": 1031778.0}, "loadoutDamage": {}}