{"deaths": 6147, "totalAttacks": 100001, "damagingAttacks": 177396.25, "damageDone": {"1": 208540.91666669206, "2": 364946.60416663904, "3": 638656.5572916953, "4": 1029670.7760416233}, "bleedDamage": {"1": 0.0, "2": 0.0, "3": 0.0, "4": 0.0}}