{"deaths": 9846, "totalAttacks": 300003, "damagingAttacks": 506860.125, "damageDone": {"1": 303072.4455126841, "2": 413357.1143984151, "3": 585627.981200461, "4": 822448.1425855116}, "bleedDamage": {"1": 0.0, "2": 0.0, "3": 0.0, "4": 0.0}}