{"deaths": 9846, "totalAttacks": 300003, "damagingAttacks": 561624.75, "damageDone": {"1": 514267.53325332684, "2": 553826.5742728607, "3": 593385.6152921529, "4": 642073.6657771866}, "bleedDamage": {"1": 0.0, "2": 0.0, "3": 0.0, "4": 0.0}}