{"deaths": {"1": 1127, "2": 2254, "3": 4428}, "totalAttacks": {"1": 55176.0, "2": 19152.0, "3": 26052.0}, "damagingAttacks": {"1": 53028.0, "2": 17541.0, "3": 20489.8125}, "damageDone": {"1": {"1": 112094.6586538437, "2": 26081.150641025244, "3": 30431.68429487108}, "2": {"1": 131788.99056953363, "2": 30770.056459566837, "3": 35881.68104351614}, "3": {"1": 155481.4240477151, "2": 36427.70186144114, "3": 42454.40760986929}, "4": {"1": 184026.2496266338, "2": 43241.92088169547, "3": 50371.18956573482}}, "bleedDamage": {"1": {"1": 0.0, "2": 0.0, "3": 0.0}, "2": {"1": 0.0, "2": 0.0, "3": 0.0}, "3": {"1": 0.0, "2": 0.0, "3": 0.0}, "4": {"1": 0.0, "2": 0.0, "3": 0.0}}}