{"deaths": 9846, "totalAttacks": 200002, "damagingAttacks": 373462.75, "damageDone": {"1": 39032.29486548256, "2": 63427.47915642817, "3": 103069.65362915778, "4": 157958.8182838571}, "bleedDamage": {"1": 0.0, "2": 0.0, "3": 0.0, "4": 0.0}}