{"deaths": 9846, "totalAttacks": 300003, "damagingAttacks": 531831.0, "damageDone": {"1": 492686.20432701707, "2": 530585.1431212849, "3": 568484.0819159192, "4": 615128.9296625546}, "bleedDamage": {"1": 0.0, "2": 0.0, "3": 0.0, "4": 0.0}}