{"deaths": 9846, "totalAttacks": 100001, "damagingAttacks": 168953.375, "damageDone": {"1": 106189.9537495742, "2": 106189.9537495742, "3": 106189.9537495742, "4": 106189.9537495742}, "bleedDamage": {"1": 0.0, "2": 0.0, "3": 0.0, "4": 0.0}}