{"deaths": 6147, "totalAttacks": 100001, "damagingAttacks": 108403.0, "damageDone": {"1": 102358.28874607109, "2": 179127.0053055098, "3": 313472.2592847326, "4": 505394.05068372}, "bleedDamage": {"1": 0.0, "2": 0.0, "3": 0.0, "4": 0.0}}