{"deaths": 7934, "totalAttacks": 100001, "damagingAttacks": 120642.375, "damageDone": {"1": 76091.88704661743, "2": 95114.85880828284, "3": 118893.57351020559, "4": 147428.03115277432}, "bleedDamage": {"1": 0.0, "2": 0.0, "3": 0.0, "4": 0.0}}