{"deaths": 6147, "totalAttacks": 100001, "damagingAttacks": 177277.0, "damageDone": {"1": 200150.06249999334, "2": 350262.60937504645, "3": 612959.5664061041, "4": 988240.9335938056}, "bleedDamage": {"1": 0.0, "2": 0.0, "3": 0.0, "4": 0.0}}