{"deaths": 4561, "totalAttacks": 200002, "damagingAttacks": 374416.5, "damageDone": {"1": 53843.40927473176, "2": 67304.26159337033, "3": 84130.32699175895, "4": 104321.60546976294}, "bleedDamage": {"1": 0.0, "2": 0.0, "3": 0.0, "4": 0.0}}