{"deaths": 9846, "totalAttacks": 200002, "damagingAttacks": 382547.0, "damageDone": {"1": 43593.8988024673, "2": 70840.0855540435, "3": 115115.1390251865, "4": 176419.0592164635}, "bleedDamage": {"1": 0.0, "2": 0.0, "3": 0.0, "4": 0.0}}