{"deaths": 11082, "totalAttacks": 300003, "damagingAttacks": 532188.75, "damageDone": {"1": 508600.0961537788, "2": 598268.2838382489, "3": 706188.8699611106, "4": 836206.1454292475}, "bleedDamage": {"1": 0.0, "2": 0.0, "3": 0.0, "4": 0.0}}