{"deaths": 6147, "totalAttacks": 100001, "damagingAttacks": 191273.5, "damageDone": {"1": 168810.4166666431, "2": 295418.2291666343, "3": 516981.9010418024, "4": 833501.4322915007}, "bleedDamage": {"1": 0.0, "2": 0.0, "3": 0.0, "4": 0.0}}