{"deaths": 6147, "totalAttacks": 100001, "damagingAttacks": 89817.25, "damageDone": {"1": 72702.13289720927, "2": 127228.73257000533, "3": 222650.2819975878, "4": 358966.7811799118}, "bleedDamage": {"1": 0.0, "2": 0.0, "3": 0.0, "4": 0.0}}