{"deaths": 6147, "totalAttacks": 100001, "damagingAttacks": 110790.375, "damageDone": {"1": 93015.50849784593, "2": 162777.1398711026, "3": 284859.99477457517, "4": 459264.07320800103}, "bleedDamage": {"1": 0.0, "2": 0.0, "3": 0.0, "4": 0.0}}