{"deaths": 7934, "totalAttacks": 200002, "damagingAttacks": 260933.75, "damageDone": {"1": 116513.05219593232, "2": 189333.70981847116, "3": 307667.2784548003, "4": 471513.75810504204}, "bleedDamage": {"1": 0.0, "2": 0.0, "3": 0.0, "4": 0.0}}