{"deaths": 9846, "totalAttacks": 100001, "damagingAttacks": 120642.375, "damageDone": {"1": 46353.16866908924, "2": 57941.46083637119, "3": 72426.82604546305, "4": 89809.26429637954}, "bleedDamage": {"1": 0.0, "2": 0.0, "3": 0.0, "4": 0.0}}