{"deaths": 9846, "totalAttacks": 300003, "damagingAttacks": 532188.75, "damageDone": {"1": 463020.42948726064, "2": 633715.7161302618, "3": 900683.9357163763, "4": 1267769.379152856}, "bleedDamage": {"1": 0.0, "2": 0.0, "3": 0.0, "4": 0.0}}