{"deaths": 9846, "totalAttacks": 200002, "damagingAttacks": 363384.25, "damageDone": {"1": 245538.07572118574, "2": 264425.62000722927, "3": 283313.1642934158, "4": 306559.37264583964}, "bleedDamage": {"1": 0.0, "2": 0.0, "3": 0.0, "4": 0.0}}