{"deaths": 9846, "totalAttacks": 2063556, "damagingAttacks": 3770483.25, "damageDone": {"1": 4648602.239583385, "2": 5006187.027257064, "3": 5363771.814902183, "4": 5803876.168960594}, "bleedDamage": {"1": 0.0, "2": 0.0, "3": 0.0, "4": 0.0}, "loadoutDamage": {}}