{"deaths": 3298, "totalAttacks": 2063556, "damagingAttacks": 3770483.25, "damageDone": {"1": 4648602.239583385, "2": 6680003.094256448, "3": 7543144.29543227, "4": 8578913.736836828}, "bleedDamage": {"1": 0.0, "2": 1031778.0, "3": 1031778.0, "4": 1031778.0}, "loadoutDamage": {}}