{"deaths": 9846, "totalAttacks": 300003, "damagingAttacks": 527386.125, "damageDone": {"1": 402892.01842954673, "2": 433883.7121547236, "3": 464875.4058801706, "4": 503019.02892663545}, "bleedDamage": {"1": 0.0, "2": 0.0, "3": 0.0, "4": 0.0}}