{"deaths": 11082, "totalAttacks": 300003, "damagingAttacks": 531831.0, "damageDone": {"1": 492686.20432701707, "2": 579884.0385537586, "3": 684884.2516871273, "4": 811376.4557122664}, "bleedDamage": {"1": 0.0, "2": 0.0, "3": 0.0, "4": 0.0}}