{"deaths": 7934, "totalAttacks": 100001, "damagingAttacks": 110790.375, "damageDone": {"1": 86328.95280882303, "2": 107911.19101106575, "3": 134888.98876365033, "4": 167262.34606706284}, "bleedDamage": {"1": 0.0, "2": 0.0, "3": 0.0, "4": 0.0}}