{"deaths": 6147, "totalAttacks": 100001, "damagingAttacks": 81477.125, "damageDone": {"1": 57875.289605313075, "2": 101281.75680924843, "3": 177243.0744162168, "4": 285759.24242618994}, "bleedDamage": {"1": 0.0, "2": 0.0, "3": 0.0, "4": 0.0}}