{"deaths": 9846, "totalAttacks": 300003, "damagingAttacks": 573820.5, "damageDone": {"1": 432231.04166641855, "2": 465479.5833330958, "3": 498728.1250002048, "4": 539649.4070510832}, "bleedDamage": {"1": 0.0, "2": 0.0, "3": 0.0, "4": 0.0}}