{"deaths": 9846, "totalAttacks": 2063556, "damagingAttacks": 3770483.25, "damageDone": {"1": 3934309.656249081, "2": 5359278.455231321, "3": 7584153.215319289, "4": 10642422.996753728}, "bleedDamage": {"1": 0.0, "2": 0.0, "3": 0.0, "4": 0.0}, "loadoutDamage": {}}