{"deaths": 9846, "totalAttacks": 300003, "damagingAttacks": 560194.125, "damageDone": {"1": 366295.851762745, "2": 509204.7949872712, "3": 733885.6905229727, "4": 1043124.8044147283}, "bleedDamage": {"1": 0.0, "2": 0.0, "3": 0.0, "4": 0.0}}