{"deaths": 6147, "totalAttacks": 100001, "damagingAttacks": 186731.375, "damageDone": {"1": 151146.33333332636, "2": 264506.08333329245, "3": 462885.6458333944, "4": 746285.0208332547}, "bleedDamage": {"1": 0.0, "2": 0.0, "3": 0.0, "4": 0.0}}