{"deaths": 9846, "totalAttacks": 100001, "damagingAttacks": 130230.0, "damageDone": {"1": 75157.80013613474, "2": 93947.25017012533, "3": 117434.06271277722, "4": 145618.23776381466}, "bleedDamage": {"1": 0.0, "2": 0.0, "3": 0.0, "4": 0.0}}