{"deaths": 7934, "totalAttacks": 2063556, "damagingAttacks": 2420426.25, "damageDone": {"1": 1484839.4241289133, "2": 2412864.064202614, "3": 3920904.104329263, "4": 6008959.544519661}, "bleedDamage": {"1": 0.0, "2": 0.0, "3": 0.0, "4": 0.0}, "loadoutDamage": {}}