{"deaths": 9846, "totalAttacks": 395334, "damagingAttacks": 768393.0, "damageDone": {"1": 494613.45512811485, "2": 676085.1355706683, "3": 959778.21900794, "4": 1349827.498283052}, "bleedDamage": {"1": 0.0, "2": 0.0, "3": 0.0, "4": 0.0}}