{"deaths": 6147, "totalAttacks": 100001, "damagingAttacks": 126620.75, "damageDone": {"1": 91055.62797471917, "2": 159347.3489557285, "3": 278857.86067258107, "4": 449587.16312549147}, "bleedDamage": {"1": 0.0, "2": 0.0, "3": 0.0, "4": 0.0}}