{"deaths": 7934, "totalAttacks": 200002, "damagingAttacks": 221580.75, "damageDone": {"1": 93015.50849784593, "2": 151150.2013090142, "3": 245619.0771269185, "4": 376422.1359521712}, "bleedDamage": {"1": 0.0, "2": 0.0, "3": 0.0, "4": 0.0}}