{"deaths": 9846, "totalAttacks": 100001, "damagingAttacks": 187208.25, "damageDone": {"1": 159239.0189370721, "2": 159239.0189370721, "3": 159239.0189370721, "4": 159239.0189370721}, "bleedDamage": {"1": 0.0, "2": 0.0, "3": 0.0, "4": 0.0}}