{"deaths": {"1": 401, "2": 785, "3": 2318}, "totalAttacks": {"1": 18392.0, "2": 6384.0, "3": 8684.0}, "damagingAttacks": {"1": 17676.0, "2": 5847.0, "3": 6829.9375}, "damageDone": {"1": {"1": 46342.62499999923, "2": 10189.41666666673, "3": 12006.229166666608}, "2": {"1": 81099.59375000122, "2": 17831.479166666537, "3": 21010.901041666697}, "3": {"1": 141924.28906249907, "2": 31205.088541666784, "3": 36769.07682291669}, "4": {"1": 228816.71093749473, "2": 50310.24479166653, "3": 59280.75651041644}}, "bleedDamage": {"1": {"1": 0.0, "2": 0.0, "3": 0.0}, "2": {"1": 0.0, "2": 0.0, "3": 0.0}, "3": {"1": 0.0, "2": 0.0, "3": 0.0}, "4": {"1": 0.0, "2": 0.0, "3": 0.0}}}