{"deaths": 9846, "totalAttacks": 300003, "damagingAttacks": 560194.125, "damageDone": {"1": 391905.7371793286, "2": 422052.33234699984, "3": 452198.92751465715, "4": 489302.42925917427}, "bleedDamage": {"1": 0.0, "2": 0.0, "3": 0.0, "4": 0.0}}