{"deaths": {"1": 1057, "2": 2029, "3": 3953}, "totalAttacks": {"1": 18392.0, "2": 6384.0, "3": 8684.0}, "damagingAttacks": {"1": 11361.5, "2": 4015.5, "3": 3258.5625}, "damageDone": {"1": {"1": 16654.832360077588, "2": 4293.341689490668, "3": 3105.439131130843}, "2": {"1": 20818.540450096327, "2": 5366.677111863418, "3": 3881.7989139136066}, "3": {"1": 26023.17556261694, "2": 6708.346389829189, "3": 4852.248642391895}, "4": {"1": 32268.737697652516, "2": 8318.349523388175, "3": 6016.788316565815}}, "bleedDamage": {"1": {"1": 0.0, "2": 0.0, "3": 0.0}, "2": {"1": 0.0, "2": 0.0, "3": 0.0}, "3": {"1": 0.0, "2": 0.0, "3": 0.0}, "4": {"1": 0.0, "2": 0.0, "3": 0.0}}}