{"deaths": 9846, "totalAttacks": 100001, "damagingAttacks": 81477.125, "damageDone": {"1": 38277.89377226639, "2": 47847.36721534344, "3": 59809.20901920228, "4": 74163.41918381306}, "bleedDamage": {"1": 0.0, "2": 0.0, "3": 0.0, "4": 0.0}}