{"deaths": 9846, "totalAttacks": 131778, "damagingAttacks": 256131.0, "damageDone": {"1": 171305.8530138402, "2": 171305.8530138402, "3": 171305.8530138402, "4": 171305.8530138402}, "bleedDamage": {"1": 0.0, "2": 0.0, "3": 0.0, "4": 0.0}}