{"deaths": 9846, "totalAttacks": 100001, "damagingAttacks": 186731.375, "damageDone": {"1": 115435.93589196754, "2": 115435.93589196754, "3": 115435.93589196754, "4": 115435.93589196754}, "bleedDamage": {"1": 0.0, "2": 0.0, "3": 0.0, "4": 0.0}}