{"deaths": 9846, "totalAttacks": 200002, "damagingAttacks": 354554.0, "damageDone": {"1": 51687.104043868305, "2": 83991.544071149, "3": 136486.2591157208, "4": 209171.2491775034}, "bleedDamage": {"1": 0.0, "2": 0.0, "3": 0.0, "4": 0.0}}