{"deaths": 9846, "totalAttacks": 200002, "damagingAttacks": 374416.5, "damageDone": {"1": 53843.40927473176, "2": 87495.54007135406, "3": 142180.25261602819, "4": 217897.5469087145}, "bleedDamage": {"1": 0.0, "2": 0.0, "3": 0.0, "4": 0.0}}