{"deaths": 6147, "totalAttacks": 1031778, "damagingAttacks": 1885241.625, "damageDone": {"1": 1886550.3958337314, "2": 3301463.192707242, "3": 5777560.587239506, "4": 9314842.579427293}, "bleedDamage": {"1": 0.0, "2": 0.0, "3": 0.0, "4": 0.0}, "loadoutDamage": {}}