{"deaths": 9846, "totalAttacks": 100001, "damagingAttacks": 108403.0, "damageDone": {"1": 74270.53342366456, "2": 92838.16677968107, "3": 116047.70847454462, "4": 143899.15850840765}, "bleedDamage": {"1": 0.0, "2": 0.0, "3": 0.0, "4": 0.0}}