{"deaths": 9846, "totalAttacks": 100001, "damagingAttacks": 110790.375, "damageDone": {"1": 121824.61360456268, "2": 175122.88205656677, "3": 251739.14295630998, "4": 351673.39630382805}, "bleedDamage": {"1": 0.0, "2": 0.0, "3": 0.0, "4": 0.0}}