{"deaths": 9846, "totalAttacks": 100001, "damagingAttacks": 177396.25, "damageDone": {"1": 159270.26052358188, "2": 159270.26052358188, "3": 159270.26052358188, "4": 159270.26052358188}, "bleedDamage": {"1": 0.0, "2": 0.0, "3": 0.0, "4": 0.0}}