{"deaths": 7934, "totalAttacks": 200002, "damagingAttacks": 233930.25, "damageDone": {"1": 110143.881637401, "2": 178983.80766082215, "3": 290848.6874486611, "4": 445738.52100156184}, "bleedDamage": {"1": 0.0, "2": 0.0, "3": 0.0, "4": 0.0}}