{"deaths": 9846, "totalAttacks": 100001, "damagingAttacks": 177277.0, "damageDone": {"1": 152861.86091310973, "2": 152861.86091310973, "3": 152861.86091310973, "4": 152861.86091310973}, "bleedDamage": {"1": 0.0, "2": 0.0, "3": 0.0, "4": 0.0}}