{"deaths": 9846, "totalAttacks": 200002, "damagingAttacks": 363384.25, "damageDone": {"1": 61059.733106017615, "2": 99222.06629708613, "3": 161235.85773305388, "4": 247101.107413264}, "bleedDamage": {"1": 0.0, "2": 0.0, "3": 0.0, "4": 0.0}}