{"deaths": 9846, "totalAttacks": 100001, "damagingAttacks": 182799.375, "damageDone": {"1": 145835.85324401635, "2": 145835.85324401635, "3": 145835.85324401635, "4": 145835.85324401635}, "bleedDamage": {"1": 0.0, "2": 0.0, "3": 0.0, "4": 0.0}}