{"deaths": 9846, "totalAttacks": 100001, "damagingAttacks": 181692.125, "damageDone": {"1": 180580.91282341143, "2": 180580.91282341143, "3": 180580.91282341143, "4": 180580.91282341143}, "bleedDamage": {"1": 0.0, "2": 0.0, "3": 0.0, "4": 0.0}}