{"deaths": 9846, "totalAttacks": 131778, "damagingAttacks": 194807.25, "damageDone": {"1": 101410.48557526075, "2": 126763.10696916803, "3": 158453.88371142396, "4": 196482.8158020758}, "bleedDamage": {"1": 0.0, "2": 0.0, "3": 0.0, "4": 0.0}}