{"deaths": 6147, "totalAttacks": 100001, "damagingAttacks": 175795.375, "damageDone": {"1": 158681.45833330235, "2": 277692.55208341713, "3": 485961.96614567674, "4": 783489.7005209924}, "bleedDamage": {"1": 0.0, "2": 0.0, "3": 0.0, "4": 0.0}}