{"deaths": 9846, "totalAttacks": 100001, "damagingAttacks": 110790.375, "damageDone": {"1": 65119.482027325364, "2": 81399.35253418621, "3": 101749.19066771235, "4": 126168.99642797367}, "bleedDamage": {"1": 0.0, "2": 0.0, "3": 0.0, "4": 0.0}}