{"deaths": 11082, "totalAttacks": 300003, "damagingAttacks": 545076.375, "damageDone": {"1": 569721.5861378356, "2": 669655.0080279476, "3": 789849.899319566, "4": 934664.9240783456}, "bleedDamage": {"1": 0.0, "2": 0.0, "3": 0.0, "4": 0.0}}