{"deaths": 9846, "totalAttacks": 100001, "damagingAttacks": 81477.125, "damageDone": {"1": 72854.53651210149, "2": 104728.39623617913, "3": 150547.0695895182, "4": 210310.55657210512}, "bleedDamage": {"1": 0.0, "2": 0.0, "3": 0.0, "4": 0.0}}