{"deaths": 4561, "totalAttacks": 200002, "damagingAttacks": 351590.75, "damageDone": {"1": 40978.17879373648, "2": 51222.723492170975, "3": 64028.404365197945, "4": 79395.22141281464}, "bleedDamage": {"1": 0.0, "2": 0.0, "3": 0.0, "4": 0.0}}