{"deaths": 9846, "totalAttacks": 300003, "damagingAttacks": 545076.375, "damageDone": {"1": 569721.5861378356, "2": 613546.3235331299, "3": 657371.0609281455, "4": 711309.1992606218}, "bleedDamage": {"1": 0.0, "2": 0.0, "3": 0.0, "4": 0.0}}