{"deaths": 7934, "totalAttacks": 200002, "damagingAttacks": 179634.5, "damageDone": {"1": 72702.13289720927, "2": 118140.96595791394, "3": 191979.06968147514, "4": 294216.444068085}, "bleedDamage": {"1": 0.0, "2": 0.0, "3": 0.0, "4": 0.0}}