{"deaths": 9846, "totalAttacks": 200002, "damagingAttacks": 354792.5, "damageDone": {"1": 53853.972976675046, "2": 87512.70608694913, "3": 142208.14739147332, "4": 217940.29688993294}, "bleedDamage": {"1": 0.0, "2": 0.0, "3": 0.0, "4": 0.0}}