{"deaths": 6147, "totalAttacks": 100001, "damagingAttacks": 130466.875, "damageDone": {"1": 116513.05219593232, "2": 203897.84134287926, "3": 356821.22234998026, "4": 575283.1952174213}, "bleedDamage": {"1": 0.0, "2": 0.0, "3": 0.0, "4": 0.0}}