{"deaths": 9846, "totalAttacks": 300003, "damagingAttacks": 561624.75, "damageDone": {"1": 380608.24158660293, "2": 499819.1928623307, "3": 683127.4097633758, "4": 934376.4291216227}, "bleedDamage": {"1": 0.0, "2": 0.0, "3": 0.0, "4": 0.0}}