{"deaths": 9846, "totalAttacks": 200002, "damagingAttacks": 337906.75, "damageDone": {"1": 35905.95558026108, "2": 58347.17781792808, "3": 94814.16395416054, "4": 145306.9139890222}, "bleedDamage": {"1": 0.0, "2": 0.0, "3": 0.0, "4": 0.0}}