{"deaths": 6147, "totalAttacks": 131778, "damagingAttacks": 194807.25, "damageDone": {"1": 150208.97086537417, "2": 262865.6990141222, "3": 460014.9732750925, "4": 741656.7936484523}, "bleedDamage": {"1": 0.0, "2": 0.0, "3": 0.0, "4": 0.0}}