{"deaths": 6147, "totalAttacks": 100001, "damagingAttacks": 116965.125, "damageDone": {"1": 110143.881637401, "2": 192751.7928654474, "3": 337315.6375146075, "4": 543835.4155849501}, "bleedDamage": {"1": 0.0, "2": 0.0, "3": 0.0, "4": 0.0}}