{"deaths": 4561, "totalAttacks": 200002, "damagingAttacks": 373462.75, "damageDone": {"1": 39032.29486548256, "2": 48790.36858182909, "3": 60987.96072730198, "4": 75625.07130182395}, "bleedDamage": {"1": 0.0, "2": 0.0, "3": 0.0, "4": 0.0}}