{"deaths": 9846, "totalAttacks": 100001, "damagingAttacks": 130466.875, "damageDone": {"1": 120206.40761788361, "2": 172796.71095073674, "3": 248395.27199166061, "4": 347002.09074081696}, "bleedDamage": {"1": 0.0, "2": 0.0, "3": 0.0, "4": 0.0}}