{"deaths": 9846, "totalAttacks": 100001, "damagingAttacks": 108403.0, "damageDone": {"1": 123362.26132656074, "2": 177333.25065690244, "3": 254916.54781931135, "4": 356112.1528139018}, "bleedDamage": {"1": 0.0, "2": 0.0, "3": 0.0, "4": 0.0}}