{"deaths": {"1": 1057, "2": 2029, "3": 3953}, "totalAttacks": {"1": 55176.0, "2": 19152.0, "3": 26052.0}, "damagingAttacks": {"1": 53028.0, "2": 17541.0, "3": 20489.8125}, "damageDone": {"1": {"1": 97226.74198718015, "2": 23167.02564102543, "3": 25517.33012820502}, "2": {"1": 131617.23536119983, "2": 31847.040834566225, "3": 34632.23442893305}, "3": {"1": 185188.08355290804, "2": 45443.34834581449, "3": 48844.53049398273}, "4": {"1": 258793.57710059235, "2": 64143.78220982185, "3": 68375.54389516004}}, "bleedDamage": {"1": {"1": 0.0, "2": 0.0, "3": 0.0}, "2": {"1": 0.0, "2": 0.0, "3": 0.0}, "3": {"1": 0.0, "2": 0.0, "3": 0.0}, "4": {"1": 0.0, "2": 0.0, "3": 0.0}}}