{"deaths": 9846, "totalAttacks": 100001, "damagingAttacks": 130466.875, "damageDone": {"1": 83247.45652908606, "2": 104059.32066128562, "3": 130074.15082682589, "4": 161291.9470252363}, "bleedDamage": {"1": 0.0, "2": 0.0, "3": 0.0, "4": 0.0}}