{"deaths": 6147, "totalAttacks": 100001, "damagingAttacks": 130230.0, "damageDone": {"1": 108392.20300882518, "2": 189686.35526534446, "3": 331951.1217142931, "4": 535186.5023560025}, "bleedDamage": {"1": 0.0, "2": 0.0, "3": 0.0, "4": 0.0}}