{"deaths": 11082, "totalAttacks": 300003, "damagingAttacks": 548398.125, "damageDone": {"1": 476039.5953526414, "2": 560729.241509386, "3": 662777.9377963088, "4": 785705.7101302416}, "bleedDamage": {"1": 0.0, "2": 0.0, "3": 0.0, "4": 0.0}}