{"deaths": 9846, "totalAttacks": 100001, "damagingAttacks": 175795.375, "damageDone": {"1": 121190.78410607153, "2": 121190.78410607153, "3": 121190.78410607153, "4": 121190.78410607153}, "bleedDamage": {"1": 0.0, "2": 0.0, "3": 0.0, "4": 0.0}}