{"deaths": 6147, "totalAttacks": 100001, "damagingAttacks": 168953.375, "damageDone": {"1": 139040.08333333442, "2": 243320.14583332287, "3": 425810.2552083542, "4": 686510.4114582655}, "bleedDamage": {"1": 0.0, "2": 0.0, "3": 0.0, "4": 0.0}}