{"deaths": 9846, "totalAttacks": 300003, "damagingAttacks": 573820.5, "damageDone": {"1": 383236.2083332207, "2": 526679.2411858382, "3": 751346.1347150758, "4": 1060348.7787151502}, "bleedDamage": {"1": 0.0, "2": 0.0, "3": 0.0, "4": 0.0}}