{"deaths": 9846, "totalAttacks": 300003, "damagingAttacks": 545076.375, "damageDone": {"1": 485473.63822115556, "2": 654320.9090697406, "3": 916893.0090201512, "4": 1277548.602137985}, "bleedDamage": {"1": 0.0, "2": 0.0, "3": 0.0, "4": 0.0}}