{"deaths": 11082, "totalAttacks": 300003, "damagingAttacks": 527386.125, "damageDone": {"1": 402892.01842954673, "2": 475094.6129963549, "3": 562178.9217552863, "4": 667070.1149683038}, "bleedDamage": {"1": 0.0, "2": 0.0, "3": 0.0, "4": 0.0}}