{"deaths": {"1": 1057, "2": 2029, "3": 3953}, "totalAttacks": {"1": 55176.0, "2": 19152.0, "3": 26052.0}, "damagingAttacks": {"1": 53028.0, "2": 17541.0, "3": 20489.8125}, "damageDone": {"1": {"1": 112094.6586538437, "2": 26081.150641025244, "3": 30431.68429487108}, "2": {"1": 120717.32470412052, "2": 28087.392998028543, "3": 32772.58308678519}, "3": {"1": 129339.99075445072, "2": 30093.635355030856, "3": 35113.481878699466}, "4": {"1": 139952.5028163692, "2": 32562.85671749362, "3": 37994.588084131814}}, "bleedDamage": {"1": {"1": 0.0, "2": 0.0, "3": 0.0}, "2": {"1": 0.0, "2": 0.0, "3": 0.0}, "3": {"1": 0.0, "2": 0.0, "3": 0.0}, "4": {"1": 0.0, "2": 0.0, "3": 0.0}}}