{"deaths": 11082, "totalAttacks": 300003, "damagingAttacks": 573820.5, "damageDone": {"1": 432231.04166641855, "2": 509947.8766024274, "3": 603722.7063298742, "4": 716667.4206428163}, "bleedDamage": {"1": 0.0, "2": 0.0, "3": 0.0, "4": 0.0}}