{"deaths": {"1": 401, "2": 785, "3": 2318}, "totalAttacks": {"1": 18392.0, "2": 6384.0, "3": 8684.0}, "damagingAttacks": {"1": 11361.5, "2": 4015.5, "3": 3258.5625}, "damageDone": {"1": {"1": 22754.323087996076, "2": 6239.7314559423485, "3": 4690.335250610462}, "2": {"1": 39820.0654039986, "2": 10919.530047899685, "3": 8208.086688568586}, "3": {"1": 69685.11445699488, "2": 19109.177583823766, "3": 14364.15170499501}, "4": {"1": 112349.47024698656, "2": 30808.67406371632, "3": 23158.530299889397}}, "bleedDamage": {"1": {"1": 0.0, "2": 0.0, "3": 0.0}, "2": {"1": 0.0, "2": 0.0, "3": 0.0}, "3": {"1": 0.0, "2": 0.0, "3": 0.0}, "4": {"1": 0.0, "2": 0.0, "3": 0.0}}}