{"deaths": 9846, "totalAttacks": 300003, "damagingAttacks": 532188.75, "damageDone": {"1": 508600.0961537788, "2": 547723.1804732074, "3": 586846.2647928692, "4": 634997.7531859566}, "bleedDamage": {"1": 0.0, "2": 0.0, "3": 0.0, "4": 0.0}}