{"deaths": 11082, "totalAttacks": 300003, "damagingAttacks": 506860.125, "damageDone": {"1": 359373.40384606755, "2": 424226.56231511064, "3": 502516.32234625454, "4": 596805.7806066524}, "bleedDamage": {"1": 0.0, "2": 0.0, "3": 0.0, "4": 0.0}}