{"deaths": 9846, "totalAttacks": 100001, "damagingAttacks": 116965.125, "damageDone": {"1": 79638.85107469182, "2": 99548.56384341049, "3": 124435.70480422101, "4": 154300.27395725003}, "bleedDamage": {"1": 0.0, "2": 0.0, "3": 0.0, "4": 0.0}}