{"deaths": {"1": 666, "2": 1394, "3": 3065}, "totalAttacks": {"1": 36784.0, "2": 12768.0, "3": 17368.0}, "damagingAttacks": {"1": 22723.0, "2": 8031.0, "3": 6517.125}, "damageDone": {"1": {"1": 22754.323087996076, "2": 6239.7314559423485, "3": 4690.335250610462}, "2": {"1": 36975.77501800747, "2": 10139.563615906838, "3": 7621.794782242318}, "3": {"1": 60085.63440425596, "2": 16476.790875848208, "3": 12385.416521143845}, "4": {"1": 92083.90124673788, "2": 25251.41323576794, "3": 18981.200467315117}}, "bleedDamage": {"1": {"1": 0.0, "2": 0.0, "3": 0.0}, "2": {"1": 0.0, "2": 0.0, "3": 0.0}, "3": {"1": 0.0, "2": 0.0, "3": 0.0}, "4": {"1": 0.0, "2": 0.0, "3": 0.0}}}