{"deaths": 9846, "totalAttacks": 200002, "damagingAttacks": 354554.0, "damageDone": {"1": 207848.14182699297, "2": 223836.46042881953, "3": 239824.77903099338, "4": 259502.70961822174}, "bleedDamage": {"1": 0.0, "2": 0.0, "3": 0.0, "4": 0.0}}