{"deaths": 6147, "totalAttacks": 1031778, "damagingAttacks": 1210213.125, "damageDone": {"1": 1627114.0301432603, "2": 2338976.4183332473, "3": 3362278.6013499224, "4": 4697020.579208094}, "bleedDamage": {"1": 0.0, "2": 0.0, "3": 0.0, "4": 0.0}, "loadoutDamage": {}}