{"deaths": 7934, "totalAttacks": 200002, "damagingAttacks": 216806.0, "damageDone": {"1": 102358.28874607109, "2": 166332.21921233472, "3": 270289.8562199181, "4": 414231.19976920827}, "bleedDamage": {"1": 0.0, "2": 0.0, "3": 0.0, "4": 0.0}}