{"deaths": 9846, "totalAttacks": 300003, "damagingAttacks": 548398.125, "damageDone": {"1": 476039.5953526414, "2": 512658.02576432953, "3": 549276.4561760388, "4": 594345.2936055998}, "bleedDamage": {"1": 0.0, "2": 0.0, "3": 0.0, "4": 0.0}}