{"deaths": 9846, "totalAttacks": 200002, "damagingAttacks": 351590.75, "damageDone": {"1": 164784.59134611412, "2": 177460.3291419914, "3": 190136.06693789668, "4": 205736.97499440497}, "bleedDamage": {"1": 0.0, "2": 0.0, "3": 0.0, "4": 0.0}}