{"deaths": 6147, "totalAttacks": 100001, "damagingAttacks": 182799.375, "damageDone": {"1": 190950.54166662847, "2": 334163.4479166729, "3": 584786.0338541486, "4": 942818.2994791161}, "bleedDamage": {"1": 0.0, "2": 0.0, "3": 0.0, "4": 0.0}}