{"deaths": 9846, "totalAttacks": 200002, "damagingAttacks": 351590.75, "damageDone": {"1": 40978.17879373648, "2": 66589.54053981332, "3": 108208.00337719261, "4": 165833.56730598005}, "bleedDamage": {"1": 0.0, "2": 0.0, "3": 0.0, "4": 0.0}}