{"deaths": 7934, "totalAttacks": 100001, "damagingAttacks": 116965.125, "damageDone": {"1": 108742.84429200813, "2": 135928.5553649504, "3": 169910.69420604134, "4": 210689.2608154974}, "bleedDamage": {"1": 0.0, "2": 0.0, "3": 0.0, "4": 0.0}}