{"deaths": 9846, "totalAttacks": 300003, "damagingAttacks": 506860.125, "damageDone": {"1": 359373.40384606755, "2": 387017.5118342058, "3": 414661.619822396, "4": 448685.13734618446}, "bleedDamage": {"1": 0.0, "2": 0.0, "3": 0.0, "4": 0.0}}