{"deaths": 7934, "totalAttacks": 200002, "damagingAttacks": 241284.75, "damageDone": {"1": 74789.91346031937, "2": 121533.60937305515, "3": 197492.11523103592, "4": 302665.43103480205}, "bleedDamage": {"1": 0.0, "2": 0.0, "3": 0.0, "4": 0.0}}