{"deaths": 9846, "totalAttacks": 1031778, "damagingAttacks": 1210213.125, "damageDone": {"1": 1023068.8812250913, "2": 1278836.101528095, "3": 1598545.126912576, "4": 1982195.9573776035}, "bleedDamage": {"1": 0.0, "2": 0.0, "3": 0.0, "4": 0.0}, "loadoutDamage": {}}