{"deaths": 9846, "totalAttacks": 100001, "damagingAttacks": 126620.75, "damageDone": {"1": 59503.471152863014, "2": 74379.33894111164, "3": 92974.17367637211, "4": 115287.97535871761}, "bleedDamage": {"1": 0.0, "2": 0.0, "3": 0.0, "4": 0.0}}