{"deaths": 11082, "totalAttacks": 395334, "damagingAttacks": 768393.0, "damageDone": {"1": 573477.4134614536, "2": 676532.5366123641, "3": 800872.0816378861, "4": 950630.8413819998}, "bleedDamage": {"1": 0.0, "2": 0.0, "3": 0.0, "4": 0.0}}