{"deaths": 9846, "totalAttacks": 300003, "damagingAttacks": 548398.125, "damageDone": {"1": 412772.25160268444, "2": 562074.1086967946, "3": 795156.2229527803, "4": 1115538.6202856984}, "bleedDamage": {"1": 0.0, "2": 0.0, "3": 0.0, "4": 0.0}}