{"deaths": {"1": 1057, "2": 2029, "3": 3953}, "totalAttacks": {"1": 18392.0, "2": 6384.0, "3": 8684.0}, "damagingAttacks": {"1": 17676.0, "2": 5847.0, "3": 6829.9375}, "damageDone": {"1": {"1": 35393.54326754591, "2": 7782.027014282523, "3": 9169.59260487578}, "2": {"1": 35393.54326754591, "2": 7782.027014282523, "3": 9169.59260487578}, "3": {"1": 35393.54326754591, "2": 7782.027014282523, "3": 9169.59260487578}, "4": {"1": 35393.54326754591, "2": 7782.027014282523, "3": 9169.59260487578}}, "bleedDamage": {"1": {"1": 0.0, "2": 0.0, "3": 0.0}, "2": {"1": 0.0, "2": 0.0, "3": 0.0}, "3": {"1": 0.0, "2": 0.0, "3": 0.0}, "4": {"1": 0.0, "2": 0.0, "3": 0.0}}}