{"deaths": 9846, "totalAttacks": 395334, "damagingAttacks": 768393.0, "damageDone": {"1": 573477.4134614536, "2": 617591.0606510112, "3": 661704.7078399993, "4": 715998.427457483}, "bleedDamage": {"1": 0.0, "2": 0.0, "3": 0.0, "4": 0.0}}