{"deaths": 7934, "totalAttacks": 100001, "damagingAttacks": 108403.0, "damageDone": {"1": 87418.58087085794, "2": 109273.22608855939, "3": 136591.53261058257, "4": 169373.50043711768}, "bleedDamage": {"1": 0.0, "2": 0.0, "3": 0.0, "4": 0.0}}