{"deaths": 7934, "totalAttacks": 200002, "damagingAttacks": 260460.0, "damageDone": {"1": 108392.20300882518, "2": 176137.3298892718, "3": 286223.16107003245, "4": 438649.6965508917}, "bleedDamage": {"1": 0.0, "2": 0.0, "3": 0.0, "4": 0.0}}