{"deaths": {"1": 291, "2": 643, "3": 1869}, "totalAttacks": {"1": 36784.0, "2": 12768.0, "3": 17368.0}, "damagingAttacks": {"1": 35352.0, "2": 11694.0, "3": 13659.875}, "damageDone": {"1": {"1": 11967.600959603456, "2": 2631.3328750324013, "3": 3100.5097293522135}, "2": {"1": 14959.501199504126, "2": 3289.1660937904235, "3": 3875.637161690068}, "3": {"1": 18699.376499378202, "2": 4111.4576172381485, "3": 4844.546452112663}, "4": {"1": 23187.226859234095, "2": 5098.207445375242, "3": 6007.237600619716}}, "bleedDamage": {"1": {"1": 0.0, "2": 0.0, "3": 0.0}, "2": {"1": 0.0, "2": 0.0, "3": 0.0}, "3": {"1": 0.0, "2": 0.0, "3": 0.0}, "4": {"1": 0.0, "2": 0.0, "3": 0.0}}}