{"deaths": 9846, "totalAttacks": 100001, "damagingAttacks": 116965.125, "damageDone": {"1": 153454.36909756073, "2": 220590.6555777503, "3": 317099.0673927983, "4": 442979.604543461}, "bleedDamage": {"1": 0.0, "2": 0.0, "3": 0.0, "4": 0.0}}