{"deaths": 9846, "totalAttacks": 263556, "damagingAttacks": 512262.0, "damageDone": {"1": 57923.56180380812, "2": 94125.78793115877, "3": 152954.40538819588, "4": 234409.4141749472}, "bleedDamage": {"1": 0.0, "2": 0.0, "3": 0.0, "4": 0.0}}