{"deaths": 4561, "totalAttacks": 200002, "damagingAttacks": 354792.5, "damageDone": {"1": 53853.972976675046, "2": 67317.46622081618, "3": 84146.83277610278, "4": 104342.07264222884}, "bleedDamage": {"1": 0.0, "2": 0.0, "3": 0.0, "4": 0.0}}