{"deaths": 6147, "totalAttacks": 100001, "damagingAttacks": 187208.25, "damageDone": {"1": 208500.01041670534, "2": 364875.0182291292, "3": 638531.2819010747, "4": 1029468.8014323305}, "bleedDamage": {"1": 0.0, "2": 0.0, "3": 0.0, "4": 0.0}}