{"deaths": {"1": 1057, "2": 2029, "3": 3953}, "totalAttacks": {"1": 36784.0, "2": 12768.0, "3": 17368.0}, "damagingAttacks": {"1": 35352.0, "2": 11694.0, "3": 13659.875}, "damageDone": {"1": {"1": 11967.600959603456, "2": 2631.3328750324013, "3": 3100.5097293522135}, "2": {"1": 19447.351559354225, "2": 4275.915921927586, "3": 5038.328310197247}, "3": {"1": 31601.94628395661, "2": 6948.36337313245, "3": 8187.2835040705295}, "4": {"1": 48431.385133393815, "2": 10648.67522864636, "3": 12547.375310971498}}, "bleedDamage": {"1": {"1": 0.0, "2": 0.0, "3": 0.0}, "2": {"1": 0.0, "2": 0.0, "3": 0.0}, "3": {"1": 0.0, "2": 0.0, "3": 0.0}, "4": {"1": 0.0, "2": 0.0, "3": 0.0}}}