{"deaths": 7934, "totalAttacks": 263556, "damagingAttacks": 389614.5, "damageDone": {"1": 150208.97086537417, "2": 244089.5776560404, "3": 396645.5636910882, "4": 607876.9289704297}, "bleedDamage": {"1": 0.0, "2": 0.0, "3": 0.0, "4": 0.0}}