{"deaths": 6147, "totalAttacks": 100001, "damagingAttacks": 181692.125, "damageDone": {"1": 236444.07291667428, "2": 413777.12760414404, "3": 724109.9733073654, "4": 1167442.6100259423}, "bleedDamage": {"1": 0.0, "2": 0.0, "3": 0.0, "4": 0.0}}