{"deaths": {"1": 666, "2": 1394, "3": 3065}, "totalAttacks": {"1": 18392.0, "2": 6384.0, "3": 8684.0}, "damagingAttacks": {"1": 11361.5, "2": 4015.5, "3": 3258.5625}, "damageDone": {"1": {"1": 22029.57686547953, "2": 5214.952609805332, "3": 4368.992530835364}, "2": {"1": 27536.971081859225, "2": 6518.690762256748, "3": 5461.2406635448015}, "3": {"1": 34421.21385232434, "2": 8148.363452820969, "3": 6826.550829430859}, "4": {"1": 42682.30517687194, "2": 10103.9706814977, "3": 8464.923028493558}}, "bleedDamage": {"1": {"1": 0.0, "2": 0.0, "3": 0.0}, "2": {"1": 0.0, "2": 0.0, "3": 0.0}, "3": {"1": 0.0, "2": 0.0, "3": 0.0}, "4": {"1": 0.0, "2": 0.0, "3": 0.0}}}