{"deaths": 9846, "totalAttacks": 100001, "damagingAttacks": 89817.25, "damageDone": {"1": 50221.49232979324, "2": 62776.865412195555, "3": 78471.08176526857, "4": 97304.14138896296}, "bleedDamage": {"1": 0.0, "2": 0.0, "3": 0.0, "4": 0.0}}