{"deaths": 9846, "totalAttacks": 300003, "damagingAttacks": 531831.0, "damageDone": {"1": 405623.225160223, "2": 545220.9708456615, "3": 762074.6084582483, "4": 1059873.7499825594}, "bleedDamage": {"1": 0.0, "2": 0.0, "3": 0.0, "4": 0.0}}