{"deaths": 6147, "totalAttacks": 100001, "damagingAttacks": 120642.375, "damageDone": {"1": 74789.91346031937, "2": 130882.34855550285, "3": 229044.10997217995, "4": 369275.19771055743}, "bleedDamage": {"1": 0.0, "2": 0.0, "3": 0.0, "4": 0.0}}