{"deaths": 7405, "totalAttacks": 2063556, "damagingAttacks": 3770483.25, "damageDone": {"1": 4648602.239583385, "2": 5484234.461744454, "3": 6492494.924172266, "4": 7706872.687026122}, "bleedDamage": {"1": 0.0, "2": 0.0, "3": 0.0, "4": 0.0}, "loadoutDamage": {}}