{"deaths": 9846, "totalAttacks": 300003, "damagingAttacks": 527386.125, "damageDone": {"1": 312186.6746794522, "2": 416988.7145587466, "3": 579369.6932397436, "4": 802254.7809837218}, "bleedDamage": {"1": 0.0, "2": 0.0, "3": 0.0, "4": 0.0}}