{"deaths": 11082, "totalAttacks": 300003, "damagingAttacks": 560194.125, "damageDone": {"1": 391905.7371793286, "2": 462716.07753943175, "3": 548210.5481075665, "4": 651175.4149293897}, "bleedDamage": {"1": 0.0, "2": 0.0, "3": 0.0, "4": 0.0}}