{"deaths": 6147, "totalAttacks": 2063556, "damagingAttacks": 3770483.25, "damageDone": {"1": 848389.5271218674, "2": 1378632.9815688087, "3": 2240278.595052766, "4": 3433326.367568396}, "bleedDamage": {"1": 0.0, "2": 0.0, "3": 0.0, "4": 0.0}, "loadoutDamage": {}}