{"deaths": 11082, "totalAttacks": 300003, "damagingAttacks": 561624.75, "damageDone": {"1": 514267.53325332684, "2": 605359.9324456288, "3": 715061.599866992, "4": 847216.0723509237}, "bleedDamage": {"1": 0.0, "2": 0.0, "3": 0.0, "4": 0.0}}