{"deaths": 6147, "totalAttacks": 131778, "damagingAttacks": 256131.0, "damageDone": {"1": 224299.75000003263, "2": 392524.5624998996, "3": 686917.9843751487, "4": 1107480.0156249516}, "bleedDamage": {"1": 0.0, "2": 0.0, "3": 0.0, "4": 0.0}}