{"deaths": 9846, "totalAttacks": 200002, "damagingAttacks": 365598.75, "damageDone": {"1": 49311.40360925119, "2": 80131.03086501137, "3": 130212.92515563796, "4": 199557.08648124294}, "bleedDamage": {"1": 0.0, "2": 0.0, "3": 0.0, "4": 0.0}}