{"deaths": 15969, "totalAttacks": 300003, "damagingAttacks": 332371.125, "damageDone": {"1": 64908.426775157226, "2": 69901.38268094232, "3": 74894.33858672144, "4": 81039.51508610722}, "bleedDamage": {"1": 0.0, "2": 0.0, "3": 0.0, "4": 0.0}}