{"deaths": 19969, "totalAttacks": 200002, "damagingAttacks": 260460.0, "damageDone": {"1": 63941.724359004926, "2": 68860.3185404386, "3": 73778.91272189606, "4": 79832.5670991658}, "bleedDamage": {"1": 0.0, "2": 0.0, "3": 0.0, "4": 0.0}}