{"deaths": 19969, "totalAttacks": 200002, "damagingAttacks": 260933.75, "damageDone": {"1": 23317.86242604338, "2": 37891.52644229167, "3": 61573.73046874147, "4": 94364.47450531175}, "bleedDamage": {"1": 0.0, "2": 0.0, "3": 0.0, "4": 0.0}}