{"deaths": {"1": 2308, "2": 4882, "3": 7918}, "totalAttacks": {"1": 36784.0, "2": 12768.0, "3": 17368.0}, "damagingAttacks": {"1": 35352.0, "2": 11694.0, "3": 13659.875}, "damageDone": {"1": {"1": 52596.19723867359, "2": 10343.719921104199, "3": 12359.79980276114}, "2": {"1": 75607.03353056735, "2": 14869.097386587244, "3": 17767.212216468703}, "3": {"1": 108685.11070019781, "2": 21374.327493219647, "3": 25540.36756117475}, "4": {"1": 151830.42874755408, "2": 29859.410241000394, "3": 35679.26583687691}}, "bleedDamage": {"1": {"1": 0.0, "2": 0.0, "3": 0.0}, "2": {"1": 0.0, "2": 0.0, "3": 0.0}, "3": {"1": 0.0, "2": 0.0, "3": 0.0}, "4": {"1": 0.0, "2": 0.0, "3": 0.0}}}