{"deaths": 17321, "totalAttacks": 2063556, "damagingAttacks": 2420426.25, "damageDone": {"1": 2226180.291666702, "2": 2397424.929489313, "3": 2568669.5673070448, "4": 2779432.1984745855}, "bleedDamage": {"1": 0.0, "2": 0.0, "3": 0.0, "4": 0.0}, "loadoutDamage": {}}