{"deaths": 19969, "totalAttacks": 200002, "damagingAttacks": 260460.0, "damageDone": {"1": 116425.3631656184, "2": 125381.16033230371, "3": 134336.9574988494, "4": 145359.4770884961}, "bleedDamage": {"1": 0.0, "2": 0.0, "3": 0.0, "4": 0.0}}