{"deaths": 13862, "totalAttacks": 100001, "damagingAttacks": 116965.125, "damageDone": {"1": 11141.234775639263, "2": 19497.1608573726, "3": 34120.031500409306, "4": 55009.846704708565}, "bleedDamage": {"1": 0.0, "2": 0.0, "3": 0.0, "4": 0.0}}