{"deaths": 19969, "totalAttacks": 263556, "damagingAttacks": 389614.5, "damageDone": {"1": 168852.00246564278, "2": 181840.61803978746, "3": 194829.23361397104, "4": 210815.22201323468}, "bleedDamage": {"1": 0.0, "2": 0.0, "3": 0.0, "4": 0.0}}