{"deaths": 19969, "totalAttacks": 200002, "damagingAttacks": 260460.0, "damageDone": {"1": 26700.939842214448, "2": 43389.02724356, "3": 70507.1692708233, "4": 108055.36592389402}, "bleedDamage": {"1": 0.0, "2": 0.0, "3": 0.0, "4": 0.0}}