{"deaths": 15969, "totalAttacks": 300003, "damagingAttacks": 325209.0, "damageDone": {"1": 67142.87056214358, "2": 72307.70675920318, "3": 77472.5429563608, "4": 83829.26442965942}, "bleedDamage": {"1": 0.0, "2": 0.0, "3": 0.0, "4": 0.0}}