{"deaths": 19969, "totalAttacks": 200002, "damagingAttacks": 382547.0, "damageDone": {"1": 166125.73175540162, "2": 238805.7393985166, "3": 343283.25038514246, "4": 479558.2647155439}, "bleedDamage": {"1": 0.0, "2": 0.0, "3": 0.0, "4": 0.0}}