{"deaths": {"1": 1313, "2": 2992, "3": 5082}, "totalAttacks": {"1": 55176.0, "2": 19152.0, "3": 26052.0}, "damagingAttacks": {"1": 53028.0, "2": 17541.0, "3": 20489.8125}, "damageDone": {"1": {"1": 39447.147928994294, "2": 7757.78994082829, "3": 9269.84985207112}, "2": {"1": 42481.543923533274, "2": 8354.543013199711, "3": 9982.915225307148}, "3": {"1": 45515.93991807344, "2": 8951.296085571295, "3": 10695.980598543567}, "4": {"1": 49250.58114212671, "2": 9685.761405412932, "3": 11573.599519449597}}, "bleedDamage": {"1": {"1": 0.0, "2": 0.0, "3": 0.0}, "2": {"1": 0.0, "2": 0.0, "3": 0.0}, "3": {"1": 0.0, "2": 0.0, "3": 0.0}, "4": {"1": 0.0, "2": 0.0, "3": 0.0}}}