{"deaths": 19969, "totalAttacks": 200002, "damagingAttacks": 216806.0, "damageDone": {"1": 29868.487179483833, "2": 48536.2916666444, "3": 78871.47395831805, "4": 120874.0340544477}, "bleedDamage": {"1": 0.0, "2": 0.0, "3": 0.0, "4": 0.0}}