{"deaths": 17321, "totalAttacks": 300003, "damagingAttacks": 332371.125, "damageDone": {"1": 223361.3509616501, "2": 240542.9933431412, "3": 257724.635724823, "4": 278871.27250230726}, "bleedDamage": {"1": 0.0, "2": 0.0, "3": 0.0, "4": 0.0}}