{"deaths": 13862, "totalAttacks": 1031778, "damagingAttacks": 1210213.125, "damageDone": {"1": 85622.31891026655, "2": 149839.05809308207, "3": 262218.35166239744, "4": 422760.1996202387}, "bleedDamage": {"1": 0.0, "2": 0.0, "3": 0.0, "4": 0.0}, "loadoutDamage": {}}