{"deaths": 19969, "totalAttacks": 200002, "damagingAttacks": 179634.5, "damageDone": {"1": 60659.43108974001, "2": 65325.54117359472, "3": 69991.65125737533, "4": 75734.55597600213}, "bleedDamage": {"1": 0.0, "2": 0.0, "3": 0.0, "4": 0.0}}