{"deaths": 19969, "totalAttacks": 200002, "damagingAttacks": 354554.0, "damageDone": {"1": 221114.71104540097, "2": 317852.3971279719, "3": 456912.82087094744, "4": 638295.98227474}, "bleedDamage": {"1": 0.0, "2": 0.0, "3": 0.0, "4": 0.0}}