{"deaths": {"1": 2308, "2": 4882, "3": 7918}, "totalAttacks": {"1": 36784.0, "2": 12768.0, "3": 17368.0}, "damagingAttacks": {"1": 22723.0, "2": 8031.0, "3": 6517.125}, "damageDone": {"1": {"1": 8267.857495070632, "2": 1428.7194280078552, "3": 1308.5219428007606}, "2": {"1": 13435.26842948768, "2": 2321.6690705128444, "3": 2126.3481570513495}, "3": {"1": 21832.311197917195, "2": 3772.7122395833107, "3": 3455.31575520833}, "4": {"1": 33458.98580036036, "2": 5781.848935219396, "3": 5295.4247372719965}}, "bleedDamage": {"1": {"1": 0.0, "2": 0.0, "3": 0.0}, "2": {"1": 0.0, "2": 0.0, "3": 0.0}, "3": {"1": 0.0, "2": 0.0, "3": 0.0}, "4": {"1": 0.0, "2": 0.0, "3": 0.0}}}