{"deaths": 15969, "totalAttacks": 300003, "damagingAttacks": 391400.625, "damageDone": {"1": 60208.982988172174, "2": 64840.443218023785, "3": 69471.903447917, "4": 75172.16219231529}, "bleedDamage": {"1": 0.0, "2": 0.0, "3": 0.0, "4": 0.0}}