{"deaths": 13862, "totalAttacks": 100001, "damagingAttacks": 130466.875, "damageDone": {"1": 7673.693910256672, "2": 13428.96434294136, "3": 23500.68760014677, "4": 37888.86368189851}, "bleedDamage": {"1": 0.0, "2": 0.0, "3": 0.0, "4": 0.0}}