{"deaths": 15969, "totalAttacks": 395334, "damagingAttacks": 584421.75, "damageDone": {"1": 96757.88905326997, "2": 104200.80359578945, "3": 111643.71813837405, "4": 120804.22834459798}, "bleedDamage": {"1": 0.0, "2": 0.0, "3": 0.0, "4": 0.0}}