{"deaths": 19969, "totalAttacks": 200002, "damagingAttacks": 260460.0, "damageDone": {"1": 108209.07199213425, "2": 189365.875986358, "3": 331390.2829758174, "4": 534282.292960899}, "bleedDamage": {"1": 0.0, "2": 0.0, "3": 0.0, "4": 0.0}}