{"deaths": 19969, "totalAttacks": 263556, "damagingAttacks": 389614.5, "damageDone": {"1": 158591.59960565332, "2": 277535.29930968775, "3": 485686.7737919192, "4": 783046.0230516798}, "bleedDamage": {"1": 0.0, "2": 0.0, "3": 0.0, "4": 0.0}}