{"deaths": {"1": 2308, "2": 4882, "3": 7918}, "totalAttacks": {"1": 36784.0, "2": 12768.0, "3": 17368.0}, "damagingAttacks": {"1": 22723.0, "2": 8031.0, "3": 6517.125}, "damageDone": {"1": {"1": 33506.58037475551, "2": 5790.073471400457, "3": 5302.957347139988}, "2": {"1": 58636.515655815456, "2": 10132.62857495039, "3": 9280.175357494996}, "3": {"1": 102613.90239768721, "2": 17732.100006163866, "3": 16240.30687561608}, "4": {"1": 165438.74060033957, "2": 28588.487765039787, "3": 26183.351901504142}}, "bleedDamage": {"1": {"1": 0.0, "2": 0.0, "3": 0.0}, "2": {"1": 0.0, "2": 0.0, "3": 0.0}, "3": {"1": 0.0, "2": 0.0, "3": 0.0}, "4": {"1": 0.0, "2": 0.0, "3": 0.0}}}