{"deaths": 13862, "totalAttacks": 100001, "damagingAttacks": 108403.0, "damageDone": {"1": 8557.424679487563, "2": 14975.493189103152, "3": 26207.11308093701, "4": 42252.284354955125}, "bleedDamage": {"1": 0.0, "2": 0.0, "3": 0.0, "4": 0.0}}