{"deaths": 7740, "totalAttacks": 2063556, "damagingAttacks": 2420426.25, "damageDone": {"1": 1255468.676156502, "2": 2197070.183270041, "3": 3844872.8207538994, "4": 6198876.588538886}, "bleedDamage": {"1": 0.0, "2": 0.0, "3": 0.0, "4": 0.0}, "loadoutDamage": {}}