{"deaths": 17321, "totalAttacks": 2063556, "damagingAttacks": 2420426.25, "damageDone": {"1": 285675.50714998407, "2": 464222.6991165288, "3": 754361.8860678669, "4": 1156093.0679956204}, "bleedDamage": {"1": 0.0, "2": 0.0, "3": 0.0, "4": 0.0}, "loadoutDamage": {}}