{"deaths": 19969, "totalAttacks": 200002, "damagingAttacks": 216806.0, "damageDone": {"1": 71527.16666670928, "2": 77029.2564102301, "3": 82531.34615385642, "4": 89303.14891519932}, "bleedDamage": {"1": 0.0, "2": 0.0, "3": 0.0, "4": 0.0}}