{"deaths": 13862, "totalAttacks": 131778, "damagingAttacks": 194807.25, "damageDone": {"1": 12331.887820510668, "2": 21580.803685892737, "3": 37766.4064503058, "4": 60888.696113794125}, "bleedDamage": {"1": 0.0, "2": 0.0, "3": 0.0, "4": 0.0}}