{"deaths": 13862, "totalAttacks": 100001, "damagingAttacks": 110790.375, "damageDone": {"1": 8272.642628203155, "2": 14477.124599353496, "3": 25334.968048867315, "4": 40846.17297675661}, "bleedDamage": {"1": 0.0, "2": 0.0, "3": 0.0, "4": 0.0}}