{"deaths": 19969, "totalAttacks": 1031778, "damagingAttacks": 1210213.125, "damageDone": {"1": 635252.1145835532, "2": 684117.6618599067, "3": 732983.2091347345, "4": 793125.4211640883}, "bleedDamage": {"1": 0.0, "2": 0.0, "3": 0.0, "4": 0.0}, "loadoutDamage": {}}