{"deaths": 17321, "totalAttacks": 300003, "damagingAttacks": 244431.375, "damageDone": {"1": 123818.53846156283, "2": 133343.0414201023, "3": 142867.5443787279, "4": 154590.0095584853}, "bleedDamage": {"1": 0.0, "2": 0.0, "3": 0.0, "4": 0.0}}