{"deaths": 19969, "totalAttacks": 200002, "damagingAttacks": 216806.0, "damageDone": {"1": 121045.97435901008, "2": 211830.45512836674, "3": 370703.2964744463, "4": 597664.4983971951}, "bleedDamage": {"1": 0.0, "2": 0.0, "3": 0.0, "4": 0.0}}