{"deaths": 19969, "totalAttacks": 200002, "damagingAttacks": 253241.5, "damageDone": {"1": 37172.15557197963, "2": 60404.7528044822, "3": 98157.72330731539, "4": 150431.0670803957}, "bleedDamage": {"1": 0.0, "2": 0.0, "3": 0.0, "4": 0.0}}