{"deaths": 17321, "totalAttacks": 300003, "damagingAttacks": 325209.0, "damageDone": {"1": 231050.46634620256, "2": 248823.5791419172, "3": 266596.69193783536, "4": 288471.2923018203}, "bleedDamage": {"1": 0.0, "2": 0.0, "3": 0.0, "4": 0.0}}