{"deaths": 19969, "totalAttacks": 200002, "damagingAttacks": 241284.75, "damageDone": {"1": 20607.116124267355, "2": 33486.563701922605, "3": 54415.66601563468, "4": 83394.4230653785}, "bleedDamage": {"1": 0.0, "2": 0.0, "3": 0.0, "4": 0.0}}