{"deaths": 15969, "totalAttacks": 300003, "damagingAttacks": 390690.0, "damageDone": {"1": 66715.65754439737, "2": 71847.63120163245, "3": 76979.6048589132, "4": 83295.88012935244}, "bleedDamage": {"1": 0.0, "2": 0.0, "3": 0.0, "4": 0.0}}