{"deaths": 17321, "totalAttacks": 300003, "damagingAttacks": 379862.25, "damageDone": {"1": 284964.2524039724, "2": 306884.5795117911, "3": 328804.90661972476, "4": 355783.77075299644}, "bleedDamage": {"1": 0.0, "2": 0.0, "3": 0.0, "4": 0.0}}