{"deaths": 19969, "totalAttacks": 200002, "damagingAttacks": 233930.25, "damageDone": {"1": 169707.10774172482, "2": 296987.43854798813, "3": 519728.0174588406, "4": 837928.8444740329}, "bleedDamage": {"1": 0.0, "2": 0.0, "3": 0.0, "4": 0.0}}