{"deaths": 13862, "totalAttacks": 100001, "damagingAttacks": 89817.25, "damageDone": {"1": 7243.488782048876, "2": 12676.10536858806, "3": 22183.18439502252, "4": 35764.72586138232}, "bleedDamage": {"1": 0.0, "2": 0.0, "3": 0.0, "4": 0.0}}