{"deaths": 19969, "totalAttacks": 2063556, "damagingAttacks": 2420426.25, "damageDone": {"1": 1157737.5816089069, "2": 2026040.7678035789, "3": 3545571.3436748483, "4": 5716329.309222648}, "bleedDamage": {"1": 0.0, "2": 0.0, "3": 0.0, "4": 0.0}, "loadoutDamage": {}}