{"deaths": 19969, "totalAttacks": 200002, "damagingAttacks": 351590.75, "damageDone": {"1": 165102.63609465692, "2": 237335.03938625648, "3": 341169.1191175751, "4": 476604.8752888802}, "bleedDamage": {"1": 0.0, "2": 0.0, "3": 0.0, "4": 0.0}}