{"deaths": 19969, "totalAttacks": 200002, "damagingAttacks": 241284.75, "damageDone": {"1": 92550.1915680403, "2": 99669.43707329572, "3": 106788.68257851954, "4": 115550.83089264459}, "bleedDamage": {"1": 0.0, "2": 0.0, "3": 0.0, "4": 0.0}}