{"deaths": 19969, "totalAttacks": 200002, "damagingAttacks": 241284.75, "damageDone": {"1": 83513.04955622145, "2": 146147.8367233315, "3": 255758.71426611193, "4": 412345.6821833955}, "bleedDamage": {"1": 0.0, "2": 0.0, "3": 0.0, "4": 0.0}}