{"deaths": {"1": 1797, "2": 4028, "3": 6835}, "totalAttacks": {"1": 55176.0, "2": 19152.0, "3": 26052.0}, "damagingAttacks": {"1": 34084.5, "2": 12046.5, "3": 9775.6875}, "damageDone": {"1": {"1": 61012.86057691571, "2": 12602.942307692307, "3": 10999.341346153951}, "2": {"1": 65706.15754439356, "2": 13572.399408284335, "3": 11845.444526627669}, "3": {"1": 70399.4545118307, "2": 14541.856508875419, "3": 12691.547707100453}, "4": {"1": 76175.82001025284, "2": 15735.03447883458, "3": 13732.905467683648}}, "bleedDamage": {"1": {"1": 0.0, "2": 0.0, "3": 0.0}, "2": {"1": 0.0, "2": 0.0, "3": 0.0}, "3": {"1": 0.0, "2": 0.0, "3": 0.0}, "4": {"1": 0.0, "2": 0.0, "3": 0.0}}}