{"deaths": 19969, "totalAttacks": 200002, "damagingAttacks": 221580.75, "damageDone": {"1": 113271.56829391405, "2": 121984.76585496559, "3": 130697.96341597998, "4": 141421.89887580156}, "bleedDamage": {"1": 0.0, "2": 0.0, "3": 0.0, "4": 0.0}}