{"deaths": 17321, "totalAttacks": 395334, "damagingAttacks": 584421.75, "damageDone": {"1": 332960.97115384665, "2": 358573.353550263, "3": 384185.7359464908, "4": 415708.66812737717}, "bleedDamage": {"1": 0.0, "2": 0.0, "3": 0.0, "4": 0.0}}