{"deaths": 17321, "totalAttacks": 300003, "damagingAttacks": 390690.0, "damageDone": {"1": 229580.35096156393, "2": 247240.37795850052, "3": 264900.40495563485, "4": 286635.8227980738}, "bleedDamage": {"1": 0.0, "2": 0.0, "3": 0.0, "4": 0.0}}