{"deaths": 19969, "totalAttacks": 200002, "damagingAttacks": 354792.5, "damageDone": {"1": 238945.19921106807, "2": 343483.723865925, "3": 493757.8530570392, "4": 689767.5867844324}, "bleedDamage": {"1": 0.0, "2": 0.0, "3": 0.0, "4": 0.0}}