{"deaths": 19969, "totalAttacks": 200002, "damagingAttacks": 221580.75, "damageDone": {"1": 111945.16666669757, "2": 195904.0416667401, "3": 342832.07291671156, "4": 552729.26041626}, "bleedDamage": {"1": 0.0, "2": 0.0, "3": 0.0, "4": 0.0}}