{"deaths": 19969, "totalAttacks": 200002, "damagingAttacks": 179634.5, "damageDone": {"1": 99180.07716962938, "2": 106809.31387498367, "3": 114438.55058032194, "4": 123828.38037151312}, "bleedDamage": {"1": 0.0, "2": 0.0, "3": 0.0, "4": 0.0}}