{"deaths": 19969, "totalAttacks": 200002, "damagingAttacks": 233930.25, "damageDone": {"1": 41875.779832323475, "2": 68048.14222753196, "3": 110578.23111979141, "4": 169466.04650901988}, "bleedDamage": {"1": 0.0, "2": 0.0, "3": 0.0, "4": 0.0}}