{"deaths": 19969, "totalAttacks": 200002, "damagingAttacks": 253241.5, "damageDone": {"1": 150645.05152868608, "2": 263628.8401750491, "3": 461350.47030633595, "4": 743809.941922347}, "bleedDamage": {"1": 0.0, "2": 0.0, "3": 0.0, "4": 0.0}}