{"deaths": 19969, "totalAttacks": 1031778, "damagingAttacks": 1210213.125, "damageDone": {"1": 1086744.8169353872, "2": 1170340.5720927187, "3": 1253936.3272394303, "4": 1356823.4104920293}, "bleedDamage": {"1": 0.0, "2": 0.0, "3": 0.0, "4": 0.0}, "loadoutDamage": {}}