{"deaths": 17321, "totalAttacks": 300003, "damagingAttacks": 391400.625, "damageDone": {"1": 207189.7355770726, "2": 223127.4075443755, "3": 239065.07951178495, "4": 258680.67577945706}, "bleedDamage": {"1": 0.0, "2": 0.0, "3": 0.0, "4": 0.0}}