{"deaths": 19969, "totalAttacks": 200002, "damagingAttacks": 221580.75, "damageDone": {"1": 27622.83333333766, "2": 44887.10416665703, "3": 72941.5442708231, "4": 111786.15364579546}, "bleedDamage": {"1": 0.0, "2": 0.0, "3": 0.0, "4": 0.0}}