{"deaths": 17321, "totalAttacks": 300003, "damagingAttacks": 269451.75, "damageDone": {"1": 195574.19711545183, "2": 210618.36612417127, "3": 225662.53513303684, "4": 244178.4354517739}, "bleedDamage": {"1": 0.0, "2": 0.0, "3": 0.0, "4": 0.0}}