{"deaths": 19969, "totalAttacks": 200002, "damagingAttacks": 260933.75, "damageDone": {"1": 94498.70562133071, "2": 165372.7348372489, "3": 289402.28596526105, "4": 466587.359004887}, "bleedDamage": {"1": 0.0, "2": 0.0, "3": 0.0, "4": 0.0}}