{"deaths": 19969, "totalAttacks": 200002, "damagingAttacks": 233930.25, "damageDone": {"1": 152549.21462033942, "2": 164283.7695911318, "3": 176018.32456187755, "4": 190460.8537566856}, "bleedDamage": {"1": 0.0, "2": 0.0, "3": 0.0, "4": 0.0}}