{"deaths": {"1": 2308, "2": 4882, "3": 7918}, "totalAttacks": {"1": 36784.0, "2": 12768.0, "3": 17368.0}, "damagingAttacks": {"1": 22723.0, "2": 8031.0, "3": 6517.125}, "damageDone": {"1": {"1": 19799.342948716636, "2": 3421.4070512819653, "3": 3133.5657051281337}, "2": {"1": 21322.369329384608, "2": 3684.592209073022, "3": 3374.6092209073195}, "3": {"1": 22845.395710064397, "2": 3947.7773668639225, "3": 3615.6527366864857}, "4": {"1": 24719.889717040678, "2": 4271.697561067981, "3": 3912.3216791836066}}, "bleedDamage": {"1": {"1": 0.0, "2": 0.0, "3": 0.0}, "2": {"1": 0.0, "2": 0.0, "3": 0.0}, "3": {"1": 0.0, "2": 0.0, "3": 0.0}, "4": {"1": 0.0, "2": 0.0, "3": 0.0}}}