{"deaths": 19969, "totalAttacks": 200002, "damagingAttacks": 253241.5, "damageDone": {"1": 144511.78611933388, "2": 155628.07735933087, "3": 166744.3685992869, "4": 180425.95781755145}, "bleedDamage": {"1": 0.0, "2": 0.0, "3": 0.0, "4": 0.0}}