{"deaths": 15969, "totalAttacks": 300003, "damagingAttacks": 379862.25, "damageDone": {"1": 82810.12463024206, "2": 89180.13421707533, "3": 95550.14380406382, "4": 103390.15560337226}, "bleedDamage": {"1": 0.0, "2": 0.0, "3": 0.0, "4": 0.0}}