{"deaths": 19969, "totalAttacks": 200002, "damagingAttacks": 162954.25, "damageDone": {"1": 62791.16765287321, "2": 67621.25747230957, "3": 72451.34729175702, "4": 78396.07322338896}, "bleedDamage": {"1": 0.0, "2": 0.0, "3": 0.0, "4": 0.0}}