{"deaths": 19969, "totalAttacks": 200002, "damagingAttacks": 374416.5, "damageDone": {"1": 227850.4171598769, "2": 327534.9746673617, "3": 470831.52608399594, "4": 657740.0714103696}, "bleedDamage": {"1": 0.0, "2": 0.0, "3": 0.0, "4": 0.0}}