{"deaths": 19969, "totalAttacks": 200002, "damagingAttacks": 365598.75, "damageDone": {"1": 202502.5246548309, "2": 291097.3791914347, "3": 418452.48258744803, "4": 584567.8348433161}, "bleedDamage": {"1": 0.0, "2": 0.0, "3": 0.0, "4": 0.0}}