{"deaths": 19969, "totalAttacks": 200002, "damagingAttacks": 233930.25, "damageDone": {"1": 100281.47275649267, "2": 107995.43219918569, "3": 115709.39164204423, "4": 125203.49557164093}, "bleedDamage": {"1": 0.0, "2": 0.0, "3": 0.0, "4": 0.0}}