{"deaths": 19969, "totalAttacks": 200002, "damagingAttacks": 179634.5, "damageDone": {"1": 102654.42184420933, "2": 179645.23822742442, "3": 314379.166898039, "4": 506856.2078550598}, "bleedDamage": {"1": 0.0, "2": 0.0, "3": 0.0, "4": 0.0}}