{"deaths": 13862, "totalAttacks": 100001, "damagingAttacks": 120642.375, "damageDone": {"1": 6759.283653845468, "2": 11828.746394227841, "3": 20700.30618992579, "4": 33373.96304087238}, "bleedDamage": {"1": 0.0, "2": 0.0, "3": 0.0, "4": 0.0}}