{"deaths": {"1": 2308, "2": 4882, "3": 7918}, "totalAttacks": {"1": 36784.0, "2": 12768.0, "3": 17368.0}, "damagingAttacks": {"1": 22723.0, "2": 8031.0, "3": 6517.125}, "damageDone": {"1": {"1": 30940.994822484463, "2": 6391.235700197223, "3": 5578.013560157954}, "2": {"1": 33321.07134729694, "2": 6882.869215596937, "3": 6007.091526323865}, "3": {"1": 35701.147872096415, "2": 7374.502730997009, "3": 6436.169492490181}, "4": {"1": 38630.47282570693, "2": 7979.590134565544, "3": 6964.265450847942}}, "bleedDamage": {"1": {"1": 0.0, "2": 0.0, "3": 0.0}, "2": {"1": 0.0, "2": 0.0, "3": 0.0}, "3": {"1": 0.0, "2": 0.0, "3": 0.0}, "4": {"1": 0.0, "2": 0.0, "3": 0.0}}}