{"deaths": 14579, "totalAttacks": 300003, "damagingAttacks": 532188.75, "damageDone": {"1": 179208.89940842698, "2": 192994.19936286547, "3": 206779.49931722297, "4": 223746.02233809303}, "bleedDamage": {"1": 0.0, "2": 0.0, "3": 0.0, "4": 0.0}}