{"deaths": 19969, "totalAttacks": 263556, "damagingAttacks": 389614.5, "damageDone": {"1": 39132.99211042469, "2": 63591.11217948623, "3": 103335.55729166289, "4": 158366.32744694033}, "bleedDamage": {"1": 0.0, "2": 0.0, "3": 0.0, "4": 0.0}}