{"deaths": {"1": 1359, "2": 3122, "3": 5761}, "totalAttacks": {"1": 18392.0, "2": 6384.0, "3": 8684.0}, "damagingAttacks": {"1": 11361.5, "2": 4015.5, "3": 3258.5625}, "damageDone": {"1": {"1": 2259.7355769231026, "2": 466.7756410256349, "3": 407.38301282052237}, "2": {"1": 3954.5372596154994, "2": 816.8573717948676, "3": 712.9202724359046}, "3": {"1": 6920.44020432708, "2": 1429.5004006410174, "3": 1247.6104767628303}, "4": {"1": 11157.444411058395, "2": 2304.704727564086, "3": 2011.453625801242}}, "bleedDamage": {"1": {"1": 0.0, "2": 0.0, "3": 0.0}, "2": {"1": 0.0, "2": 0.0, "3": 0.0}, "3": {"1": 0.0, "2": 0.0, "3": 0.0}, "4": {"1": 0.0, "2": 0.0, "3": 0.0}}}