{"deaths": {"1": 1520, "2": 3347, "3": 6115}, "totalAttacks": {"1": 55176.0, "2": 19152.0, "3": 26052.0}, "damagingAttacks": {"1": 34084.5, "2": 12046.5, "3": 9775.6875}, "damageDone": {"1": {"1": 17730.23298816672, "2": 3662.3934911243095, "3": 3196.3897928994825}, "2": {"1": 19094.09706417812, "2": 3944.1160673646523, "3": 3442.265930814787}, "3": {"1": 20457.961140190797, "2": 4225.838643604998, "3": 3688.142068730078}, "4": {"1": 22136.563079901884, "2": 4572.5741220545515, "3": 3990.7588538565387}}, "bleedDamage": {"1": {"1": 0.0, "2": 0.0, "3": 0.0}, "2": {"1": 0.0, "2": 0.0, "3": 0.0}, "3": {"1": 0.0, "2": 0.0, "3": 0.0}, "4": {"1": 0.0, "2": 0.0, "3": 0.0}}}