{"deaths": 19969, "totalAttacks": 200002, "damagingAttacks": 221580.75, "damageDone": {"1": 66149.41666666673, "2": 71237.83333334155, "3": 76326.24999999134, "4": 82588.91666670894}, "bleedDamage": {"1": 0.0, "2": 0.0, "3": 0.0, "4": 0.0}}