{"deaths": 19969, "totalAttacks": 200002, "damagingAttacks": 216806.0, "damageDone": {"1": 117170.89176521062, "2": 126184.03728568711, "3": 135197.18280607354, "4": 146290.28498498502}, "bleedDamage": {"1": 0.0, "2": 0.0, "3": 0.0, "4": 0.0}}