{"deaths": 19969, "totalAttacks": 200002, "damagingAttacks": 241284.75, "damageDone": {"1": 49348.62019231675, "2": 53144.667899411324, "3": 56940.7156064947, "4": 61612.774322961544}, "bleedDamage": {"1": 0.0, "2": 0.0, "3": 0.0, "4": 0.0}}