{"deaths": 15969, "totalAttacks": 2063556, "damagingAttacks": 2420426.25, "damageDone": {"1": 586183.567923459, "2": 631274.6116115131, "3": 676365.6552978778, "4": 731862.3244478279}, "bleedDamage": {"1": 0.0, "2": 0.0, "3": 0.0, "4": 0.0}, "loadoutDamage": {}}