{"deaths": 19969, "totalAttacks": 263556, "damagingAttacks": 389614.5, "damageDone": {"1": 93713.21794876271, "2": 100921.92702171278, "3": 108130.6360946921, "4": 117002.89341533948}, "bleedDamage": {"1": 0.0, "2": 0.0, "3": 0.0, "4": 0.0}}