{"deaths": 17321, "totalAttacks": 300003, "damagingAttacks": 350895.375, "damageDone": {"1": 300813.3389424008, "2": 323952.82655315194, "3": 347092.31416402734, "4": 375571.6835314627}, "bleedDamage": {"1": 0.0, "2": 0.0, "3": 0.0, "4": 0.0}}