{"deaths": 19969, "totalAttacks": 200002, "damagingAttacks": 260933.75, "damageDone": {"1": 55840.1442307723, "2": 60135.53994084731, "3": 64430.93565090023, "4": 69717.5765248654}, "bleedDamage": {"1": 0.0, "2": 0.0, "3": 0.0, "4": 0.0}}