{"deaths": 17321, "totalAttacks": 300003, "damagingAttacks": 361927.125, "damageDone": {"1": 182500.65865380457, "2": 196539.17085795687, "3": 210577.6830621569, "4": 227855.8519287772}, "bleedDamage": {"1": 0.0, "2": 0.0, "3": 0.0, "4": 0.0}}