{"deaths": 19969, "totalAttacks": 200002, "damagingAttacks": 162954.25, "damageDone": {"1": 56933.35576923605, "2": 99633.37259613597, "3": 174358.4020432976, "4": 281108.4441104657}, "bleedDamage": {"1": 0.0, "2": 0.0, "3": 0.0, "4": 0.0}}