{"deaths": 13862, "totalAttacks": 100001, "damagingAttacks": 126620.75, "damageDone": {"1": 10554.231570508065, "2": 18469.905248393414, "3": 32322.334184701613, "4": 52111.51837940982}, "bleedDamage": {"1": 0.0, "2": 0.0, "3": 0.0, "4": 0.0}}