{"deaths": 19969, "totalAttacks": 200002, "damagingAttacks": 162954.25, "damageDone": {"1": 33642.437500001455, "2": 36230.31730768379, "3": 38818.197115381445, "4": 42003.27995565038}, "bleedDamage": {"1": 0.0, "2": 0.0, "3": 0.0, "4": 0.0}}