{"deaths": 19969, "totalAttacks": 200002, "damagingAttacks": 162954.25, "damageDone": {"1": 14048.490384623003, "2": 22828.796874991214, "3": 37096.79492188072, "4": 56852.48452521847}, "bleedDamage": {"1": 0.0, "2": 0.0, "3": 0.0, "4": 0.0}}