{"deaths": 15969, "totalAttacks": 300003, "damagingAttacks": 361927.125, "damageDone": {"1": 53034.37943789002, "2": 57113.94708693916, "3": 61193.51473599312, "4": 66214.52107334249}, "bleedDamage": {"1": 0.0, "2": 0.0, "3": 0.0, "4": 0.0}}