{"deaths": 19969, "totalAttacks": 200002, "damagingAttacks": 363384.25, "damageDone": {"1": 278307.89644972846, "2": 400067.60114663927, "3": 575097.1766481111, "4": 803396.6229539257}, "bleedDamage": {"1": 0.0, "2": 0.0, "3": 0.0, "4": 0.0}}