{"deaths": 19969, "totalAttacks": 200002, "damagingAttacks": 373462.75, "damageDone": {"1": 144314.25641029936, "2": 207451.7435897479, "3": 298211.8814102449, "4": 416594.6698718139}, "bleedDamage": {"1": 0.0, "2": 0.0, "3": 0.0, "4": 0.0}}