{"deaths": 19969, "totalAttacks": 263556, "damagingAttacks": 512262.0, "damageDone": {"1": 224604.4339251293, "2": 322868.8737673479, "3": 464124.0060404178, "4": 648369.8307447413}, "bleedDamage": {"1": 0.0, "2": 0.0, "3": 0.0, "4": 0.0}}