{"deaths": 15969, "totalAttacks": 300003, "damagingAttacks": 244431.375, "damageDone": {"1": 35981.455621314846, "2": 38749.259899858276, "3": 41517.064178443645, "4": 44923.59252126716}, "bleedDamage": {"1": 0.0, "2": 0.0, "3": 0.0, "4": 0.0}}