{"deaths": 15969, "totalAttacks": 300003, "damagingAttacks": 269451.75, "damageDone": {"1": 56833.52736688195, "2": 61205.337164317854, "3": 65577.14696175174, "4": 70957.83594327077}, "bleedDamage": {"1": 0.0, "2": 0.0, "3": 0.0, "4": 0.0}}