{"deaths": 13862, "totalAttacks": 100001, "damagingAttacks": 81477.125, "damageDone": {"1": 4585.87179487291, "2": 8025.275641025041, "3": 14044.232371797803, "4": 22642.741987176527}, "bleedDamage": {"1": 0.0, "2": 0.0, "3": 0.0, "4": 0.0}}