{"deaths": 19969, "totalAttacks": 200002, "damagingAttacks": 260933.75, "damageDone": {"1": 105070.57815589909, "2": 113152.93032161135, "3": 121235.28248745263, "4": 131182.7928454396}, "bleedDamage": {"1": 0.0, "2": 0.0, "3": 0.0, "4": 0.0}}