{"deaths": 19969, "totalAttacks": 200002, "damagingAttacks": 337906.75, "damageDone": {"1": 137882.86883635898, "2": 198206.62395219685, "3": 284922.02193123533, "4": 398029.0627736265}, "bleedDamage": {"1": 0.0, "2": 0.0, "3": 0.0, "4": 0.0}}