{"deaths": 15969, "totalAttacks": 300003, "damagingAttacks": 350895.375, "damageDone": {"1": 87415.8420858132, "2": 94140.13763080524, "3": 100864.4331759559, "4": 109140.48923136566}, "bleedDamage": {"1": 0.0, "2": 0.0, "3": 0.0, "4": 0.0}}