{"deaths": 19969, "totalAttacks": 200002, "damagingAttacks": 253241.5, "damageDone": {"1": 89017.53044875628, "2": 95865.03279091706, "3": 102712.53513316308, "4": 111140.23032357339}, "bleedDamage": {"1": 0.0, "2": 0.0, "3": 0.0, "4": 0.0}}