{"deaths": 17321, "totalAttacks": 2063556, "damagingAttacks": 3770483.25, "damageDone": {"1": 2006735.9852057823, "2": 2884682.978737931, "3": 4146731.7819311996, "4": 5792882.39479161}, "bleedDamage": {"1": 0.0, "2": 0.0, "3": 0.0, "4": 0.0}, "loadoutDamage": {}}