{"deaths": 19969, "totalAttacks": 200002, "damagingAttacks": 179634.5, "damageDone": {"1": 25330.311883623814, "2": 41161.75681087765, "3": 66887.85481770815, "4": 102508.6059040261}, "bleedDamage": {"1": 0.0, "2": 0.0, "3": 0.0, "4": 0.0}}