{"deaths": 13862, "totalAttacks": 100001, "damagingAttacks": 130230.0, "damageDone": {"1": 8502.975961537637, "2": 14880.207932691459, "3": 26040.363882222526, "4": 41983.44381012234}, "bleedDamage": {"1": 0.0, "2": 0.0, "3": 0.0, "4": 0.0}}