{"deaths": 1925, "totalAttacks": 200002, "damagingAttacks": 302230.7562718109, "damageDone": {"1": 56172.40538459724, "2": 80105.48347411782, "3": 114295.59503044987, "4": 158742.74005385343}, "bleedDamage": {"1": 0.0, "2": 0.0, "3": 0.0, "4": 0.0}}