{"deaths": 4343, "totalAttacks": 200002, "damagingAttacks": 180131.25627140628, "damageDone": {"1": 104133.54454955162, "2": 112141.3277502473, "3": 120149.11095095972, "4": 130004.84412094283}, "bleedDamage": {"1": 0.0, "2": 0.0, "3": 0.0, "4": 0.0}}