{"deaths": 1925, "totalAttacks": 100001, "damagingAttacks": 146819.50313588095, "damageDone": {"1": 57619.21016837063, "2": 81284.24291611403, "3": 114668.84268514552, "4": 157773.0094757485}, "bleedDamage": {"1": 0.0, "2": 0.0, "3": 0.0, "4": 0.0}}