{"deaths": 9220, "totalAttacks": 2063556, "damagingAttacks": 2420426.25, "damageDone": {"1": 915500.1791175993, "2": 1316031.507480057, "3": 1891795.2920006062, "4": 2642791.5326923286}, "bleedDamage": {"1": 0.0, "2": 0.0, "3": 0.0, "4": 0.0}, "loadoutDamage": {}}