{"deaths": 13986, "totalAttacks": 200002, "damagingAttacks": 363384.25, "damageDone": {"1": 127252.62370560532, "2": 182925.64657673362, "3": 262955.61695446575, "4": 367342.5348376437}, "bleedDamage": {"1": 0.0, "2": 0.0, "3": 0.0, "4": 0.0}}