{"deaths": 9220, "totalAttacks": 200002, "damagingAttacks": 354792.5, "damageDone": {"1": 240197.24334321948, "2": 258673.9543696355, "3": 277150.6653960821, "4": 299891.2328131466}, "bleedDamage": {"1": 0.0, "2": 0.0, "3": 0.0, "4": 0.0}}