{"deaths": 4343, "totalAttacks": 200002, "damagingAttacks": 101800.75627101756, "damageDone": {"1": 67129.05151104153, "2": 72291.9662117354, "3": 77454.88091256563, "4": 83809.23746736399}, "bleedDamage": {"1": 0.0, "2": 0.0, "3": 0.0, "4": 0.0}}