{"deaths": 4343, "totalAttacks": 100001, "damagingAttacks": 77826.25313568815, "damageDone": {"1": 135982.95887576469, "2": 169978.69859480762, "3": 212473.3732433048, "4": 263466.9828218022}, "bleedDamage": {"1": 0.0, "2": 0.0, "3": 0.0, "4": 0.0}}