{"deaths": {"1": 873, "2": 2095, "3": 4344}, "totalAttacks": {"1": 36784.0, "2": 12768.0, "3": 17368.0}, "damagingAttacks": {"1": 35352.0, "2": 11694.0, "3": 13659.875}, "damageDone": {"1": {"1": 38116.123520705834, "2": 8380.644477317512, "3": 9874.945882642593}, "2": {"1": 41048.133022302216, "2": 9025.30943711105, "3": 10634.55710438469}, "3": {"1": 43980.142523884795, "2": 9669.974396904845, "3": 11394.168326126144}, "4": {"1": 47588.769602773005, "2": 10463.408193573454, "3": 12329.074445192473}}, "bleedDamage": {"1": {"1": 0.0, "2": 0.0, "3": 0.0}, "2": {"1": 0.0, "2": 0.0, "3": 0.0}, "3": {"1": 0.0, "2": 0.0, "3": 0.0}, "4": {"1": 0.0, "2": 0.0, "3": 0.0}}}