{"deaths": 3243, "totalAttacks": 100001, "damagingAttacks": 146819.50313588095, "damageDone": {"1": 141539.87149143696, "2": 152427.55391380613, "3": 163315.23633633077, "4": 176715.4608560722}, "bleedDamage": {"1": 0.0, "2": 0.0, "3": 0.0, "4": 0.0}}