{"deaths": 9220, "totalAttacks": 100001, "damagingAttacks": 186731.375, "damageDone": {"1": 124315.6232741286, "2": 233091.79363904728, "3": 437047.11307312927, "4": 736181.581576385}, "bleedDamage": {"1": 0.0, "2": 0.0, "3": 0.0, "4": 0.0}}