{"deaths": 1925, "totalAttacks": 100001, "damagingAttacks": 99890.12813568897, "damageDone": {"1": 60499.49889622065, "2": 86427.8555660079, "3": 123468.3650943446, "4": 171621.02748106053}, "bleedDamage": {"1": 0.0, "2": 0.0, "3": 0.0, "4": 0.0}}