{"deaths": 4343, "totalAttacks": 1031778, "damagingAttacks": 894732.1325524829, "damageDone": {"1": 1130811.8280924605, "2": 1534673.1952731912, "3": 2082770.7650104768, "4": 2775104.537304802}, "bleedDamage": {"1": 0.0, "2": 0.0, "3": 0.0, "4": 0.0}, "loadoutDamage": {}}