{"deaths": 51913, "totalAttacks": 100001, "damagingAttacks": 177277.0, "damageDone": {"1": 122638.833333319, "2": 122638.833333319, "3": 122638.833333319, "4": 122638.833333319}, "bleedDamage": {"1": 0.0, "2": 0.0, "3": 0.0, "4": 0.0}}