{"deaths": 1925, "totalAttacks": 1031778, "damagingAttacks": 1569760.632513646, "damageDone": {"1": 28119166446.365295, "2": 32136190224.41711, "3": 36727074542.19244, "4": 41891819399.6875}, "bleedDamage": {"1": 0.0, "2": 0.0, "3": 0.0, "4": 0.0}, "loadoutDamage": {}}