{"deaths": 51913, "totalAttacks": 100001, "damagingAttacks": 191273.5, "damageDone": {"1": 125463.29166670525, "2": 125463.29166670525, "3": 125463.29166670525, "4": 125463.29166670525}, "bleedDamage": {"1": 0.0, "2": 0.0, "3": 0.0, "4": 0.0}}