{"deaths": 4343, "totalAttacks": 2063556, "damagingAttacks": 1789464.2651049658, "damageDone": {"1": 382688.5992902702, "2": 519022.4904688061, "3": 704047.0570643449, "4": 937762.2990879258}, "bleedDamage": {"1": 0.0, "2": 0.0, "3": 0.0, "4": 0.0}, "loadoutDamage": {}}