{"deaths": 1925, "totalAttacks": 200002, "damagingAttacks": 276753.2562717091, "damageDone": {"1": 32865.26545367829, "2": 46899.83130376438, "3": 66949.21108958781, "4": 93013.40481119207}, "bleedDamage": {"1": 0.0, "2": 0.0, "3": 0.0, "4": 0.0}}