{"deaths": 4343, "totalAttacks": 263556, "damagingAttacks": 431675.95489552367, "damageDone": {"1": 91203.7837280347, "2": 123776.56363096827, "3": 167982.47921341052, "4": 223821.53047552548}, "bleedDamage": {"1": 0.0, "2": 0.0, "3": 0.0, "4": 0.0}}