{"deaths": 1925, "totalAttacks": 100001, "damagingAttacks": 152222.62813586873, "damageDone": {"1": 51145.420318947145, "2": 72151.57509279936, "3": 101785.2577201835, "4": 140046.4682012594}, "bleedDamage": {"1": 0.0, "2": 0.0, "3": 0.0, "4": 0.0}}