{"deaths": 6804, "totalAttacks": 400004, "damagingAttacks": 748833.0, "damageDone": {"1": 526005.4351575939, "2": 596148.0372513585, "3": 677008.650235102, "4": 774880.4799246404}, "bleedDamage": {"1": 0.0, "2": 0.0, "3": 0.0, "4": 0.0}}