{"deaths": 1925, "totalAttacks": 100001, "damagingAttacks": 99653.25313566574, "damageDone": {"1": 56454.55469709489, "2": 80649.36385299245, "3": 115213.37693291307, "4": 160146.59393666126}, "bleedDamage": {"1": 0.0, "2": 0.0, "3": 0.0, "4": 0.0}}