{"deaths": 13986, "totalAttacks": 200002, "damagingAttacks": 374416.5, "damageDone": {"1": 104181.60521453056, "2": 149761.05749582313, "3": 215281.5201504222, "4": 300742.99317770975}, "bleedDamage": {"1": 0.0, "2": 0.0, "3": 0.0, "4": 0.0}}