{"deaths": 13986, "totalAttacks": 200002, "damagingAttacks": 382547.0, "damageDone": {"1": 75958.80498035357, "2": 104443.35684782031, "3": 143609.61566587602, "4": 193457.58143408407}, "bleedDamage": {"1": 0.0, "2": 0.0, "3": 0.0, "4": 0.0}}