{"deaths": 4343, "totalAttacks": 100001, "damagingAttacks": 156631.5031359097, "damageDone": {"1": 22054.7536864778, "2": 25205.43278454288, "3": 28806.20889662802, "4": 32857.08202269377}, "bleedDamage": {"1": 0.0, "2": 0.0, "3": 0.0, "4": 0.0}}