{"deaths": 4343, "totalAttacks": 1031778, "damagingAttacks": 1569760.632513646, "damageDone": {"1": 507699.92773743474, "2": 580228.4888420664, "3": 663118.2729620008, "4": 756369.2800975104}, "bleedDamage": {"1": 0.0, "2": 0.0, "3": 0.0, "4": 0.0}, "loadoutDamage": {}}