{"deaths": {"1": 310, "2": 561, "3": 1113}, "totalAttacks": {"1": 73568.0, "2": 25536.0, "3": 34736.0}, "damagingAttacks": {"1": 59456.761905758256, "2": 19484.000000351214, "3": 22009.233709751967}, "damageDone": {"1": {"1": 70495.99867085842, "2": 15423.649652902906, "3": 17528.95556001512}, "2": {"1": 75918.76779938977, "2": 16610.084241587425, "3": 18877.33675693806}, "3": {"1": 81341.53692792066, "2": 17796.518830271914, "3": 20225.71795386278}, "4": {"1": 88015.71431688256, "2": 19256.74601634621, "3": 21885.264042385625}}, "bleedDamage": {"1": {"1": 0.0, "2": 0.0, "3": 0.0}, "2": {"1": 0.0, "2": 0.0, "3": 0.0}, "3": {"1": 0.0, "2": 0.0, "3": 0.0}, "4": {"1": 0.0, "2": 0.0, "3": 0.0}}}