{"deaths": 1472, "totalAttacks": 1031778, "damagingAttacks": 1569760.632513646, "damageDone": {"1": 51429644528.715256, "2": 55385771030.92467, "3": 59341897533.13294, "4": 64210976305.08333}, "bleedDamage": {"1": 0.0, "2": 0.0, "3": 0.0, "4": 0.0}, "loadoutDamage": {}}