{"deaths": {"1": 634, "2": 990, "3": 1768}, "totalAttacks": {"1": 18392.0, "2": 6384.0, "3": 8684.0}, "damagingAttacks": {"1": 14864.190476439564, "2": 4871.0000000878035, "3": 5502.308427437992}, "damageDone": {"1": {"1": 7856.096097400125, "2": 1885.175684887978, "3": 1804.9262726271659}, "2": {"1": 8978.395539886653, "2": 2154.486497014834, "3": 2062.7728830024703}, "3": {"1": 10261.023474157084, "2": 2462.2702823027316, "3": 2357.45472343149}, "4": {"1": 11703.979900209919, "2": 2808.527040751429, "3": 2688.971793913947}}, "bleedDamage": {"1": {"1": 0.0, "2": 0.0, "3": 0.0}, "2": {"1": 0.0, "2": 0.0, "3": 0.0}, "3": {"1": 0.0, "2": 0.0, "3": 0.0}, "4": {"1": 0.0, "2": 0.0, "3": 0.0}}}