{"deaths": 3143, "totalAttacks": 100001, "damagingAttacks": 169080.75313591983, "damageDone": {"1": 200459.31092779437, "2": 250574.13865980477, "3": 313217.67332475306, "4": 388389.9149222204}, "bleedDamage": {"1": 0.0, "2": 0.0, "3": 0.0, "4": 0.0}}