{"deaths": 4343, "totalAttacks": 100001, "damagingAttacks": 99890.12813568897, "damageDone": {"1": 98616.52236525288, "2": 133836.70892429736, "3": 181635.53354006252, "4": 242012.99621281424}, "bleedDamage": {"1": 0.0, "2": 0.0, "3": 0.0, "4": 0.0}}