{"deaths": 13986, "totalAttacks": 200002, "damagingAttacks": 382547.0, "damageDone": {"1": 75958.80498035357, "2": 109190.7821590893, "3": 156961.74935382677, "4": 219271.7065640148}, "bleedDamage": {"1": 0.0, "2": 0.0, "3": 0.0, "4": 0.0}}