{"deaths": 3243, "totalAttacks": 100001, "damagingAttacks": 146700.25313586256, "damageDone": {"1": 139041.67918350425, "2": 149737.19296693726, "3": 160432.7067503713, "4": 173596.4160221957}, "bleedDamage": {"1": 0.0, "2": 0.0, "3": 0.0, "4": 0.0}}