{"deaths": 4343, "totalAttacks": 200002, "damagingAttacks": 155652.5062713763, "damageDone": {"1": 21520.5667031297, "2": 29117.09902620476, "3": 39426.67860754097, "4": 52449.30544709236}, "bleedDamage": {"1": 0.0, "2": 0.0, "3": 0.0, "4": 0.0}}