{"deaths": 4343, "totalAttacks": 263556, "damagingAttacks": 309028.45489544136, "damageDone": {"1": 228476.6567604221, "2": 246051.78420377194, "3": 263626.9116469505, "4": 285257.8377304861}, "bleedDamage": {"1": 0.0, "2": 0.0, "3": 0.0, "4": 0.0}}