{"deaths": 13986, "totalAttacks": 263556, "damagingAttacks": 512262.0, "damageDone": {"1": 102697.42209078501, "2": 147627.54425536614, "3": 212214.59486741928, "4": 296458.5739258028}, "bleedDamage": {"1": 0.0, "2": 0.0, "3": 0.0, "4": 0.0}}