{"deaths": 4343, "totalAttacks": 200002, "damagingAttacks": 313263.0062718194, "damageDone": {"1": 59935.50297217116, "2": 81341.03974797136, "3": 110391.41108645605, "4": 147086.61698775398}, "bleedDamage": {"1": 0.0, "2": 0.0, "3": 0.0, "4": 0.0}}