{"deaths": 13986, "totalAttacks": 200002, "damagingAttacks": 373462.75, "damageDone": {"1": 65985.79487181605, "2": 90730.46794872014, "3": 124754.39342948417, "4": 168057.57131408667}, "bleedDamage": {"1": 0.0, "2": 0.0, "3": 0.0, "4": 0.0}}