{"deaths": 4343, "totalAttacks": 200002, "damagingAttacks": 172776.75627129312, "damageDone": {"1": 30274.847603311526, "2": 40909.645410408724, "3": 55342.58529144246, "4": 73573.66724641944}, "bleedDamage": {"1": 0.0, "2": 0.0, "3": 0.0, "4": 0.0}}