{"deaths": {"1": 634, "2": 990, "3": 1768}, "totalAttacks": {"1": 36784.0, "2": 12768.0, "3": 17368.0}, "damagingAttacks": {"1": 17099.38095289068, "2": 6079.000000175124, "3": 3861.866854876425}, "damageDone": {"1": {"1": 6307.948620837662, "2": 1258.136450999028, "3": 835.3754461859194}, "2": {"1": 8560.787413994636, "2": 1706.556529593394, "3": 1132.948264487899}, "3": {"1": 11618.211490420977, "2": 2315.126636257235, "3": 1536.797089326256}, "4": {"1": 15480.220850119502, "2": 3083.846770990379, "3": 2046.9219207011072}}, "bleedDamage": {"1": {"1": 0.0, "2": 0.0, "3": 0.0}, "2": {"1": 0.0, "2": 0.0, "3": 0.0}, "3": {"1": 0.0, "2": 0.0, "3": 0.0}, "4": {"1": 0.0, "2": 0.0, "3": 0.0}}}