{"deaths": 4343, "totalAttacks": 100001, "damagingAttacks": 96044.00313580286, "damageDone": {"1": 75936.64089392142, "2": 103056.86978454197, "3": 139862.8947076464, "4": 186354.71566323563}, "bleedDamage": {"1": 0.0, "2": 0.0, "3": 0.0, "4": 0.0}}