{"deaths": {"1": 634, "2": 990, "3": 1768}, "totalAttacks": {"1": 36784.0, "2": 12768.0, "3": 17368.0}, "damagingAttacks": {"1": 29728.380952879128, "2": 9742.000000175607, "3": 11004.616854875983}, "damageDone": {"1": {"1": 15780.01160515012, "2": 4228.898817035141, "3": 4399.0586899411865}, "2": {"1": 21409.952730267527, "2": 5733.492341878943, "3": 5966.165575830295}, "3": {"1": 29050.587114349346, "2": 7775.440697023677, "3": 8092.953492394463}, "4": {"1": 38701.914757412436, "2": 10354.74388246977, "3": 10779.422439632539}}, "bleedDamage": {"1": {"1": 0.0, "2": 0.0, "3": 0.0}, "2": {"1": 0.0, "2": 0.0, "3": 0.0}, "3": {"1": 0.0, "2": 0.0, "3": 0.0}, "4": {"1": 0.0, "2": 0.0, "3": 0.0}}}