{"deaths": 1925, "totalAttacks": 100001, "damagingAttacks": 145218.6281358814, "damageDone": {"1": 52928.46002299186, "2": 74666.9346753127, "3": 105333.71141699843, "4": 144928.79024796127}, "bleedDamage": {"1": 0.0, "2": 0.0, "3": 0.0, "4": 0.0}}