{"deaths": 51913, "totalAttacks": 100001, "damagingAttacks": 187208.25, "damageDone": {"1": 87159.4375000149, "2": 87159.4375000149, "3": 87159.4375000149, "4": 87159.4375000149}, "bleedDamage": {"1": 0.0, "2": 0.0, "3": 0.0, "4": 0.0}}