{"deaths": 13986, "totalAttacks": 200002, "damagingAttacks": 351590.75, "damageDone": {"1": 130513.15212028936, "2": 140552.62536032946, "3": 150592.09860036857, "4": 162948.37335737655}, "bleedDamage": {"1": 0.0, "2": 0.0, "3": 0.0, "4": 0.0}}