{"deaths": 1925, "totalAttacks": 1031778, "damagingAttacks": 894732.1325524829, "damageDone": {"1": 30936257434.441357, "2": 41984920803.8872, "3": 56979535376.700806, "4": 75920101152.89114}, "bleedDamage": {"1": 0.0, "2": 0.0, "3": 0.0, "4": 0.0}, "loadoutDamage": {}}