{"deaths": 13986, "totalAttacks": 200002, "damagingAttacks": 351590.75, "damageDone": {"1": 75491.00795120471, "2": 108518.32392983857, "3": 155995.09064924443, "4": 217921.30810908676}, "bleedDamage": {"1": 0.0, "2": 0.0, "3": 0.0, "4": 0.0}}