{"deaths": 3143, "totalAttacks": 1031778, "damagingAttacks": 1730993.3825058206, "damageDone": {"1": 2642693.1183419786, "2": 3303366.3979302254, "3": 4129207.9973827656, "4": 5120217.916767909}, "bleedDamage": {"1": 0.0, "2": 0.0, "3": 0.0, "4": 0.0}, "loadoutDamage": {}}