{"deaths": 6804, "totalAttacks": 400004, "damagingAttacks": 726768.5, "damageDone": {"1": 627496.8674800157, "2": 709424.4297968178, "3": 803506.4766301874, "4": 917429.8443461995}, "bleedDamage": {"1": 0.0, "2": 0.0, "3": 0.0, "4": 0.0}}