{"deaths": 13986, "totalAttacks": 200002, "damagingAttacks": 373462.75, "damageDone": {"1": 65985.79487181605, "2": 94854.58012823956, "3": 136353.45893436734, "4": 190482.43128994902}, "bleedDamage": {"1": 0.0, "2": 0.0, "3": 0.0, "4": 0.0}}