{"deaths": 7461, "totalAttacks": 2063556, "damagingAttacks": 2420426.25, "damageDone": {"1": 915500.1791175993, "2": 985923.2698162228, "3": 1056346.3605238718, "4": 1143020.933689632}, "bleedDamage": {"1": 0.0, "2": 0.0, "3": 0.0, "4": 0.0}, "loadoutDamage": {}}