{"deaths": 13986, "totalAttacks": 200002, "damagingAttacks": 337906.75, "damageDone": {"1": 63045.12752713652, "2": 90627.37082020889, "3": 130276.84555409587, "4": 181993.55172857086}, "bleedDamage": {"1": 0.0, "2": 0.0, "3": 0.0, "4": 0.0}}