{"deaths": 11294, "totalAttacks": 200002, "damagingAttacks": 241284.75, "damageDone": {"1": 72272.34060653012, "2": 77831.75142238384, "3": 83391.16223821089, "4": 90233.51401161986}, "bleedDamage": {"1": 0.0, "2": 0.0, "3": 0.0, "4": 0.0}}