{"deaths": 4343, "totalAttacks": 131778, "damagingAttacks": 154514.22744772068, "damageDone": {"1": 228476.6567604221, "2": 285595.8209508008, "3": 356994.77618846245, "4": 442673.5224738214}, "bleedDamage": {"1": 0.0, "2": 0.0, "3": 0.0, "4": 0.0}}