{"deaths": 9220, "totalAttacks": 200002, "damagingAttacks": 373462.75, "damageDone": {"1": 193239.67800782522, "2": 208104.26862388174, "3": 222968.85924008713, "4": 241263.73999806942}, "bleedDamage": {"1": 0.0, "2": 0.0, "3": 0.0, "4": 0.0}}