{"deaths": 13986, "totalAttacks": 200002, "damagingAttacks": 241284.75, "damageDone": {"1": 72272.34060653012, "2": 103891.48962194432, "3": 149344.01633147284, "4": 208629.92073508527}, "bleedDamage": {"1": 0.0, "2": 0.0, "3": 0.0, "4": 0.0}}