{"deaths": 1925, "totalAttacks": 100001, "damagingAttacks": 80213.62813565477, "damageDone": {"1": 44942.37975101431, "2": 64203.39964432442, "3": 91719.14234898692, "4": 127489.60786521623}, "bleedDamage": {"1": 0.0, "2": 0.0, "3": 0.0, "4": 0.0}}