{"deaths": 3243, "totalAttacks": 100001, "damagingAttacks": 138376.62813585455, "damageDone": {"1": 104115.26886225096, "2": 112124.13569784247, "3": 120133.00253337735, "4": 129990.06940790922}, "bleedDamage": {"1": 0.0, "2": 0.0, "3": 0.0, "4": 0.0}}