{"deaths": 1925, "totalAttacks": 100001, "damagingAttacks": 146819.50313588095, "damageDone": {"1": 76889.78778839912, "2": 108469.52205863272, "3": 153019.5043327406, "4": 210539.73461069667}, "bleedDamage": {"1": 0.0, "2": 0.0, "3": 0.0, "4": 0.0}}