{"deaths": 13986, "totalAttacks": 200002, "damagingAttacks": 221580.75, "damageDone": {"1": 88453.64040928156, "2": 127152.10808843545, "3": 182781.15537706102, "4": 255340.7822751135}, "bleedDamage": {"1": 0.0, "2": 0.0, "3": 0.0, "4": 0.0}}