{"deaths": 1925, "totalAttacks": 1031778, "damagingAttacks": 1569760.632513646, "damageDone": {"1": 28119519410.279644, "2": 39668607739.50111, "3": 55961071632.51154, "4": 76996911089.30713}, "bleedDamage": {"1": 0.0, "2": 0.0, "3": 0.0, "4": 0.0}, "loadoutDamage": {}}