{"deaths": 4343, "totalAttacks": 100001, "damagingAttacks": 77826.25313568815, "damageDone": {"1": 76803.17517307895, "2": 104232.88059198098, "3": 141458.90937486256, "4": 188481.2615214596}, "bleedDamage": {"1": 0.0, "2": 0.0, "3": 0.0, "4": 0.0}}