{"deaths": {"1": 873, "2": 2095, "3": 4344}, "totalAttacks": {"1": 36784.0, "2": 12768.0, "3": 17368.0}, "damagingAttacks": {"1": 35352.0, "2": 11694.0, "3": 13659.875}, "damageDone": {"1": {"1": 24048.919132146933, "2": 4729.529832347149, "3": 5651.355830867957}, "2": {"1": 33067.26380670818, "2": 6503.103519477413, "3": 7770.614267443391}, "3": {"1": 45467.48773421724, "2": 8941.767339281238, "3": 10684.59461773464}, "4": {"1": 61249.5909146964, "2": 12045.521291759245, "3": 14393.296881741491}}, "bleedDamage": {"1": {"1": 0.0, "2": 0.0, "3": 0.0}, "2": {"1": 0.0, "2": 0.0, "3": 0.0}, "3": {"1": 0.0, "2": 0.0, "3": 0.0}, "4": {"1": 0.0, "2": 0.0, "3": 0.0}}}