{"deaths": 1925, "totalAttacks": 100001, "damagingAttacks": 90065.62813570314, "damageDone": {"1": 39747.8398392967, "2": 56782.62834185566, "3": 81118.04048836649, "4": 112754.07627883664}, "bleedDamage": {"1": 0.0, "2": 0.0, "3": 0.0, "4": 0.0}}