{"deaths": 13986, "totalAttacks": 200002, "damagingAttacks": 373462.75, "damageDone": {"1": 124315.6232741286, "2": 133878.3635260487, "3": 143441.10377790747, "4": 155210.63024160254}, "bleedDamage": {"1": 0.0, "2": 0.0, "3": 0.0, "4": 0.0}}