{"deaths": 9220, "totalAttacks": 100001, "damagingAttacks": 168953.375, "damageDone": {"1": 114358.41173568899, "2": 214422.0220044816, "3": 402041.2912583381, "4": 677216.2194969973}, "bleedDamage": {"1": 0.0, "2": 0.0, "3": 0.0, "4": 0.0}}