{"deaths": 4343, "totalAttacks": 131778, "damagingAttacks": 154514.22744772068, "damageDone": {"1": 129043.61573837625, "2": 175130.62135923418, "3": 237677.2718447816, "4": 316683.5671946453}, "bleedDamage": {"1": 0.0, "2": 0.0, "3": 0.0, "4": 0.0}}