{"deaths": 4343, "totalAttacks": 200002, "damagingAttacks": 155652.5062713763, "damageDone": {"1": 136319.782226424, "2": 146780.0098322776, "3": 157240.2374382244, "4": 170114.3637220787}, "bleedDamage": {"1": 0.0, "2": 0.0, "3": 0.0, "4": 0.0}}