{"deaths": 9220, "totalAttacks": 263556, "damagingAttacks": 512262.0, "damageDone": {"1": 280097.95414195897, "2": 301643.95061452547, "3": 323189.94708698546, "4": 349708.09659144434}, "bleedDamage": {"1": 0.0, "2": 0.0, "3": 0.0, "4": 0.0}}