{"deaths": 1925, "totalAttacks": 2063556, "damagingAttacks": 3139521.265027292, "damageDone": {"1": 56237140549.005295, "2": 68288334553.72247, "3": 85504325989.02802, "4": 107885114854.93295}, "bleedDamage": {"1": 0.0, "2": 0.0, "3": 0.0, "4": 0.0}, "loadoutDamage": {}}