{"deaths": 3143, "totalAttacks": 131778, "damagingAttacks": 222999.7274477634, "damageDone": {"1": 262160.3169647271, "2": 327700.39620584465, "3": 409625.49525744055, "4": 507935.6141187395}, "bleedDamage": {"1": 0.0, "2": 0.0, "3": 0.0, "4": 0.0}}