{"deaths": 1925, "totalAttacks": 100001, "damagingAttacks": 151115.37813590546, "damageDone": {"1": 76522.76246933333, "2": 107951.75419788103, "3": 152289.08181489183, "4": 209534.7453203107}, "bleedDamage": {"1": 0.0, "2": 0.0, "3": 0.0, "4": 0.0}}