{"deaths": 9220, "totalAttacks": 200002, "damagingAttacks": 337906.75, "damageDone": {"1": 176822.49630174442, "2": 190424.22678662627, "3": 204025.95727126533, "4": 220766.54863703402}, "bleedDamage": {"1": 0.0, "2": 0.0, "3": 0.0, "4": 0.0}}