{"deaths": 4343, "totalAttacks": 100001, "damagingAttacks": 90065.62813570314, "damageDone": {"1": 58796.34737279495, "2": 79795.04286299694, "3": 108293.27245700012, "4": 144291.03615457957}, "bleedDamage": {"1": 0.0, "2": 0.0, "3": 0.0, "4": 0.0}}