{"deaths": 13986, "totalAttacks": 200002, "damagingAttacks": 354554.0, "damageDone": {"1": 101101.79222139978, "2": 145333.8263181865, "3": 208917.37533269144, "4": 291852.439264112}, "bleedDamage": {"1": 0.0, "2": 0.0, "3": 0.0, "4": 0.0}}