{"deaths": {"1": 204, "2": 186, "3": 691}, "totalAttacks": {"1": 18392.0, "2": 6384.0, "3": 8684.0}, "damagingAttacks": {"1": 14864.190476439564, "2": 4871.0000000878035, "3": 5502.308427437992}, "damageDone": {"1": {"1": 15763.835150327606, "2": 4212.861869562349, "3": 4387.899280489742}, "2": {"1": 22238.267444213427, "2": 5943.144423132325, "3": 6190.072199262144}, "3": {"1": 31371.84157308821, "2": 8384.078739776049, "3": 8732.42328110193}, "4": {"1": 43164.557536952314, "2": 11535.66481949322, "3": 12014.952526008954}}, "bleedDamage": {"1": {"1": 0.0, "2": 0.0, "3": 0.0}, "2": {"1": 0.0, "2": 0.0, "3": 0.0}, "3": {"1": 0.0, "2": 0.0, "3": 0.0}, "4": {"1": 0.0, "2": 0.0, "3": 0.0}}}