{"deaths": 3243, "totalAttacks": 400004, "damagingAttacks": 586801.0125434502, "damageDone": {"1": 300281.8683976311, "2": 323380.4736586988, "3": 346479.0789203323, "4": 374908.1315496692}, "bleedDamage": {"1": 0.0, "2": 0.0, "3": 0.0, "4": 0.0}}