{"deaths": 4343, "totalAttacks": 100001, "damagingAttacks": 151115.37813590546, "damageDone": {"1": 37701.5659217637, "2": 43087.50391058237, "3": 49242.861612091816, "4": 56167.63902624845}, "bleedDamage": {"1": 0.0, "2": 0.0, "3": 0.0, "4": 0.0}}