{"deaths": 4343, "totalAttacks": 131778, "damagingAttacks": 215837.97744776183, "damageDone": {"1": 38460.0818169995, "2": 43954.379219389695, "3": 50233.5762507713, "4": 57297.67291095712}, "bleedDamage": {"1": 0.0, "2": 0.0, "3": 0.0, "4": 0.0}}