{"deaths": 3143, "totalAttacks": 100001, "damagingAttacks": 167008.7531359156, "damageDone": {"1": 247525.46987612883, "2": 309406.8373452588, "3": 386758.5466813438, "4": 479580.5978845546}, "bleedDamage": {"1": 0.0, "2": 0.0, "3": 0.0, "4": 0.0}}