{"deaths": 13986, "totalAttacks": 200002, "damagingAttacks": 354792.5, "damageDone": {"1": 171521.81903358005, "2": 184715.80511300435, "3": 197909.79119246468, "4": 214148.5432903178}, "bleedDamage": {"1": 0.0, "2": 0.0, "3": 0.0, "4": 0.0}}