{"deaths": 4343, "totalAttacks": 200002, "damagingAttacks": 199306.50627133148, "damageDone": {"1": 24356.768977425807, "2": 33055.61504080567, "3": 44861.19184109325, "4": 59773.499378275126}, "bleedDamage": {"1": 0.0, "2": 0.0, "3": 0.0, "4": 0.0}}