{"deaths": 3243, "totalAttacks": 100001, "damagingAttacks": 145218.6281358814, "damageDone": {"1": 116012.22257134899, "2": 124936.23969235319, "3": 133860.25681309708, "4": 144843.66250035627}, "bleedDamage": {"1": 0.0, "2": 0.0, "3": 0.0, "4": 0.0}}