{"deaths": 4343, "totalAttacks": 200002, "damagingAttacks": 101800.75627101756, "damageDone": {"1": 9713.944592223275, "2": 13168.567308909147, "3": 17856.98385298004, "4": 23779.194224453913}, "bleedDamage": {"1": 0.0, "2": 0.0, "3": 0.0, "4": 0.0}}