{"deaths": 6804, "totalAttacks": 3095334, "damagingAttacks": 5655724.875, "damageDone": {"1": 3756428.9346752465, "2": 4313941.509191434, "3": 4968432.820797369, "4": 5759040.783239183}, "bleedDamage": {"1": 0.0, "2": 0.0, "3": 0.0, "4": 0.0}, "loadoutDamage": {}}