{"deaths": 4343, "totalAttacks": 100001, "damagingAttacks": 156154.6281358864, "damageDone": {"1": 31938.51309055388, "2": 36501.15781775155, "3": 41715.60893462466, "4": 47581.866441034}, "bleedDamage": {"1": 0.0, "2": 0.0, "3": 0.0, "4": 0.0}}