{"deaths": 1925, "totalAttacks": 100001, "damagingAttacks": 160696.75313590813, "damageDone": {"1": 71068.79949041599, "2": 100257.77070958554, "3": 141435.0693939458, "4": 194600.69554333473}, "bleedDamage": {"1": 0.0, "2": 0.0, "3": 0.0, "4": 0.0}}