{"deaths": 4343, "totalAttacks": 100001, "damagingAttacks": 99653.25313566574, "damageDone": {"1": 159839.61429844997, "2": 199799.51787296572, "3": 249749.39734127166, "4": 309689.2527031945}, "bleedDamage": {"1": 0.0, "2": 0.0, "3": 0.0, "4": 0.0}}