{"deaths": {"1": 302, "2": 836, "3": 2177}, "totalAttacks": {"1": 73568.0, "2": 25536.0, "3": 34736.0}, "damagingAttacks": {"1": 70704.0, "2": 23388.0, "3": 27319.75}, "damageDone": {"1": {"1": 119951.65409269852, "2": 24474.65606508879, "3": 29105.818602071588}, "2": {"1": 135775.7257861137, "2": 27807.8180757857, "3": 33053.85297422679}, "3": {"1": 153982.05519954662, "2": 31664.770366313685, "3": 37619.07146404524}, "4": {"1": 176023.3440591562, "2": 36331.205450067515, "3": 43142.85051033868}}, "bleedDamage": {"1": {"1": 0.0, "2": 0.0, "3": 0.0}, "2": {"1": 0.0, "2": 0.0, "3": 0.0}, "3": {"1": 0.0, "2": 0.0, "3": 0.0}, "4": {"1": 0.0, "2": 0.0, "3": 0.0}}}