{"deaths": 4343, "totalAttacks": 100001, "damagingAttacks": 80213.62813565477, "damageDone": {"1": 127070.00478295892, "2": 158837.50597872664, "3": 198546.8824733664, "4": 246198.1342669654}, "bleedDamage": {"1": 0.0, "2": 0.0, "3": 0.0, "4": 0.0}}