{"deaths": 4343, "totalAttacks": 200002, "damagingAttacks": 199780.25627137793, "damageDone": {"1": 21956.288928411042, "2": 29797.82068856197, "3": 40439.89950589009, "4": 53882.52538041234}, "bleedDamage": {"1": 0.0, "2": 0.0, "3": 0.0, "4": 0.0}}