{"deaths": 1472, "totalAttacks": 3095334, "damagingAttacks": 4709281.897698295, "damageDone": {"1": 140597263388.35617, "2": 151412437495.1586, "3": 162227611601.9472, "4": 175538595118.00333}, "bleedDamage": {"1": 0.0, "2": 0.0, "3": 0.0, "4": 0.0}, "loadoutDamage": {}}