{"deaths": 1925, "totalAttacks": 100001, "damagingAttacks": 145218.6281358814, "damageDone": {"1": 35151.017437671566, "2": 49588.04245672385, "3": 69954.55989430036, "4": 96250.56975039151}, "bleedDamage": {"1": 0.0, "2": 0.0, "3": 0.0, "4": 0.0}}