{"deaths": 4343, "totalAttacks": 200002, "damagingAttacks": 160427.25627130954, "damageDone": {"1": 21875.96703545048, "2": 29688.812405238245, "3": 40291.95969281701, "4": 53685.40889815478}, "bleedDamage": {"1": 0.0, "2": 0.0, "3": 0.0, "4": 0.0}}