{"deaths": 4343, "totalAttacks": 100001, "damagingAttacks": 99653.25313566574, "damageDone": {"1": 90277.4141557508, "2": 122519.34778281602, "3": 166276.25770521752, "4": 221548.1439231125}, "bleedDamage": {"1": 0.0, "2": 0.0, "3": 0.0, "4": 0.0}}