{"deaths": 6804, "totalAttacks": 400004, "damagingAttacks": 703181.5, "damageDone": {"1": 387399.81946502865, "2": 439788.62036791164, "3": 500334.4932781296, "4": 573597.5565516158}, "bleedDamage": {"1": 0.0, "2": 0.0, "3": 0.0, "4": 0.0}}