{"deaths": 3143, "totalAttacks": 100001, "damagingAttacks": 168167.87813591634, "damageDone": {"1": 187642.78354216085, "2": 234553.47942763, "3": 293191.8492845144, "4": 363557.8931130309}, "bleedDamage": {"1": 0.0, "2": 0.0, "3": 0.0, "4": 0.0}}