{"deaths": 4343, "totalAttacks": 200002, "damagingAttacks": 192088.00627160573, "damageDone": {"1": 134448.72679519354, "2": 144790.9365485876, "3": 155133.14630228144, "4": 167862.01984484805}, "bleedDamage": {"1": 0.0, "2": 0.0, "3": 0.0, "4": 0.0}}