{"deaths": 3243, "totalAttacks": 400004, "damagingAttacks": 553506.5125434182, "damageDone": {"1": 206947.56271232318, "2": 222866.60599801497, "3": 238785.64928362792, "4": 258378.3179428497}, "bleedDamage": {"1": 0.0, "2": 0.0, "3": 0.0, "4": 0.0}}