{"deaths": 3143, "totalAttacks": 100001, "damagingAttacks": 167556.62813591832, "damageDone": {"1": 264114.01151186565, "2": 330142.5143897916, "3": 412678.1429871066, "4": 511720.8973038318}, "bleedDamage": {"1": 0.0, "2": 0.0, "3": 0.0, "4": 0.0}}