{"deaths": 4085, "totalAttacks": 1031778, "damagingAttacks": 1885241.625, "damageDone": {"1": 1551659.7930248526, "2": 2909362.1119131004, "3": 5455053.959851494, "4": 9188735.336805131}, "bleedDamage": {"1": 0.0, "2": 0.0, "3": 0.0, "4": 0.0}, "loadoutDamage": {}}