{"deaths": 4343, "totalAttacks": 263556, "damagingAttacks": 309028.45489544136, "damageDone": {"1": 36470.53331861449, "2": 49495.72378954805, "3": 67172.76800010874, "4": 89501.665950207}, "bleedDamage": {"1": 0.0, "2": 0.0, "3": 0.0, "4": 0.0}}