{"deaths": 1925, "totalAttacks": 100001, "damagingAttacks": 138376.62813585455, "damageDone": {"1": 54714.66047552899, "2": 77186.75317080172, "3": 108888.45536606286, "4": 149819.76706107278}, "bleedDamage": {"1": 0.0, "2": 0.0, "3": 0.0, "4": 0.0}}