{"deaths": 13986, "totalAttacks": 200002, "damagingAttacks": 253241.5, "damageDone": {"1": 112849.0914078356, "2": 162220.56889875836, "3": 233192.06779195621, "4": 325763.5880873469}, "bleedDamage": {"1": 0.0, "2": 0.0, "3": 0.0, "4": 0.0}}