{"deaths": 1925, "totalAttacks": 200002, "damagingAttacks": 293400.5062717251, "damageDone": {"1": 47516.512883163225, "2": 67880.73269019736, "3": 96972.47527163797, "4": 134791.74062764845}, "bleedDamage": {"1": 0.0, "2": 0.0, "3": 0.0, "4": 0.0}}