{"deaths": 3143, "totalAttacks": 100001, "damagingAttacks": 166561.3781359154, "damageDone": {"1": 205711.21395913378, "2": 257139.0174490029, "3": 321423.77181137755, "4": 398565.4770458675}, "bleedDamage": {"1": 0.0, "2": 0.0, "3": 0.0, "4": 0.0}}