{"deaths": 1925, "totalAttacks": 1031778, "damagingAttacks": 894732.1325524829, "damageDone": {"1": 37613147528.20632, "2": 47016434410.257675, "3": 58770543012.82341, "4": 72875473335.90273}, "bleedDamage": {"1": 0.0, "2": 0.0, "3": 0.0, "4": 0.0}, "loadoutDamage": {}}