{"deaths": 1925, "totalAttacks": 100001, "damagingAttacks": 156631.5031359097, "damageDone": {"1": 40090.53277116451, "2": 56556.28730221163, "3": 79784.76244416175, "4": 109775.95819708453}, "bleedDamage": {"1": 0.0, "2": 0.0, "3": 0.0, "4": 0.0}}