{"deaths": 4343, "totalAttacks": 100001, "damagingAttacks": 86388.37813564656, "damageDone": {"1": 86753.61708743397, "2": 117737.05176146046, "3": 159785.99881917305, "4": 212900.45826027667}, "bleedDamage": {"1": 0.0, "2": 0.0, "3": 0.0, "4": 0.0}}