{"deaths": 51913, "totalAttacks": 100001, "damagingAttacks": 181692.125, "damageDone": {"1": 156982.10416662498, "2": 156982.10416662498, "3": 156982.10416662498, "4": 156982.10416662498}, "bleedDamage": {"1": 0.0, "2": 0.0, "3": 0.0, "4": 0.0}}