{"deaths": 13986, "totalAttacks": 200002, "damagingAttacks": 354792.5, "damageDone": {"1": 109254.54832347443, "2": 157053.4132149429, "3": 225764.2814967752, "4": 315387.1531679999}, "bleedDamage": {"1": 0.0, "2": 0.0, "3": 0.0, "4": 0.0}}