{"deaths": 1925, "totalAttacks": 100001, "damagingAttacks": 156154.6281358864, "damageDone": {"1": 70430.09260845376, "2": 99356.73778681052, "3": 140163.9693779763, "4": 192851.78738170367}, "bleedDamage": {"1": 0.0, "2": 0.0, "3": 0.0, "4": 0.0}}