{"deaths": 11294, "totalAttacks": 200002, "damagingAttacks": 216806.0, "damageDone": {"1": 91498.6177268809, "2": 98536.97293657355, "3": 105575.32814630443, "4": 114237.91917369184}, "bleedDamage": {"1": 0.0, "2": 0.0, "3": 0.0, "4": 0.0}}