{"deaths": 1925, "totalAttacks": 100001, "damagingAttacks": 156154.6281358864, "damageDone": {"1": 50425.1682696526, "2": 71135.50523747978, "3": 100351.87346013835, "4": 138074.27293737693}, "bleedDamage": {"1": 0.0, "2": 0.0, "3": 0.0, "4": 0.0}}