{"deaths": 1925, "totalAttacks": 131778, "damagingAttacks": 215837.97744776183, "damageDone": {"1": 91203.7837280347, "2": 128662.48061628289, "3": 181505.9994408238, "4": 249734.34020186597}, "bleedDamage": {"1": 0.0, "2": 0.0, "3": 0.0, "4": 0.0}}