{"deaths": 1925, "totalAttacks": 200002, "damagingAttacks": 293639.0062717619, "damageDone": {"1": 49308.171613019986, "2": 70278.59942877898, "3": 100236.35345107548, "4": 139181.43368018355}, "bleedDamage": {"1": 0.0, "2": 0.0, "3": 0.0, "4": 0.0}}