{"deaths": 4343, "totalAttacks": 200002, "damagingAttacks": 304445.25627173745, "damageDone": {"1": 70782.51805858882, "2": 96061.98879381412, "3": 130369.84193441879, "4": 173706.07748066605}, "bleedDamage": {"1": 0.0, "2": 0.0, "3": 0.0, "4": 0.0}}