{"deaths": {"1": 204, "2": 186, "3": 691}, "totalAttacks": {"1": 18392.0, "2": 6384.0, "3": 8684.0}, "damagingAttacks": {"1": 8549.69047644534, "2": 3039.500000087562, "3": 1930.9334274382124}, "damageDone": {"1": {"1": 11157.43658766884, "2": 3189.8883601365737, "3": 1883.471330906545}, "2": {"1": 15939.195125242097, "2": 4556.983371623879, "3": 2690.673329866546}, "3": {"1": 22770.278750344878, "2": 6509.97624517636, "3": 3843.8190426663546}, "4": {"1": 31650.68746297838, "2": 9048.86698079522, "3": 5342.908469306437}}, "bleedDamage": {"1": {"1": 0.0, "2": 0.0, "3": 0.0}, "2": {"1": 0.0, "2": 0.0, "3": 0.0}, "3": {"1": 0.0, "2": 0.0, "3": 0.0}, "4": {"1": 0.0, "2": 0.0, "3": 0.0}}}