{"deaths": 4343, "totalAttacks": 200002, "damagingAttacks": 312309.2562717728, "damageDone": {"1": 70634.44893706027, "2": 95788.05344005428, "3": 129925.08812270682, "4": 173045.5529850121}, "bleedDamage": {"1": 0.0, "2": 0.0, "3": 0.0, "4": 0.0}}