{"deaths": 13986, "totalAttacks": 263556, "damagingAttacks": 512262.0, "damageDone": {"1": 184483.22633144766, "2": 198674.2437415007, "3": 212865.26115149984, "4": 230331.1287330972}, "bleedDamage": {"1": 0.0, "2": 0.0, "3": 0.0, "4": 0.0}}