{"deaths": 4343, "totalAttacks": 200002, "damagingAttacks": 302230.7562718109, "damageDone": {"1": 76695.52197620232, "2": 104025.08000102581, "3": 141115.1944631762, "4": 187965.8653628894}, "bleedDamage": {"1": 0.0, "2": 0.0, "3": 0.0, "4": 0.0}}