{"deaths": 3143, "totalAttacks": 100001, "damagingAttacks": 167452.0031359141, "damageDone": {"1": 236716.74905831015, "2": 295895.9363232372, "3": 369869.9204034888, "4": 458638.7013002307}, "bleedDamage": {"1": 0.0, "2": 0.0, "3": 0.0, "4": 0.0}}