{"deaths": 1925, "totalAttacks": 131778, "damagingAttacks": 215837.97744776183, "damageDone": {"1": 63624.05803708767, "2": 89755.36758802336, "3": 126619.17927598508, "4": 174215.49310098414}, "bleedDamage": {"1": 0.0, "2": 0.0, "3": 0.0, "4": 0.0}}