{"deaths": 4343, "totalAttacks": 200002, "damagingAttacks": 180131.25627140628, "damageDone": {"1": 17345.71779123737, "2": 23531.473427428937, "3": 31926.42750511295, "4": 42530.58002429171}, "bleedDamage": {"1": 0.0, "2": 0.0, "3": 0.0, "4": 0.0}}