{"deaths": 4343, "totalAttacks": 100001, "damagingAttacks": 146819.50313588095, "damageDone": {"1": 39208.96253847321, "2": 44810.24290108363, "3": 51211.70617269346, "4": 58413.35235316587}, "bleedDamage": {"1": 0.0, "2": 0.0, "3": 0.0, "4": 0.0}}