{"deaths": 13986, "totalAttacks": 200002, "damagingAttacks": 216806.0, "damageDone": {"1": 91498.6177268809, "2": 131529.26298242706, "3": 189073.3155371401, "4": 264130.7753910492}, "bleedDamage": {"1": 0.0, "2": 0.0, "3": 0.0, "4": 0.0}}