{"deaths": 51913, "totalAttacks": 1031778, "damagingAttacks": 1885241.625, "damageDone": {"1": 1250693.552082914, "2": 1250693.552082914, "3": 1250693.552082914, "4": 1250693.552082914}, "bleedDamage": {"1": 0.0, "2": 0.0, "3": 0.0, "4": 0.0}, "loadoutDamage": {}}