{"deaths": 4343, "totalAttacks": 200002, "damagingAttacks": 192088.00627160573, "damageDone": {"1": 29703.685253916443, "2": 40312.14427314185, "3": 54709.338656406166, "4": 72895.26840366641}, "bleedDamage": {"1": 0.0, "2": 0.0, "3": 0.0, "4": 0.0}}