{"deaths": 9220, "totalAttacks": 2063556, "damagingAttacks": 3770483.25, "damageDone": {"1": 2271746.7827356327, "2": 2446496.5352475937, "3": 2621246.2877646717, "4": 2836322.9062437406}, "bleedDamage": {"1": 0.0, "2": 0.0, "3": 0.0, "4": 0.0}, "loadoutDamage": {}}