{"deaths": 4343, "totalAttacks": 200002, "damagingAttacks": 321393.50627181627, "damageDone": {"1": 71068.79949041599, "2": 96450.51359411512, "3": 130897.12559192024, "4": 174408.6354841372}, "bleedDamage": {"1": 0.0, "2": 0.0, "3": 0.0, "4": 0.0}}