{"deaths": 51913, "totalAttacks": 100001, "damagingAttacks": 182799.375, "damageDone": {"1": 135322.80208329207, "2": 135322.80208329207, "3": 135322.80208329207, "4": 135322.80208329207}, "bleedDamage": {"1": 0.0, "2": 0.0, "3": 0.0, "4": 0.0}}