{"deaths": {"1": 288, "2": 515, "3": 992}, "totalAttacks": {"1": 18392.0, "2": 6384.0, "3": 8684.0}, "damagingAttacks": {"1": 15560.69047643925, "2": 5347.000000087986, "3": 7056.058427438555}, "damageDone": {"1": {"1": 48818.25428516913, "2": 12923.080279780801, "3": 16765.09361467512}, "2": {"1": 61022.81785646563, "2": 16153.850349726086, "3": 20956.3670183441}, "3": {"1": 76278.52232058061, "2": 20192.31293715732, "3": 26195.458772930942}, "4": {"1": 94585.36767750872, "2": 25038.46804207566, "3": 32482.368878435256}}, "bleedDamage": {"1": {"1": 0.0, "2": 0.0, "3": 0.0}, "2": {"1": 0.0, "2": 0.0, "3": 0.0}, "3": {"1": 0.0, "2": 0.0, "3": 0.0}, "4": {"1": 0.0, "2": 0.0, "3": 0.0}}}