{"deaths": 3243, "totalAttacks": 100001, "damagingAttacks": 156154.6281358864, "damageDone": {"1": 117254.27510544543, "2": 126273.83472896574, "3": 135293.39435245277, "4": 146394.39081218588}, "bleedDamage": {"1": 0.0, "2": 0.0, "3": 0.0, "4": 0.0}}