{"deaths": 4343, "totalAttacks": 200002, "damagingAttacks": 118481.00627103494, "damageDone": {"1": 17128.00999356433, "2": 23245.156419855415, "3": 31546.9979983522, "4": 42033.5347290854}, "bleedDamage": {"1": 0.0, "2": 0.0, "3": 0.0, "4": 0.0}}