{"deaths": 4343, "totalAttacks": 100001, "damagingAttacks": 152222.62813586873, "damageDone": {"1": 32991.76200907625, "2": 37704.87086748552, "3": 43091.28099141344, "4": 49150.9923807956}, "bleedDamage": {"1": 0.0, "2": 0.0, "3": 0.0, "4": 0.0}}