{"deaths": 9220, "totalAttacks": 100001, "damagingAttacks": 191273.5, "damageDone": {"1": 138844.07051286357, "2": 260332.6322116533, "3": 488123.68539681734, "4": 822217.2300675443}, "bleedDamage": {"1": 0.0, "2": 0.0, "3": 0.0, "4": 0.0}}