{"deaths": {"1": 204, "2": 186, "3": 691}, "totalAttacks": {"1": 36784.0, "2": 12768.0, "3": 17368.0}, "damagingAttacks": {"1": 29728.380952879128, "2": 9742.000000175607, "3": 11004.616854875983}, "damageDone": {"1": {"1": 11155.265707280645, "2": 2447.9751251057733, "3": 2782.1288558819615}, "2": {"1": 15936.093867543206, "2": 3493.960996430289, "3": 3970.8902883228902}, "3": {"1": 22765.848382206463, "2": 4988.226526893855, "3": 5669.12090609522}, "4": {"1": 31644.52925126861, "2": 6930.771716496179, "3": 7876.82070919954}}, "bleedDamage": {"1": {"1": 0.0, "2": 0.0, "3": 0.0}, "2": {"1": 0.0, "2": 0.0, "3": 0.0}, "3": {"1": 0.0, "2": 0.0, "3": 0.0}, "4": {"1": 0.0, "2": 0.0, "3": 0.0}}}