{"deaths": 9220, "totalAttacks": 200002, "damagingAttacks": 363384.25, "damageDone": {"1": 266636.1417036784, "2": 287146.61414254265, "3": 307657.0865812168, "4": 332900.74496728554}, "bleedDamage": {"1": 0.0, "2": 0.0, "3": 0.0, "4": 0.0}}