{"deaths": 13986, "totalAttacks": 200002, "damagingAttacks": 374416.5, "damageDone": {"1": 171488.17424807668, "2": 184679.5722671541, "3": 197870.9702861643, "4": 214106.5370788493}, "bleedDamage": {"1": 0.0, "2": 0.0, "3": 0.0, "4": 0.0}}