{"deaths": {"1": 408, "2": 1045, "3": 2863}, "totalAttacks": {"1": 36784.0, "2": 12768.0, "3": 17368.0}, "damagingAttacks": {"1": 35352.0, "2": 11694.0, "3": 13659.875}, "damageDone": {"1": {"1": 52614.07026627188, "2": 12748.383629191212, "3": 14774.858666173252}, "2": {"1": 56661.306440598564, "2": 13729.02852374415, "3": 15911.386255878817}, "3": {"1": 60708.54261493526, "2": 14709.673418297336, "3": 17047.913845585004}, "4": {"1": 65689.75636794975, "2": 15916.620980823698, "3": 18446.717032913628}}, "bleedDamage": {"1": {"1": 0.0, "2": 0.0, "3": 0.0}, "2": {"1": 0.0, "2": 0.0, "3": 0.0}, "3": {"1": 0.0, "2": 0.0, "3": 0.0}, "4": {"1": 0.0, "2": 0.0, "3": 0.0}}}