{"deaths": 4343, "totalAttacks": 100001, "damagingAttacks": 50900.37813550878, "damageDone": {"1": 67117.89111003914, "2": 83897.36388747592, "3": 104871.70485935651, "4": 130040.9140256268}, "bleedDamage": {"1": 0.0, "2": 0.0, "3": 0.0, "4": 0.0}}