{"deaths": 6804, "totalAttacks": 400004, "damagingAttacks": 765094.0, "damageDone": {"1": 397322.59393477626, "2": 451916.57490359526, "3": 515188.31027861807, "4": 591726.1762171981}, "bleedDamage": {"1": 0.0, "2": 0.0, "3": 0.0, "4": 0.0}}