{"deaths": 3243, "totalAttacks": 100001, "damagingAttacks": 156631.5031359097, "damageDone": {"1": 147279.46758284912, "2": 158608.65739693394, "3": 169937.8472110965, "4": 183881.46544382215}, "bleedDamage": {"1": 0.0, "2": 0.0, "3": 0.0, "4": 0.0}}