{"deaths": 9220, "totalAttacks": 100001, "damagingAttacks": 181692.125, "damageDone": {"1": 194471.75228059708, "2": 364634.53552596824, "3": 683689.7541114188, "4": 1151637.4080358164}, "bleedDamage": {"1": 0.0, "2": 0.0, "3": 0.0, "4": 0.0}}