{"deaths": 3243, "totalAttacks": 527112, "damagingAttacks": 863351.9097910473, "damageDone": {"1": 347254.3646704054, "2": 373966.2388762447, "3": 400678.11308191356, "4": 433554.26595022314}, "bleedDamage": {"1": 0.0, "2": 0.0, "3": 0.0, "4": 0.0}}