{"deaths": 4343, "totalAttacks": 100001, "damagingAttacks": 145218.6281358814, "damageDone": {"1": 19988.946709497075, "2": 22844.510525145175, "3": 26108.012028733185, "4": 29779.451220285497}, "bleedDamage": {"1": 0.0, "2": 0.0, "3": 0.0, "4": 0.0}}