{"deaths": 1925, "totalAttacks": 2063556, "damagingAttacks": 1789464.2651049658, "damageDone": {"1": 75223610867.89624, "2": 78116929908.52835, "3": 81010248949.15948, "4": 84571256999.16344}, "bleedDamage": {"1": 0.0, "2": 0.0, "3": 0.0, "4": 0.0}, "loadoutDamage": {}}