{"deaths": 1925, "totalAttacks": 100001, "damagingAttacks": 146700.25313586256, "damageDone": {"1": 46932.17777817696, "2": 66207.89365133118, "3": 93400.42140098277, "4": 128509.76102707318}, "bleedDamage": {"1": 0.0, "2": 0.0, "3": 0.0, "4": 0.0}}