{"deaths": 1925, "totalAttacks": 1031778, "damagingAttacks": 1569760.632513646, "damageDone": {"1": 28119872374.208553, "2": 39669105670.75935, "3": 55961774071.24926, "4": 76997877575.68141}, "bleedDamage": {"1": 0.0, "2": 0.0, "3": 0.0, "4": 0.0}, "loadoutDamage": {}}