{"deaths": 13986, "totalAttacks": 200002, "damagingAttacks": 365598.75, "damageDone": {"1": 157053.99580867856, "2": 169135.07240932324, "3": 181216.1490099861, "4": 196085.16636461072}, "bleedDamage": {"1": 0.0, "2": 0.0, "3": 0.0, "4": 0.0}}