{"deaths": 13986, "totalAttacks": 200002, "damagingAttacks": 365598.75, "damageDone": {"1": 92591.61489151491, "2": 127313.4704758562, "3": 175056.0219043048, "4": 235819.2691769793}, "bleedDamage": {"1": 0.0, "2": 0.0, "3": 0.0, "4": 0.0}}