{"deaths": 13986, "totalAttacks": 2063556, "damagingAttacks": 3770483.25, "damageDone": {"1": 917553.6248145184, "2": 1261636.234124739, "3": 1734749.8219197704, "4": 2336894.388207271}, "bleedDamage": {"1": 0.0, "2": 0.0, "3": 0.0, "4": 0.0}, "loadoutDamage": {}}