{"deaths": 1925, "totalAttacks": 200002, "damagingAttacks": 290437.2562717628, "damageDone": {"1": 37614.706967417194, "2": 53707.8940488563, "3": 76698.16130799685, "4": 106585.50874499054}, "bleedDamage": {"1": 0.0, "2": 0.0, "3": 0.0, "4": 0.0}}