{"deaths": 11294, "totalAttacks": 200002, "damagingAttacks": 253241.5, "damageDone": {"1": 112849.0914078356, "2": 121529.79074688742, "3": 130210.49008587317, "4": 140894.42773392136}, "bleedDamage": {"1": 0.0, "2": 0.0, "3": 0.0, "4": 0.0}}