{"deaths": 1925, "totalAttacks": 100001, "damagingAttacks": 152222.62813586873, "damageDone": {"1": 70782.51805858882, "2": 99853.9094040543, "3": 140865.3364807038, "4": 193816.79928877123}, "bleedDamage": {"1": 0.0, "2": 0.0, "3": 0.0, "4": 0.0}}