{"deaths": 51913, "totalAttacks": 100001, "damagingAttacks": 175795.375, "damageDone": {"1": 82015.95833335837, "2": 82015.95833335837, "3": 82015.95833335837, "4": 82015.95833335837}, "bleedDamage": {"1": 0.0, "2": 0.0, "3": 0.0, "4": 0.0}}