{"deaths": 3243, "totalAttacks": 100001, "damagingAttacks": 152222.62813586873, "damageDone": {"1": 136858.24992761159, "2": 147385.80761439464, "3": 157913.36530115592, "4": 170870.3593772431}, "bleedDamage": {"1": 0.0, "2": 0.0, "3": 0.0, "4": 0.0}}