{"deaths": 9220, "totalAttacks": 100001, "damagingAttacks": 187208.25, "damageDone": {"1": 171488.17424807668, "2": 321540.32671517914, "3": 602888.1125907268, "4": 1015531.5318742736}, "bleedDamage": {"1": 0.0, "2": 0.0, "3": 0.0, "4": 0.0}}