{"deaths": 13986, "totalAttacks": 200002, "damagingAttacks": 260460.0, "damageDone": {"1": 90916.43528106445, "2": 130692.37571659642, "3": 187870.29009271116, "4": 262450.1784090856}, "bleedDamage": {"1": 0.0, "2": 0.0, "3": 0.0, "4": 0.0}}