{"deaths": 4343, "totalAttacks": 200002, "damagingAttacks": 118481.00627103494, "damageDone": {"1": 89874.18229185275, "2": 96769.33490488355, "3": 103664.48751801247, "4": 112150.82919552337}, "bleedDamage": {"1": 0.0, "2": 0.0, "3": 0.0, "4": 0.0}}