{"deaths": 9220, "totalAttacks": 200002, "damagingAttacks": 351590.75, "damageDone": {"1": 195839.83647685705, "2": 210904.43928267225, "3": 225969.042088687, "4": 244510.0916958261}, "bleedDamage": {"1": 0.0, "2": 0.0, "3": 0.0, "4": 0.0}}