{"deaths": 1925, "totalAttacks": 2063556, "damagingAttacks": 1789464.2651049658, "damageDone": {"1": 53634695988.90851, "2": 59675601249.7656, "3": 67873972675.21512, "4": 78229810265.2557}, "bleedDamage": {"1": 0.0, "2": 0.0, "3": 0.0, "4": 0.0}, "loadoutDamage": {}}