{"deaths": 4343, "totalAttacks": 200002, "damagingAttacks": 293639.0062717619, "damageDone": {"1": 77323.75921489033, "2": 104784.3977107213, "3": 142052.4070979687, "4": 189127.78737659784}, "bleedDamage": {"1": 0.0, "2": 0.0, "3": 0.0, "4": 0.0}}