{"deaths": 13986, "totalAttacks": 200002, "damagingAttacks": 363384.25, "damageDone": {"1": 194471.75228059708, "2": 209431.11784063565, "3": 224390.4834005716, "4": 242802.0102437953}, "bleedDamage": {"1": 0.0, "2": 0.0, "3": 0.0, "4": 0.0}}