{"deaths": 1925, "totalAttacks": 100001, "damagingAttacks": 59240.50313551747, "damageDone": {"1": 32024.83674521314, "2": 45749.76677888908, "3": 65356.809684153384, "4": 90845.96546094929}, "bleedDamage": {"1": 0.0, "2": 0.0, "3": 0.0, "4": 0.0}}