{"deaths": 11294, "totalAttacks": 200002, "damagingAttacks": 221580.75, "damageDone": {"1": 88453.64040928156, "2": 95257.76659458553, "3": 102061.89277989134, "4": 110436.20193107055}, "bleedDamage": {"1": 0.0, "2": 0.0, "3": 0.0, "4": 0.0}}