{"deaths": 51913, "totalAttacks": 131778, "damagingAttacks": 256131.0, "damageDone": {"1": 154042.20833325948, "2": 154042.20833325948, "3": 154042.20833325948, "4": 154042.20833325948}, "bleedDamage": {"1": 0.0, "2": 0.0, "3": 0.0, "4": 0.0}}