{"deaths": 4343, "totalAttacks": 100001, "damagingAttacks": 80213.62813565477, "damageDone": {"1": 71769.13870144103, "2": 97400.97395193511, "3": 132187.03607764517, "4": 176127.32507846403}, "bleedDamage": {"1": 0.0, "2": 0.0, "3": 0.0, "4": 0.0}}