{"deaths": {"1": 321, "2": 569, "3": 1115}, "totalAttacks": {"1": 18392.0, "2": 6384.0, "3": 8684.0}, "damagingAttacks": {"1": 14864.190476439564, "2": 4871.0000000878035, "3": 5502.308427437992}, "damageDone": {"1": {"1": 31680.38222759141, "2": 7635.793002066562, "3": 8542.979136291942}, "2": {"1": 34117.3347066433, "2": 8223.161694533272, "3": 9200.131377545003}, "3": {"1": 36554.287185677975, "2": 8810.530386999857, "3": 9857.28361879851}, "4": {"1": 39553.61331373288, "2": 9533.445700804934, "3": 10666.086377263706}}, "bleedDamage": {"1": {"1": 0.0, "2": 0.0, "3": 0.0}, "2": {"1": 0.0, "2": 0.0, "3": 0.0}, "3": {"1": 0.0, "2": 0.0, "3": 0.0}, "4": {"1": 0.0, "2": 0.0, "3": 0.0}}}