{"deaths": 6804, "totalAttacks": 527112, "damagingAttacks": 1024524.0, "damageDone": {"1": 533949.9935894663, "2": 606952.8591927403, "3": 691485.9264406138, "4": 793752.747416733}, "bleedDamage": {"1": 0.0, "2": 0.0, "3": 0.0, "4": 0.0}}