{"deaths": 3243, "totalAttacks": 1031778, "damagingAttacks": 1569760.632513646, "damageDone": {"1": 1979780.42718697, "2": 2132071.2292721597, "3": 2284362.031370441, "4": 2471796.864709388}, "bleedDamage": {"1": 0.0, "2": 0.0, "3": 0.0, "4": 0.0}, "loadoutDamage": {}}