{"deaths": 9220, "totalAttacks": 200002, "damagingAttacks": 374416.5, "damageDone": {"1": 244893.5653353687, "2": 263731.5318995709, "3": 282569.4984639287, "4": 305754.6880815748}, "bleedDamage": {"1": 0.0, "2": 0.0, "3": 0.0, "4": 0.0}}