{"deaths": {"1": 408, "2": 1045, "3": 2863}, "totalAttacks": {"1": 18392.0, "2": 6384.0, "3": 8684.0}, "damagingAttacks": {"1": 17676.0, "2": 5847.0, "3": 6829.9375}, "damageDone": {"1": {"1": 38116.123520705834, "2": 8380.644477317512, "3": 9874.945882642593}, "2": {"1": 71467.73160133045, "2": 15713.70839497031, "3": 18515.523529955342}, "3": {"1": 134001.99675248188, "2": 29463.203240569022, "3": 34716.60661866723}, "4": {"1": 225718.91897422998, "2": 49629.12901411512, "3": 58478.195148774816}}, "bleedDamage": {"1": {"1": 0.0, "2": 0.0, "3": 0.0}, "2": {"1": 0.0, "2": 0.0, "3": 0.0}, "3": {"1": 0.0, "2": 0.0, "3": 0.0}, "4": {"1": 0.0, "2": 0.0, "3": 0.0}}}