{"deaths": 13986, "totalAttacks": 200002, "damagingAttacks": 365598.75, "damageDone": {"1": 92591.61489151491, "2": 133100.4464065267, "3": 191331.8917096357, "4": 267285.95079998963}, "bleedDamage": {"1": 0.0, "2": 0.0, "3": 0.0, "4": 0.0}}