{"deaths": 3243, "totalAttacks": 100001, "damagingAttacks": 160696.75313590813, "damageDone": {"1": 128543.40672456915, "2": 138431.36108805146, "3": 148319.31545137122, "4": 160489.10543729624}, "bleedDamage": {"1": 0.0, "2": 0.0, "3": 0.0, "4": 0.0}}