{"deaths": 4343, "totalAttacks": 200002, "damagingAttacks": 290437.2562717628, "damageDone": {"1": 53004.78012703809, "2": 71907.80156377952, "3": 97561.90208515985, "4": 129967.0816911168}, "bleedDamage": {"1": 0.0, "2": 0.0, "3": 0.0, "4": 0.0}}