{"deaths": 4343, "totalAttacks": 2063556, "damagingAttacks": 3139521.265027292, "damageDone": {"1": 1149713.3653057169, "2": 1559678.586520422, "3": 2116059.9581660377, "4": 2818857.480263663}, "bleedDamage": {"1": 0.0, "2": 0.0, "3": 0.0, "4": 0.0}, "loadoutDamage": {}}