{"deaths": 3143, "totalAttacks": 100001, "damagingAttacks": 168448.00313591986, "damageDone": {"1": 234297.74332589447, "2": 292872.1791576619, "3": 366090.2239468968, "4": 453951.87769362505}, "bleedDamage": {"1": 0.0, "2": 0.0, "3": 0.0, "4": 0.0}}