{"deaths": 1925, "totalAttacks": 100001, "damagingAttacks": 96044.00313580286, "damageDone": {"1": 49059.389766670436, "2": 70084.84252378262, "3": 100121.20360537864, "4": 139168.4730114582}, "bleedDamage": {"1": 0.0, "2": 0.0, "3": 0.0, "4": 0.0}}