{"deaths": 4343, "totalAttacks": 200002, "damagingAttacks": 293400.5062717251, "damageDone": {"1": 65930.42772663638, "2": 89410.96745039546, "3": 121277.414218406, "4": 161529.76803061427}, "bleedDamage": {"1": 0.0, "2": 0.0, "3": 0.0, "4": 0.0}}