{"deaths": 4343, "totalAttacks": 200002, "damagingAttacks": 199780.25627137793, "damageDone": {"1": 175216.2942399045, "2": 188647.39610913303, "3": 202078.49797874794, "4": 218609.0848946818}, "bleedDamage": {"1": 0.0, "2": 0.0, "3": 0.0, "4": 0.0}}