{"deaths": 1925, "totalAttacks": 200002, "damagingAttacks": 312309.2562717728, "damageDone": {"1": 36900.73660224482, "2": 52715.3380031985, "3": 75307.62571884265, "4": 104677.59974924216}, "bleedDamage": {"1": 0.0, "2": 0.0, "3": 0.0, "4": 0.0}}