{"deaths": 11294, "totalAttacks": 200002, "damagingAttacks": 162954.25, "damageDone": {"1": 49033.55226827001, "2": 52805.36398116867, "3": 56577.175694126796, "4": 61219.40549464539}, "bleedDamage": {"1": 0.0, "2": 0.0, "3": 0.0, "4": 0.0}}