{"deaths": 3143, "totalAttacks": 100001, "damagingAttacks": 167977.37813591486, "damageDone": {"1": 224577.76407667395, "2": 280722.2050959705, "3": 350902.7563696915, "4": 435119.41789839795}, "bleedDamage": {"1": 0.0, "2": 0.0, "3": 0.0, "4": 0.0}}