{"deaths": 3143, "totalAttacks": 100001, "damagingAttacks": 165756.12813591235, "damageDone": {"1": 193165.07856427427, "2": 241456.34820530153, "3": 301820.4352565958, "4": 374257.3397179451}, "bleedDamage": {"1": 0.0, "2": 0.0, "3": 0.0, "4": 0.0}}