{"deaths": {"1": 873, "2": 2095, "3": 4344}, "totalAttacks": {"1": 36784.0, "2": 12768.0, "3": 17368.0}, "damagingAttacks": {"1": 35352.0, "2": 11694.0, "3": 13659.875}, "damageDone": {"1": {"1": 24048.919132146933, "2": 4729.529832347149, "3": 5651.355830867957}, "2": {"1": 34570.32125247176, "2": 6798.699133998911, "3": 8123.824006872667}, "3": {"1": 49694.83680042181, "2": 9773.13000512345, "3": 11677.997009878925}, "4": {"1": 69422.46577600633, "2": 13652.82244572051, "3": 16313.874839887945}}, "bleedDamage": {"1": {"1": 0.0, "2": 0.0, "3": 0.0}, "2": {"1": 0.0, "2": 0.0, "3": 0.0}, "3": {"1": 0.0, "2": 0.0, "3": 0.0}, "4": {"1": 0.0, "2": 0.0, "3": 0.0}}}