{"deaths": 4343, "totalAttacks": 100001, "damagingAttacks": 146700.25313586256, "damageDone": {"1": 29612.77404787013, "2": 33843.170340436, "3": 38677.90896049296, "4": 44116.98990803222}, "bleedDamage": {"1": 0.0, "2": 0.0, "3": 0.0, "4": 0.0}}