{"deaths": {"1": 4225, "2": 10143, "3": 19200}, "totalAttacks": {"1": 18392.0, "2": 6384.0, "3": 8684.0}, "damagingAttacks": {"1": 17676.0, "2": 5847.0, "3": 6829.9375}, "damageDone": {"1": {"1": 32099.208333335013, "2": 7799.958333333397, "3": 7670.624999999928}, "2": {"1": 32099.208333335013, "2": 7799.958333333397, "3": 7670.624999999928}, "3": {"1": 32099.208333335013, "2": 7799.958333333397, "3": 7670.624999999928}, "4": {"1": 32099.208333335013, "2": 7799.958333333397, "3": 7670.624999999928}}, "bleedDamage": {"1": {"1": 0.0, "2": 0.0, "3": 0.0}, "2": {"1": 0.0, "2": 0.0, "3": 0.0}, "3": {"1": 0.0, "2": 0.0, "3": 0.0}, "4": {"1": 0.0, "2": 0.0, "3": 0.0}}}