{"deaths": 3243, "totalAttacks": 131778, "damagingAttacks": 215837.97744776183, "damageDone": {"1": 170806.6758007498, "2": 183945.65086244536, "3": 197084.62592401975, "4": 213255.67215380582}, "bleedDamage": {"1": 0.0, "2": 0.0, "3": 0.0, "4": 0.0}}