{"deaths": 51913, "totalAttacks": 100001, "damagingAttacks": 168953.375, "damageDone": {"1": 92415.84375002747, "2": 92415.84375002747, "3": 92415.84375002747, "4": 92415.84375002747}, "bleedDamage": {"1": 0.0, "2": 0.0, "3": 0.0, "4": 0.0}}