{"deaths": 3243, "totalAttacks": 400004, "damagingAttacks": 604461.5125436218, "damageDone": {"1": 352906.6899351403, "2": 380053.35839182185, "3": 407200.02684860263, "4": 440611.31110294495}, "bleedDamage": {"1": 0.0, "2": 0.0, "3": 0.0, "4": 0.0}}