{"deaths": 3243, "totalAttacks": 100001, "damagingAttacks": 151115.37813590546, "damageDone": {"1": 158071.97938597138, "2": 170231.36241568986, "3": 182390.74544550566, "4": 197356.1399435952}, "bleedDamage": {"1": 0.0, "2": 0.0, "3": 0.0, "4": 0.0}}