{"deaths": {"1": 634, "2": 990, "3": 1768}, "totalAttacks": {"1": 18392.0, "2": 6384.0, "3": 8684.0}, "damagingAttacks": {"1": 8549.69047644534, "2": 3039.500000087562, "3": 1930.9334274382124}, "damageDone": {"1": {"1": 18479.48682786555, "2": 5012.747676498634, "3": 2875.197143692738}, "2": {"1": 25079.303552102414, "2": 6803.014703819544, "3": 3902.053266440106}, "3": {"1": 34036.19767785039, "2": 9232.662812326898, "3": 5295.643718740193}, "4": {"1": 45350.169205114675, "2": 12301.692002019689, "3": 7055.968500593092}}, "bleedDamage": {"1": {"1": 0.0, "2": 0.0, "3": 0.0}, "2": {"1": 0.0, "2": 0.0, "3": 0.0}, "3": {"1": 0.0, "2": 0.0, "3": 0.0}, "4": {"1": 0.0, "2": 0.0, "3": 0.0}}}