{"deaths": 6804, "totalAttacks": 400004, "damagingAttacks": 731197.5, "damageDone": {"1": 472131.9371300392, "2": 535632.2007993563, "3": 608948.3392065627, "4": 697673.4519025199}, "bleedDamage": {"1": 0.0, "2": 0.0, "3": 0.0, "4": 0.0}}