{"deaths": 11294, "totalAttacks": 200002, "damagingAttacks": 179634.5, "damageDone": {"1": 77449.61082347704, "2": 83407.27319447769, "3": 89364.93556554832, "4": 96697.44309912327}, "bleedDamage": {"1": 0.0, "2": 0.0, "3": 0.0, "4": 0.0}}