{"deaths": 9220, "totalAttacks": 100001, "damagingAttacks": 175795.375, "damageDone": {"1": 130513.15212028936, "2": 244712.16022562736, "3": 458835.30042302073, "4": 772882.5727121086}, "bleedDamage": {"1": 0.0, "2": 0.0, "3": 0.0, "4": 0.0}}