{"deaths": 4343, "totalAttacks": 100001, "damagingAttacks": 99890.12813568897, "damageDone": {"1": 174604.32430102862, "2": 218255.40537638965, "3": 272819.25672048755, "4": 338295.87833323283}, "bleedDamage": {"1": 0.0, "2": 0.0, "3": 0.0, "4": 0.0}}