{"deaths": 1925, "totalAttacks": 2063556, "damagingAttacks": 3139521.265027292, "damageDone": {"1": 752742.4439703396, "2": 1074713.711558255, "3": 1534672.6652533317, "4": 2132619.305067729}, "bleedDamage": {"1": 0.0, "2": 0.0, "3": 0.0, "4": 0.0}, "loadoutDamage": {}}