{"deaths": 3243, "totalAttacks": 400004, "damagingAttacks": 626526.0125436388, "damageDone": {"1": 317091.1626336914, "2": 341482.79052879516, "3": 365874.4184236589, "4": 395894.8835252783}, "bleedDamage": {"1": 0.0, "2": 0.0, "3": 0.0, "4": 0.0}}