{"deaths": 51913, "totalAttacks": 100001, "damagingAttacks": 177396.25, "damageDone": {"1": 165325.75000002858, "2": 165325.75000002858, "3": 165325.75000002858, "4": 165325.75000002858}, "bleedDamage": {"1": 0.0, "2": 0.0, "3": 0.0, "4": 0.0}}