{"deaths": 1925, "totalAttacks": 2063556, "damagingAttacks": 3139521.265027292, "damageDone": {"1": 56237626977.82783, "2": 66280438540.04666, "3": 79909968517.34174, "4": 97126216909.71399}, "bleedDamage": {"1": 0.0, "2": 0.0, "3": 0.0, "4": 0.0}, "loadoutDamage": {}}