{"deaths": 13986, "totalAttacks": 200002, "damagingAttacks": 354554.0, "damageDone": {"1": 101101.79222139978, "2": 139014.96430441673, "3": 191145.57591851358, "4": 257493.6270640851}, "bleedDamage": {"1": 0.0, "2": 0.0, "3": 0.0, "4": 0.0}}