{"deaths": 4343, "totalAttacks": 100001, "damagingAttacks": 138376.62813585455, "damageDone": {"1": 22265.943203805196, "2": 25446.792232920896, "3": 29082.04826621288, "4": 33171.71130362738}, "bleedDamage": {"1": 0.0, "2": 0.0, "3": 0.0, "4": 0.0}}