{"deaths": 6804, "totalAttacks": 400004, "damagingAttacks": 709108.0, "damageDone": {"1": 508657.49956842663, "2": 576277.0031979104, "3": 654185.2859279537, "4": 748489.5140414889}, "bleedDamage": {"1": 0.0, "2": 0.0, "3": 0.0, "4": 0.0}}