{"deaths": 4343, "totalAttacks": 100001, "damagingAttacks": 90065.62813570314, "damageDone": {"1": 104101.1816089903, "2": 130126.47701124058, "3": 162658.09626398154, "4": 201696.0393673452}, "bleedDamage": {"1": 0.0, "2": 0.0, "3": 0.0, "4": 0.0}}