{"deaths": 1925, "totalAttacks": 131778, "damagingAttacks": 154514.22744772068, "damageDone": {"1": 82198.55275245618, "2": 117426.50393209298, "3": 167752.1484742538, "4": 233175.48637941838}, "bleedDamage": {"1": 0.0, "2": 0.0, "3": 0.0, "4": 0.0}}