{"deaths": 1925, "totalAttacks": 200002, "damagingAttacks": 313263.0062718194, "damageDone": {"1": 50176.4105665803, "2": 71680.58652366798, "3": 102400.83789086832, "4": 142337.16466844443}, "bleedDamage": {"1": 0.0, "2": 0.0, "3": 0.0, "4": 0.0}}