{"deaths": 3243, "totalAttacks": 400004, "damagingAttacks": 624618.5125435456, "damageDone": {"1": 233195.1875219288, "2": 251133.27886979343, "3": 269071.3702177246, "4": 291149.0211074752}, "bleedDamage": {"1": 0.0, "2": 0.0, "3": 0.0, "4": 0.0}}