{"deaths": 9220, "totalAttacks": 131778, "damagingAttacks": 256131.0, "damageDone": {"1": 184483.22633144766, "2": 345906.04937137634, "3": 648573.8425712001, "4": 1092486.605930404}, "bleedDamage": {"1": 0.0, "2": 0.0, "3": 0.0, "4": 0.0}}