{"deaths": 6804, "totalAttacks": 400004, "damagingAttacks": 746925.5, "damageDone": {"1": 348857.2130176594, "2": 397208.5488166275, "3": 453329.6110700488, "4": 521206.345158707}, "bleedDamage": {"1": 0.0, "2": 0.0, "3": 0.0, "4": 0.0}}