{"deaths": 3014, "totalAttacks": 3095334, "damagingAttacks": 5655724.875, "damageDone": {"1": 3756428.9346752465, "2": 8394451.320421547, "3": 8879345.00576023, "4": 9461217.42814153}, "bleedDamage": {"1": 0.0, "2": 2063556.0, "3": 2063556.0, "4": 2063556.0}, "loadoutDamage": {}}