{"deaths": 1925, "totalAttacks": 100001, "damagingAttacks": 156631.5031359097, "damageDone": {"1": 59935.50297217116, "2": 84551.87026432111, "3": 119278.53126571482, "4": 164115.48597633612}, "bleedDamage": {"1": 0.0, "2": 0.0, "3": 0.0, "4": 0.0}}