{"deaths": 4343, "totalAttacks": 100001, "damagingAttacks": 59240.50313551747, "damageDone": {"1": 50626.968545967604, "2": 68708.02874091564, "3": 93246.61043413631, "4": 124242.71362552709}, "bleedDamage": {"1": 0.0, "2": 0.0, "3": 0.0, "4": 0.0}}