{"deaths": 4343, "totalAttacks": 200002, "damagingAttacks": 172776.75627129312, "damageDone": {"1": 153667.87376137116, "2": 165483.3042865079, "3": 177298.73481160298, "4": 191840.8031500287}, "bleedDamage": {"1": 0.0, "2": 0.0, "3": 0.0, "4": 0.0}}