{"deaths": 9220, "totalAttacks": 200002, "damagingAttacks": 354554.0, "damageDone": {"1": 234275.09282552585, "2": 252296.25381197894, "3": 270317.41479871067, "4": 292497.3052437138}, "bleedDamage": {"1": 0.0, "2": 0.0, "3": 0.0, "4": 0.0}}