{"deaths": {"1": 204, "2": 186, "3": 691}, "totalAttacks": {"1": 18392.0, "2": 6384.0, "3": 8684.0}, "damagingAttacks": {"1": 14864.190476439564, "2": 4871.0000000878035, "3": 5502.308427437992}, "damageDone": {"1": {"1": 11764.620593332978, "2": 2991.8821455457814, "3": 3015.3268048687864}, "2": {"1": 16596.518337023197, "2": 4220.690883894944, "3": 4253.764599725679}, "3": {"1": 23412.945511157624, "2": 5954.188925494688, "3": 6000.846488898798}, "4": {"1": 32213.902115739034, "2": 8192.376270344892, "3": 8256.572472387985}}, "bleedDamage": {"1": {"1": 0.0, "2": 0.0, "3": 0.0}, "2": {"1": 0.0, "2": 0.0, "3": 0.0}, "3": {"1": 0.0, "2": 0.0, "3": 0.0}, "4": {"1": 0.0, "2": 0.0, "3": 0.0}}}