{"deaths": 1925, "totalAttacks": 200002, "damagingAttacks": 321393.50627181627, "damageDone": {"1": 41263.520717934036, "2": 58947.88673991265, "3": 84211.26677120915, "4": 117053.66081207238}, "bleedDamage": {"1": 0.0, "2": 0.0, "3": 0.0, "4": 0.0}}