{"deaths": 51913, "totalAttacks": 100001, "damagingAttacks": 186731.375, "damageDone": {"1": 129339.82291672745, "2": 129339.82291672745, "3": 129339.82291672745, "4": 129339.82291672745}, "bleedDamage": {"1": 0.0, "2": 0.0, "3": 0.0, "4": 0.0}}