{"deaths": 1925, "totalAttacks": 100001, "damagingAttacks": 50900.37813550878, "damageDone": {"1": 24811.584329023226, "2": 35445.12047001611, "3": 50635.88638576692, "4": 70383.88207619479}, "bleedDamage": {"1": 0.0, "2": 0.0, "3": 0.0, "4": 0.0}}