{"deaths": 13986, "totalAttacks": 200002, "damagingAttacks": 179634.5, "damageDone": {"1": 77449.61082347704, "2": 111333.81555881607, "3": 160042.35986578313, "4": 223575.2437442518}, "bleedDamage": {"1": 0.0, "2": 0.0, "3": 0.0, "4": 0.0}}