{"deaths": 4343, "totalAttacks": 100001, "damagingAttacks": 160696.75313590813, "damageDone": {"1": 31051.648809552637, "2": 35487.59863945996, "3": 40557.25558797978, "4": 46260.6196550103}, "bleedDamage": {"1": 0.0, "2": 0.0, "3": 0.0, "4": 0.0}}