{"deaths": 4343, "totalAttacks": 2063556, "damagingAttacks": 1789464.2651049658, "damageDone": {"1": 1376168.7119181992, "2": 1481928.0915246392, "3": 1587687.4711323155, "4": 1717852.8614163573}, "bleedDamage": {"1": 0.0, "2": 0.0, "3": 0.0, "4": 0.0}, "loadoutDamage": {}}