{"deaths": {"1": 634, "2": 990, "3": 1768}, "totalAttacks": {"1": 18392.0, "2": 6384.0, "3": 8684.0}, "damagingAttacks": {"1": 8549.69047644534, "2": 3039.500000087562, "3": 1930.9334274382124}, "damageDone": {"1": {"1": 32718.63815131479, "2": 8875.261466888562, "3": 5090.646500872413}, "2": {"1": 40898.297689146784, "2": 11094.076833611043, "3": 6363.308126090574}, "3": {"1": 51122.872111429635, "2": 13867.596042013496, "3": 7954.135157613192}, "4": {"1": 63392.36141817057, "2": 17195.81909209657, "3": 9863.12759544032}}, "bleedDamage": {"1": {"1": 0.0, "2": 0.0, "3": 0.0}, "2": {"1": 0.0, "2": 0.0, "3": 0.0}, "3": {"1": 0.0, "2": 0.0, "3": 0.0}, "4": {"1": 0.0, "2": 0.0, "3": 0.0}}}