{"deaths": 4343, "totalAttacks": 100001, "damagingAttacks": 59240.50313551747, "damageDone": {"1": 89636.98396947657, "2": 112046.22996187133, "3": 140057.7874523321, "4": 173671.65644085105}, "bleedDamage": {"1": 0.0, "2": 0.0, "3": 0.0, "4": 0.0}}