{"deaths": 4343, "totalAttacks": 100001, "damagingAttacks": 96044.00313580286, "damageDone": {"1": 134448.72679519354, "2": 168060.9084940903, "3": 210076.13561745052, "4": 260494.4081658398}, "bleedDamage": {"1": 0.0, "2": 0.0, "3": 0.0, "4": 0.0}}