{"deaths": 1925, "totalAttacks": 1031778, "damagingAttacks": 1569760.632513646, "damageDone": {"1": 1147902.6194148907, "2": 1619362.6238160718, "3": 2284457.9871821324, "4": 3143188.709477477}, "bleedDamage": {"1": 0.0, "2": 0.0, "3": 0.0, "4": 0.0}, "loadoutDamage": {}}