{"deaths": 4343, "totalAttacks": 100001, "damagingAttacks": 50900.37813550878, "damageDone": {"1": 37908.184898942454, "2": 51446.82236283332, "3": 69820.68749242477, "4": 93029.78028768623}, "bleedDamage": {"1": 0.0, "2": 0.0, "3": 0.0, "4": 0.0}}