{"deaths": 9220, "totalAttacks": 200002, "damagingAttacks": 365598.75, "damageDone": {"1": 228440.991062717, "2": 246013.37499043014, "3": 263585.75891862693, "4": 285213.3083682151}, "bleedDamage": {"1": 0.0, "2": 0.0, "3": 0.0, "4": 0.0}}