{"deaths": 1925, "totalAttacks": 1031778, "damagingAttacks": 894732.1325524829, "damageDone": {"1": 16914989419.90969, "2": 24164270599.87102, "3": 34520386571.24419, "4": 47983337334.0269}, "bleedDamage": {"1": 0.0, "2": 0.0, "3": 0.0, "4": 0.0}, "loadoutDamage": {}}