{"deaths": 3243, "totalAttacks": 3095334, "damagingAttacks": 4709281.897698295, "damageDone": {"1": 3756331.4552208926, "2": 4045280.028684655, "3": 4334228.602172275, "4": 4689857.615689149}, "bleedDamage": {"1": 0.0, "2": 0.0, "3": 0.0, "4": 0.0}, "loadoutDamage": {}}