{"deaths": 1925, "totalAttacks": 100001, "damagingAttacks": 86388.37813564656, "damageDone": {"1": 53110.46631283988, "2": 75872.09473269558, "3": 108388.70676097772, "4": 150660.30239782052}, "bleedDamage": {"1": 0.0, "2": 0.0, "3": 0.0, "4": 0.0}}