{"deaths": 4343, "totalAttacks": 200002, "damagingAttacks": 276753.2562717091, "damageDone": {"1": 54731.13420585378, "2": 74272.08437569208, "3": 100791.94532048993, "4": 134290.71704014944}, "bleedDamage": {"1": 0.0, "2": 0.0, "3": 0.0, "4": 0.0}}