{"deaths": 13986, "totalAttacks": 200002, "damagingAttacks": 162954.25, "damageDone": {"1": 49033.55226827001, "2": 70485.7313856482, "3": 101323.23886690477, "4": 141546.07471186237}, "bleedDamage": {"1": 0.0, "2": 0.0, "3": 0.0, "4": 0.0}}