{"deaths": 1925, "totalAttacks": 100001, "damagingAttacks": 138376.62813585455, "damageDone": {"1": 37443.55124096979, "2": 52822.15264350025, "3": 74516.96533638095, "4": 102527.9893195672}, "bleedDamage": {"1": 0.0, "2": 0.0, "3": 0.0, "4": 0.0}}