{"deaths": 3243, "totalAttacks": 400004, "damagingAttacks": 580874.5125435255, "damageDone": {"1": 237303.0899818332, "2": 255557.17382662994, "3": 273811.2576714486, "4": 296277.8224034908}, "bleedDamage": {"1": 0.0, "2": 0.0, "3": 0.0, "4": 0.0}}