{"deaths": 1925, "totalAttacks": 1031778, "damagingAttacks": 894732.1325524829, "damageDone": {"1": 814967.4068404068, "2": 1164239.1526296558, "3": 1663198.789460014, "4": 2311846.3173534097}, "bleedDamage": {"1": 0.0, "2": 0.0, "3": 0.0, "4": 0.0}, "loadoutDamage": {}}