{"deaths": 3243, "totalAttacks": 400004, "damagingAttacks": 587278.0125435238, "damageDone": {"1": 309220.7462524486, "2": 333006.9575027846, "3": 356793.1687530609, "4": 386068.50567648845}, "bleedDamage": {"1": 0.0, "2": 0.0, "3": 0.0, "4": 0.0}}