{"deaths": 1925, "totalAttacks": 263556, "damagingAttacks": 431675.95489552367, "damageDone": {"1": 54949.42661924874, "2": 78499.18088463006, "3": 112141.68697791969, "4": 155876.94489946807}, "bleedDamage": {"1": 0.0, "2": 0.0, "3": 0.0, "4": 0.0}}