{"deaths": 1925, "totalAttacks": 1031778, "damagingAttacks": 1569760.632513646, "damageDone": {"1": 813852.117865522, "2": 1148112.809135112, "3": 1619659.141443146, "4": 2228491.114821851}, "bleedDamage": {"1": 0.0, "2": 0.0, "3": 0.0, "4": 0.0}, "loadoutDamage": {}}