{"deaths": 1925, "totalAttacks": 200002, "damagingAttacks": 304445.25627173745, "damageDone": {"1": 45848.12829070325, "2": 65497.32612955386, "3": 93567.60875645211, "4": 130058.97617154375}, "bleedDamage": {"1": 0.0, "2": 0.0, "3": 0.0, "4": 0.0}}