{"deaths": 1925, "totalAttacks": 100001, "damagingAttacks": 146700.25313586256, "damageDone": {"1": 65745.51122659416, "2": 92748.13190885025, "3": 130841.11465717207, "4": 180024.45947158223}, "bleedDamage": {"1": 0.0, "2": 0.0, "3": 0.0, "4": 0.0}}