{"deaths": 4343, "totalAttacks": 100001, "damagingAttacks": 86388.37813564656, "damageDone": {"1": 153600.5968260739, "2": 192000.74603273204, "3": 240000.93254066864, "4": 297601.1563505306}, "bleedDamage": {"1": 0.0, "2": 0.0, "3": 0.0, "4": 0.0}}