{"deaths": 3243, "totalAttacks": 400004, "damagingAttacks": 642787.0125436325, "damageDone": {"1": 260765.9179097344, "2": 280824.8346720054, "3": 300883.7514344989, "4": 325571.64898788463}, "bleedDamage": {"1": 0.0, "2": 0.0, "3": 0.0, "4": 0.0}}