{"deaths": 6804, "totalAttacks": 400004, "damagingAttacks": 675813.5, "damageDone": {"1": 328893.27015534317, "2": 373985.55450613564, "3": 426225.2395905521, "4": 489420.6365047149}, "bleedDamage": {"1": 0.0, "2": 0.0, "3": 0.0, "4": 0.0}}