{"deaths": 9220, "totalAttacks": 200002, "damagingAttacks": 382547.0, "damageDone": {"1": 211319.41074946913, "2": 227574.7500380498, "3": 243830.08932644504, "4": 263836.66075825493}, "bleedDamage": {"1": 0.0, "2": 0.0, "3": 0.0, "4": 0.0}}