{"deaths": {"1": 634, "2": 990, "3": 1768}, "totalAttacks": {"1": 36784.0, "2": 12768.0, "3": 17368.0}, "damagingAttacks": {"1": 17099.38095289068, "2": 6079.000000175124, "3": 3861.866854876425}, "damageDone": {"1": {"1": 32740.375539113033, "2": 8899.865443935792, "3": 5097.116694213545}, "2": {"1": 35257.19385844821, "2": 9582.577864465326, "3": 5488.7048865883025}, "3": {"1": 37774.012177772915, "2": 10265.290284995752, "3": 5880.293078962983}, "4": {"1": 40871.63472464674, "2": 11105.551725647845, "3": 6362.247777270597}}, "bleedDamage": {"1": {"1": 0.0, "2": 0.0, "3": 0.0}, "2": {"1": 0.0, "2": 0.0, "3": 0.0}, "3": {"1": 0.0, "2": 0.0, "3": 0.0}, "4": {"1": 0.0, "2": 0.0, "3": 0.0}}}