{"deaths": 4343, "totalAttacks": 200002, "damagingAttacks": 199306.50627133148, "damageDone": {"1": 159839.61429844997, "2": 172134.9692444413, "3": 184430.32419048494, "4": 199563.06873942234}, "bleedDamage": {"1": 0.0, "2": 0.0, "3": 0.0, "4": 0.0}}