{"deaths": 4343, "totalAttacks": 200002, "damagingAttacks": 160427.25627130954, "damageDone": {"1": 127070.00478295892, "2": 136844.62053558265, "3": 146619.2362880989, "4": 158649.53259884747}, "bleedDamage": {"1": 0.0, "2": 0.0, "3": 0.0, "4": 0.0}}