{"deaths": 1428, "totalAttacks": 1031778, "damagingAttacks": 1730993.3825058206, "damageDone": {"1": 66719728825.063805, "2": 83399661031.33112, "3": 104249576289.16298, "4": 129269474598.55983}, "bleedDamage": {"1": 0.0, "2": 0.0, "3": 0.0, "4": 0.0}, "loadoutDamage": {}}