{"deaths": 13986, "totalAttacks": 200002, "damagingAttacks": 354792.5, "damageDone": {"1": 109254.54832347443, "2": 150225.00394468446, "3": 206559.38042399252, "4": 278257.67776145035}, "bleedDamage": {"1": 0.0, "2": 0.0, "3": 0.0, "4": 0.0}}