{"deaths": 1925, "totalAttacks": 100001, "damagingAttacks": 151115.37813590546, "damageDone": {"1": 56640.93258093291, "2": 79904.17274803214, "3": 112721.9579838646, "4": 155094.28828833843}, "bleedDamage": {"1": 0.0, "2": 0.0, "3": 0.0, "4": 0.0}}