{"deaths": 3243, "totalAttacks": 400004, "damagingAttacks": 608890.5125434749, "damageDone": {"1": 289738.4675411839, "2": 312026.0419674949, "3": 334313.6163939246, "4": 361744.47722607665}, "bleedDamage": {"1": 0.0, "2": 0.0, "3": 0.0, "4": 0.0}}