{"deaths": 1925, "totalAttacks": 100001, "damagingAttacks": 77826.25313568815, "damageDone": {"1": 47180.399084946104, "2": 67400.57012139005, "3": 96286.52874485847, "4": 133838.27495542535}, "bleedDamage": {"1": 0.0, "2": 0.0, "3": 0.0, "4": 0.0}}