{"deaths": 1925, "totalAttacks": 100001, "damagingAttacks": 160696.75313590813, "damageDone": {"1": 50288.92103166036, "2": 70943.29931253153, "3": 100080.725815814, "4": 137701.20054174657}, "bleedDamage": {"1": 0.0, "2": 0.0, "3": 0.0, "4": 0.0}}