{"deaths": 6804, "totalAttacks": 400004, "damagingAttacks": 709585.0, "damageDone": {"1": 543301.6849110066, "2": 614780.5908911079, "3": 696979.6105603904, "4": 796498.3865087988}, "bleedDamage": {"1": 0.0, "2": 0.0, "3": 0.0, "4": 0.0}}