{"deaths": 4343, "totalAttacks": 1031778, "damagingAttacks": 894732.1325524829, "damageDone": {"1": 1374871.9348754832, "2": 1718589.9185931904, "3": 2148237.398245315, "4": 2663814.3738240357}, "bleedDamage": {"1": 0.0, "2": 0.0, "3": 0.0, "4": 0.0}, "loadoutDamage": {}}