{"deaths": 243160, "totalAttacks": 300003, "damagingAttacks": 573820.5, "damageDone": {"1": 124594.29881652423, "2": 134178.47564868417, "3": 143762.65248063326, "4": 155558.5624278576}, "bleedDamage": {"1": 0.0, "2": 0.0, "3": 0.0, "4": 0.0}}