{"deaths": {"1": 759, "2": 1881, "3": 3580}, "totalAttacks": {"1": 36784.0, "2": 12768.0, "3": 17368.0}, "damagingAttacks": {"1": 35352.0, "2": 11694.0, "3": 13659.875}, "damageDone": {"1": {"1": 91588.38313608788, "2": 20137.66370808695, "3": 23728.28722879706}, "2": {"1": 91588.38313608788, "2": 20137.66370808695, "3": 23728.28722879706}, "3": {"1": 91588.38313608788, "2": 20137.66370808695, "3": 23728.28722879706}, "4": {"1": 91588.38313608788, "2": 20137.66370808695, "3": 23728.28722879706}}, "bleedDamage": {"1": {"1": 0.0, "2": 0.0, "3": 0.0}, "2": {"1": 0.0, "2": 0.0, "3": 0.0}, "3": {"1": 0.0, "2": 0.0, "3": 0.0}, "4": {"1": 0.0, "2": 0.0, "3": 0.0}}}