{"deaths": 15215, "totalAttacks": 300003, "damagingAttacks": 390690.0, "damageDone": {"1": 167583.53032559398, "2": 209479.41290699673, "3": 261849.26613352366, "4": 324693.09000546613}, "bleedDamage": {"1": 0.0, "2": 0.0, "3": 0.0, "4": 0.0}}