{"deaths": 11090, "totalAttacks": 200002, "damagingAttacks": 351590.75, "damageDone": {"1": 313607.14250467316, "2": 313607.14250467316, "3": 313607.14250467316, "4": 313607.14250467316}, "bleedDamage": {"1": 0.0, "2": 0.0, "3": 0.0, "4": 0.0}}