{"deaths": 15215, "totalAttacks": 300003, "damagingAttacks": 269451.75, "damageDone": {"1": 158981.03642760622, "2": 198726.29553448205, "3": 248407.8694179858, "4": 308025.75807813683}, "bleedDamage": {"1": 0.0, "2": 0.0, "3": 0.0, "4": 0.0}}