{"deaths": 15215, "totalAttacks": 300003, "damagingAttacks": 332371.125, "damageDone": {"1": 173369.62500006324, "2": 216712.03124997948, "3": 270890.03906250646, "4": 335903.64843736443}, "bleedDamage": {"1": 0.0, "2": 0.0, "3": 0.0, "4": 0.0}}