{"deaths": 12168, "totalAttacks": 100001, "damagingAttacks": 89817.25, "damageDone": {"1": 60410.050295825924, "2": 98166.33173085339, "3": 159520.28906250754, "4": 244471.92229109688}, "bleedDamage": {"1": 0.0, "2": 0.0, "3": 0.0, "4": 0.0}}