{"deaths": 15215, "totalAttacks": 200002, "damagingAttacks": 260460.0, "damageDone": {"1": 49709.70562130989, "2": 80778.27163459055, "3": 131264.69140624904, "4": 201168.96493627533}, "bleedDamage": {"1": 0.0, "2": 0.0, "3": 0.0, "4": 0.0}}