{"deaths": 15215, "totalAttacks": 100001, "damagingAttacks": 130466.875, "damageDone": {"1": 44861.5951676543, "2": 64488.54305353473, "3": 92702.28063938522, "4": 129502.80792544062}, "bleedDamage": {"1": 0.0, "2": 0.0, "3": 0.0, "4": 0.0}}