{"deaths": 11090, "totalAttacks": 100001, "damagingAttacks": 181692.125, "damageDone": {"1": 153266.55140531925, "2": 153266.55140531925, "3": 153266.55140531925, "4": 153266.55140531925}, "bleedDamage": {"1": 0.0, "2": 0.0, "3": 0.0, "4": 0.0}}