{"deaths": 11090, "totalAttacks": 100001, "damagingAttacks": 175795.375, "damageDone": {"1": 80074.75221892017, "2": 80074.75221892017, "3": 80074.75221892017, "4": 80074.75221892017}, "bleedDamage": {"1": 0.0, "2": 0.0, "3": 0.0, "4": 0.0}}