{"deaths": 15215, "totalAttacks": 300003, "damagingAttacks": 350895.375, "damageDone": {"1": 262825.6181584181, "2": 328532.0226977012, "3": 410665.02837231086, "4": 509224.63518153713}, "bleedDamage": {"1": 0.0, "2": 0.0, "3": 0.0, "4": 0.0}}