{"deaths": 12168, "totalAttacks": 100001, "damagingAttacks": 130466.875, "damageDone": {"1": 96813.65680475482, "2": 157322.19230772823, "3": 255648.56249999808, "4": 391792.7673814785}, "bleedDamage": {"1": 0.0, "2": 0.0, "3": 0.0, "4": 0.0}}