{"deaths": 15215, "totalAttacks": 3095334, "damagingAttacks": 3630639.375, "damageDone": {"1": 1792989.6961903514, "2": 2241237.1202245415, "3": 2801546.400302431, "4": 3473917.5363767147}, "bleedDamage": {"1": 0.0, "2": 0.0, "3": 0.0, "4": 0.0}, "loadoutDamage": {}}