{"deaths": {"1": 1482, "2": 3362, "3": 5908}, "totalAttacks": {"1": 55176.0, "2": 19152.0, "3": 26052.0}, "damagingAttacks": {"1": 34084.5, "2": 12046.5, "3": 9775.6875}, "damageDone": {"1": {"1": 51891.68454141726, "2": 8967.094304733608, "3": 8212.696930473036}, "2": {"1": 64864.60567677738, "2": 11208.867880917192, "3": 10265.871163092035}, "3": {"1": 81080.75709596317, "2": 14011.084851146126, "3": 12832.33895386433}, "4": {"1": 100540.1387990107, "2": 17373.745215421208, "3": 15912.100302791896}}, "bleedDamage": {"1": {"1": 0.0, "2": 0.0, "3": 0.0}, "2": {"1": 0.0, "2": 0.0, "3": 0.0}, "3": {"1": 0.0, "2": 0.0, "3": 0.0}, "4": {"1": 0.0, "2": 0.0, "3": 0.0}}}