{"deaths": 12168, "totalAttacks": 100001, "damagingAttacks": 130230.0, "damageDone": {"1": 90065.83678498573, "2": 146356.98477568824, "3": 237830.10026039588, "4": 364485.18323941715}, "bleedDamage": {"1": 0.0, "2": 0.0, "3": 0.0, "4": 0.0}}