{"deaths": 12168, "totalAttacks": 400004, "damagingAttacks": 520920.0, "damageDone": {"1": 86075.39817559323, "2": 123733.38487731981, "3": 177866.74076103777, "4": 248475.46582710595}, "bleedDamage": {"1": 0.0, "2": 0.0, "3": 0.0, "4": 0.0}}