{"deaths": 12168, "totalAttacks": 400004, "damagingAttacks": 506483.0, "damageDone": {"1": 119831.2909887262, "2": 172257.48079617618, "3": 247620.12864447536, "4": 345919.23453344434}, "bleedDamage": {"1": 0.0, "2": 0.0, "3": 0.0, "4": 0.0}}