{"deaths": 15215, "totalAttacks": 100001, "damagingAttacks": 110790.375, "damageDone": {"1": 48363.14151874499, "2": 69522.01593322054, "3": 99937.89790394845, "4": 139610.7874310699}, "bleedDamage": {"1": 0.0, "2": 0.0, "3": 0.0, "4": 0.0}}