{"deaths": 11090, "totalAttacks": 100001, "damagingAttacks": 187208.25, "damageDone": {"1": 85096.49223375884, "2": 85096.49223375884, "3": 85096.49223375884, "4": 85096.49223375884}, "bleedDamage": {"1": 0.0, "2": 0.0, "3": 0.0, "4": 0.0}}