{"deaths": 15215, "totalAttacks": 200002, "damagingAttacks": 179634.5, "damageDone": {"1": 42346.54980275463, "2": 68813.14342947023, "3": 111821.35807290755, "4": 171371.19373304755}, "bleedDamage": {"1": 0.0, "2": 0.0, "3": 0.0, "4": 0.0}}