{"deaths": 11090, "totalAttacks": 200002, "damagingAttacks": 374416.5, "damageDone": {"1": 230848.44896457382, "2": 331844.64538642287, "3": 477026.6777430371, "4": 666394.5460343682}, "bleedDamage": {"1": 0.0, "2": 0.0, "3": 0.0, "4": 0.0}}