{"deaths": 11090, "totalAttacks": 100001, "damagingAttacks": 177277.0, "damageDone": {"1": 119736.13905325007, "2": 119736.13905325007, "3": 119736.13905325007, "4": 119736.13905325007}, "bleedDamage": {"1": 0.0, "2": 0.0, "3": 0.0, "4": 0.0}}