{"deaths": 8352, "totalAttacks": 2063556, "damagingAttacks": 3770483.25, "damageDone": {"1": 2033140.4060688706, "2": 2922639.333730553, "3": 4201294.042231331, "4": 5869104.531587783}, "bleedDamage": {"1": 0.0, "2": 0.0, "3": 0.0, "4": 0.0}, "loadoutDamage": {}}