{"deaths": 11090, "totalAttacks": 200002, "damagingAttacks": 337906.75, "damageDone": {"1": 274789.2771201843, "2": 274789.2771201843, "3": 274789.2771201843, "4": 274789.2771201843}, "bleedDamage": {"1": 0.0, "2": 0.0, "3": 0.0, "4": 0.0}}