{"deaths": 12168, "totalAttacks": 400004, "damagingAttacks": 433612.0, "damageDone": {"1": 96286.57051287472, "2": 138411.94511216605, "3": 198967.17109871557, "4": 277952.2484724794}, "bleedDamage": {"1": 0.0, "2": 0.0, "3": 0.0, "4": 0.0}}