{"deaths": 11090, "totalAttacks": 200002, "damagingAttacks": 354792.5, "damageDone": {"1": 242089.2149902618, "2": 348003.2465482285, "3": 500254.66691349586, "4": 698843.4760846285}, "bleedDamage": {"1": 0.0, "2": 0.0, "3": 0.0, "4": 0.0}}