{"deaths": {"1": 1007, "2": 2351, "3": 4704}, "totalAttacks": {"1": 73568.0, "2": 25536.0, "3": 34736.0}, "damagingAttacks": {"1": 45446.0, "2": 16062.0, "3": 13034.25}, "damageDone": {"1": {"1": 26652.9616617345, "2": 4605.74026134112, "3": 4218.2615261341125}, "2": {"1": 38313.6323887482, "2": 6620.751625677781, "3": 6063.750943817489}, "3": {"1": 55075.84655881763, "2": 9517.330461912155, "3": 8716.641981737886}, "4": {"1": 76939.60417196025, "2": 13295.476770043508, "3": 12176.934639894629}}, "bleedDamage": {"1": {"1": 0.0, "2": 0.0, "3": 0.0}, "2": {"1": 0.0, "2": 0.0, "3": 0.0}, "3": {"1": 0.0, "2": 0.0, "3": 0.0}, "4": {"1": 0.0, "2": 0.0, "3": 0.0}}}