{"deaths": 12168, "totalAttacks": 100001, "damagingAttacks": 116965.125, "damageDone": {"1": 91521.35108479414, "2": 148722.1955129981, "3": 241673.567708291, "4": 370375.4676715041}, "bleedDamage": {"1": 0.0, "2": 0.0, "3": 0.0, "4": 0.0}}