{"deaths": 12168, "totalAttacks": 1031778, "damagingAttacks": 1210213.125, "damageDone": {"1": 811854.6491596793, "2": 1319263.8048850924, "3": 2143803.682942835, "4": 3285474.283311634}, "bleedDamage": {"1": 0.0, "2": 0.0, "3": 0.0, "4": 0.0}, "loadoutDamage": {}}