{"deaths": 11090, "totalAttacks": 200002, "damagingAttacks": 382547.0, "damageDone": {"1": 333625.32051240973, "2": 333625.32051240973, "3": 333625.32051240973, "4": 333625.32051240973}, "bleedDamage": {"1": 0.0, "2": 0.0, "3": 0.0, "4": 0.0}}