{"deaths": 11090, "totalAttacks": 200002, "damagingAttacks": 374416.5, "damageDone": {"1": 412065.10934400157, "2": 412065.10934400157, "3": 412065.10934400157, "4": 412065.10934400157}, "bleedDamage": {"1": 0.0, "2": 0.0, "3": 0.0, "4": 0.0}}