{"deaths": 12168, "totalAttacks": 400004, "damagingAttacks": 482569.5, "damageDone": {"1": 66430.83487426997, "2": 95494.32513176587, "3": 137273.09237687138, "4": 191767.13660971928}, "bleedDamage": {"1": 0.0, "2": 0.0, "3": 0.0, "4": 0.0}}