{"deaths": 11090, "totalAttacks": 100001, "damagingAttacks": 177396.25, "damageDone": {"1": 161412.714497042, "2": 161412.714497042, "3": 161412.714497042, "4": 161412.714497042}, "bleedDamage": {"1": 0.0, "2": 0.0, "3": 0.0, "4": 0.0}}