{"deaths": 15215, "totalAttacks": 200002, "damagingAttacks": 221580.75, "damageDone": {"1": 48363.14151874499, "2": 78590.10496792242, "3": 127708.92057293317, "4": 195719.58833354508}, "bleedDamage": {"1": 0.0, "2": 0.0, "3": 0.0, "4": 0.0}}