{"deaths": 15215, "totalAttacks": 395334, "damagingAttacks": 584421.75, "damageDone": {"1": 245611.01627226427, "2": 307013.77034001966, "3": 383767.2129253606, "4": 475871.3440273557}, "bleedDamage": {"1": 0.0, "2": 0.0, "3": 0.0, "4": 0.0}}