{"deaths": 11090, "totalAttacks": 200002, "damagingAttacks": 354554.0, "damageDone": {"1": 395562.84541426244, "2": 395562.84541426244, "3": 395562.84541426244, "4": 395562.84541426244}, "bleedDamage": {"1": 0.0, "2": 0.0, "3": 0.0, "4": 0.0}}