{"deaths": 11090, "totalAttacks": 200002, "damagingAttacks": 373462.75, "damageDone": {"1": 298715.23865855194, "2": 298715.23865855194, "3": 298715.23865855194, "4": 298715.23865855194}, "bleedDamage": {"1": 0.0, "2": 0.0, "3": 0.0, "4": 0.0}}