{"deaths": 12168, "totalAttacks": 400004, "damagingAttacks": 325908.5, "damageDone": {"1": 45287.89663461817, "2": 65101.35141228154, "3": 93583.19265508442, "4": 130733.42036323139}, "bleedDamage": {"1": 0.0, "2": 0.0, "3": 0.0, "4": 0.0}}