{"deaths": 11090, "totalAttacks": 200002, "damagingAttacks": 373462.75, "damageDone": {"1": 146213.1282052245, "2": 210181.3717948721, "3": 302135.72195526084, "4": 422076.17868583126}, "bleedDamage": {"1": 0.0, "2": 0.0, "3": 0.0, "4": 0.0}}