{"deaths": 12168, "totalAttacks": 131778, "damagingAttacks": 194807.25, "damageDone": {"1": 124812.45216960026, "2": 202820.23477573463, "3": 329582.88151039893, "4": 505100.3923740551}, "bleedDamage": {"1": 0.0, "2": 0.0, "3": 0.0, "4": 0.0}}