{"deaths": 11090, "totalAttacks": 100001, "damagingAttacks": 186731.375, "damageDone": {"1": 126278.52533289343, "2": 126278.52533289343, "3": 126278.52533289343, "4": 126278.52533289343}, "bleedDamage": {"1": 0.0, "2": 0.0, "3": 0.0, "4": 0.0}}