{"deaths": 12168, "totalAttacks": 4127112, "damagingAttacks": 4840852.5, "damageDone": {"1": 920927.6217337941, "2": 1323833.4562454976, "3": 1903010.5933519383, "4": 2658459.0330516244}, "bleedDamage": {"1": 0.0, "2": 0.0, "3": 0.0, "4": 0.0}, "loadoutDamage": {}}