{"deaths": 15215, "totalAttacks": 200002, "damagingAttacks": 253241.5, "damageDone": {"1": 61701.66148915326, "2": 100265.19991988555, "3": 162930.94986976506, "4": 249698.91133875432}, "bleedDamage": {"1": 0.0, "2": 0.0, "3": 0.0, "4": 0.0}}