{"deaths": {"1": 1482, "2": 3362, "3": 5908}, "totalAttacks": {"1": 36784.0, "2": 12768.0, "3": 17368.0}, "damagingAttacks": {"1": 22723.0, "2": 8031.0, "3": 6517.125}, "damageDone": {"1": {"1": 13210.761834319615, "2": 2728.8422090729396, "3": 2381.623767258384}, "2": {"1": 21467.487980769823, "2": 4434.368589743555, "3": 3870.1386217949157}, "3": {"1": 34884.66796875126, "2": 7205.84895833343, "3": 6288.975260416658}, "4": {"1": 53462.30179826226, "2": 11043.283314842252, "3": 9638.133683123773}}, "bleedDamage": {"1": {"1": 0.0, "2": 0.0, "3": 0.0}, "2": {"1": 0.0, "2": 0.0, "3": 0.0}, "3": {"1": 0.0, "2": 0.0, "3": 0.0}, "4": {"1": 0.0, "2": 0.0, "3": 0.0}}}