{"deaths": 15215, "totalAttacks": 300003, "damagingAttacks": 325209.0, "damageDone": {"1": 187464.05769241322, "2": 234330.0721154416, "3": 292912.5901443135, "4": 363211.6117788291}, "bleedDamage": {"1": 0.0, "2": 0.0, "3": 0.0, "4": 0.0}}