{"deaths": 12168, "totalAttacks": 400004, "damagingAttacks": 359269.0, "damageDone": {"1": 81656.92646701759, "2": 117381.83179627381, "3": 168736.38320703822, "4": 235720.58069955264}, "bleedDamage": {"1": 0.0, "2": 0.0, "3": 0.0, "4": 0.0}}