{"deaths": 11090, "totalAttacks": 200002, "damagingAttacks": 363384.25, "damageDone": {"1": 467291.8364151236, "2": 467291.8364151236, "3": 467291.8364151236, "4": 467291.8364151236}, "bleedDamage": {"1": 0.0, "2": 0.0, "3": 0.0, "4": 0.0}}