{"deaths": 11090, "totalAttacks": 200002, "damagingAttacks": 337906.75, "damageDone": {"1": 139697.1171104513, "2": 200814.605846366, "3": 288670.9959041708, "4": 403266.2872835983}, "bleedDamage": {"1": 0.0, "2": 0.0, "3": 0.0, "4": 0.0}}