{"deaths": 11090, "totalAttacks": 131778, "damagingAttacks": 256131.0, "damageDone": {"1": 150396.23890519104, "2": 150396.23890519104, "3": 150396.23890519104, "4": 150396.23890519104}, "bleedDamage": {"1": 0.0, "2": 0.0, "3": 0.0, "4": 0.0}}