{"deaths": {"1": 771, "2": 1903, "3": 3616}, "totalAttacks": {"1": 36784.0, "2": 12768.0, "3": 17368.0}, "damagingAttacks": {"1": 35352.0, "2": 11694.0, "3": 13659.875}, "damageDone": {"1": {"1": 53288.25246548759, "2": 10479.82149901405, "3": 12522.428747534452}, "2": {"1": 76601.86291912482, "2": 15064.743404832318, "3": 18000.991324580988}, "3": {"1": 110115.17794625243, "2": 21655.568644446415, "3": 25876.425029085436}, "4": {"1": 153828.19754686137, "2": 30252.29721785668, "3": 36148.729861046755}}, "bleedDamage": {"1": {"1": 0.0, "2": 0.0, "3": 0.0}, "2": {"1": 0.0, "2": 0.0, "3": 0.0}, "3": {"1": 0.0, "2": 0.0, "3": 0.0}, "4": {"1": 0.0, "2": 0.0, "3": 0.0}}}