{"deaths": 12168, "totalAttacks": 100001, "damagingAttacks": 126620.75, "damageDone": {"1": 75660.43589741885, "2": 122948.20833335571, "3": 199790.83854171837, "4": 306188.3265225309}, "bleedDamage": {"1": 0.0, "2": 0.0, "3": 0.0, "4": 0.0}}