{"deaths": 11090, "totalAttacks": 1031778, "damagingAttacks": 1885241.625, "damageDone": {"1": 1221091.3378377385, "2": 1221091.3378377385, "3": 1221091.3378377385, "4": 1221091.3378377385}, "bleedDamage": {"1": 0.0, "2": 0.0, "3": 0.0, "4": 0.0}, "loadoutDamage": {}}