{"deaths": 11090, "totalAttacks": 200002, "damagingAttacks": 382547.0, "damageDone": {"1": 168311.59664689336, "2": 241947.92018002662, "3": 347800.1352589735, "4": 485868.241882984}, "bleedDamage": {"1": 0.0, "2": 0.0, "3": 0.0, "4": 0.0}}