{"deaths": 11090, "totalAttacks": 200002, "damagingAttacks": 354792.5, "damageDone": {"1": 412145.95364892116, "2": 412145.95364892116, "3": 412145.95364892116, "4": 412145.95364892116}, "bleedDamage": {"1": 0.0, "2": 0.0, "3": 0.0, "4": 0.0}}