{"deaths": 11090, "totalAttacks": 200002, "damagingAttacks": 363384.25, "damageDone": {"1": 281969.842455794, "2": 405331.64852981886, "3": 582664.2447617908, "4": 813967.631151103}, "bleedDamage": {"1": 0.0, "2": 0.0, "3": 0.0, "4": 0.0}}