{"deaths": 11090, "totalAttacks": 200002, "damagingAttacks": 354554.0, "damageDone": {"1": 224024.11513825002, "2": 322034.66551107104, "3": 462924.83167197945, "4": 646694.6136212107}, "bleedDamage": {"1": 0.0, "2": 0.0, "3": 0.0, "4": 0.0}}