{"deaths": 11090, "totalAttacks": 200002, "damagingAttacks": 365598.75, "damageDone": {"1": 205167.0315583119, "2": 294927.6078649089, "3": 423958.43630575313, "4": 592259.5168808533}, "bleedDamage": {"1": 0.0, "2": 0.0, "3": 0.0, "4": 0.0}}