{"deaths": 15215, "totalAttacks": 100001, "damagingAttacks": 89817.25, "damageDone": {"1": 42346.54980275463, "2": 60873.16534149922, "3": 87505.17517835797, "4": 122242.57931346644}, "bleedDamage": {"1": 0.0, "2": 0.0, "3": 0.0, "4": 0.0}}