{"deaths": 15215, "totalAttacks": 300003, "damagingAttacks": 244431.375, "damageDone": {"1": 88172.76201927815, "2": 110215.95252408217, "3": 137769.94065506238, "4": 170834.7264121918}, "bleedDamage": {"1": 0.0, "2": 0.0, "3": 0.0, "4": 0.0}}