{"deaths": 12168, "totalAttacks": 100001, "damagingAttacks": 110790.375, "damageDone": {"1": 77288.95044376065, "2": 125594.5444712222, "3": 204091.13476563123, "4": 312778.721327323}, "bleedDamage": {"1": 0.0, "2": 0.0, "3": 0.0, "4": 0.0}}