{"deaths": {"1": 1482, "2": 3362, "3": 5908}, "totalAttacks": {"1": 18392.0, "2": 6384.0, "3": 8684.0}, "damagingAttacks": {"1": 11361.5, "2": 4015.5, "3": 3258.5625}, "damageDone": {"1": {"1": 13210.761834319615, "2": 2728.8422090729396, "3": 2381.623767258384}, "2": {"1": 18990.470136833053, "2": 3922.7106755423633, "3": 3423.584165433821}, "3": {"1": 27298.80082169839, "2": 5638.896596092215, "3": 4921.402237811312}, "4": {"1": 38135.75388890785, "2": 7877.399970722441, "3": 6875.077984390332}}, "bleedDamage": {"1": {"1": 0.0, "2": 0.0, "3": 0.0}, "2": {"1": 0.0, "2": 0.0, "3": 0.0}, "3": {"1": 0.0, "2": 0.0, "3": 0.0}, "4": {"1": 0.0, "2": 0.0, "3": 0.0}}}