{"deaths": 11090, "totalAttacks": 263556, "damagingAttacks": 512262.0, "damageDone": {"1": 443290.6301772241, "2": 443290.6301772241, "3": 443290.6301772241, "4": 443290.6301772241}, "bleedDamage": {"1": 0.0, "2": 0.0, "3": 0.0, "4": 0.0}}