{"deaths": 15215, "totalAttacks": 300003, "damagingAttacks": 379862.25, "damageDone": {"1": 233304.18694537523, "2": 291630.23368143314, "3": 364537.7921020463, "4": 452026.86220635456}, "bleedDamage": {"1": 0.0, "2": 0.0, "3": 0.0, "4": 0.0}}