{"deaths": 12168, "totalAttacks": 400004, "damagingAttacks": 443161.5, "damageDone": {"1": 89047.29166671618, "2": 128005.48177081437, "3": 184007.8800455305, "4": 257054.48649095668}, "bleedDamage": {"1": 0.0, "2": 0.0, "3": 0.0, "4": 0.0}}