{"deaths": 15215, "totalAttacks": 100001, "damagingAttacks": 126620.75, "damageDone": {"1": 61701.66148915326, "2": 88696.13839069403, "3": 127500.69893657979, "4": 178115.34312689328}, "bleedDamage": {"1": 0.0, "2": 0.0, "3": 0.0, "4": 0.0}}