{"deaths": 12168, "totalAttacks": 400004, "damagingAttacks": 521867.5, "damageDone": {"1": 75169.4249260591, "2": 108056.0483311521, "3": 155330.5694760949, "4": 216992.98836078544}, "bleedDamage": {"1": 0.0, "2": 0.0, "3": 0.0, "4": 0.0}}