{"deaths": 15215, "totalAttacks": 300003, "damagingAttacks": 361927.125, "damageDone": {"1": 129336.76830622247, "2": 161670.9603827572, "3": 202088.70047844024, "4": 250589.98859310907}, "bleedDamage": {"1": 0.0, "2": 0.0, "3": 0.0, "4": 0.0}}