{"deaths": 11090, "totalAttacks": 200002, "damagingAttacks": 351590.75, "damageDone": {"1": 167275.03920122978, "2": 240457.86885176145, "3": 345658.18647445575, "4": 482875.99206921476}, "bleedDamage": {"1": 0.0, "2": 0.0, "3": 0.0, "4": 0.0}}