{"deaths": 12168, "totalAttacks": 527112, "damagingAttacks": 779229.0, "damageDone": {"1": 126152.4087772569, "2": 181344.08761707446, "3": 260682.12594954827, "4": 364166.52377433184}, "bleedDamage": {"1": 0.0, "2": 0.0, "3": 0.0, "4": 0.0}}