{"deaths": 12168, "totalAttacks": 100001, "damagingAttacks": 81477.125, "damageDone": {"1": 48090.04930966407, "2": 78146.330128215, "3": 126987.78645832345, "4": 194614.41830002388}, "bleedDamage": {"1": 0.0, "2": 0.0, "3": 0.0, "4": 0.0}}