{"deaths": 11090, "totalAttacks": 200002, "damagingAttacks": 365598.75, "damageDone": {"1": 377381.5438855733, "2": 377381.5438855733, "3": 377381.5438855733, "4": 377381.5438855733}, "bleedDamage": {"1": 0.0, "2": 0.0, "3": 0.0, "4": 0.0}}