{"deaths": {"1": 1117, "2": 2599, "3": 5038}, "totalAttacks": {"1": 18392.0, "2": 6384.0, "3": 8684.0}, "damagingAttacks": {"1": 11361.5, "2": 4015.5, "3": 3258.5625}, "damageDone": {"1": {"1": 18907.145463511028, "2": 5184.751479290019, "3": 3897.318786982366}, "2": {"1": 30724.111378204023, "2": 8425.221153846249, "3": 6333.143028846183}, "3": {"1": 49926.680989581124, "2": 13690.984374999969, "3": 10291.357421875002}, "4": {"1": 76514.85429764468, "2": 20982.041142750484, "3": 15771.961966068344}}, "bleedDamage": {"1": {"1": 0.0, "2": 0.0, "3": 0.0}, "2": {"1": 0.0, "2": 0.0, "3": 0.0}, "3": {"1": 0.0, "2": 0.0, "3": 0.0}, "4": {"1": 0.0, "2": 0.0, "3": 0.0}}}