{"deaths": 15215, "totalAttacks": 131778, "damagingAttacks": 194807.25, "damageDone": {"1": 72094.11341228166, "2": 103635.28803020767, "3": 148975.72654315253, "4": 208115.42895191177}, "bleedDamage": {"1": 0.0, "2": 0.0, "3": 0.0, "4": 0.0}}