{"deaths": 11090, "totalAttacks": 263556, "damagingAttacks": 512262.0, "damageDone": {"1": 227559.75542415332, "2": 327117.148422036, "3": 470230.9008569712, "4": 656901.0127282061}, "bleedDamage": {"1": 0.0, "2": 0.0, "3": 0.0, "4": 0.0}}