{"deaths": 15215, "totalAttacks": 1031778, "damagingAttacks": 1210213.125, "damageDone": {"1": 500561.2490145534, "2": 719556.7954534043, "3": 1034362.8934662492, "4": 1444979.543053144}, "bleedDamage": {"1": 0.0, "2": 0.0, "3": 0.0, "4": 0.0}, "loadoutDamage": {}}