{"deaths": 11090, "totalAttacks": 100001, "damagingAttacks": 191273.5, "damageDone": {"1": 122493.74630172634, "2": 122493.74630172634, "3": 122493.74630172634, "4": 122493.74630172634}, "bleedDamage": {"1": 0.0, "2": 0.0, "3": 0.0, "4": 0.0}}