{"deaths": {"1": 771, "2": 1902, "3": 3610}, "totalAttacks": {"1": 18392.0, "2": 6384.0, "3": 8684.0}, "damagingAttacks": {"1": 17676.0, "2": 5847.0, "3": 6829.9375}, "damageDone": {"1": {"1": 31339.463757395017, "2": 7615.343934911204, "3": 7489.071745562087}, "2": {"1": 31339.463757395017, "2": 7615.343934911204, "3": 7489.071745562087}, "3": {"1": 31339.463757395017, "2": 7615.343934911204, "3": 7489.071745562087}, "4": {"1": 31339.463757395017, "2": 7615.343934911204, "3": 7489.071745562087}}, "bleedDamage": {"1": {"1": 0.0, "2": 0.0, "3": 0.0}, "2": {"1": 0.0, "2": 0.0, "3": 0.0}, "3": {"1": 0.0, "2": 0.0, "3": 0.0}, "4": {"1": 0.0, "2": 0.0, "3": 0.0}}}