{"deaths": 15215, "totalAttacks": 200002, "damagingAttacks": 260933.75, "damageDone": {"1": 44861.5951676543, "2": 72900.09214742754, "3": 118462.64973960388, "4": 181549.2679439992}, "bleedDamage": {"1": 0.0, "2": 0.0, "3": 0.0, "4": 0.0}}