{"deaths": 11090, "totalAttacks": 100001, "damagingAttacks": 182799.375, "damageDone": {"1": 132119.8955250749, "2": 132119.8955250749, "3": 132119.8955250749, "4": 132119.8955250749}, "bleedDamage": {"1": 0.0, "2": 0.0, "3": 0.0, "4": 0.0}}