{"deaths": 8352, "totalAttacks": 2063556, "damagingAttacks": 3770483.25, "damageDone": {"1": 3728448.7112897774, "2": 3728448.7112897774, "3": 3728448.7112897774, "4": 3728448.7112897774}, "bleedDamage": {"1": 0.0, "2": 0.0, "3": 0.0, "4": 0.0}, "loadoutDamage": {}}