{"deaths": 15215, "totalAttacks": 100001, "damagingAttacks": 108403.0, "damageDone": {"1": 50028.02120316743, "2": 71915.28047957388, "3": 103378.21568934614, "4": 144416.82683252313}, "bleedDamage": {"1": 0.0, "2": 0.0, "3": 0.0, "4": 0.0}}