{"deaths": 15215, "totalAttacks": 300003, "damagingAttacks": 391400.625, "damageDone": {"1": 146350.2681213662, "2": 182937.83515153688, "3": 228672.29393939977, "4": 283553.6444850351}, "bleedDamage": {"1": 0.0, "2": 0.0, "3": 0.0, "4": 0.0}}