{"deaths": 12168, "totalAttacks": 100001, "damagingAttacks": 108403.0, "damageDone": {"1": 85052.10404339989, "2": 138209.6690706537, "3": 224590.71223955796, "4": 344195.2335508543}, "bleedDamage": {"1": 0.0, "2": 0.0, "3": 0.0, "4": 0.0}}