{"deaths": 12168, "totalAttacks": 400004, "damagingAttacks": 467860.5, "damageDone": {"1": 134994.2902491571, "2": 194054.2922328353, "3": 278953.0450847208, "4": 389690.54880457465}, "bleedDamage": {"1": 0.0, "2": 0.0, "3": 0.0, "4": 0.0}}