{"deaths": 11090, "totalAttacks": 100001, "damagingAttacks": 168953.375, "damageDone": {"1": 90228.48650150847, "2": 90228.48650150847, "3": 90228.48650150847, "4": 90228.48650150847}, "bleedDamage": {"1": 0.0, "2": 0.0, "3": 0.0, "4": 0.0}}