{"deaths": 12168, "totalAttacks": 100001, "damagingAttacks": 120642.375, "damageDone": {"1": 62144.84023667933, "2": 100985.36538466181, "3": 164101.21874996385, "4": 251492.40033295914}, "bleedDamage": {"1": 0.0, "2": 0.0, "3": 0.0, "4": 0.0}}