{"deaths": 7015, "totalAttacks": 2063556, "damagingAttacks": 4092948.75, "damageDone": {"1": 679259.2083326635, "2": 1273611.015625, "3": 2388020.654296875, "4": 4022488.124350169}, "bleedDamage": {"1": 0.0, "2": 0.0, "3": 0.0, "4": 0.0}, "loadoutDamage": {}}