{"deaths": 11658, "totalAttacks": 200002, "damagingAttacks": 179634.5, "damageDone": {"1": 228716.2521707837, "2": 452639.57211919455, "3": 955732.7011209293, "4": 1937954.5387659003}, "bleedDamage": {"1": 102961.99450478582, "2": 167313.24107049903, "3": 271884.0167394583, "4": 416674.321511695}}