{"deaths": 11658, "totalAttacks": 200002, "damagingAttacks": 374416.5, "damageDone": {"1": 681391.6775090185, "2": 1017544.432846046, "3": 1618750.1325471345, "4": 2610365.2555130622}, "bleedDamage": {"1": 244668.82211368607, "2": 305836.0276423357, "3": 382295.0345533699, "4": 474045.84284582845}}