{"deaths": 251760, "totalAttacks": 100001, "damagingAttacks": 130230.0, "damageDone": {"1": 37249.645833328024, "2": 37249.645833328024, "3": 37249.645833328024, "4": 37249.645833328024}, "bleedDamage": {"1": 0.0, "2": 0.0, "3": 0.0, "4": 0.0}}