{"deaths": {"1": 1114, "2": 2497, "3": 4559}, "totalAttacks": {"1": 36784.0, "2": 12768.0, "3": 17368.0}, "damagingAttacks": {"1": 35352.0, "2": 11694.0, "3": 13659.875}, "damageDone": {"1": {"1": 123646.04520382079, "2": 30843.13000778947, "3": 34845.28160611774}, "2": {"1": 173228.71996881784, "2": 43736.464647390225, "3": 48891.80973351371}, "3": {"1": 255591.00500525007, "2": 65511.10065809013, "3": 72274.5968803359}, "4": {"1": 384849.2033470038, "2": 100085.29822782878, "3": 109027.31824586008}}, "bleedDamage": {"1": {"1": 54484.81318650753, "2": 15541.549450460176, "3": 19862.13564548885}, "2": {"1": 68106.0164831317, "2": 19426.936813076507, "3": 24827.669556863864}, "3": {"1": 85132.520603918, "2": 24283.67101634474, "3": 31034.58694607984}, "4": {"1": 105564.32554886228, "2": 30111.752060268005, "3": 38482.88781313913}}}