{"deaths": 251760, "totalAttacks": 100001, "damagingAttacks": 130466.875, "damageDone": {"1": 50271.729166660836, "2": 50271.729166660836, "3": 50271.729166660836, "4": 50271.729166660836}, "bleedDamage": {"1": 0.0, "2": 0.0, "3": 0.0, "4": 0.0}}