{"deaths": 11658, "totalAttacks": 100001, "damagingAttacks": 89817.25, "damageDone": {"1": 38323.22228292782, "2": 75843.35075324152, "3": 160140.59517171423, "4": 324719.65528655483}, "bleedDamage": {"1": 17252.098898312834, "2": 28034.660709771, "3": 45556.323653343476, "4": 69817.08772910804}}