{"deaths": 11658, "totalAttacks": 200002, "damagingAttacks": 354792.5, "damageDone": {"1": 672413.3809115246, "2": 1006188.8263335938, "3": 1604277.9765092824, "4": 2591936.9556782315}, "bleedDamage": {"1": 262952.952608058, "2": 328691.19076037715, "3": 410863.98845078767, "4": 509471.34567865543}}