{"deaths": 13689, "totalAttacks": 200002, "damagingAttacks": 374416.5, "damageDone": {"1": 681391.6775090185, "2": 876653.665220404, "3": 1195384.7132638996, "4": 1682113.5908791847}, "bleedDamage": {"1": 244668.82211368607, "2": 263489.5007378126, "3": 282310.17936192744, "4": 305474.0915151999}}