{"deaths": 13689, "totalAttacks": 100001, "damagingAttacks": 168953.375, "damageDone": {"1": 142305.6237718776, "2": 227851.57678406368, "3": 389337.4651457793, "4": 664542.6843526469}, "bleedDamage": {"1": 87063.37877599767, "2": 108829.22346986805, "3": 136036.52933767685, "4": 168685.29637864965}}