{"deaths": 13689, "totalAttacks": 131778, "damagingAttacks": 256131.0, "damageDone": {"1": 250628.79805179604, "2": 409591.52268718916, "3": 713434.9323040989, "4": 1234970.6638957707}, "bleedDamage": {"1": 133211.2376348884, "2": 166514.0470436107, "3": 208142.55880537306, "4": 258096.77291836077}}