{"deaths": 11658, "totalAttacks": 200002, "damagingAttacks": 260933.75, "damageDone": {"1": 53989.91786772662, "2": 101231.09600192826, "3": 189808.3050035822, "4": 319721.54487297375}, "bleedDamage": {"1": 0.0, "2": 0.0, "3": 0.0, "4": 0.0}}