{"deaths": {"1": 580, "2": 1411, "3": 2506}, "totalAttacks": {"1": 36784.0, "2": 12768.0, "3": 17368.0}, "damagingAttacks": {"1": 36745.0, "2": 12646.0, "3": 16767.375}, "damageDone": {"1": {"1": 17619.541666664092, "2": 4620.37500000001, "3": 4804.5208333333585}, "2": {"1": 33036.640625, "2": 8663.203125, "3": 9008.4765625}, "3": {"1": 61943.701171875, "2": 16243.505859375, "3": 16890.8935546875}, "4": {"1": 104340.72330729371, "2": 27361.283203125367, "3": 28451.77180989587}}, "bleedDamage": {"1": {"1": 0.0, "2": 0.0, "3": 0.0}, "2": {"1": 0.0, "2": 0.0, "3": 0.0}, "3": {"1": 0.0, "2": 0.0, "3": 0.0}, "4": {"1": 0.0, "2": 0.0, "3": 0.0}}}