{"deaths": 11658, "totalAttacks": 100001, "damagingAttacks": 191273.5, "damageDone": {"1": 142323.72100860864, "2": 320731.95056222455, "3": 764442.747215213, "4": 1694355.867674607}, "bleedDamage": {"1": 99421.67856968408, "2": 161560.2276759345, "3": 262535.3699731377, "4": 402347.1054617113}}