{"deaths": {"1": 1482, "2": 3173, "3": 5411}, "totalAttacks": {"1": 18392.0, "2": 6384.0, "3": 8684.0}, "damagingAttacks": {"1": 17676.0, "2": 5847.0, "3": 6829.9375}, "damageDone": {"1": {"1": 33879.4903645967, "2": 7956.787564566711, "3": 9011.998697330304}, "2": {"1": 48905.9034234561, "2": 11765.882443420998, "3": 13138.502688925904}, "3": {"1": 74846.91705761287, "2": 18514.095318450483, "3": 20342.000800596725}, "4": {"1": 116659.59311672843, "2": 29577.357129076852, "3": 32038.952950788545}}, "bleedDamage": {"1": {"1": 19132.81318649767, "2": 5457.549450460695, "3": 6974.7606454905535}, "2": {"1": 23916.016483131334, "2": 6821.9368130757, "3": 8718.450806863868}, "3": {"1": 29895.020603904628, "2": 8527.421016344753, "3": 10898.063508580746}, "4": {"1": 37069.825548846806, "2": 10574.002060268553, "3": 13513.59875063929}}}