{"deaths": {"1": 42716, "2": 77136, "3": 103144}, "totalAttacks": {"1": 18392.0, "2": 6384.0, "3": 8684.0}, "damagingAttacks": {"1": 11361.5, "2": 4015.5, "3": 3258.5625}, "damageDone": {"1": {"1": 10225.70833333306, "2": 2334.7083333333535, "3": 1457.2291666666683}, "2": {"1": 10225.70833333306, "2": 2334.7083333333535, "3": 1457.2291666666683}, "3": {"1": 10225.70833333306, "2": 2334.7083333333535, "3": 1457.2291666666683}, "4": {"1": 10225.70833333306, "2": 2334.7083333333535, "3": 1457.2291666666683}}, "bleedDamage": {"1": {"1": 0.0, "2": 0.0, "3": 0.0}, "2": {"1": 0.0, "2": 0.0, "3": 0.0}, "3": {"1": 0.0, "2": 0.0, "3": 0.0}, "4": {"1": 0.0, "2": 0.0, "3": 0.0}}}