{"deaths": 11658, "totalAttacks": 100001, "damagingAttacks": 130230.0, "damageDone": {"1": 122497.88162868957, "2": 259773.88693629895, "3": 587231.6107023455, "4": 1254798.4521315987}, "bleedDamage": {"1": 67478.72389995566, "2": 109652.92633760985, "3": 178186.0052982659, "4": 273077.9607827972}}