{"deaths": 11658, "totalAttacks": 200002, "damagingAttacks": 354554.0, "damageDone": {"1": 108322.97338417586, "2": 116655.50979839798, "3": 124988.04621255156, "4": 135243.47564547605}, "bleedDamage": {"1": 0.0, "2": 0.0, "3": 0.0, "4": 0.0}}