{"deaths": 11658, "totalAttacks": 200002, "damagingAttacks": 337906.75, "damageDone": {"1": 67902.17580009362, "2": 141337.37400515584, "3": 313960.1507817052, "4": 662311.9449365874}, "bleedDamage": {"1": 41542.931998810265, "2": 67507.26449809606, "3": 109699.30480916778, "4": 168119.05293274784}}