{"deaths": {"1": 1482, "2": 3173, "3": 5411}, "totalAttacks": {"1": 36784.0, "2": 12768.0, "3": 17368.0}, "damagingAttacks": {"1": 35352.0, "2": 11694.0, "3": 13659.875}, "damageDone": {"1": {"1": 123646.04520382079, "2": 30843.13000778947, "3": 34845.28160611774}, "2": {"1": 149243.20489622635, "2": 37680.64646544293, "3": 42122.174539643485}, "3": {"1": 188744.1267731429, "2": 48377.428178281836, "3": 53372.01000394087}, "4": {"1": 247995.97451787966, "2": 64494.74457284722, "3": 70256.96247337507}}, "bleedDamage": {"1": {"1": 54484.81318650753, "2": 15541.549450460176, "3": 19862.13564548885}, "2": {"1": 58675.95266240475, "2": 16737.053254341026, "3": 21389.992233605662}, "3": {"1": 62867.09213828515, "2": 17932.55705822339, "3": 22917.848821721433}, "4": {"1": 68025.41764703632, "2": 19403.946355309043, "3": 24798.287699399505}}}