{"deaths": 11658, "totalAttacks": 100001, "damagingAttacks": 177277.0, "damageDone": {"1": 131250.27958969085, "2": 275982.7284289183, "3": 618971.946364685, "4": 1315049.9831627586}, "bleedDamage": {"1": 79725.46703164323, "2": 129553.88392659818, "3": 210525.06138029293, "4": 322638.9993936316}}