{"deaths": 13689, "totalAttacks": 200002, "damagingAttacks": 351590.75, "damageDone": {"1": 530103.99084201, "2": 675613.0807045958, "3": 911646.4538397392, "4": 1271393.3101874623}, "bleedDamage": {"1": 189166.23317179843, "2": 203717.48187730613, "3": 218268.73058281525, "4": 236177.95975911163}}