{"deaths": 11658, "totalAttacks": 200002, "damagingAttacks": 365598.75, "damageDone": {"1": 73237.89013721277, "2": 137321.04400739179, "3": 257476.95751425967, "4": 433705.63065668}, "bleedDamage": {"1": 0.0, "2": 0.0, "3": 0.0, "4": 0.0}}