{"deaths": 8367, "totalAttacks": 200002, "damagingAttacks": 394276.25, "damageDone": {"1": 45329.54166666515, "2": 84992.890625, "3": 159361.669921875, "4": 268435.87955731194}, "bleedDamage": {"1": 0.0, "2": 0.0, "3": 0.0, "4": 0.0}}