{"deaths": 251760, "totalAttacks": 100001, "damagingAttacks": 120642.375, "damageDone": {"1": 15425.333333332503, "2": 15425.333333332503, "3": 15425.333333332503, "4": 15425.333333332503}, "bleedDamage": {"1": 0.0, "2": 0.0, "3": 0.0, "4": 0.0}}