{"deaths": 11658, "totalAttacks": 200002, "damagingAttacks": 351590.75, "damageDone": {"1": 85879.80025045319, "2": 92485.9387312608, "3": 99092.07721201291, "4": 107222.70918844097}, "bleedDamage": {"1": 0.0, "2": 0.0, "3": 0.0, "4": 0.0}}