{"deaths": 9794, "totalAttacks": 1031778, "damagingAttacks": 1885241.625, "damageDone": {"1": 3039268.8293974735, "2": 3799086.036731109, "3": 4748857.545911127, "4": 5888583.356904159}, "bleedDamage": {"1": 1414210.7773858, "2": 1767763.4717258974, "3": 2209704.3396446905, "4": 2740033.381139429}, "loadoutDamage": {}}