{"deaths": 11658, "totalAttacks": 131778, "damagingAttacks": 194807.25, "damageDone": {"1": 88186.76110626939, "2": 188628.24966180715, "3": 429770.44993199455, "4": 923536.9874178143}, "bleedDamage": {"1": 48226.06729998631, "2": 78367.35936225904, "3": 127346.9589639513, "4": 195164.8661046082}}