{"deaths": 11658, "totalAttacks": 131778, "damagingAttacks": 256131.0, "damageDone": {"1": 196812.39397757297, "2": 445017.322873298, "3": 1063596.0935833878, "4": 2361706.9167659106}, "bleedDamage": {"1": 133211.2376348884, "2": 216468.26115702774, "3": 351760.9243802666, "4": 539089.2273041232}}