{"deaths": 251760, "totalAttacks": 100001, "damagingAttacks": 116965.125, "damageDone": {"1": 48779.989583328366, "2": 48779.989583328366, "3": 48779.989583328366, "4": 48779.989583328366}, "bleedDamage": {"1": 0.0, "2": 0.0, "3": 0.0, "4": 0.0}}