{"deaths": 11658, "totalAttacks": 200002, "damagingAttacks": 221580.75, "damageDone": {"1": 58203.949918920676, "2": 109132.40609792413, "3": 204623.26143366192, "4": 344676.5159262714}, "bleedDamage": {"1": 0.0, "2": 0.0, "3": 0.0, "4": 0.0}}