{"deaths": 13689, "totalAttacks": 200002, "damagingAttacks": 363384.25, "damageDone": {"1": 734876.6900594069, "2": 942433.9513980229, "3": 1280531.5019688024, "4": 1796505.0313209458}, "bleedDamage": {"1": 269009.7105063625, "2": 289702.7651606938, "3": 310395.8198150175, "4": 335864.1947747465}}