{"deaths": 8367, "totalAttacks": 200002, "damagingAttacks": 399315.0, "damageDone": {"1": 59368.729166636615, "2": 111316.3671875, "3": 208718.1884765625, "4": 351574.19303376426}, "bleedDamage": {"1": 0.0, "2": 0.0, "3": 0.0, "4": 0.0}}