{"deaths": 11658, "totalAttacks": 100001, "damagingAttacks": 89817.25, "damageDone": {"1": 80315.68926420104, "2": 158948.29894217174, "3": 335613.80056809133, "4": 680529.4904333807}, "bleedDamage": {"1": 36155.99450488688, "2": 58753.49107050571, "3": 95474.42298942324, "4": 146318.7902620628}}