{"deaths": 11658, "totalAttacks": 200002, "damagingAttacks": 260933.75, "damageDone": {"1": 329953.83158565126, "2": 706874.4350154626, "3": 1612846.1484339165, "4": 3469389.1537450873}, "bleedDamage": {"1": 192636.6500673546, "2": 313034.55635981227, "3": 508681.1540846592, "4": 779576.4432416472}}