{"deaths": 11658, "totalAttacks": 200002, "damagingAttacks": 179634.5, "damageDone": {"1": 50963.11750147433, "2": 95555.84531520872, "3": 179167.20996598134, "4": 301797.21145388565}, "bleedDamage": {"1": 0.0, "2": 0.0, "3": 0.0, "4": 0.0}}