{"deaths": 8367, "totalAttacks": 200002, "damagingAttacks": 395171.0, "damageDone": {"1": 112860.39583330836, "2": 211613.2421875, "3": 396774.8291015625, "4": 668345.1565755414}, "bleedDamage": {"1": 0.0, "2": 0.0, "3": 0.0, "4": 0.0}}