{"deaths": 11658, "totalAttacks": 200002, "damagingAttacks": 241284.75, "damageDone": {"1": 237858.70334220649, "2": 485751.03183194937, "3": 1059178.741792311, "4": 2203179.0306534967}, "bleedDamage": {"1": 118779.61297999628, "2": 193016.87109265226, "3": 313652.41552568105, "4": 480686.2462786089}}