{"deaths": 11658, "totalAttacks": 100001, "damagingAttacks": 130466.875, "damageDone": {"1": 55286.38175446616, "2": 118442.41868287564, "3": 270245.16564909596, "4": 581323.6727299758}, "bleedDamage": {"1": 32277.79875853709, "2": 52451.42298259635, "3": 85233.5623467234, "4": 130624.21685090532}}