{"deaths": {"1": 1114, "2": 2497, "3": 4559}, "totalAttacks": {"1": 36784.0, "2": 12768.0, "3": 17368.0}, "damagingAttacks": {"1": 22723.0, "2": 8031.0, "3": 6517.125}, "damageDone": {"1": {"1": 15898.853880236276, "2": 3284.1000457341615, "3": 2866.230483012041}, "2": {"1": 29810.351025442676, "2": 6157.687585751484, "3": 5374.182155647574}, "3": {"1": 55894.40817271325, "2": 11545.664223284643, "3": 10076.591541839407}, "4": {"1": 94151.0253220246, "2": 19448.02995833266, "3": 16973.45864158771}}, "bleedDamage": {"1": {"1": 0.0, "2": 0.0, "3": 0.0}, "2": {"1": 0.0, "2": 0.0, "3": 0.0}, "3": {"1": 0.0, "2": 0.0, "3": 0.0}, "4": {"1": 0.0, "2": 0.0, "3": 0.0}}}