{"deaths": 11658, "totalAttacks": 200002, "damagingAttacks": 337906.75, "damageDone": {"1": 50016.26708365067, "2": 93780.50078184005, "3": 175838.438966028, "4": 296190.0816359569}, "bleedDamage": {"1": 0.0, "2": 0.0, "3": 0.0, "4": 0.0}}