{"deaths": 11658, "totalAttacks": 100001, "damagingAttacks": 177396.25, "damageDone": {"1": 149961.325362471, "2": 319317.50105670746, "3": 724549.0662731942, "4": 1552415.3582388435}, "bleedDamage": {"1": 92338.20260830078, "2": 150049.57923868173, "3": 243830.5662625291, "4": 373681.1636805721}}