{"deaths": {"1": 1114, "2": 2497, "3": 4559}, "totalAttacks": {"1": 36784.0, "2": 12768.0, "3": 17368.0}, "damagingAttacks": {"1": 35352.0, "2": 11694.0, "3": 13659.875}, "damageDone": {"1": {"1": 25081.03605728485, "2": 5514.60187719958, "3": 6497.876774161566}, "2": {"1": 27010.346523231925, "2": 5938.802021599743, "3": 6997.713449097301}, "3": {"1": 28939.656989171643, "2": 6363.002165999506, "3": 7497.550124032514}, "4": {"1": 31314.19294726, "2": 6885.09465141511, "3": 8112.733723953495}}, "bleedDamage": {"1": {"1": 0.0, "2": 0.0, "3": 0.0}, "2": {"1": 0.0, "2": 0.0, "3": 0.0}, "3": {"1": 0.0, "2": 0.0, "3": 0.0}, "4": {"1": 0.0, "2": 0.0, "3": 0.0}}}