{"deaths": 8367, "totalAttacks": 200002, "damagingAttacks": 396266.75, "damageDone": {"1": 97453.6770833345, "2": 182725.64453125, "3": 342610.58349609375, "4": 577108.4939776097}, "bleedDamage": {"1": 0.0, "2": 0.0, "3": 0.0, "4": 0.0}}