{"deaths": 9794, "totalAttacks": 2063556, "damagingAttacks": 3770483.25, "damageDone": {"1": 1661758.496634603, "2": 2700357.5570189552, "3": 4388081.030182499, "4": 6724928.916105976}, "bleedDamage": {"1": 773237.5473336185, "2": 1256511.0144094785, "3": 2041830.3984375, "4": 3129195.6994044553}, "loadoutDamage": {}}