{"deaths": 11658, "totalAttacks": 2063556, "damagingAttacks": 3770483.25, "damageDone": {"1": 1028676.9452019128, "2": 1928769.2722589208, "3": 3616442.3854708215, "4": 6091696.284903405}, "bleedDamage": {"1": 0.0, "2": 0.0, "3": 0.0, "4": 0.0}, "loadoutDamage": {}}