{"deaths": 11658, "totalAttacks": 200002, "damagingAttacks": 354792.5, "damageDone": {"1": 112864.17742489355, "2": 121546.03722686644, "3": 130227.89702868668, "4": 140913.26293886628}, "bleedDamage": {"1": 0.0, "2": 0.0, "3": 0.0, "4": 0.0}}