{"deaths": 11658, "totalAttacks": 200002, "damagingAttacks": 233930.25, "damageDone": {"1": 78386.54467017269, "2": 146974.77125648496, "3": 275577.6961062964, "4": 464195.3192190194}, "bleedDamage": {"1": 0.0, "2": 0.0, "3": 0.0, "4": 0.0}}