{"deaths": 11658, "totalAttacks": 200002, "damagingAttacks": 382547.0, "damageDone": {"1": 67901.83642282416, "2": 127315.9432929031, "3": 238717.39367444647, "4": 402106.18756648793}, "bleedDamage": {"1": 0.0, "2": 0.0, "3": 0.0, "4": 0.0}}