{"deaths": 13689, "totalAttacks": 100001, "damagingAttacks": 177396.25, "damageDone": {"1": 190934.21341130463, "2": 296844.95702715387, "3": 492747.39572671556, "4": 822626.300408147}, "bleedDamage": {"1": 92338.20260830078, "2": 115422.7532602462, "3": 144278.44157574163, "4": 178905.26755378678}}