{"deaths": 11658, "totalAttacks": 100001, "damagingAttacks": 168953.375, "damageDone": {"1": 108540.63896816157, "2": 241338.9495137462, "3": 568819.6530983286, "4": 1251394.0629870787}, "bleedDamage": {"1": 87063.37877599767, "2": 141477.99051117012, "3": 229901.7345802986, "4": 352334.61098408786}}