{"deaths": 11658, "totalAttacks": 100001, "damagingAttacks": 108403.0, "damageDone": {"1": 107843.58800462878, "2": 221393.19865565072, "3": 485250.36478154967, "4": 1013370.0289801853}, "bleedDamage": {"1": 56341.999999016174, "2": 91555.74999851735, "3": 148778.09374744954, "4": 228009.03124618196}}