{"deaths": 11658, "totalAttacks": 100001, "damagingAttacks": 108403.0, "damageDone": {"1": 51458.36178158332, "2": 105639.39426695647, "3": 231540.78316185577, "4": 483536.96807312337}, "bleedDamage": {"1": 26883.99999568756, "2": 43686.49999290109, "3": 70990.56248858178, "4": 108796.18748249924}}