{"deaths": 11658, "totalAttacks": 263556, "damagingAttacks": 512262.0, "damageDone": {"1": 119589.37570307378, "2": 254071.49271628406, "3": 575311.0321280665, "4": 1230825.1096622902}, "bleedDamage": {"1": 63562.72251736516, "2": 103289.42409028023, "3": 167845.3141470789, "4": 257230.392686864}}