{"deaths": 11658, "totalAttacks": 100001, "damagingAttacks": 181692.125, "damageDone": {"1": 166341.65606168332, "2": 350331.04891913396, "3": 786898.5911407879, "4": 1673657.7631917961}, "bleedDamage": {"1": 94465.0855065982, "2": 153505.7639483809, "3": 249446.86641589052, "4": 382288.392909422}}