{"deaths": 11658, "totalAttacks": 200002, "damagingAttacks": 354554.0, "damageDone": {"1": 82570.46420436051, "2": 164095.25947980437, "3": 348010.13263661665, "4": 708194.3358370913}, "bleedDamage": {"1": 38041.59340045067, "2": 61817.58927580917, "3": 100453.58257296545, "4": 153949.5732925127}}