{"deaths": 13689, "totalAttacks": 100001, "damagingAttacks": 182799.375, "damageDone": {"1": 185681.71448416373, "2": 293459.4912174911, "3": 495167.6073560269, "4": 837195.1870124186}, "bleedDamage": {"1": 94970.43921538087, "2": 118713.04901910375, "3": 148391.31127441354, "4": 184005.22598015904}}