{"deaths": 13689, "totalAttacks": 200002, "damagingAttacks": 354792.5, "damageDone": {"1": 672413.3809115246, "2": 866870.3734557505, "3": 1184697.582651365, "4": 1670238.4352689092}, "bleedDamage": {"1": 262952.952608058, "2": 283180.10280867247, "3": 303407.2530092799, "4": 328302.20710294496}}