{"deaths": 11658, "totalAttacks": 200002, "damagingAttacks": 363384.25, "damageDone": {"1": 100476.43203275662, "2": 201459.1291284233, "3": 431205.6017976174, "4": 884008.5767468589}, "bleedDamage": {"1": 45074.710844410336, "2": 73246.4051221396, "3": 119025.40832327519, "4": 182411.7204484012}}