{"deaths": 11658, "totalAttacks": 200002, "damagingAttacks": 260460.0, "damageDone": {"1": 348839.1451490212, "2": 739762.1856485135, "3": 1672268.6985164974, "4": 3573309.29773061}, "bleedDamage": {"1": 192160.2238997758, "2": 312260.36383765156, "3": 507423.091235899, "4": 777648.4060946888}}