{"deaths": 8367, "totalAttacks": 200002, "damagingAttacks": 392665.75, "damageDone": {"1": 50845.1145833191, "2": 95334.58984375, "3": 178752.35595703125, "4": 301098.4129233039}, "bleedDamage": {"1": 0.0, "2": 0.0, "3": 0.0, "4": 0.0}}