{"deaths": 11658, "totalAttacks": 200002, "damagingAttacks": 253241.5, "damageDone": {"1": 74256.55783418461, "2": 139231.0459390228, "3": 261058.21113581056, "4": 439738.053424582}, "bleedDamage": {"1": 0.0, "2": 0.0, "3": 0.0, "4": 0.0}}