{"deaths": 11658, "totalAttacks": 200002, "damagingAttacks": 354554.0, "damageDone": {"1": 623309.4478303904, "2": 916486.5736224751, "3": 1432907.3703281444, "4": 2276414.905446152}, "bleedDamage": {"1": 227035.46703140627, "2": 283794.3337894, "3": 354742.91723697435, "4": 439881.2173738528}}