{"deaths": 11658, "totalAttacks": 200002, "damagingAttacks": 162954.25, "damageDone": {"1": 32264.883699121438, "2": 60496.656935796535, "3": 113431.23175462328, "4": 191068.60815560873}, "bleedDamage": {"1": 0.0, "2": 0.0, "3": 0.0, "4": 0.0}}