{"deaths": 11658, "totalAttacks": 200002, "damagingAttacks": 221580.75, "damageDone": {"1": 307595.38316230767, "2": 637256.8554596764, "3": 1409206.9368694616, "4": 2962772.568144052}, "bleedDamage": {"1": 163610.29429832235, "2": 265866.7282351432, "3": 432033.43338207627, "4": 662110.4097389566}}