{"deaths": 11658, "totalAttacks": 200002, "damagingAttacks": 363384.25, "damageDone": {"1": 84960.09483603753, "2": 159300.177817685, "3": 298687.8334080789, "4": 503123.06160713825}, "bleedDamage": {"1": 0.0, "2": 0.0, "3": 0.0, "4": 0.0}}