{"deaths": 9794, "totalAttacks": 2063556, "damagingAttacks": 3770483.25, "damageDone": {"1": 8330083.397651659, "2": 10412604.247025486, "3": 13015755.308881707, "4": 16139536.583011437}, "bleedDamage": {"1": 3133646.902374831, "2": 3917058.6278922865, "3": 4896323.284976222, "4": 6071440.873307452}, "loadoutDamage": {}}