{"deaths": 11658, "totalAttacks": 100001, "damagingAttacks": 120642.375, "damageDone": {"1": 39855.112496787886, "2": 81391.43847609701, "3": 177473.79984481118, "4": 369160.12272600137}, "bleedDamage": {"1": 19902.466342944237, "2": 32341.50780728824, "3": 52554.95018683679, "4": 80542.79348161469}}