{"deaths": 11658, "totalAttacks": 100001, "damagingAttacks": 81477.125, "damageDone": {"1": 30759.19249533378, "2": 64867.335878997736, "3": 145881.84086035987, "4": 310555.9466813916}, "bleedDamage": {"1": 19947.85233196147, "2": 32415.260039399633, "3": 52674.797564061126, "4": 80726.46490588736}}