{"deaths": 11658, "totalAttacks": 100001, "damagingAttacks": 110790.375, "damageDone": {"1": 108014.77804340898, "2": 223778.2540538463, "3": 494855.19885932654, "4": 1040403.2012801662}, "bleedDamage": {"1": 57453.1692984401, "2": 93361.40011009807, "3": 151712.2751787382, "4": 232505.79450479467}}