{"deaths": 13689, "totalAttacks": 200002, "damagingAttacks": 337906.75, "damageDone": {"1": 522293.9006153424, "2": 685066.472489866, "3": 953804.1798415014, "4": 1365613.610801763}, "bleedDamage": {"1": 247931.7537757539, "2": 267003.42714310763, "3": 286075.10051046277, "4": 309547.929270863}}