{"deaths": 11658, "totalAttacks": 200002, "damagingAttacks": 382547.0, "damageDone": {"1": 87655.36253769012, "2": 185124.5071061419, "3": 416897.4397149396, "4": 888378.1051750723}, "bleedDamage": {"1": 47439.78570667832, "2": 77089.65177327102, "3": 125270.68413142259, "4": 191982.8827815294}}