{"deaths": 8367, "totalAttacks": 263556, "damagingAttacks": 526585.5, "damageDone": {"1": 70959.35416670129, "2": 133048.7890625, "3": 249466.4794921875, "4": 420212.42545584193}, "bleedDamage": {"1": 0.0, "2": 0.0, "3": 0.0, "4": 0.0}}