{"deaths": 8367, "totalAttacks": 200002, "damagingAttacks": 397489.25, "damageDone": {"1": 67094.35416664292, "2": 125801.9140625, "3": 235878.5888671875, "4": 397324.37858113163}, "bleedDamage": {"1": 0.0, "2": 0.0, "3": 0.0, "4": 0.0}}