{"deaths": 11658, "totalAttacks": 1031778, "damagingAttacks": 1885241.625, "damageDone": {"1": 2587735.246066688, "2": 4205069.774780845, "3": 6833238.384089239, "4": 10472241.073861722}, "bleedDamage": {"1": 1414210.7773858, "2": 2298092.513193225, "3": 3734400.333984375, "4": 5723134.239684363}, "loadoutDamage": {}}