{"deaths": 11658, "totalAttacks": 100001, "damagingAttacks": 186731.375, "damageDone": {"1": 132184.80490871292, "2": 300791.4664311679, "3": 722617.9374113677, "4": 1610008.2348291788}, "bleedDamage": {"1": 97042.1864680812, "2": 157693.5530108575, "3": 256252.02364232895, "4": 392717.5983631282}}