{"deaths": 11658, "totalAttacks": 2063556, "damagingAttacks": 3770483.25, "damageDone": {"1": 8734632.722416345, "2": 10918290.902971497, "3": 13647863.628828537, "4": 16923350.899737358}, "bleedDamage": {"1": 3133646.902374831, "2": 3917058.6278922865, "3": 4896323.284976222, "4": 6071440.873307452}, "loadoutDamage": {}}