{"deaths": {"1": 1114, "2": 2497, "3": 4559}, "totalAttacks": {"1": 36784.0, "2": 12768.0, "3": 17368.0}, "damagingAttacks": {"1": 35352.0, "2": 11694.0, "3": 13659.875}, "damageDone": {"1": {"1": 17372.373740560473, "2": 4221.406020993781, "3": 4151.409683998415}, "2": {"1": 32573.200763548415, "2": 7915.136289363149, "3": 7783.893157496904}, "3": {"1": 61074.75143166001, "2": 14840.880542556622, "3": 14594.799670307848}, "4": {"1": 102877.0257448789, "2": 24998.63878057189, "3": 24584.129222429357}}, "bleedDamage": {"1": {"1": 0.0, "2": 0.0, "3": 0.0}, "2": {"1": 0.0, "2": 0.0, "3": 0.0}, "3": {"1": 0.0, "2": 0.0, "3": 0.0}, "4": {"1": 0.0, "2": 0.0, "3": 0.0}}}