{"deaths": 13689, "totalAttacks": 1031778, "damagingAttacks": 1885241.625, "damageDone": {"1": 3221841.4142770227, "2": 4027301.767829725, "3": 5034127.20978276, "4": 6242317.740102405}, "bleedDamage": {"1": 1414210.7773858, "2": 1767763.4717258974, "3": 2209704.3396446905, "4": 2740033.381139429}, "loadoutDamage": {}}