{"deaths": 11658, "totalAttacks": 200002, "damagingAttacks": 373462.75, "damageDone": {"1": 81387.19983677028, "2": 173285.51391502138, "3": 393163.52669116494, "4": 842342.7487913535}, "bleedDamage": {"1": 46304.39353652732, "2": 75244.63949679145, "3": 122272.53918213272, "4": 187388.0925929526}}