{"deaths": 11658, "totalAttacks": 100001, "damagingAttacks": 116965.125, "damageDone": {"1": 131412.75293344303, "2": 264914.862758867, "3": 570172.3910575297, "4": 1174034.7671365293}, "bleedDamage": {"1": 60637.77712803337, "2": 98536.38783320891, "3": 160121.63022883257, "4": 245393.50431518527}}