{"deaths": 13689, "totalAttacks": 100001, "damagingAttacks": 191273.5, "damageDone": {"1": 183703.25981294902, "2": 298441.30855273234, "3": 516988.5159005189, "4": 891370.260263562}, "bleedDamage": {"1": 99421.67856968408, "2": 124277.09821199805, "3": 155346.37276555432, "4": 192629.50222919375}}