{"deaths": 11658, "totalAttacks": 200002, "damagingAttacks": 363384.25, "damageDone": {"1": 127965.61088959439, "2": 137809.1194195637, "3": 147652.6279496033, "4": 159767.715371117}, "bleedDamage": {"1": 0.0, "2": 0.0, "3": 0.0, "4": 0.0}}