{"deaths": 4339, "totalAttacks": 2063556, "damagingAttacks": 3770483.25, "damageDone": {"1": 8568663.812015647, "2": 10710829.764974665, "3": 13388537.206326624, "4": 16601786.13583833}, "bleedDamage": {"1": 3133646.902374831, "2": 3917058.6278922865, "3": 4896323.284976222, "4": 6071440.873307452}, "loadoutDamage": {}}