{"deaths": 9794, "totalAttacks": 1031778, "damagingAttacks": 1210213.125, "damageDone": {"1": 1016834.9244007405, "2": 1652356.7521323075, "3": 2685079.722228997, "4": 4115003.8346623527}, "bleedDamage": {"1": 490800.8609520447, "2": 797551.399031443, "3": 1296021.0234375, "4": 1986209.7341498611}, "loadoutDamage": {}}