{"deaths": 11658, "totalAttacks": 200002, "damagingAttacks": 351590.75, "damageDone": {"1": 68312.02675975036, "2": 137486.70869495958, "3": 295420.83805446705, "4": 607502.5149660553}, "bleedDamage": {"1": 31696.302879472114, "2": 51506.492179237524, "3": 83698.04979105835, "4": 128270.9757154879}}