{"deaths": 13689, "totalAttacks": 100001, "damagingAttacks": 187208.25, "damageDone": {"1": 190974.62396222405, "2": 296942.0815275612, "3": 492966.29981139174, "4": 823067.2901194238}, "bleedDamage": {"1": 85917.5721139199, "2": 107396.96514229433, "3": 134246.20642821354, "4": 166465.2959708653}}