{"deaths": 11658, "totalAttacks": 200002, "damagingAttacks": 382547.0, "damageDone": {"1": 658942.1293949813, "2": 1019635.3427331136, "3": 1684435.4971858251, "4": 2801496.081528948}, "bleedDamage": {"1": 283124.6785694406, "2": 353905.84821191174, "3": 442382.3102648137, "4": 548554.0647289125}}