{"deaths": 251760, "totalAttacks": 100001, "damagingAttacks": 81477.125, "damageDone": {"1": 17756.30208333317, "2": 17756.30208333317, "3": 17756.30208333317, "4": 17756.30208333317}, "bleedDamage": {"1": 0.0, "2": 0.0, "3": 0.0, "4": 0.0}}