{"deaths": 11658, "totalAttacks": 200002, "damagingAttacks": 382547.0, "damageDone": {"1": 91361.68154615621, "2": 98389.50320354439, "3": 105417.32486084143, "4": 114066.95151623776}, "bleedDamage": {"1": 0.0, "2": 0.0, "3": 0.0, "4": 0.0}}