{"deaths": 11658, "totalAttacks": 100001, "damagingAttacks": 120642.375, "damageDone": {"1": 83526.14003193605, "2": 170575.6742777839, "3": 371939.7720689362, "4": 773665.3636970276}, "bleedDamage": {"1": 41710.487980032056, "2": 67779.5429676369, "3": 110141.75732232131, "4": 168797.13104431916}}