{"deaths": 11658, "totalAttacks": 200002, "damagingAttacks": 216806.0, "damageDone": {"1": 307107.88259502186, "2": 630464.8956704591, "3": 1381855.0997239633, "4": 2885789.777991774}, "bleedDamage": {"1": 160445.9999989076, "2": 260724.7499984888, "3": 423677.71874790033, "4": 649304.9062465677}}