{"deaths": 11658, "totalAttacks": 1031778, "damagingAttacks": 1210213.125, "damageDone": {"1": 1080196.6122608508, "2": 1755319.4949029689, "3": 2852394.179232794, "4": 4371420.665219243}, "bleedDamage": {"1": 490800.8609520447, "2": 797551.399031443, "3": 1296021.0234375, "4": 1986209.7341498611}, "loadoutDamage": {}}