{"deaths": 13689, "totalAttacks": 200002, "damagingAttacks": 382547.0, "damageDone": {"1": 658942.1293949813, "2": 878455.0645080276, "3": 1243890.828690844, "4": 1805277.8719686083}, "bleedDamage": {"1": 283124.6785694406, "2": 304903.4999978554, "3": 326682.3214262575, "4": 353487.02472321544}}