{"deaths": 11658, "totalAttacks": 200002, "damagingAttacks": 374416.5, "damageDone": {"1": 91124.9474611966, "2": 184194.52973325137, "3": 397526.0222159635, "4": 820304.4147022321}, "bleedDamage": {"1": 40996.20191647535, "2": 66618.82811432381, "3": 108255.59568551168, "4": 165906.5046307537}}