{"deaths": 9794, "totalAttacks": 2063556, "damagingAttacks": 2420426.25, "damageDone": {"1": 4120857.32518695, "2": 6696393.153398223, "3": 10881638.874296572, "4": 16676594.487914441}, "bleedDamage": {"1": 1989035.068058018, "2": 3232181.9855683036, "3": 5252295.7265625, "4": 8049376.2910516085}, "loadoutDamage": {}}