{"deaths": 11658, "totalAttacks": 263556, "damagingAttacks": 389614.5, "damageDone": {"1": 86763.63930721146, "2": 162681.82370083703, "3": 305028.4194392715, "4": 513803.42652252567}, "bleedDamage": {"1": 0.0, "2": 0.0, "3": 0.0, "4": 0.0}}