{"deaths": 11658, "totalAttacks": 100001, "damagingAttacks": 130230.0, "damageDone": {"1": 58450.76584481273, "2": 123953.02217488471, "3": 280201.8852691974, "4": 598736.317174079}, "bleedDamage": {"1": 32197.969775034853, "2": 52321.70088441629, "3": 85022.76393715806, "4": 130301.15893329373}}