{"deaths": 8367, "totalAttacks": 200002, "damagingAttacks": 398049.5, "damageDone": {"1": 30655.625000011874, "2": 57479.296875, "3": 107773.681640625, "4": 181538.77929681484}, "bleedDamage": {"1": 0.0, "2": 0.0, "3": 0.0, "4": 0.0}}