{"deaths": 11658, "totalAttacks": 100001, "damagingAttacks": 126620.75, "damageDone": {"1": 61628.918555566255, "2": 125525.19634562248, "3": 272988.22681369225, "4": 566686.1936744755}, "bleedDamage": {"1": 28807.061808558887, "2": 46811.475438829715, "3": 76068.64758819535, "4": 116578.57825647117}}