{"deaths": 11658, "totalAttacks": 100001, "damagingAttacks": 130466.875, "damageDone": {"1": 115866.14050221826, "2": 248225.06897790526, "3": 566364.8685166666, "4": 1218305.9951535293}, "bleedDamage": {"1": 67646.02506754655, "2": 109924.79073486356, "3": 178627.78494390627, "4": 273755.00769540423}}