{"deaths": 11658, "totalAttacks": 200002, "damagingAttacks": 373462.75, "damageDone": {"1": 614878.6466712, "2": 956966.2891801898, "3": 1590223.547367447, "4": 2657065.7294482253}, "bleedDamage": {"1": 276348.5614678432, "2": 345435.7018348751, "3": 431794.6272936632, "4": 535425.3378447295}}