{"deaths": 8367, "totalAttacks": 200002, "damagingAttacks": 396057.5, "damageDone": {"1": 69249.94791667978, "2": 129843.65234375, "3": 243456.84814453125, "4": 410089.5353189688}, "bleedDamage": {"1": 0.0, "2": 0.0, "3": 0.0, "4": 0.0}}