{"deaths": 11658, "totalAttacks": 200002, "damagingAttacks": 351590.75, "damageDone": {"1": 530103.99084201, "2": 784193.7543899685, "3": 1234521.2395764063, "4": 1972994.5355653996}, "bleedDamage": {"1": 189166.23317179843, "2": 236457.7914648144, "3": 295572.23933152214, "4": 366509.5767707739}}