{"deaths": 11658, "totalAttacks": 200002, "damagingAttacks": 363384.25, "damageDone": {"1": 734876.6900594069, "2": 1093896.5507309043, "3": 1734053.0755840281, "4": 2787882.0672652978}, "bleedDamage": {"1": 269009.7105063625, "2": 336262.13813319086, "3": 420327.672666531, "4": 521206.3141066423}}