{"deaths": 11658, "totalAttacks": 2063556, "damagingAttacks": 3770483.25, "damageDone": {"1": 1761582.3559913966, "2": 2862571.328472757, "3": 4651678.408797779, "4": 7128903.596945497}, "bleedDamage": {"1": 773237.5473336185, "2": 1256511.0144094785, "3": 2041830.3984375, "4": 3129195.6994044553}, "loadoutDamage": {}}