{"deaths": 9794, "totalAttacks": 1031778, "damagingAttacks": 1210213.125, "damageDone": {"1": 1859737.559102098, "2": 3022073.5335031655, "3": 4910869.491971002, "4": 7526125.434415005}, "bleedDamage": {"1": 897648.9430588038, "2": 1458679.5324383683, "3": 2370354.240234375, "4": 3632673.066374137}, "loadoutDamage": {}}