{"deaths": 11658, "totalAttacks": 200002, "damagingAttacks": 373462.75, "damageDone": {"1": 69999.84921467467, "2": 131249.71727752744, "3": 246093.21989594982, "4": 414530.3570686898}, "bleedDamage": {"1": 0.0, "2": 0.0, "3": 0.0, "4": 0.0}}