{"deaths": 4339, "totalAttacks": 2063556, "damagingAttacks": 3770483.25, "damageDone": {"1": 8568663.812015647, "2": 6454876.579138906, "3": 6454876.579138906, "4": 6454876.579138906}, "bleedDamage": {"1": 3133646.902374831, "2": 2063556, "3": 2063556, "4": 2063556}, "loadoutDamage": {}}