{"deaths": 9794, "totalAttacks": 1031778, "damagingAttacks": 1885241.625, "damageDone": {"1": 2405162.6611871393, "2": 3908389.3243591557, "3": 6351132.652148135, "4": 9733392.644433597}, "bleedDamage": {"1": 1414210.7773858, "2": 2298092.513193225, "3": 3734400.333984375, "4": 5723134.239684363}, "loadoutDamage": {}}