{"deaths": 11658, "totalAttacks": 200002, "damagingAttacks": 337906.75, "damageDone": {"1": 75249.71542917096, "2": 81038.15507756796, "3": 86826.5947259223, "4": 93950.82813945293}, "bleedDamage": {"1": 0.0, "2": 0.0, "3": 0.0, "4": 0.0}}