{"deaths": 9794, "totalAttacks": 2063556, "damagingAttacks": 2420426.25, "damageDone": {"1": 915500.1791175993, "2": 1716562.8358440644, "3": 3218555.3172180923, "4": 5421477.623219969}, "bleedDamage": {"1": 0.0, "2": 0.0, "3": 0.0, "4": 0.0}, "loadoutDamage": {}}