{"deaths": 11658, "totalAttacks": 200002, "damagingAttacks": 374416.5, "damageDone": {"1": 47171.45381100498, "2": 88446.47589576484, "3": 165837.14230457388, "4": 279343.4530372883}, "bleedDamage": {"1": 0.0, "2": 0.0, "3": 0.0, "4": 0.0}}