{"deaths": 11658, "totalAttacks": 263556, "damagingAttacks": 512262.0, "damageDone": {"1": 892886.6353103165, "2": 1390359.0535006486, "3": 2311608.4196082023, "4": 3863981.578076864}, "bleedDamage": {"1": 379347.73763465456, "2": 474184.67204348557, "3": 592730.8400544948, "4": 734986.2416667895}}