{"deaths": 11658, "totalAttacks": 200002, "damagingAttacks": 373462.75, "damageDone": {"1": 81801.72435766323, "2": 88094.16469283971, "3": 94386.60502803783, "4": 102131.14697910206}, "bleedDamage": {"1": 0.0, "2": 0.0, "3": 0.0, "4": 0.0}}