{"deaths": 11658, "totalAttacks": 200002, "damagingAttacks": 241284.75, "damageDone": {"1": 47556.38856376631, "2": 89168.22855701033, "3": 167190.42854468903, "4": 281622.9885261645}, "bleedDamage": {"1": 0.0, "2": 0.0, "3": 0.0, "4": 0.0}}