{"deaths": 11658, "totalAttacks": 131778, "damagingAttacks": 194807.25, "damageDone": {"1": 184816.93553642475, "2": 395316.6509447923, "3": 900689.1345612874, "4": 1935497.729226745}, "bleedDamage": {"1": 101069.524036635, "2": 164237.97655994544, "3": 266886.7119094977, "4": 409015.73008607334}}