{"deaths": 13689, "totalAttacks": 100001, "damagingAttacks": 177277.0, "damageDone": {"1": 173046.61117671157, "2": 264539.82096708054, "3": 431562.35767015314, "4": 710579.6121886345}, "bleedDamage": {"1": 79725.46703164323, "2": 99656.83378944319, "3": 124571.0422370799, "4": 154468.0923739552}}