{"deaths": 11658, "totalAttacks": 200002, "damagingAttacks": 253241.5, "damageDone": {"1": 367806.6310109645, "2": 749145.054902995, "3": 1629216.9709190023, "4": 3382031.432987746}, "bleedDamage": {"1": 171922.99656476668, "2": 279374.86941798346, "3": 453984.1628045694, "4": 695750.8767240422}}