{"deaths": 11658, "totalAttacks": 200002, "damagingAttacks": 354792.5, "damageDone": {"1": 91105.66526941925, "2": 184134.28296190687, "3": 397349.49885101075, "4": 819864.9053070307}, "bleedDamage": {"1": 44059.85301490338, "2": 71597.26114919236, "3": 116345.54936721422, "4": 178304.71766966593}}