{"deaths": 11658, "totalAttacks": 100001, "damagingAttacks": 81477.125, "damageDone": {"1": 64463.414068695405, "2": 135945.3741491762, "3": 305731.0920599923, "4": 650845.9734580328}, "bleedDamage": {"1": 41805.60542509725, "2": 67934.10881588144, "3": 110392.92682566676, "4": 169182.059454804}}