{"deaths": 11658, "totalAttacks": 263556, "damagingAttacks": 389614.5, "damageDone": {"1": 526306.0956193422, "2": 1125749.4476253479, "3": 2564906.621804652, "4": 5511747.340657032}, "bleedDamage": {"1": 287817.27403645625, "2": 467703.070309507, "3": 760017.4892550844, "4": 1164760.53086887}}