{"deaths": 251760, "totalAttacks": 100001, "damagingAttacks": 126620.75, "damageDone": {"1": 19780.249999995132, "2": 19780.249999995132, "3": 19780.249999995132, "4": 19780.249999995132}, "bleedDamage": {"1": 0.0, "2": 0.0, "3": 0.0, "4": 0.0}}