{"deaths": 13689, "totalAttacks": 100001, "damagingAttacks": 175795.375, "damageDone": {"1": 143164.56674081474, "2": 221643.87575133535, "3": 366347.1302107285, "4": 609548.6501993672}, "bleedDamage": {"1": 66427.3581720343, "2": 83034.19771491017, "3": 103792.74714380984, "4": 128703.00645835821}}