{"deaths": {"1": 1114, "2": 2497, "3": 4559}, "totalAttacks": {"1": 18392.0, "2": 6384.0, "3": 8684.0}, "damagingAttacks": {"1": 11361.5, "2": 4015.5, "3": 3258.5625}, "damageDone": {"1": {"1": 21554.185324710645, "2": 4929.984013539322, "3": 4058.6088734638065}, "2": {"1": 40504.15348807463, "2": 9605.674115401129, "3": 7750.355984830805}, "3": {"1": 80716.96091598633, "2": 19944.935285026088, "3": 15735.38385497851}, "4": {"1": 155721.305770575, "2": 39885.05530631178, "3": 30866.10308048936}}, "bleedDamage": {"1": {"1": 12297.887362435218, "2": 3678.054944995177, "3": 3307.9357829131686}, "2": {"1": 19984.066963955655, "2": 5976.839285616998, "3": 5375.395647233921}, "3": {"1": 32474.10881642725, "2": 9712.363839128042, "3": 8735.017926755263}, "4": {"1": 49768.012919874134, "2": 14884.628605527416, "3": 13386.802621477796}}}