{"deaths": 11658, "totalAttacks": 200002, "damagingAttacks": 233930.25, "damageDone": {"1": 374226.1644490515, "2": 754402.2233974879, "3": 1623688.8902897006, "4": 3343317.281071416}, "bleedDamage": {"1": 172679.1521279453, "2": 280603.6222082861, "3": 455980.8860887216, "4": 698810.9437683498}}