{"deaths": 4339, "totalAttacks": 2063556, "damagingAttacks": 2420426.25, "damageDone": {"1": 4272292.64177037, "2": 6942475.542844303, "3": 11281522.757147517, "4": 17289434.284713298}, "bleedDamage": {"1": 1989035.068058018, "2": 3232181.9855683036, "3": 5252295.7265625, "4": 8049376.2910516085}, "loadoutDamage": {}}