{"deaths": 8367, "totalAttacks": 200002, "damagingAttacks": 397108.25, "damageDone": {"1": 75450.4687500109, "2": 141469.62890625, "3": 265255.55419921875, "4": 446808.2446287068}, "bleedDamage": {"1": 0.0, "2": 0.0, "3": 0.0, "4": 0.0}}