{"deaths": 11658, "totalAttacks": 1031778, "damagingAttacks": 1210213.125, "damageDone": {"1": 1975622.7513727918, "2": 3210386.9709388874, "3": 5216878.827806894, "4": 7995098.321876826}, "bleedDamage": {"1": 897648.9430588038, "2": 1458679.5324383683, "3": 2370354.240234375, "4": 3632673.066374137}, "loadoutDamage": {}}