{"deaths": 251760, "totalAttacks": 100001, "damagingAttacks": 110790.375, "damageDone": {"1": 37100.94791666411, "2": 37100.94791666411, "3": 37100.94791666411, "4": 37100.94791666411}, "bleedDamage": {"1": 0.0, "2": 0.0, "3": 0.0, "4": 0.0}}