{"deaths": 11658, "totalAttacks": 200002, "damagingAttacks": 162954.25, "damageDone": {"1": 183573.47864416408, "2": 387133.78121055325, "3": 870635.2418664063, "4": 1853424.320374805}, "bleedDamage": {"1": 119050.48042501799, "2": 193457.03069083462, "3": 314367.67487282853, "4": 481782.4129702679}}