{"deaths": 13689, "totalAttacks": 200002, "damagingAttacks": 365598.75, "damageDone": {"1": 662536.8174165307, "2": 864036.3264739614, "3": 1195649.8767139593, "4": 1703317.0503858477}, "bleedDamage": {"1": 270448.81421514176, "2": 291252.56915476295, "3": 312056.32409437385, "4": 337660.9455589322}}