{"deaths": 11658, "totalAttacks": 100001, "damagingAttacks": 175795.375, "damageDone": {"1": 106959.09109462943, "2": 229303.1405520719, "3": 523521.56592729094, "4": 1126651.130273406}, "bleedDamage": {"1": 66427.3581720343, "2": 107944.45702958186, "3": 175409.74267276243, "4": 268823.2151024384}}