{"deaths": 11658, "totalAttacks": 2063556, "damagingAttacks": 2420426.25, "damageDone": {"1": 4377638.902302845, "2": 7113663.216208201, "3": 11559702.72636459, "4": 17715757.43280589}, "bleedDamage": {"1": 1989035.068058018, "2": 3232181.9855683036, "3": 5252295.7265625, "4": 8049376.2910516085}, "loadoutDamage": {}}