{"deaths": 11658, "totalAttacks": 200002, "damagingAttacks": 351590.75, "damageDone": {"1": 44387.757668703656, "2": 83227.04562878523, "3": 156050.7105538941, "4": 262858.7524441308}, "bleedDamage": {"1": 0.0, "2": 0.0, "3": 0.0, "4": 0.0}}