{"deaths": 13689, "totalAttacks": 100001, "damagingAttacks": 181692.125, "damageDone": {"1": 210572.9480138432, "2": 324774.53718512447, "3": 534731.8618065857, "4": 886986.0147831287}, "bleedDamage": {"1": 94465.0855065982, "2": 118081.35688314194, "3": 147601.69610435772, "4": 183026.1031693514}}