{"deaths": 13689, "totalAttacks": 2063556, "damagingAttacks": 3770483.25, "damageDone": {"1": 8734632.722416345, "2": 9406527.547189323, "3": 10078422.372101728, "4": 10905369.848729223}, "bleedDamage": {"1": 3133646.902374831, "2": 3374696.664047506, "3": 3615746.425847029, "4": 3912423.055595656}, "loadoutDamage": {}}