{"deaths": 11658, "totalAttacks": 200002, "damagingAttacks": 216806.0, "damageDone": {"1": 60207.595065405694, "2": 112889.24074756993, "3": 211667.32640186232, "4": 356541.85202796146}, "bleedDamage": {"1": 0.0, "2": 0.0, "3": 0.0, "4": 0.0}}