{"deaths": 11658, "totalAttacks": 263556, "damagingAttacks": 512262.0, "damageDone": {"1": 121392.99656390851, "2": 130730.91937665344, "3": 140068.8421891218, "4": 151561.67026628333}, "bleedDamage": {"1": 0.0, "2": 0.0, "3": 0.0, "4": 0.0}}