{"deaths": 11658, "totalAttacks": 100001, "damagingAttacks": 116965.125, "damageDone": {"1": 62704.56230440983, "2": 126406.0766279282, "3": 272061.95305417053, "4": 560199.3304313333}, "bleedDamage": {"1": 28933.761671186698, "2": 47017.3627155752, "3": 76403.21441291377, "4": 117091.31676302564}}