{"deaths": 11658, "totalAttacks": 200002, "damagingAttacks": 365598.75, "damageDone": {"1": 88599.39674615982, "2": 182034.26305396558, "3": 399301.14768007176, "4": 834384.8870161697}, "bleedDamage": {"1": 45315.84408613869, "2": 73638.24663991718, "3": 119662.15078966103, "4": 183387.5565359105}}