{"deaths": {"1": 1114, "2": 2497, "3": 4559}, "totalAttacks": {"1": 36784.0, "2": 12768.0, "3": 17368.0}, "damagingAttacks": {"1": 22723.0, "2": 8031.0, "3": 6517.125}, "damageDone": {"1": {"1": 61380.19272735294, "2": 14039.193053932075, "3": 11557.764355518331}, "2": {"1": 115344.31526422386, "2": 27354.229333994255, "3": 22070.81069815166}, "3": {"1": 229858.95976824348, "2": 56797.506066076836, "3": 44809.90021693075}, "4": {"1": 443450.01288433163, "2": 113581.29962983385, "3": 87897.88745348778}}, "bleedDamage": {"1": {"1": 35020.88736243373, "2": 10474.054944994648, "3": 9420.060782912615}, "2": {"1": 56908.94196396166, "2": 17020.339285616978, "3": 15307.59877223329}, "3": {"1": 92477.0306914088, "2": 27658.051339126232, "3": 24874.84800487694}, "4": {"1": 141725.1535448814, "2": 42387.19110552846, "3": 38121.80848085373}}}