{"deaths": 11658, "totalAttacks": 100001, "damagingAttacks": 110790.375, "damageDone": {"1": 51540.046368601616, "2": 106777.44100509974, "3": 236123.80043688163, "4": 496436.0452091452}, "bleedDamage": {"1": 27414.202605483442, "2": 44548.07923387114, "3": 72390.6287550766, "4": 110941.85116900857}}