{"deaths": 251760, "totalAttacks": 1031778, "damagingAttacks": 1210213.125, "damageDone": {"1": 346206.04166672967, "2": 346206.04166672967, "3": 346206.04166672967, "4": 346206.04166672967}, "bleedDamage": {"1": 0.0, "2": 0.0, "3": 0.0, "4": 0.0}, "loadoutDamage": {}}