{"deaths": 11658, "totalAttacks": 200002, "damagingAttacks": 354792.5, "damageDone": {"1": 89475.74931167683, "2": 167767.02995949626, "3": 314563.18117420585, "4": 529864.20295544}, "bleedDamage": {"1": 0.0, "2": 0.0, "3": 0.0, "4": 0.0}}