{"deaths": 11658, "totalAttacks": 200002, "damagingAttacks": 365598.75, "damageDone": {"1": 662536.8174165307, "2": 1002899.3075153879, "3": 1619109.20805147, "4": 2643269.557752367}, "bleedDamage": {"1": 270448.81421514176, "2": 338061.0177690191, "3": 422576.27221142733, "4": 523994.57754263544}}