{"deaths": 11658, "totalAttacks": 200002, "damagingAttacks": 365598.75, "damageDone": {"1": 103344.11183440112, "2": 111293.65889862226, "3": 119243.20596274448, "4": 129027.26388796992}, "bleedDamage": {"1": 0.0, "2": 0.0, "3": 0.0, "4": 0.0}}