{"deaths": 11658, "totalAttacks": 100001, "damagingAttacks": 182799.375, "damageDone": {"1": 143264.4078226912, "2": 312569.21525875427, "3": 724825.0560274168, "4": 1577000.1511042072}, "bleedDamage": {"1": 94970.43921538087, "2": 154326.96372526526, "3": 250781.3160531423, "4": 384333.4961999297}}