{"deaths": 11658, "totalAttacks": 200002, "damagingAttacks": 354554.0, "damageDone": {"1": 66373.21474244732, "2": 124449.77764209929, "3": 233343.3330793428, "4": 393053.88105325843}, "bleedDamage": {"1": 0.0, "2": 0.0, "3": 0.0, "4": 0.0}}