{"deaths": 11658, "totalAttacks": 200002, "damagingAttacks": 337906.75, "damageDone": {"1": 522293.9006153424, "2": 795166.4412838231, "3": 1291609.8268704014, "4": 2119209.0364294383}, "bleedDamage": {"1": 247931.7537757539, "2": 309914.69221998256, "3": 387393.36527528294, "4": 480367.7729409159}}