{"deaths": 13689, "totalAttacks": 200002, "damagingAttacks": 373462.75, "damageDone": {"1": 614878.6466712, "2": 824463.2645237639, "3": 1174318.927286069, "4": 1712207.2728792415}, "bleedDamage": {"1": 276348.5614678432, "2": 297606.1431192105, "3": 318863.72477056814, "4": 345026.90218803135}}