{"deaths": {"1": 1114, "2": 2497, "3": 4559}, "totalAttacks": {"1": 18392.0, "2": 6384.0, "3": 8684.0}, "damagingAttacks": {"1": 11361.5, "2": 4015.5, "3": 3258.5625}, "damageDone": {"1": {"1": 10284.738173746073, "2": 2352.3781584024728, "3": 1936.5950967010106}, "2": {"1": 19326.85496104241, "2": 4583.418105159232, "3": 3698.1394033914157}, "3": {"1": 38514.692005085206, "2": 9516.872672689073, "3": 7508.254224126205}, "4": {"1": 74303.56720965912, "2": 19031.447706841926, "3": 14727.98826976544}}, "bleedDamage": {"1": {"1": 5868.027471576567, "2": 1755.0109887271421, "3": 1578.4059063380491}, "2": {"1": 9535.544641315473, "2": 2851.892856681571, "3": 2564.9095977993534}, "3": {"1": 15495.260042140411, "2": 4634.325892107706, "3": 4167.9780964242345}, "4": {"1": 23747.173674043857, "2": 7102.310095005179, "3": 6387.611402212103}}}