{"deaths": {"1": 1114, "2": 2497, "3": 4559}, "totalAttacks": {"1": 18392.0, "2": 6384.0, "3": 8684.0}, "damagingAttacks": {"1": 17676.0, "2": 5847.0, "3": 6829.9375}, "damageDone": {"1": {"1": 24623.038556139036, "2": 5554.294089331206, "3": 6232.806990644927}, "2": {"1": 48535.94026173242, "2": 11391.595279189933, "3": 12563.86697224002}, "3": {"1": 102048.47177064876, "2": 24944.73675513755, "3": 27039.178252539954}, "4": {"1": 206208.31769440178, "2": 52055.921285394375, "3": 55673.02964470484}}, "bleedDamage": {"1": {"1": 19132.81318649767, "2": 5457.549450460695, "3": 6974.7606454905535}, "2": {"1": 31090.821428057072, "2": 8868.51785699906, "3": 11333.986048923418}, "3": {"1": 50522.58482058851, "2": 14411.341517623106, "3": 18417.727329499823}, "4": {"1": 77428.1033641405, "2": 22086.020432333542, "3": 28225.984487224185}}}