{"deaths": 13689, "totalAttacks": 100001, "damagingAttacks": 186731.375, "damageDone": {"1": 170566.7911718784, "2": 279355.5339293566, "3": 487556.4318870267, "4": 845179.8517406011}, "bleedDamage": {"1": 97042.1864680812, "2": 121302.73308500006, "3": 151628.41635679407, "4": 188019.23628230477}}