{"deaths": 11658, "totalAttacks": 263556, "damagingAttacks": 512262.0, "damageDone": {"1": 83368.9973658135, "2": 156316.87006103672, "3": 293094.1313644404, "4": 493700.78127579275}, "bleedDamage": {"1": 0.0, "2": 0.0, "3": 0.0, "4": 0.0}}