{"deaths": 9794, "totalAttacks": 2063556, "damagingAttacks": 3770483.25, "damageDone": {"1": 8330083.397651659, "2": 8970859.043602843, "3": 9611634.689677075, "4": 10400281.638524204}, "bleedDamage": {"1": 3133646.902374831, "2": 3374696.664047506, "3": 3615746.425847029, "4": 3912423.055595656}, "loadoutDamage": {}}