{"deaths": 11658, "totalAttacks": 200002, "damagingAttacks": 260460.0, "damageDone": {"1": 59824.50944272591, "2": 112170.95520504734, "3": 210320.54100937533, "4": 354273.26685594954}, "bleedDamage": {"1": 0.0, "2": 0.0, "3": 0.0, "4": 0.0}}