{"deaths": 251760, "totalAttacks": 100001, "damagingAttacks": 89817.25, "damageDone": {"1": 26547.92708333494, "2": 26547.92708333494, "3": 26547.92708333494, "4": 26547.92708333494}, "bleedDamage": {"1": 0.0, "2": 0.0, "3": 0.0, "4": 0.0}}