{"deaths": 13689, "totalAttacks": 263556, "damagingAttacks": 512262.0, "damageDone": {"1": 892886.6353103165, "2": 1197847.7999381868, "3": 1707033.9098634864, "4": 2489941.173430955}, "bleedDamage": {"1": 379347.73763465456, "2": 408528.33283731976, "3": 437708.9280399686, "4": 473623.50675157993}}