{"deaths": 13689, "totalAttacks": 200002, "damagingAttacks": 354554.0, "damageDone": {"1": 623309.4478303904, "2": 789588.4326586898, "3": 1058146.9811640084, "4": 1466916.7247162818}, "bleedDamage": {"1": 227035.46703140627, "2": 244499.73372611598, "3": 261964.00042082375, "4": 283458.48250703217}}