{"deaths": {"1": 1114, "2": 2497, "3": 4559}, "totalAttacks": {"1": 36784.0, "2": 12768.0, "3": 17368.0}, "damagingAttacks": {"1": 35352.0, "2": 11694.0, "3": 13659.875}, "damageDone": {"1": {"1": 16165.848191922805, "2": 3796.639751068603, "3": 4300.141509776145}, "2": {"1": 30336.55531713471, "2": 7298.430631354753, "3": 8149.873240371552}, "3": {"1": 60356.24995963261, "2": 14929.691278483588, "3": 16403.70683610492}, "4": {"1": 116267.98974975225, "2": 29478.07174388867, "3": 31931.404471361042}}, "bleedDamage": {"1": {"1": 9129.36263588304, "2": 2604.1098896889043, "3": 3328.0583785828694}, "2": {"1": 14835.214283312303, "2": 4231.678570743903, "3": 5408.094865196541}, "3": {"1": 24107.223210395416, "2": 6876.477677459481, "3": 8788.154155945365}, "4": {"1": 36945.389417101556, "2": 10538.507209834048, "3": 13468.236250826541}}}