{"deaths": 251760, "totalAttacks": 100001, "damagingAttacks": 108403.0, "damageDone": {"1": 47568.10416666719, "2": 47568.10416666719, "3": 47568.10416666719, "4": 47568.10416666719}, "bleedDamage": {"1": 0.0, "2": 0.0, "3": 0.0, "4": 0.0}}