{"deaths": 11658, "totalAttacks": 100001, "damagingAttacks": 126620.75, "damageDone": {"1": 129158.4782681039, "2": 263068.7625923875, "3": 572113.6243623318, "4": 1187629.5762764646}, "bleedDamage": {"1": 60372.24656487934, "2": 98104.90066803532, "3": 159420.46358546827, "4": 244318.93531741868}}