{"deaths": 251760, "totalAttacks": 131778, "damagingAttacks": 194807.25, "damageDone": {"1": 45728.72916666691, "2": 45728.72916666691, "3": 45728.72916666691, "4": 45728.72916666691}, "bleedDamage": {"1": 0.0, "2": 0.0, "3": 0.0, "4": 0.0}}