{"deaths": 11658, "totalAttacks": 100001, "damagingAttacks": 187208.25, "damageDone": {"1": 146685.79475045612, "2": 314055.3585174831, "3": 716162.8570431591, "4": 1539917.2583231356}, "bleedDamage": {"1": 85917.5721139199, "2": 139616.05468538613, "3": 226876.08886327027, "4": 347697.67464866675}}