{"deaths": 11658, "totalAttacks": 200002, "damagingAttacks": 374416.5, "damageDone": {"1": 112842.03860274496, "2": 121522.19541838049, "3": 130202.35223396469, "4": 140885.62216089878}, "bleedDamage": {"1": 0.0, "2": 0.0, "3": 0.0, "4": 0.0}}