{"deaths": 90742, "totalAttacks": 200002, "damagingAttacks": 363384.25, "damageDone": {"1": 349120.70352555765, "2": 375976.1422585259, "3": 402831.5809910646, "4": 435884.42866198096}, "bleedDamage": {"1": 0.0, "2": 0.0, "3": 0.0, "4": 0.0}}