{"deaths": {"1": 9910, "2": 22118, "3": 36254}, "totalAttacks": {"1": 36784.0, "2": 12768.0, "3": 17368.0}, "damagingAttacks": {"1": 35352.0, "2": 11694.0, "3": 13659.875}, "damageDone": {"1": {"1": 98414.80769230222, "2": 23845.89743589785, "3": 27636.426282051154}, "2": {"1": 105985.17751481911, "2": 25680.197238658973, "3": 29762.305226825072}, "3": {"1": 113555.54733726953, "2": 27514.497041420047, "3": 31888.18417159709}, "4": {"1": 122872.92558032442, "2": 29772.096798665167, "3": 34504.65056516336}}, "bleedDamage": {"1": {"1": 0.0, "2": 0.0, "3": 0.0}, "2": {"1": 0.0, "2": 0.0, "3": 0.0}, "3": {"1": 0.0, "2": 0.0, "3": 0.0}, "4": {"1": 0.0, "2": 0.0, "3": 0.0}}}