{"deaths": 90742, "totalAttacks": 200002, "damagingAttacks": 365598.75, "damageDone": {"1": 299109.7868589049, "2": 322118.2320019087, "3": 345126.67714496586, "4": 373444.7634748818}, "bleedDamage": {"1": 0.0, "2": 0.0, "3": 0.0, "4": 0.0}}