{"deaths": 90742, "totalAttacks": 200002, "damagingAttacks": 337906.75, "damageDone": {"1": 231522.98076919734, "2": 249332.44082841923, "3": 267141.90088755894, "4": 289061.23634500935}, "bleedDamage": {"1": 0.0, "2": 0.0, "3": 0.0, "4": 0.0}}