{"deaths": 90742, "totalAttacks": 263556, "damagingAttacks": 512262.0, "damageDone": {"1": 366746.96153833094, "2": 394958.266271996, "3": 423169.57100610365, "4": 457891.1768320396}, "bleedDamage": {"1": 0.0, "2": 0.0, "3": 0.0, "4": 0.0}}