{"deaths": 12488, "totalAttacks": 300003, "damagingAttacks": 244431.375, "damageDone": {"1": 151497.55036578898, "2": 189371.93795709327, "3": 236714.92244651713, "4": 293526.503833719}, "bleedDamage": {"1": 0.0, "2": 0.0, "3": 0.0, "4": 0.0}}