{"deaths": 9693, "totalAttacks": 200002, "damagingAttacks": 374416.5, "damageDone": {"1": 309200.14903839905, "2": 332984.77588724846, "3": 356769.4027367084, "4": 386042.78962767834}, "bleedDamage": {"1": 0.0, "2": 0.0, "3": 0.0, "4": 0.0}}