{"deaths": 12488, "totalAttacks": 200002, "damagingAttacks": 253241.5, "damageDone": {"1": 241993.45243327093, "2": 393239.36020414345, "3": 639013.9603315422, "4": 979317.2528152799}, "bleedDamage": {"1": 0.0, "2": 0.0, "3": 0.0, "4": 0.0}}