{"deaths": 9693, "totalAttacks": 200002, "damagingAttacks": 354554.0, "damageDone": {"1": 295793.37259605224, "2": 318546.7089494025, "3": 341300.04530339217, "4": 369304.15158441226}, "bleedDamage": {"1": 0.0, "2": 0.0, "3": 0.0, "4": 0.0}}