{"deaths": 12488, "totalAttacks": 100001, "damagingAttacks": 168953.375, "damageDone": {"1": 160955.25772396047, "2": 231373.18297825917, "3": 332598.95053136564, "4": 464632.56038294156}, "bleedDamage": {"1": 0.0, "2": 0.0, "3": 0.0, "4": 0.0}}