{"deaths": 12488, "totalAttacks": 200002, "damagingAttacks": 241284.75, "damageDone": {"1": 135427.0760636859, "2": 194676.42184171831, "3": 279847.3563975796, "4": 390939.8797311778}, "bleedDamage": {"1": 0.0, "2": 0.0, "3": 0.0, "4": 0.0}}