{"deaths": 12488, "totalAttacks": 200002, "damagingAttacks": 216806.0, "damageDone": {"1": 196209.52300423282, "2": 318840.47488183633, "3": 518115.771682724, "4": 794035.4134076912}, "bleedDamage": {"1": 0.0, "2": 0.0, "3": 0.0, "4": 0.0}}