{"deaths": 9693, "totalAttacks": 100001, "damagingAttacks": 110790.375, "damageDone": {"1": 121824.61360456268, "2": 213193.07380802924, "3": 373087.87916396797, "4": 601509.0296723709}, "bleedDamage": {"1": 0.0, "2": 0.0, "3": 0.0, "4": 0.0}}