{"deaths": 12488, "totalAttacks": 200002, "damagingAttacks": 221580.75, "damageDone": {"1": 189679.87739996944, "2": 308229.80077495344, "3": 500873.4262593324, "4": 767610.753852439}, "bleedDamage": {"1": 0.0, "2": 0.0, "3": 0.0, "4": 0.0}}