{"deaths": 12488, "totalAttacks": 200002, "damagingAttacks": 260460.0, "damageDone": {"1": 170363.1969425277, "2": 244897.09560494384, "3": 352039.57493264443, "4": 491790.63492462406}, "bleedDamage": {"1": 0.0, "2": 0.0, "3": 0.0, "4": 0.0}}