{"deaths": 9693, "totalAttacks": 100001, "damagingAttacks": 126620.75, "damageDone": {"1": 150556.42753402618, "2": 263473.74818468146, "3": 461079.05932303495, "4": 743372.3609493765}, "bleedDamage": {"1": 0.0, "2": 0.0, "3": 0.0, "4": 0.0}}