{"deaths": 9693, "totalAttacks": 100001, "damagingAttacks": 81477.125, "damageDone": {"1": 72854.53651210149, "2": 127495.43889626327, "3": 223117.01806838618, "4": 359719.2740286706}, "bleedDamage": {"1": 0.0, "2": 0.0, "3": 0.0, "4": 0.0}}