{"deaths": 12488, "totalAttacks": 200002, "damagingAttacks": 216806.0, "damageDone": {"1": 171454.1158986318, "2": 246465.2916043414, "3": 354293.85668123385, "4": 494939.8111296579}, "bleedDamage": {"1": 0.0, "2": 0.0, "3": 0.0, "4": 0.0}}