{"deaths": 9693, "totalAttacks": 200002, "damagingAttacks": 363384.25, "damageDone": {"1": 336652.10697122966, "2": 362548.4228915888, "3": 388444.7388130326, "4": 420317.1276382829}, "bleedDamage": {"1": 0.0, "2": 0.0, "3": 0.0, "4": 0.0}}