{"deaths": 12488, "totalAttacks": 527112, "damagingAttacks": 779229.0, "damageDone": {"1": 876534.3123833806, "2": 1260018.0740514516, "3": 1811275.9814494797, "4": 2530308.034574646}, "bleedDamage": {"1": 0.0, "2": 0.0, "3": 0.0, "4": 0.0}}