{"deaths": 12488, "totalAttacks": 100001, "damagingAttacks": 181692.125, "damageDone": {"1": 224117.55399696965, "2": 322168.9838710362, "3": 463117.91431435256, "4": 646964.3453275617}, "bleedDamage": {"1": 0.0, "2": 0.0, "3": 0.0, "4": 0.0}}