{"deaths": 12488, "totalAttacks": 400004, "damagingAttacks": 482569.5, "damageDone": {"1": 497880.4182965662, "2": 715703.1013008863, "3": 1028823.2081206786, "4": 1437240.738754685}, "bleedDamage": {"1": 0.0, "2": 0.0, "3": 0.0, "4": 0.0}}