{"deaths": 12488, "totalAttacks": 395334, "damagingAttacks": 584421.75, "damageDone": {"1": 407392.72264040256, "2": 509240.90330057405, "3": 636551.129125003, "4": 789323.4001155497}, "bleedDamage": {"1": 0.0, "2": 0.0, "3": 0.0, "4": 0.0}}