{"deaths": 12488, "totalAttacks": 200002, "damagingAttacks": 221580.75, "damageDone": {"1": 171866.2187499873, "2": 214832.77343749482, "3": 268540.9667968714, "4": 332990.7988281591}, "bleedDamage": {"1": 0.0, "2": 0.0, "3": 0.0, "4": 0.0}}