{"deaths": 12488, "totalAttacks": 400004, "damagingAttacks": 467860.5, "damageDone": {"1": 711520.4380422718, "2": 1022810.6296851384, "3": 1470290.2801727648, "4": 2053959.3895032431}, "bleedDamage": {"1": 0.0, "2": 0.0, "3": 0.0, "4": 0.0}}