{"deaths": 12488, "totalAttacks": 200002, "damagingAttacks": 179634.5, "damageDone": {"1": 145128.4716679762, "2": 208622.17802289504, "3": 299894.38090810925, "4": 418945.08032331645}, "bleedDamage": {"1": 0.0, "2": 0.0, "3": 0.0, "4": 0.0}}