{"deaths": 12488, "totalAttacks": 200002, "damagingAttacks": 253241.5, "damageDone": {"1": 168244.91666671762, "2": 210306.14583328128, "3": 262882.68229170196, "4": 325974.52604156605}, "bleedDamage": {"1": 0.0, "2": 0.0, "3": 0.0, "4": 0.0}}