{"deaths": {"1": 1185, "2": 2723, "3": 4869}, "totalAttacks": {"1": 18392.0, "2": 6384.0, "3": 8684.0}, "damagingAttacks": {"1": 17676.0, "2": 5847.0, "3": 6829.9375}, "damageDone": {"1": {"1": 44187.33001301974, "2": 11488.509615198167, "3": 13261.887333804503}, "2": {"1": 63519.28689371204, "2": 16514.73257184777, "3": 19063.963042343945}, "3": {"1": 91308.97490970559, "2": 23739.928072030532, "3": 27404.44687337017}, "4": {"1": 127556.39406103347, "2": 33164.09611574617, "3": 38283.33882688141}}, "bleedDamage": {"1": {"1": 0.0, "2": 0.0, "3": 0.0}, "2": {"1": 0.0, "2": 0.0, "3": 0.0}, "3": {"1": 0.0, "2": 0.0, "3": 0.0}, "4": {"1": 0.0, "2": 0.0, "3": 0.0}}}