{"deaths": 12488, "totalAttacks": 200002, "damagingAttacks": 216806.0, "damageDone": {"1": 189129.02083332377, "2": 236411.27604169855, "3": 295514.0950520654, "4": 366437.4778645922}, "bleedDamage": {"1": 0.0, "2": 0.0, "3": 0.0, "4": 0.0}}