{"deaths": 9693, "totalAttacks": 100001, "damagingAttacks": 130230.0, "damageDone": {"1": 129851.98293796487, "2": 227240.97014162134, "3": 397671.69774750696, "4": 641144.1657562075}, "bleedDamage": {"1": 0.0, "2": 0.0, "3": 0.0, "4": 0.0}}