{"deaths": {"1": 1185, "2": 2723, "3": 4869}, "totalAttacks": {"1": 36784.0, "2": 12768.0, "3": 17368.0}, "damagingAttacks": {"1": 22723.0, "2": 8031.0, "3": 6517.125}, "damageDone": {"1": {"1": 42043.520833332565, "2": 11529.249999999982, "3": 8666.40625}, "2": {"1": 52554.401041668854, "2": 14411.562500000036, "3": 10833.007812500005}, "3": {"1": 65693.00130208276, "2": 18014.453124999833, "3": 13541.259765625013}, "4": {"1": 81459.32161458523, "2": 22337.921875000007, "3": 16791.16210937501}}, "bleedDamage": {"1": {"1": 0.0, "2": 0.0, "3": 0.0}, "2": {"1": 0.0, "2": 0.0, "3": 0.0}, "3": {"1": 0.0, "2": 0.0, "3": 0.0}, "4": {"1": 0.0, "2": 0.0, "3": 0.0}}}