{"deaths": 12488, "totalAttacks": 100001, "damagingAttacks": 181692.125, "damageDone": {"1": 106939.3404704346, "2": 106939.3404704346, "3": 106939.3404704346, "4": 106939.3404704346}, "bleedDamage": {"1": 0.0, "2": 0.0, "3": 0.0, "4": 0.0}}