{"deaths": 12488, "totalAttacks": 100001, "damagingAttacks": 177277.0, "damageDone": {"1": 201469.9674303482, "2": 289613.07818119426, "3": 416318.7998855495, "4": 581587.1325431663}, "bleedDamage": {"1": 0.0, "2": 0.0, "3": 0.0, "4": 0.0}}