{"deaths": 12488, "totalAttacks": 300003, "damagingAttacks": 269451.75, "damageDone": {"1": 239293.82583483023, "2": 299117.28229334735, "3": 373896.6028667744, "4": 463631.78755479987}, "bleedDamage": {"1": 0.0, "2": 0.0, "3": 0.0, "4": 0.0}}