{"deaths": 12488, "totalAttacks": 100001, "damagingAttacks": 181692.125, "damageDone": {"1": 236444.07291667428, "2": 236444.07291667428, "3": 236444.07291667428, "4": 236444.07291667428}, "bleedDamage": {"1": 0.0, "2": 0.0, "3": 0.0, "4": 0.0}}