{"deaths": 12488, "totalAttacks": 100001, "damagingAttacks": 175795.375, "damageDone": {"1": 158681.45833330235, "2": 158681.45833330235, "3": 158681.45833330235, "4": 158681.45833330235}, "bleedDamage": {"1": 0.0, "2": 0.0, "3": 0.0, "4": 0.0}}