{"deaths": 12488, "totalAttacks": 263556, "damagingAttacks": 389614.5, "damageDone": {"1": 247078.18097365942, "2": 355174.8851500459, "3": 510563.8974031458, "4": 713245.2177330259}, "bleedDamage": {"1": 0.0, "2": 0.0, "3": 0.0, "4": 0.0}}