{"deaths": 9693, "totalAttacks": 400004, "damagingAttacks": 433612.0, "damageDone": {"1": 490786.5504806052, "2": 528539.3620561596, "3": 566292.1736315617, "4": 612757.1724936316}, "bleedDamage": {"1": 0.0, "2": 0.0, "3": 0.0, "4": 0.0}}