{"deaths": 12488, "totalAttacks": 1031778, "damagingAttacks": 1885241.625, "damageDone": {"1": 1656509.786241605, "2": 1656509.786241605, "3": 1656509.786241605, "4": 1656509.786241605}, "bleedDamage": {"1": 0.0, "2": 0.0, "3": 0.0, "4": 0.0}, "loadoutDamage": {}}