{"deaths": 9693, "totalAttacks": 100001, "damagingAttacks": 108403.0, "damageDone": {"1": 123362.26132656074, "2": 215883.95732160014, "3": 377796.92531268473, "4": 609101.165299858}, "bleedDamage": {"1": 0.0, "2": 0.0, "3": 0.0, "4": 0.0}}