{"deaths": 12488, "totalAttacks": 100001, "damagingAttacks": 186731.375, "damageDone": {"1": 151146.33333332636, "2": 151146.33333332636, "3": 151146.33333332636, "4": 151146.33333332636}, "bleedDamage": {"1": 0.0, "2": 0.0, "3": 0.0, "4": 0.0}}