{"deaths": 9693, "totalAttacks": 3095334, "damagingAttacks": 3630639.375, "damageDone": {"1": 4999677.65625, "2": 5384268.245184198, "3": 5768858.834116244, "4": 6242201.09747638}, "bleedDamage": {"1": 0.0, "2": 0.0, "3": 0.0, "4": 0.0}, "loadoutDamage": {}}