{"deaths": 12488, "totalAttacks": 100001, "damagingAttacks": 175795.375, "damageDone": {"1": 174775.99951060224, "2": 251240.49929668606, "3": 361158.21773881215, "4": 504529.15483756614}, "bleedDamage": {"1": 0.0, "2": 0.0, "3": 0.0, "4": 0.0}}