{"deaths": {"1": 689, "2": 1812, "3": 3666}, "totalAttacks": {"1": 73568.0, "2": 25536.0, "3": 34736.0}, "damagingAttacks": {"1": 45446.0, "2": 16062.0, "3": 13034.25}, "damageDone": {"1": {"1": 123678.74118589528, "2": 29277.855769230293, "3": 24528.455528846647}, "2": {"1": 133192.49050789705, "2": 31529.998520711146, "3": 26415.25980029637}, "3": {"1": 142706.23982988042, "2": 33782.14127218939, "3": 28302.064071745157}, "4": {"1": 154415.46976464498, "2": 36554.00927401032, "3": 30624.284713530804}}, "bleedDamage": {"1": {"1": 0.0, "2": 0.0, "3": 0.0}, "2": {"1": 0.0, "2": 0.0, "3": 0.0}, "3": {"1": 0.0, "2": 0.0, "3": 0.0}, "4": {"1": 0.0, "2": 0.0, "3": 0.0}}}