{"deaths": 12488, "totalAttacks": 100001, "damagingAttacks": 187208.25, "damageDone": {"1": 208500.01041670534, "2": 208500.01041670534, "3": 208500.01041670534, "4": 208500.01041670534}, "bleedDamage": {"1": 0.0, "2": 0.0, "3": 0.0, "4": 0.0}}