{"deaths": 12488, "totalAttacks": 300003, "damagingAttacks": 325209.0, "damageDone": {"1": 282700.63673212, "2": 353375.79591525515, "3": 441719.7448938725, "4": 547732.4836683178}, "bleedDamage": {"1": 0.0, "2": 0.0, "3": 0.0, "4": 0.0}}