{"deaths": 12488, "totalAttacks": 200002, "damagingAttacks": 162954.25, "damageDone": {"1": 105147.48900885982, "2": 170864.66963945923, "3": 277655.0881640058, "4": 425518.7445826026}, "bleedDamage": {"1": 0.0, "2": 0.0, "3": 0.0, "4": 0.0}}