{"deaths": 12488, "totalAttacks": 400004, "damagingAttacks": 433612.0, "damageDone": {"1": 571992.6433712315, "2": 822239.4248451358, "3": 1181969.1732155797, "4": 1651181.888480271}, "bleedDamage": {"1": 0.0, "2": 0.0, "3": 0.0, "4": 0.0}}