{"deaths": 12488, "totalAttacks": 200002, "damagingAttacks": 241284.75, "damageDone": {"1": 154980.71806009434, "2": 251843.66684754804, "3": 409245.958627453, "4": 627187.5933991829}, "bleedDamage": {"1": 0.0, "2": 0.0, "3": 0.0, "4": 0.0}}