{"deaths": 12488, "totalAttacks": 200002, "damagingAttacks": 179634.5, "damageDone": {"1": 134332.87500001202, "2": 167916.09374999886, "3": 209895.11718749424, "4": 260269.94531247646}, "bleedDamage": {"1": 0.0, "2": 0.0, "3": 0.0, "4": 0.0}}