{"deaths": 12488, "totalAttacks": 100001, "damagingAttacks": 182799.375, "damageDone": {"1": 199021.56704689827, "2": 286093.5026300782, "3": 411259.41003076185, "4": 574519.2892488379}, "bleedDamage": {"1": 0.0, "2": 0.0, "3": 0.0, "4": 0.0}}