{"deaths": 12488, "totalAttacks": 300003, "damagingAttacks": 350895.375, "damageDone": {"1": 368058.6488369486, "2": 460073.31104618125, "3": 575091.6388076389, "4": 713113.6321210538}, "bleedDamage": {"1": 0.0, "2": 0.0, "3": 0.0, "4": 0.0}}