{"deaths": 12488, "totalAttacks": 100001, "damagingAttacks": 191273.5, "damageDone": {"1": 168810.4166666431, "2": 168810.4166666431, "3": 168810.4166666431, "4": 168810.4166666431}, "bleedDamage": {"1": 0.0, "2": 0.0, "3": 0.0, "4": 0.0}}