{"deaths": 12488, "totalAttacks": 400004, "damagingAttacks": 521867.5, "damageDone": {"1": 557359.9259945003, "2": 801204.8936170378, "3": 1151732.0345743774, "4": 1608941.3488669912}, "bleedDamage": {"1": 0.0, "2": 0.0, "3": 0.0, "4": 0.0}}