{"deaths": 9693, "totalAttacks": 400004, "damagingAttacks": 359269.0, "damageDone": {"1": 414891.6682689798, "2": 446806.41198215366, "3": 478721.1556950971, "4": 518000.84026513}, "bleedDamage": {"1": 0.0, "2": 0.0, "3": 0.0, "4": 0.0}}