{"deaths": 9693, "totalAttacks": 400004, "damagingAttacks": 520920.0, "damageDone": {"1": 516605.3709931139, "2": 556344.2456852018, "3": 596083.1203768863, "4": 644992.5046130522}, "bleedDamage": {"1": 0.0, "2": 0.0, "3": 0.0, "4": 0.0}}