{"deaths": {"1": 1185, "2": 2723, "3": 4869}, "totalAttacks": {"1": 18392.0, "2": 6384.0, "3": 8684.0}, "damagingAttacks": {"1": 17676.0, "2": 5847.0, "3": 6829.9375}, "damageDone": {"1": {"1": 21084.309749334985, "2": 5481.826922190517, "3": 6328.007153280819}, "2": {"1": 21084.309749334985, "2": 5481.826922190517, "3": 6328.007153280819}, "3": {"1": 21084.309749334985, "2": 5481.826922190517, "3": 6328.007153280819}, "4": {"1": 21084.309749334985, "2": 5481.826922190517, "3": 6328.007153280819}}, "bleedDamage": {"1": {"1": 0.0, "2": 0.0, "3": 0.0}, "2": {"1": 0.0, "2": 0.0, "3": 0.0}, "3": {"1": 0.0, "2": 0.0, "3": 0.0}, "4": {"1": 0.0, "2": 0.0, "3": 0.0}}}