{"deaths": 12488, "totalAttacks": 200002, "damagingAttacks": 233930.25, "damageDone": {"1": 223222.59675348978, "2": 320882.482833234, "3": 461268.5690725211, "4": 644380.8554716933}, "bleedDamage": {"1": 0.0, "2": 0.0, "3": 0.0, "4": 0.0}}