{"deaths": 12488, "totalAttacks": 100001, "damagingAttacks": 177396.25, "damageDone": {"1": 208540.91666669206, "2": 208540.91666669206, "3": 208540.91666669206, "4": 208540.91666669206}, "bleedDamage": {"1": 0.0, "2": 0.0, "3": 0.0, "4": 0.0}}