{"deaths": 12488, "totalAttacks": 100001, "damagingAttacks": 168953.375, "damageDone": {"1": 76800.98590790766, "2": 76800.98590790766, "3": 76800.98590790766, "4": 76800.98590790766}, "bleedDamage": {"1": 0.0, "2": 0.0, "3": 0.0, "4": 0.0}}