{"deaths": 12488, "totalAttacks": 131778, "damagingAttacks": 256131.0, "damageDone": {"1": 251475.2355727534, "2": 361495.65113622067, "3": 519649.9985080431, "4": 725938.2776894885}, "bleedDamage": {"1": 0.0, "2": 0.0, "3": 0.0, "4": 0.0}}