{"deaths": 12488, "totalAttacks": 300003, "damagingAttacks": 379862.25, "damageDone": {"1": 348666.57866751973, "2": 435833.22333438945, "3": 544791.5291679178, "4": 675541.4961680718}, "bleedDamage": {"1": 0.0, "2": 0.0, "3": 0.0, "4": 0.0}}