{"deaths": 12488, "totalAttacks": 100001, "damagingAttacks": 187208.25, "damageDone": {"1": 211024.79441046348, "2": 303348.1419651031, "3": 436062.9540749485, "4": 609169.2307400441}, "bleedDamage": {"1": 0.0, "2": 0.0, "3": 0.0, "4": 0.0}}