{"deaths": 9693, "totalAttacks": 2063556, "damagingAttacks": 2420426.25, "damageDone": {"1": 2028590.3249490203, "2": 2916098.592111223, "3": 4191891.726183274, "4": 5855969.727107606}, "bleedDamage": {"1": 0.0, "2": 0.0, "3": 0.0, "4": 0.0}, "loadoutDamage": {}}