{"deaths": 12488, "totalAttacks": 200002, "damagingAttacks": 260460.0, "damageDone": {"1": 200277.9791666658, "2": 250347.4739583577, "3": 312934.34244793566, "4": 388038.5846354086}, "bleedDamage": {"1": 0.0, "2": 0.0, "3": 0.0, "4": 0.0}}