{"deaths": 12488, "totalAttacks": 200002, "damagingAttacks": 260460.0, "damageDone": {"1": 194961.09168563722, "2": 316811.77398928057, "3": 514819.13273190346, "4": 788983.1679148207}, "bleedDamage": {"1": 0.0, "2": 0.0, "3": 0.0, "4": 0.0}}