{"deaths": 12488, "totalAttacks": 200002, "damagingAttacks": 162954.25, "damageDone": {"1": 91881.21703237342, "2": 132079.24948411022, "3": 189863.92113352544, "4": 265235.2319805155}, "bleedDamage": {"1": 0.0, "2": 0.0, "3": 0.0, "4": 0.0}}