{"deaths": 12488, "totalAttacks": 400004, "damagingAttacks": 443161.5, "damageDone": {"1": 564863.0465589431, "2": 811990.6294281792, "3": 1167236.5298032989, "4": 1630600.7476829947}, "bleedDamage": {"1": 0.0, "2": 0.0, "3": 0.0, "4": 0.0}}