{"deaths": 9693, "totalAttacks": 200002, "damagingAttacks": 337906.75, "damageDone": {"1": 223254.30288451587, "2": 240427.71079865308, "3": 257601.11871298932, "4": 278737.6207611816}, "bleedDamage": {"1": 0.0, "2": 0.0, "3": 0.0, "4": 0.0}}