{"deaths": 12488, "totalAttacks": 300003, "damagingAttacks": 332371.125, "damageDone": {"1": 273292.658252328, "2": 341615.8228152677, "3": 427019.77851911925, "4": 529504.5253636803}, "bleedDamage": {"1": 0.0, "2": 0.0, "3": 0.0, "4": 0.0}}