{"deaths": 9693, "totalAttacks": 1031778, "damagingAttacks": 1885241.625, "damageDone": {"1": 1886550.3958337314, "2": 1886550.3958337314, "3": 1886550.3958337314, "4": 1886550.3958337314}, "bleedDamage": {"1": 0.0, "2": 0.0, "3": 0.0, "4": 0.0}, "loadoutDamage": {}}