{"deaths": 12488, "totalAttacks": 100001, "damagingAttacks": 177396.25, "damageDone": {"1": 97942.15726445145, "2": 97942.15726445145, "3": 97942.15726445145, "4": 97942.15726445145}, "bleedDamage": {"1": 0.0, "2": 0.0, "3": 0.0, "4": 0.0}}