{"deaths": 12488, "totalAttacks": 200002, "damagingAttacks": 260933.75, "damageDone": {"1": 215282.99999998987, "2": 269103.75000002235, "3": 336379.6875000556, "4": 417110.81250004016}, "bleedDamage": {"1": 0.0, "2": 0.0, "3": 0.0, "4": 0.0}}