{"deaths": 12488, "totalAttacks": 100001, "damagingAttacks": 182799.375, "damageDone": {"1": 190950.54166662847, "2": 190950.54166662847, "3": 190950.54166662847, "4": 190950.54166662847}, "bleedDamage": {"1": 0.0, "2": 0.0, "3": 0.0, "4": 0.0}}