{"deaths": {"1": 1185, "2": 2723, "3": 4869}, "totalAttacks": {"1": 36784.0, "2": 12768.0, "3": 17368.0}, "damagingAttacks": {"1": 22723.0, "2": 8031.0, "3": 6517.125}, "damageDone": {"1": {"1": 45275.41638022694, "2": 9352.18337906718, "3": 8162.209649678391}, "2": {"1": 65083.41104659491, "2": 13443.763607409568, "3": 11733.176371412932}, "3": {"1": 93557.40337947693, "2": 19325.410185651097, "3": 16866.441033906132}, "4": {"1": 130697.39337889822, "2": 26997.123113793157, "3": 23562.003637158905}}, "bleedDamage": {"1": {"1": 0.0, "2": 0.0, "3": 0.0}, "2": {"1": 0.0, "2": 0.0, "3": 0.0}, "3": {"1": 0.0, "2": 0.0, "3": 0.0}, "4": {"1": 0.0, "2": 0.0, "3": 0.0}}}