{"deaths": 12488, "totalAttacks": 2063556, "damagingAttacks": 2420426.25, "damageDone": {"1": 2199834.96277437, "2": 3574731.8145070495, "3": 5808939.198567452, "4": 8902457.114961209}, "bleedDamage": {"1": 0.0, "2": 0.0, "3": 0.0, "4": 0.0}, "loadoutDamage": {}}