{"deaths": 12488, "totalAttacks": 200002, "damagingAttacks": 162954.25, "damageDone": {"1": 106937.08333331735, "2": 133671.35416667303, "3": 167089.19270837092, "4": 207190.59895836803}, "bleedDamage": {"1": 0.0, "2": 0.0, "3": 0.0, "4": 0.0}}