{"deaths": {"1": 1185, "2": 2723, "3": 4869}, "totalAttacks": {"1": 73568.0, "2": 25536.0, "3": 34736.0}, "damagingAttacks": {"1": 45446.0, "2": 16062.0, "3": 13034.25}, "damageDone": {"1": {"1": 144142.76436549728, "2": 34122.202609805085, "3": 28586.96128083596}, "2": {"1": 207205.22377537013, "2": 49050.666251594776, "3": 41093.75684120045}, "3": {"1": 297857.5091771334, "2": 70510.33273666906, "3": 59072.27545922815}, "4": {"1": 416099.6205707032, "2": 98501.20206502923, "3": 82522.51713491422}}, "bleedDamage": {"1": {"1": 0.0, "2": 0.0, "3": 0.0}, "2": {"1": 0.0, "2": 0.0, "3": 0.0}, "3": {"1": 0.0, "2": 0.0, "3": 0.0}, "4": {"1": 0.0, "2": 0.0, "3": 0.0}}}