{"deaths": 12488, "totalAttacks": 263556, "damagingAttacks": 389614.5, "damageDone": {"1": 282752.5707359353, "2": 459472.9274461427, "3": 746643.5070993217, "4": 1144264.3096958932}, "bleedDamage": {"1": 0.0, "2": 0.0, "3": 0.0, "4": 0.0}}