{"deaths": 12488, "totalAttacks": 200002, "damagingAttacks": 241284.75, "damageDone": {"1": 138190.49999999252, "2": 172738.1250000236, "3": 215922.65625001703, "4": 267744.09375002247}, "bleedDamage": {"1": 0.0, "2": 0.0, "3": 0.0, "4": 0.0}}