{"deaths": 12488, "totalAttacks": 131778, "damagingAttacks": 256131.0, "damageDone": {"1": 119993.25959606969, "2": 119993.25959606969, "3": 119993.25959606969, "4": 119993.25959606969}, "bleedDamage": {"1": 0.0, "2": 0.0, "3": 0.0, "4": 0.0}}