{"deaths": 12488, "totalAttacks": 400004, "damagingAttacks": 359269.0, "damageDone": {"1": 483540.1088587249, "2": 695088.9064846967, "3": 999190.3030713522, "4": 1395844.2986191008}, "bleedDamage": {"1": 0.0, "2": 0.0, "3": 0.0, "4": 0.0}}