{"deaths": 12488, "totalAttacks": 131778, "damagingAttacks": 256131.0, "damageDone": {"1": 224299.75000003263, "2": 224299.75000003263, "3": 224299.75000003263, "4": 224299.75000003263}, "bleedDamage": {"1": 0.0, "2": 0.0, "3": 0.0, "4": 0.0}}