{"deaths": {"1": 1185, "2": 2723, "3": 4869}, "totalAttacks": {"1": 18392.0, "2": 6384.0, "3": 8684.0}, "damagingAttacks": {"1": 17676.0, "2": 5847.0, "3": 6829.9375}, "damageDone": {"1": {"1": 46342.62499999923, "2": 10189.41666666673, "3": 12006.229166666608}, "2": {"1": 46342.62499999923, "2": 10189.41666666673, "3": 12006.229166666608}, "3": {"1": 46342.62499999923, "2": 10189.41666666673, "3": 12006.229166666608}, "4": {"1": 46342.62499999923, "2": 10189.41666666673, "3": 12006.229166666608}}, "bleedDamage": {"1": {"1": 0.0, "2": 0.0, "3": 0.0}, "2": {"1": 0.0, "2": 0.0, "3": 0.0}, "3": {"1": 0.0, "2": 0.0, "3": 0.0}, "4": {"1": 0.0, "2": 0.0, "3": 0.0}}}