{"deaths": 9693, "totalAttacks": 1031778, "damagingAttacks": 1885241.625, "damageDone": {"1": 3029669.2143137553, "2": 4355149.495583806, "3": 6260527.399874804, "4": 8745802.927254211}, "bleedDamage": {"1": 0.0, "2": 0.0, "3": 0.0, "4": 0.0}, "loadoutDamage": {}}