{"deaths": 9693, "totalAttacks": 527112, "damagingAttacks": 779229.0, "damageDone": {"1": 752092.2804491181, "2": 809945.5327903824, "3": 867798.7851335892, "4": 939002.7880157188}, "bleedDamage": {"1": 0.0, "2": 0.0, "3": 0.0, "4": 0.0}}