{"deaths": 9693, "totalAttacks": 131778, "damagingAttacks": 194807.25, "damageDone": {"1": 189043.08675835485, "2": 330825.4018272082, "3": 578944.453197935, "4": 933400.2408691427}, "bleedDamage": {"1": 0.0, "2": 0.0, "3": 0.0, "4": 0.0}}