{"deaths": 12488, "totalAttacks": 100001, "damagingAttacks": 186731.375, "damageDone": {"1": 175928.6558464257, "2": 252897.44277947178, "3": 363540.07399533753, "4": 507856.5494946583}, "bleedDamage": {"1": 0.0, "2": 0.0, "3": 0.0, "4": 0.0}}