{"deaths": 12488, "totalAttacks": 100001, "damagingAttacks": 177396.25, "damageDone": {"1": 205261.75514770558, "2": 295063.7730249127, "3": 424154.17372346116, "4": 592532.9572429869}, "bleedDamage": {"1": 0.0, "2": 0.0, "3": 0.0, "4": 0.0}}