{"deaths": 12488, "totalAttacks": 200002, "damagingAttacks": 253241.5, "damageDone": {"1": 211461.5682507733, "2": 303976.00436069194, "3": 436965.5062683939, "4": 610430.0739745129}, "bleedDamage": {"1": 0.0, "2": 0.0, "3": 0.0, "4": 0.0}}