{"deaths": 9693, "totalAttacks": 200002, "damagingAttacks": 365598.75, "damageDone": {"1": 288427.2944711695, "2": 310614.0094301485, "3": 332800.7243899013, "4": 360107.4504932812}, "bleedDamage": {"1": 0.0, "2": 0.0, "3": 0.0, "4": 0.0}}