{"deaths": 9693, "totalAttacks": 400004, "damagingAttacks": 325908.5, "damageDone": {"1": 289845.74599348195, "2": 312141.57260847953, "3": 334437.3992233275, "4": 361878.4165955497}, "bleedDamage": {"1": 0.0, "2": 0.0, "3": 0.0, "4": 0.0}}