{"deaths": 9693, "totalAttacks": 200002, "damagingAttacks": 351590.75, "damageDone": {"1": 247265.40504786104, "2": 266285.82082082046, "3": 285306.2365939491, "4": 308715.9790836021}, "bleedDamage": {"1": 0.0, "2": 0.0, "3": 0.0, "4": 0.0}}