{"deaths": 9693, "totalAttacks": 400004, "damagingAttacks": 482569.5, "damageDone": {"1": 427196.07652242895, "2": 460057.31317811453, "3": 492918.5498336063, "4": 533363.1487941913}, "bleedDamage": {"1": 0.0, "2": 0.0, "3": 0.0, "4": 0.0}}