{"deaths": 12488, "totalAttacks": 200002, "damagingAttacks": 179634.5, "damageDone": {"1": 166082.84992798962, "2": 269884.6311329066, "3": 438562.52559081744, "4": 672116.5333017051}, "bleedDamage": {"1": 0.0, "2": 0.0, "3": 0.0, "4": 0.0}}