{"deaths": 12488, "totalAttacks": 263556, "damagingAttacks": 389614.5, "damageDone": {"1": 277543.4791666109, "2": 346929.348958338, "3": 433661.68619790487, "4": 537740.4908854489}, "bleedDamage": {"1": 0.0, "2": 0.0, "3": 0.0, "4": 0.0}}