{"deaths": 9693, "totalAttacks": 100001, "damagingAttacks": 89817.25, "damageDone": {"1": 104285.60919835517, "2": 182499.8160971055, "3": 319374.6781700013, "4": 514910.1954167461}, "bleedDamage": {"1": 0.0, "2": 0.0, "3": 0.0, "4": 0.0}}