{"deaths": 12488, "totalAttacks": 200002, "damagingAttacks": 260933.75, "damageDone": {"1": 153747.93870091502, "2": 221012.66188275345, "3": 317705.7014566185, "4": 443827.05742225755}, "bleedDamage": {"1": 0.0, "2": 0.0, "3": 0.0, "4": 0.0}}