{"deaths": 12488, "totalAttacks": 100001, "damagingAttacks": 187208.25, "damageDone": {"1": 100692.03386662809, "2": 100692.03386662809, "3": 100692.03386662809, "4": 100692.03386662809}, "bleedDamage": {"1": 0.0, "2": 0.0, "3": 0.0, "4": 0.0}}