{"deaths": 12488, "totalAttacks": 300003, "damagingAttacks": 361927.125, "damageDone": {"1": 223297.7635637994, "2": 279122.20445462625, "3": 348902.75556843256, "4": 432639.41690472286}, "bleedDamage": {"1": 0.0, "2": 0.0, "3": 0.0, "4": 0.0}}