{"deaths": 12488, "totalAttacks": 400004, "damagingAttacks": 520920.0, "damageDone": {"1": 602083.4748728882, "2": 865494.9951293734, "3": 1244149.0554983432, "4": 1738045.6559793213}, "bleedDamage": {"1": 0.0, "2": 0.0, "3": 0.0, "4": 0.0}}