{"deaths": 9693, "totalAttacks": 100001, "damagingAttacks": 130466.875, "damageDone": {"1": 120206.40761788361, "2": 210361.2133314358, "3": 368132.12333010545, "4": 593519.1376133665}, "bleedDamage": {"1": 0.0, "2": 0.0, "3": 0.0, "4": 0.0}}