{"deaths": 12488, "totalAttacks": 100001, "damagingAttacks": 168953.375, "damageDone": {"1": 139040.08333333442, "2": 139040.08333333442, "3": 139040.08333333442, "4": 139040.08333333442}, "bleedDamage": {"1": 0.0, "2": 0.0, "3": 0.0, "4": 0.0}}