{"deaths": {"1": 689, "2": 1812, "3": 3666}, "totalAttacks": {"1": 18392.0, "2": 6384.0, "3": 8684.0}, "damagingAttacks": {"1": 11361.5, "2": 4015.5, "3": 3258.5625}, "damageDone": {"1": {"1": 31087.423189915356, "2": 7359.171702947443, "3": 6165.380322509526}, "2": {"1": 54402.99058235376, "2": 12878.550480157684, "3": 10789.41556439148}, "3": {"1": 95205.23351911243, "2": 22537.463340275677, "3": 18881.477237684776}, "4": {"1": 153494.15200020044, "2": 36335.91028330126, "3": 30441.56534238835}}, "bleedDamage": {"1": {"1": 0.0, "2": 0.0, "3": 0.0}, "2": {"1": 0.0, "2": 0.0, "3": 0.0}, "3": {"1": 0.0, "2": 0.0, "3": 0.0}, "4": {"1": 0.0, "2": 0.0, "3": 0.0}}}