{"deaths": 12488, "totalAttacks": 100001, "damagingAttacks": 177277.0, "damageDone": {"1": 96132.87784624739, "2": 96132.87784624739, "3": 96132.87784624739, "4": 96132.87784624739}, "bleedDamage": {"1": 0.0, "2": 0.0, "3": 0.0, "4": 0.0}}