{"deaths": 9693, "totalAttacks": 400004, "damagingAttacks": 443161.5, "damageDone": {"1": 484669.14623389335, "2": 521951.3882520393, "3": 559233.630269979, "4": 605119.4665998124}, "bleedDamage": {"1": 0.0, "2": 0.0, "3": 0.0, "4": 0.0}}