{"deaths": 12488, "totalAttacks": 400004, "damagingAttacks": 325908.5, "damageDone": {"1": 337803.9480876841, "2": 485593.175375847, "3": 698040.1896026754, "4": 975144.9907682127}, "bleedDamage": {"1": 0.0, "2": 0.0, "3": 0.0, "4": 0.0}}