{"deaths": {"1": 1185, "2": 2723, "3": 4869}, "totalAttacks": {"1": 55176.0, "2": 19152.0, "3": 26052.0}, "damagingAttacks": {"1": 34084.5, "2": 12046.5, "3": 9775.6875}, "damageDone": {"1": {"1": 74651.97888023825, "2": 15420.266712400975, "3": 13458.188816345277}, "2": {"1": 93314.97360028382, "2": 19275.33339050143, "3": 16822.73602043158}, "3": {"1": 116643.71700037205, "2": 24094.16673812641, "3": 21028.420025539443}, "4": {"1": 144638.20908046607, "2": 29876.766755277495, "3": 26075.240831669635}}, "bleedDamage": {"1": {"1": 0.0, "2": 0.0, "3": 0.0}, "2": {"1": 0.0, "2": 0.0, "3": 0.0}, "3": {"1": 0.0, "2": 0.0, "3": 0.0}, "4": {"1": 0.0, "2": 0.0, "3": 0.0}}}