{"deaths": 9693, "totalAttacks": 100001, "damagingAttacks": 116965.125, "damageDone": {"1": 153454.36909756073, "2": 268545.14592085016, "3": 469954.005361381, "4": 757680.9474194666}, "bleedDamage": {"1": 0.0, "2": 0.0, "3": 0.0, "4": 0.0}}