{"deaths": 12488, "totalAttacks": 3095334, "damagingAttacks": 3630639.375, "damageDone": {"1": 3141680.4707914516, "2": 3927100.588464742, "3": 4908875.735581859, "4": 6087005.912128261}, "bleedDamage": {"1": 0.0, "2": 0.0, "3": 0.0, "4": 0.0}, "loadoutDamage": {}}