{"deaths": 9693, "totalAttacks": 1031778, "damagingAttacks": 1210213.125, "damageDone": {"1": 1627114.0301432603, "2": 2847449.552739063, "3": 4983036.717309617, "4": 8033875.523811415}, "bleedDamage": {"1": 0.0, "2": 0.0, "3": 0.0, "4": 0.0}, "loadoutDamage": {}}