{"deaths": 9693, "totalAttacks": 4127112, "damagingAttacks": 4840852.5, "damageDone": {"1": 6370397.960454471, "2": 9157447.068094995, "3": 13163830.160403682, "4": 18389547.237374004}, "bleedDamage": {"1": 0.0, "2": 0.0, "3": 0.0, "4": 0.0}, "loadoutDamage": {}}