{"deaths": 12488, "totalAttacks": 100001, "damagingAttacks": 186731.375, "damageDone": {"1": 83945.6530313299, "2": 83945.6530313299, "3": 83945.6530313299, "4": 83945.6530313299}, "bleedDamage": {"1": 0.0, "2": 0.0, "3": 0.0, "4": 0.0}}