{"deaths": 12488, "totalAttacks": 200002, "damagingAttacks": 221580.75, "damageDone": {"1": 165748.30408547164, "2": 238263.1871230637, "3": 342503.3314894336, "4": 478468.73718472116}, "bleedDamage": {"1": 0.0, "2": 0.0, "3": 0.0, "4": 0.0}}