{"deaths": 12488, "totalAttacks": 100001, "damagingAttacks": 191273.5, "damageDone": {"1": 189555.62797309618, "2": 272486.21521130926, "3": 391698.9343663947, "4": 547193.7854383092}, "bleedDamage": {"1": 0.0, "2": 0.0, "3": 0.0, "4": 0.0}}