{"deaths": 9693, "totalAttacks": 400004, "damagingAttacks": 521867.5, "damageDone": {"1": 478231.2475961976, "2": 515018.2666421391, "3": 551805.2856881426, "4": 597081.6168212104}, "bleedDamage": {"1": 0.0, "2": 0.0, "3": 0.0, "4": 0.0}}