{"deaths": 12488, "totalAttacks": 300003, "damagingAttacks": 391400.625, "damageDone": {"1": 253505.95953444543, "2": 316882.449417978, "3": 396103.0617724384, "4": 491167.79659790016}, "bleedDamage": {"1": 0.0, "2": 0.0, "3": 0.0, "4": 0.0}}