{"deaths": 12488, "totalAttacks": 400004, "damagingAttacks": 506483.0, "damageDone": {"1": 698083.5794971951, "2": 1003495.1455264548, "3": 1442524.2716953359, "4": 2015170.9579997952}, "bleedDamage": {"1": 0.0, "2": 0.0, "3": 0.0, "4": 0.0}}