{"deaths": {"1": 1185, "2": 2723, "3": 4869}, "totalAttacks": {"1": 36784.0, "2": 12768.0, "3": 17368.0}, "damagingAttacks": {"1": 22723.0, "2": 8031.0, "3": 6517.125}, "damageDone": {"1": {"1": 51812.508584099254, "2": 10702.49862615328, "3": 9340.710508049651}, "2": {"1": 84195.32644916596, "2": 17391.56026749972, "3": 15178.654575581288}, "3": {"1": 136817.40547988494, "2": 28261.285434686808, "3": 24665.31368531917}, "4": {"1": 209678.74567630782, "2": 43311.67412771468, "3": 37800.687837263766}}, "bleedDamage": {"1": {"1": 0.0, "2": 0.0, "3": 0.0}, "2": {"1": 0.0, "2": 0.0, "3": 0.0}, "3": {"1": 0.0, "2": 0.0, "3": 0.0}, "4": {"1": 0.0, "2": 0.0, "3": 0.0}}}