{"deaths": 12488, "totalAttacks": 300003, "damagingAttacks": 390690.0, "damageDone": {"1": 280901.8844427449, "2": 351127.35555312806, "3": 438909.1944419738, "4": 544247.4011074674}, "bleedDamage": {"1": 0.0, "2": 0.0, "3": 0.0, "4": 0.0}}