{"deaths": 12488, "totalAttacks": 200002, "damagingAttacks": 233930.25, "damageDone": {"1": 203514.58333331335, "2": 254393.22916671218, "3": 317991.53645834944, "4": 394309.50520836574}, "bleedDamage": {"1": 0.0, "2": 0.0, "3": 0.0, "4": 0.0}}