{"deaths": 12488, "totalAttacks": 100001, "damagingAttacks": 191273.5, "damageDone": {"1": 90447.8630806175, "2": 90447.8630806175, "3": 90447.8630806175, "4": 90447.8630806175}, "bleedDamage": {"1": 0.0, "2": 0.0, "3": 0.0, "4": 0.0}}