{"deaths": 9693, "totalAttacks": 100001, "damagingAttacks": 120642.375, "damageDone": {"1": 107378.3989761397, "2": 187912.19820834775, "3": 328846.34686435445, "4": 530180.8449445352}, "bleedDamage": {"1": 0.0, "2": 0.0, "3": 0.0, "4": 0.0}}