{"deaths": 9693, "totalAttacks": 2063556, "damagingAttacks": 2420426.25, "damageDone": {"1": 1805308.3645834194, "2": 2256635.4557287893, "3": 2820794.3196618496, "4": 3497784.956379753}, "bleedDamage": {"1": 0.0, "2": 0.0, "3": 0.0, "4": 0.0}, "loadoutDamage": {}}