{"deaths": 12488, "totalAttacks": 200002, "damagingAttacks": 233930.25, "damageDone": {"1": 255452.5973505866, "2": 415110.47069468594, "3": 674554.5148784441, "4": 1033784.7299022203}, "bleedDamage": {"1": 0.0, "2": 0.0, "3": 0.0, "4": 0.0}}