{"deaths": 12488, "totalAttacks": 200002, "damagingAttacks": 260933.75, "damageDone": {"1": 175946.8389386737, "2": 285913.6132755555, "3": 464609.62157247803, "4": 712034.8638294202}, "bleedDamage": {"1": 0.0, "2": 0.0, "3": 0.0, "4": 0.0}}