{"deaths": 12488, "totalAttacks": 100001, "damagingAttacks": 182799.375, "damageDone": {"1": 94964.60558221821, "2": 94964.60558221821, "3": 94964.60558221821, "4": 94964.60558221821}, "bleedDamage": {"1": 0.0, "2": 0.0, "3": 0.0, "4": 0.0}}