{"deaths": 9693, "totalAttacks": 400004, "damagingAttacks": 467860.5, "damageDone": {"1": 610505.5116187416, "2": 657467.4740505163, "3": 704429.4364831265, "4": 762228.7748612212}, "bleedDamage": {"1": 0.0, "2": 0.0, "3": 0.0, "4": 0.0}}