{"deaths": 12488, "totalAttacks": 100001, "damagingAttacks": 177277.0, "damageDone": {"1": 200150.06249999334, "2": 200150.06249999334, "3": 200150.06249999334, "4": 200150.06249999334}, "bleedDamage": {"1": 0.0, "2": 0.0, "3": 0.0, "4": 0.0}}