{"deaths": 9693, "totalAttacks": 400004, "damagingAttacks": 506483.0, "damageDone": {"1": 598976.2908654114, "2": 645051.3901622389, "3": 691126.4894602416, "4": 747834.3039800113}, "bleedDamage": {"1": 0.0, "2": 0.0, "3": 0.0, "4": 0.0}}