{"deaths": 12488, "totalAttacks": 100001, "damagingAttacks": 175795.375, "damageDone": {"1": 83395.65457674324, "2": 83395.65457674324, "3": 83395.65457674324, "4": 83395.65457674324}, "bleedDamage": {"1": 0.0, "2": 0.0, "3": 0.0, "4": 0.0}}