{"deaths": {"1": 23038, "2": 47704, "3": 79970}, "totalAttacks": {"1": 18392.0, "2": 6384.0, "3": 8684.0}, "damagingAttacks": {"1": 11361.5, "2": 4015.5, "3": 3258.5625}, "damageDone": {"1": {"1": 26769.175295853835, "2": 5529.496055226841, "3": 4825.92184418134}, "2": {"1": 26769.175295853835, "2": 5529.496055226841, "3": 4825.92184418134}, "3": {"1": 26769.175295853835, "2": 5529.496055226841, "3": 4825.92184418134}, "4": {"1": 26769.175295853835, "2": 5529.496055226841, "3": 4825.92184418134}}, "bleedDamage": {"1": {"1": 0.0, "2": 0.0, "3": 0.0}, "2": {"1": 0.0, "2": 0.0, "3": 0.0}, "3": {"1": 0.0, "2": 0.0, "3": 0.0}, "4": {"1": 0.0, "2": 0.0, "3": 0.0}}}