{"deaths": 203535, "totalAttacks": 100001, "damagingAttacks": 130466.875, "damageDone": {"1": 82049.49642500903, "2": 82049.49642500903, "3": 82049.49642500903, "4": 82049.49642500903}, "bleedDamage": {"1": 0.0, "2": 0.0, "3": 0.0, "4": 0.0}}