{"deaths": 203535, "totalAttacks": 100001, "damagingAttacks": 130230.0, "damageDone": {"1": 90916.43528106445, "2": 90916.43528106445, "3": 90916.43528106445, "4": 90916.43528106445}, "bleedDamage": {"1": 0.0, "2": 0.0, "3": 0.0, "4": 0.0}}