{"deaths": 8282, "totalAttacks": 100001, "damagingAttacks": 130466.875, "damageDone": {"1": 151188.52495171982, "2": 151188.52495171982, "3": 151188.52495171982, "4": 151188.52495171982}, "bleedDamage": {"1": 0.0, "2": 0.0, "3": 0.0, "4": 0.0}}