{"deaths": 8282, "totalAttacks": 100001, "damagingAttacks": 198744.625, "damageDone": {"1": 87713.96811899992, "2": 87713.96811899992, "3": 87713.96811899992, "4": 87713.96811899992}, "bleedDamage": {"1": 0.0, "2": 0.0, "3": 0.0, "4": 0.0}}