{"deaths": 8282, "totalAttacks": 300003, "damagingAttacks": 350895.375, "damageDone": {"1": 373938.7677415854, "2": 402703.288337079, "3": 431467.80893196905, "4": 466870.2958191951}, "bleedDamage": {"1": 0.0, "2": 0.0, "3": 0.0, "4": 0.0}}