{"deaths": {"1": 893, "2": 1705, "3": 3308}, "totalAttacks": {"1": 18392.0, "2": 6384.0, "3": 8684.0}, "damagingAttacks": {"1": 17676.0, "2": 5847.0, "3": 6829.9375}, "damageDone": {"1": {"1": 7550.816848594946, "2": 1484.9654301627672, "3": 1774.3979507203894}, "2": {"1": 9438.521060746016, "2": 1856.206787703531, "3": 2217.997438400575}, "3": {"1": 11798.151325931554, "2": 2320.258484629449, "3": 2772.496798000602}, "4": {"1": 14629.707644154905, "2": 2877.1205209404684, "3": 3437.896029520762}}, "bleedDamage": {"1": {"1": 0.0, "2": 0.0, "3": 0.0}, "2": {"1": 0.0, "2": 0.0, "3": 0.0}, "3": {"1": 0.0, "2": 0.0, "3": 0.0}, "4": {"1": 0.0, "2": 0.0, "3": 0.0}}}