{"deaths": 8282, "totalAttacks": 131778, "damagingAttacks": 194807.25, "damageDone": {"1": 277543.4791666109, "2": 277543.4791666109, "3": 277543.4791666109, "4": 277543.4791666109}, "bleedDamage": {"1": 0.0, "2": 0.0, "3": 0.0, "4": 0.0}}