{"deaths": 8282, "totalAttacks": 100001, "damagingAttacks": 199657.5, "damageDone": {"1": 312400.81249993725, "2": 312400.81249993725, "3": 312400.81249993725, "4": 312400.81249993725}, "bleedDamage": {"1": 0.0, "2": 0.0, "3": 0.0, "4": 0.0}}