{"deaths": 5220, "totalAttacks": 3095334, "damagingAttacks": 3630639.375, "damageDone": {"1": 3510819.1104035727, "2": 3780882.1188863544, "3": 4050945.127370397, "4": 4383330.368592066}, "bleedDamage": {"1": 0.0, "2": 0.0, "3": 0.0, "4": 0.0}, "loadoutDamage": {}}