{"deaths": 8282, "totalAttacks": 100001, "damagingAttacks": 130230.0, "damageDone": {"1": 200277.9791666658, "2": 200277.9791666658, "3": 200277.9791666658, "4": 200277.9791666658}, "bleedDamage": {"1": 0.0, "2": 0.0, "3": 0.0, "4": 0.0}}