{"deaths": 8282, "totalAttacks": 200002, "damagingAttacks": 260933.75, "damageDone": {"1": 153747.93870091502, "2": 165574.7032163973, "3": 177401.46773183174, "4": 191957.48559708617}, "bleedDamage": {"1": 0.0, "2": 0.0, "3": 0.0, "4": 0.0}}