{"deaths": {"1": 893, "2": 1705, "3": 3308}, "totalAttacks": {"1": 36784.0, "2": 12768.0, "3": 17368.0}, "damagingAttacks": {"1": 22723.0, "2": 8031.0, "3": 6517.125}, "damageDone": {"1": {"1": 45275.41638022694, "2": 9352.18337906718, "3": 8162.209649678391}, "2": {"1": 48758.14071718214, "2": 10071.582100534175, "3": 8790.071930423308}, "3": {"1": 52240.8650541182, "2": 10790.980822000685, "3": 9417.934211167545}, "4": {"1": 56527.29500727725, "2": 11676.394633037211, "3": 10190.687787468716}}, "bleedDamage": {"1": {"1": 0.0, "2": 0.0, "3": 0.0}, "2": {"1": 0.0, "2": 0.0, "3": 0.0}, "3": {"1": 0.0, "2": 0.0, "3": 0.0}, "4": {"1": 0.0, "2": 0.0, "3": 0.0}}}