{"deaths": 8282, "totalAttacks": 100001, "damagingAttacks": 120642.375, "damageDone": {"1": 105822.40836591502, "2": 105822.40836591502, "3": 105822.40836591502, "4": 105822.40836591502}, "bleedDamage": {"1": 0.0, "2": 0.0, "3": 0.0, "4": 0.0}}