{"deaths": 8282, "totalAttacks": 100001, "damagingAttacks": 199024.75, "damageDone": {"1": 120226.32517543479, "2": 120226.32517543479, "3": 120226.32517543479, "4": 120226.32517543479}, "bleedDamage": {"1": 0.0, "2": 0.0, "3": 0.0, "4": 0.0}}