{"deaths": 8282, "totalAttacks": 131778, "damagingAttacks": 263292.75, "damageDone": {"1": 125754.48546035105, "2": 125754.48546035105, "3": 125754.48546035105, "4": 125754.48546035105}, "bleedDamage": {"1": 0.0, "2": 0.0, "3": 0.0, "4": 0.0}}