{"deaths": {"1": 893, "2": 1705, "3": 3308}, "totalAttacks": {"1": 18392.0, "2": 6384.0, "3": 8684.0}, "damagingAttacks": {"1": 18372.5, "2": 6323.0, "3": 8383.6875}, "damageDone": {"1": {"1": 25985.136618168486, "2": 6293.175824073366, "3": 8294.419356550286}, "2": {"1": 25985.136618168486, "2": 6293.175824073366, "3": 8294.419356550286}, "3": {"1": 25985.136618168486, "2": 6293.175824073366, "3": 8294.419356550286}, "4": {"1": 25985.136618168486, "2": 6293.175824073366, "3": 8294.419356550286}}, "bleedDamage": {"1": {"1": 0.0, "2": 0.0, "3": 0.0}, "2": {"1": 0.0, "2": 0.0, "3": 0.0}, "3": {"1": 0.0, "2": 0.0, "3": 0.0}, "4": {"1": 0.0, "2": 0.0, "3": 0.0}}}