{"deaths": 8282, "totalAttacks": 131778, "damagingAttacks": 194807.25, "damageDone": {"1": 160314.54166663543, "2": 160314.54166663543, "3": 160314.54166663543, "4": 160314.54166663543}, "bleedDamage": {"1": 0.0, "2": 0.0, "3": 0.0, "4": 0.0}}