{"deaths": {"1": 893, "2": 1705, "3": 3308}, "totalAttacks": {"1": 18392.0, "2": 6384.0, "3": 8684.0}, "damagingAttacks": {"1": 18372.5, "2": 6323.0, "3": 8383.6875}, "damageDone": {"1": {"1": 69450.97916665983, "2": 19920.583333333194, "3": 24212.302083333125}, "2": {"1": 69450.97916665983, "2": 19920.583333333194, "3": 24212.302083333125}, "3": {"1": 69450.97916665983, "2": 19920.583333333194, "3": 24212.302083333125}, "4": {"1": 69450.97916665983, "2": 19920.583333333194, "3": 24212.302083333125}}, "bleedDamage": {"1": {"1": 0.0, "2": 0.0, "3": 0.0}, "2": {"1": 0.0, "2": 0.0, "3": 0.0}, "3": {"1": 0.0, "2": 0.0, "3": 0.0}, "4": {"1": 0.0, "2": 0.0, "3": 0.0}}}