{"deaths": 8282, "totalAttacks": 100001, "damagingAttacks": 197585.5, "damageDone": {"1": 131728.99078306687, "2": 131728.99078306687, "3": 131728.99078306687, "4": 131728.99078306687}, "bleedDamage": {"1": 0.0, "2": 0.0, "3": 0.0, "4": 0.0}}