{"deaths": 8282, "totalAttacks": 1031778, "damagingAttacks": 1885241.625, "damageDone": {"1": 501683.9963014456, "2": 627104.9953763124, "3": 783881.2442231708, "4": 972012.7428334658}, "bleedDamage": {"1": 0.0, "2": 0.0, "3": 0.0, "4": 0.0}, "loadoutDamage": {}}