{"deaths": 8282, "totalAttacks": 100001, "damagingAttacks": 89817.25, "damageDone": {"1": 134332.87500001202, "2": 134332.87500001202, "3": 134332.87500001202, "4": 134332.87500001202}, "bleedDamage": {"1": 0.0, "2": 0.0, "3": 0.0, "4": 0.0}}