{"deaths": 8282, "totalAttacks": 100001, "damagingAttacks": 186731.375, "damageDone": {"1": 20718.047615701085, "2": 25897.559519620183, "3": 32371.949399536043, "4": 40141.21725542103}, "bleedDamage": {"1": 0.0, "2": 0.0, "3": 0.0, "4": 0.0}}