{"deaths": 8282, "totalAttacks": 100001, "damagingAttacks": 198744.625, "damageDone": {"1": 313202.8333333913, "2": 313202.8333333913, "3": 313202.8333333913, "4": 313202.8333333913}, "bleedDamage": {"1": 0.0, "2": 0.0, "3": 0.0, "4": 0.0}}