{"deaths": 8282, "totalAttacks": 100001, "damagingAttacks": 187208.25, "damageDone": {"1": 32710.66843565323, "2": 40888.33554453209, "3": 51110.41943067316, "4": 63376.92009412464}, "bleedDamage": {"1": 0.0, "2": 0.0, "3": 0.0, "4": 0.0}}