{"deaths": 8282, "totalAttacks": 100001, "damagingAttacks": 120642.375, "damageDone": {"1": 138190.49999999252, "2": 138190.49999999252, "3": 138190.49999999252, "4": 138190.49999999252}, "bleedDamage": {"1": 0.0, "2": 0.0, "3": 0.0, "4": 0.0}}