{"deaths": 5220, "totalAttacks": 1031778, "damagingAttacks": 1885241.625, "damageDone": {"1": 1318668.6220372089, "2": 2307670.0885692784, "3": 4038422.6550088124, "4": 6510926.32133081}, "bleedDamage": {"1": 0.0, "2": 0.0, "3": 0.0, "4": 0.0}, "loadoutDamage": {}}