{"deaths": 8282, "totalAttacks": 100001, "damagingAttacks": 196332.875, "damageDone": {"1": 278414.91666671325, "2": 278414.91666671325, "3": 278414.91666671325, "4": 278414.91666671325}, "bleedDamage": {"1": 0.0, "2": 0.0, "3": 0.0, "4": 0.0}}