{"deaths": 8282, "totalAttacks": 2063556, "damagingAttacks": 2420426.25, "damageDone": {"1": 2028590.3249490203, "2": 2184635.734566655, "3": 2340681.1441854374, "4": 2532737.03292505}, "bleedDamage": {"1": 0.0, "2": 0.0, "3": 0.0, "4": 0.0}, "loadoutDamage": {}}