{"deaths": 8282, "totalAttacks": 200002, "damagingAttacks": 260460.0, "damageDone": {"1": 170363.1969425277, "2": 183468.0582457952, "3": 196572.91954906908, "4": 212701.9796148661}, "bleedDamage": {"1": 0.0, "2": 0.0, "3": 0.0, "4": 0.0}}