{"deaths": 5220, "totalAttacks": 1031778, "damagingAttacks": 1210213.125, "damageDone": {"1": 1970612.6213657432, "2": 1970612.6213657432, "3": 1970612.6213657432, "4": 1970612.6213657432}, "bleedDamage": {"1": 0.0, "2": 0.0, "3": 0.0, "4": 0.0}, "loadoutDamage": {}}