{"deaths": 8282, "totalAttacks": 200002, "damagingAttacks": 162954.25, "damageDone": {"1": 91881.21703237342, "2": 98949.00295794128, "3": 106016.78888351272, "4": 114715.60233046947}, "bleedDamage": {"1": 0.0, "2": 0.0, "3": 0.0, "4": 0.0}}