{"deaths": 8282, "totalAttacks": 100001, "damagingAttacks": 198028.75, "damageDone": {"1": 122427.57354418654, "2": 122427.57354418654, "3": 122427.57354418654, "4": 122427.57354418654}, "bleedDamage": {"1": 0.0, "2": 0.0, "3": 0.0, "4": 0.0}}