{"deaths": {"1": 893, "2": 1705, "3": 3308}, "totalAttacks": {"1": 55176.0, "2": 19152.0, "3": 26052.0}, "damagingAttacks": {"1": 34084.5, "2": 12046.5, "3": 9775.6875}, "damageDone": {"1": {"1": 78201.62402674193, "2": 20159.09168949079, "3": 14581.376631130783}, "2": {"1": 84217.1335672626, "2": 21709.791050220363, "3": 15703.020987371861}, "3": {"1": 90232.64310779277, "2": 23260.49041095157, "3": 16824.665343613327}, "4": {"1": 97636.34715765071, "2": 25169.04347031039, "3": 18205.15070513938}}, "bleedDamage": {"1": {"1": 0.0, "2": 0.0, "3": 0.0}, "2": {"1": 0.0, "2": 0.0, "3": 0.0}, "3": {"1": 0.0, "2": 0.0, "3": 0.0}, "4": {"1": 0.0, "2": 0.0, "3": 0.0}}}