{"deaths": 8282, "totalAttacks": 100001, "damagingAttacks": 130466.875, "damageDone": {"1": 99758.02083335382, "2": 99758.02083335382, "3": 99758.02083335382, "4": 99758.02083335382}, "bleedDamage": {"1": 0.0, "2": 0.0, "3": 0.0, "4": 0.0}}