{"deaths": 8282, "totalAttacks": 300003, "damagingAttacks": 332371.125, "damageDone": {"1": 305764.06536069216, "2": 329284.37808063615, "3": 352804.6908005785, "4": 381752.76799479936}, "bleedDamage": {"1": 0.0, "2": 0.0, "3": 0.0, "4": 0.0}}