{"deaths": 8282, "totalAttacks": 100001, "damagingAttacks": 120642.375, "damageDone": {"1": 87870.68750000818, "2": 87870.68750000818, "3": 87870.68750000818, "4": 87870.68750000818}, "bleedDamage": {"1": 0.0, "2": 0.0, "3": 0.0, "4": 0.0}}