{"deaths": 8282, "totalAttacks": 100001, "damagingAttacks": 116965.125, "damageDone": {"1": 147149.95833333913, "2": 147149.95833333913, "3": 147149.95833333913, "4": 147149.95833333913}, "bleedDamage": {"1": 0.0, "2": 0.0, "3": 0.0, "4": 0.0}}