{"deaths": 8282, "totalAttacks": 300003, "damagingAttacks": 269451.75, "damageDone": {"1": 235811.5756630624, "2": 253950.92763719577, "3": 272090.2796111796, "4": 294415.6358870705}, "bleedDamage": {"1": 0.0, "2": 0.0, "3": 0.0, "4": 0.0}}