{"deaths": 2306, "totalAttacks": 1031778, "damagingAttacks": 2046474.375, "damageDone": {"1": 3215237.3437516796, "2": 3227438.289569453, "3": 3227438.289569453, "4": 3227438.289569453}, "bleedDamage": {"1": 0.0, "2": 1031778, "3": 1031778, "4": 1031778}, "loadoutDamage": {}}