{"deaths": {"1": 893, "2": 1705, "3": 3308}, "totalAttacks": {"1": 18392.0, "2": 6384.0, "3": 8684.0}, "damagingAttacks": {"1": 11361.5, "2": 4015.5, "3": 3258.5625}, "damageDone": {"1": {"1": 29376.56250000128, "2": 6068.083333333419, "3": 5295.979166666671}, "2": {"1": 29376.56250000128, "2": 6068.083333333419, "3": 5295.979166666671}, "3": {"1": 29376.56250000128, "2": 6068.083333333419, "3": 5295.979166666671}, "4": {"1": 29376.56250000128, "2": 6068.083333333419, "3": 5295.979166666671}}, "bleedDamage": {"1": {"1": 0.0, "2": 0.0, "3": 0.0}, "2": {"1": 0.0, "2": 0.0, "3": 0.0}, "3": {"1": 0.0, "2": 0.0, "3": 0.0}, "4": {"1": 0.0, "2": 0.0, "3": 0.0}}}