{"deaths": 8282, "totalAttacks": 300003, "damagingAttacks": 361927.125, "damageDone": {"1": 217648.12700247765, "2": 234390.290618043, "3": 251132.4542334312, "4": 271738.1940682407}, "bleedDamage": {"1": 0.0, "2": 0.0, "3": 0.0, "4": 0.0}}