{"deaths": 8282, "totalAttacks": 100001, "damagingAttacks": 198554.125, "damageDone": {"1": 329245.4479166479, "2": 329245.4479166479, "3": 329245.4479166479, "4": 329245.4479166479}, "bleedDamage": {"1": 0.0, "2": 0.0, "3": 0.0, "4": 0.0}}