{"deaths": 8282, "totalAttacks": 100001, "damagingAttacks": 81477.125, "damageDone": {"1": 59616.33333333525, "2": 59616.33333333525, "3": 59616.33333333525, "4": 59616.33333333525}, "bleedDamage": {"1": 0.0, "2": 0.0, "3": 0.0, "4": 0.0}}