{"deaths": 8282, "totalAttacks": 200002, "damagingAttacks": 241284.75, "damageDone": {"1": 135427.0760636859, "2": 145844.54345318588, "3": 156262.0108427414, "4": 169083.50916833055}, "bleedDamage": {"1": 0.0, "2": 0.0, "3": 0.0, "4": 0.0}}