{"deaths": 8282, "totalAttacks": 100001, "damagingAttacks": 110790.375, "damageDone": {"1": 122287.99241446517, "2": 122287.99241446517, "3": 122287.99241446517, "4": 122287.99241446517}, "bleedDamage": {"1": 0.0, "2": 0.0, "3": 0.0, "4": 0.0}}