{"deaths": 8282, "totalAttacks": 200002, "damagingAttacks": 179634.5, "damageDone": {"1": 145128.4716679762, "2": 156292.2002578378, "3": 167455.92884769672, "4": 181195.90249691613}, "bleedDamage": {"1": 0.0, "2": 0.0, "3": 0.0, "4": 0.0}}