{"deaths": 8282, "totalAttacks": 200002, "damagingAttacks": 253241.5, "damageDone": {"1": 211461.5682507733, "2": 227727.8427315316, "3": 243994.11721241247, "4": 264014.14734271646}, "bleedDamage": {"1": 0.0, "2": 0.0, "3": 0.0, "4": 0.0}}