{"deaths": 8282, "totalAttacks": 100001, "damagingAttacks": 116965.125, "damageDone": {"1": 141491.25858284207, "2": 141491.25858284207, "3": 141491.25858284207, "4": 141491.25858284207}, "bleedDamage": {"1": 0.0, "2": 0.0, "3": 0.0, "4": 0.0}}