{"deaths": 8282, "totalAttacks": 100001, "damagingAttacks": 197585.5, "damageDone": {"1": 379557.18749991833, "2": 379557.18749991833, "3": 379557.18749991833, "4": 379557.18749991833}, "bleedDamage": {"1": 0.0, "2": 0.0, "3": 0.0, "4": 0.0}}