{"deaths": 8282, "totalAttacks": 100001, "damagingAttacks": 126620.75, "damageDone": {"1": 168244.91666671762, "2": 168244.91666671762, "3": 168244.91666671762, "4": 168244.91666671762}, "bleedDamage": {"1": 0.0, "2": 0.0, "3": 0.0, "4": 0.0}}