{"deaths": 8282, "totalAttacks": 200002, "damagingAttacks": 233930.25, "damageDone": {"1": 223222.59675348978, "2": 240393.5657344249, "3": 257564.53471555232, "4": 278698.0349998788}, "bleedDamage": {"1": 0.0, "2": 0.0, "3": 0.0, "4": 0.0}}