{"deaths": 8282, "totalAttacks": 100001, "damagingAttacks": 168953.375, "damageDone": {"1": 19794.744559531227, "2": 24743.430699406403, "3": 30929.28837425542, "4": 38352.317584093325}, "bleedDamage": {"1": 0.0, "2": 0.0, "3": 0.0, "4": 0.0}}