{"deaths": {"1": 893, "2": 1705, "3": 3308}, "totalAttacks": {"1": 18392.0, "2": 6384.0, "3": 8684.0}, "damagingAttacks": {"1": 11361.5, "2": 4015.5, "3": 3258.5625}, "damageDone": {"1": {"1": 42043.520833332565, "2": 11529.249999999982, "3": 8666.40625}, "2": {"1": 42043.520833332565, "2": 11529.249999999982, "3": 8666.40625}, "3": {"1": 42043.520833332565, "2": 11529.249999999982, "3": 8666.40625}, "4": {"1": 42043.520833332565, "2": 11529.249999999982, "3": 8666.40625}}, "bleedDamage": {"1": {"1": 0.0, "2": 0.0, "3": 0.0}, "2": {"1": 0.0, "2": 0.0, "3": 0.0}, "3": {"1": 0.0, "2": 0.0, "3": 0.0}, "4": {"1": 0.0, "2": 0.0, "3": 0.0}}}