{"deaths": 5220, "totalAttacks": 100001, "damagingAttacks": 177396.25, "damageDone": {"1": 85802.48121321981, "2": 150154.34212313363, "3": 262770.09871546284, "4": 423649.75099048443}, "bleedDamage": {"1": 0.0, "2": 0.0, "3": 0.0, "4": 0.0}}