{"deaths": 8282, "totalAttacks": 131778, "damagingAttacks": 256131.0, "damageDone": {"1": 32244.668492962286, "2": 40305.83561618344, "3": 50382.294520251184, "4": 62474.04520514028}, "bleedDamage": {"1": 0.0, "2": 0.0, "3": 0.0, "4": 0.0}}