{"deaths": 8282, "totalAttacks": 100001, "damagingAttacks": 198554.125, "damageDone": {"1": 113204.8570837461, "2": 113204.8570837461, "3": 113204.8570837461, "4": 113204.8570837461}, "bleedDamage": {"1": 0.0, "2": 0.0, "3": 0.0, "4": 0.0}}