{"deaths": 8282, "totalAttacks": 100001, "damagingAttacks": 182799.375, "damageDone": {"1": 29071.673530104188, "2": 36339.59191260384, "3": 45424.489890768025, "4": 56326.3674646048}, "bleedDamage": {"1": 0.0, "2": 0.0, "3": 0.0, "4": 0.0}}