{"deaths": 8282, "totalAttacks": 100001, "damagingAttacks": 89817.25, "damageDone": {"1": 94165.35416665202, "2": 94165.35416665202, "3": 94165.35416665202, "4": 94165.35416665202}, "bleedDamage": {"1": 0.0, "2": 0.0, "3": 0.0, "4": 0.0}}