{"deaths": 8282, "totalAttacks": 1031778, "damagingAttacks": 1210213.125, "damageDone": {"1": 1805308.3645834194, "2": 1805308.3645834194, "3": 1805308.3645834194, "4": 1805308.3645834194}, "bleedDamage": {"1": 0.0, "2": 0.0, "3": 0.0, "4": 0.0}, "loadoutDamage": {}}