{"deaths": 8282, "totalAttacks": 100001, "damagingAttacks": 110790.375, "damageDone": {"1": 107544.35416667226, "2": 107544.35416667226, "3": 107544.35416667226, "4": 107544.35416667226}, "bleedDamage": {"1": 0.0, "2": 0.0, "3": 0.0, "4": 0.0}}