{"deaths": 8282, "totalAttacks": 100001, "damagingAttacks": 126620.75, "damageDone": {"1": 124463.82088277528, "2": 124463.82088277528, "3": 124463.82088277528, "4": 124463.82088277528}, "bleedDamage": {"1": 0.0, "2": 0.0, "3": 0.0, "4": 0.0}}