{"deaths": 8282, "totalAttacks": 100001, "damagingAttacks": 89817.25, "damageDone": {"1": 96331.84992979075, "2": 96331.84992979075, "3": 96331.84992979075, "4": 96331.84992979075}, "bleedDamage": {"1": 0.0, "2": 0.0, "3": 0.0, "4": 0.0}}