{"deaths": 8282, "totalAttacks": 395334, "damagingAttacks": 584421.75, "damageDone": {"1": 476165.9855753246, "2": 512794.13831175177, "3": 549422.2910479603, "4": 594503.0944162275}, "bleedDamage": {"1": 0.0, "2": 0.0, "3": 0.0, "4": 0.0}}