{"deaths": 8282, "totalAttacks": 100001, "damagingAttacks": 196332.875, "damageDone": {"1": 92647.36813039746, "2": 92647.36813039746, "3": 92647.36813039746, "4": 92647.36813039746}, "bleedDamage": {"1": 0.0, "2": 0.0, "3": 0.0, "4": 0.0}}