{"deaths": 8282, "totalAttacks": 131778, "damagingAttacks": 194807.25, "damageDone": {"1": 201600.08304392148, "2": 201600.08304392148, "3": 201600.08304392148, "4": 201600.08304392148}, "bleedDamage": {"1": 0.0, "2": 0.0, "3": 0.0, "4": 0.0}}