{"deaths": 5220, "totalAttacks": 1031778, "damagingAttacks": 1210213.125, "damageDone": {"1": 1113090.145833351, "2": 1113090.145833351, "3": 1113090.145833351, "4": 1113090.145833351}, "bleedDamage": {"1": 0.0, "2": 0.0, "3": 0.0, "4": 0.0}, "loadoutDamage": {}}