{"deaths": 8282, "totalAttacks": 200002, "damagingAttacks": 221580.75, "damageDone": {"1": 165748.30408547164, "2": 178498.1736305135, "3": 191248.0431755528, "4": 206940.1903080053}, "bleedDamage": {"1": 0.0, "2": 0.0, "3": 0.0, "4": 0.0}}