{"deaths": 8282, "totalAttacks": 100001, "damagingAttacks": 199657.5, "damageDone": {"1": 95828.4017269336, "2": 95828.4017269336, "3": 95828.4017269336, "4": 95828.4017269336}, "bleedDamage": {"1": 0.0, "2": 0.0, "3": 0.0, "4": 0.0}}