{"deaths": 8282, "totalAttacks": 100001, "damagingAttacks": 197138.125, "damageDone": {"1": 101730.66695115446, "2": 101730.66695115446, "3": 101730.66695115446, "4": 101730.66695115446}, "bleedDamage": {"1": 0.0, "2": 0.0, "3": 0.0, "4": 0.0}}