{"deaths": {"1": 893, "2": 1705, "3": 3308}, "totalAttacks": {"1": 18392.0, "2": 6384.0, "3": 8684.0}, "damagingAttacks": {"1": 11361.5, "2": 4015.5, "3": 3258.5625}, "damageDone": {"1": {"1": 30773.39583333423, "2": 7932.8750000000255, "3": 5737.9687499999945}, "2": {"1": 30773.39583333423, "2": 7932.8750000000255, "3": 5737.9687499999945}, "3": {"1": 30773.39583333423, "2": 7932.8750000000255, "3": 5737.9687499999945}, "4": {"1": 30773.39583333423, "2": 7932.8750000000255, "3": 5737.9687499999945}}, "bleedDamage": {"1": {"1": 0.0, "2": 0.0, "3": 0.0}, "2": {"1": 0.0, "2": 0.0, "3": 0.0}, "3": {"1": 0.0, "2": 0.0, "3": 0.0}, "4": {"1": 0.0, "2": 0.0, "3": 0.0}}}