{"deaths": 8282, "totalAttacks": 300003, "damagingAttacks": 379862.25, "damageDone": {"1": 279394.47115282546, "2": 300886.35354904656, "3": 322378.2359454539, "4": 348829.7835103741}, "bleedDamage": {"1": 0.0, "2": 0.0, "3": 0.0, "4": 0.0}}