{"deaths": 8282, "totalAttacks": 300003, "damagingAttacks": 325209.0, "damageDone": {"1": 348732.200090547, "2": 375557.753943565, "3": 402383.30779620865, "4": 435399.374077278}, "bleedDamage": {"1": 0.0, "2": 0.0, "3": 0.0, "4": 0.0}}