{"deaths": 8282, "totalAttacks": 200002, "damagingAttacks": 216806.0, "damageDone": {"1": 171454.1158986318, "2": 184642.8940447393, "3": 197831.67219086105, "4": 214064.01452440396}, "bleedDamage": {"1": 0.0, "2": 0.0, "3": 0.0, "4": 0.0}}