{"deaths": 5220, "totalAttacks": 1031778, "damagingAttacks": 2046474.375, "damageDone": {"1": 1723564.2732987131, "2": 1723564.2732987131, "3": 1723564.2732987131, "4": 1723564.2732987131}, "bleedDamage": {"1": 0.0, "2": 0.0, "3": 0.0, "4": 0.0}, "loadoutDamage": {}}