{"deaths": 8282, "totalAttacks": 100001, "damagingAttacks": 81477.125, "damageDone": {"1": 106937.08333331735, "2": 106937.08333331735, "3": 106937.08333331735, "4": 106937.08333331735}, "bleedDamage": {"1": 0.0, "2": 0.0, "3": 0.0, "4": 0.0}}