{"deaths": 8282, "totalAttacks": 263556, "damagingAttacks": 389614.5, "damageDone": {"1": 247078.18097365942, "2": 266084.1948946865, "3": 285090.2088158693, "4": 308482.22594951617}, "bleedDamage": {"1": 0.0, "2": 0.0, "3": 0.0, "4": 0.0}}