{"deaths": 8282, "totalAttacks": 100001, "damagingAttacks": 197138.125, "damageDone": {"1": 260374.6666667493, "2": 260374.6666667493, "3": 260374.6666667493, "4": 260374.6666667493}, "bleedDamage": {"1": 0.0, "2": 0.0, "3": 0.0, "4": 0.0}}