{"deaths": 8282, "totalAttacks": 100001, "damagingAttacks": 108403.0, "damageDone": {"1": 111246.52083334193, "2": 111246.52083334193, "3": 111246.52083334193, "4": 111246.52083334193}, "bleedDamage": {"1": 0.0, "2": 0.0, "3": 0.0, "4": 0.0}}