{"deaths": 8282, "totalAttacks": 100001, "damagingAttacks": 177277.0, "damageDone": {"1": 31743.676792045328, "2": 39679.59599000307, "3": 49599.494987536724, "4": 61503.373784617645}, "bleedDamage": {"1": 0.0, "2": 0.0, "3": 0.0, "4": 0.0}}