{"deaths": 8282, "totalAttacks": 100001, "damagingAttacks": 198133.375, "damageDone": {"1": 364406.58333333785, "2": 364406.58333333785, "3": 364406.58333333785, "4": 364406.58333333785}, "bleedDamage": {"1": 0.0, "2": 0.0, "3": 0.0, "4": 0.0}}