{"deaths": 8282, "totalAttacks": 131778, "damagingAttacks": 263292.75, "damageDone": {"1": 394581.60416669096, "2": 394581.60416669096, "3": 394581.60416669096, "4": 394581.60416669096}, "bleedDamage": {"1": 0.0, "2": 0.0, "3": 0.0, "4": 0.0}}