{"deaths": 8282, "totalAttacks": 100001, "damagingAttacks": 130230.0, "damageDone": {"1": 142941.3598877502, "2": 142941.3598877502, "3": 142941.3598877502, "4": 142941.3598877502}, "bleedDamage": {"1": 0.0, "2": 0.0, "3": 0.0, "4": 0.0}}