{"deaths": 8282, "totalAttacks": 100001, "damagingAttacks": 130466.875, "damageDone": {"1": 215282.99999998987, "2": 215282.99999998987, "3": 215282.99999998987, "4": 215282.99999998987}, "bleedDamage": {"1": 0.0, "2": 0.0, "3": 0.0, "4": 0.0}}