{"deaths": 8282, "totalAttacks": 100001, "damagingAttacks": 198133.375, "damageDone": {"1": 142879.4760450021, "2": 142879.4760450021, "3": 142879.4760450021, "4": 142879.4760450021}, "bleedDamage": {"1": 0.0, "2": 0.0, "3": 0.0, "4": 0.0}}