{"deaths": 8282, "totalAttacks": 100001, "damagingAttacks": 191273.5, "damageDone": {"1": 23849.347294711726, "2": 29811.684118342702, "3": 37264.605147918584, "4": 46208.11038348567}, "bleedDamage": {"1": 0.0, "2": 0.0, "3": 0.0, "4": 0.0}}