{"deaths": 8282, "totalAttacks": 100001, "damagingAttacks": 177396.25, "damageDone": {"1": 34303.457869931626, "2": 42879.3223373787, "3": 53599.15292173286, "4": 66462.94962298255}, "bleedDamage": {"1": 0.0, "2": 0.0, "3": 0.0, "4": 0.0}}