{"deaths": 8282, "totalAttacks": 100001, "damagingAttacks": 198028.75, "damageDone": {"1": 317126.0416666546, "2": 317126.0416666546, "3": 317126.0416666546, "4": 317126.0416666546}, "bleedDamage": {"1": 0.0, "2": 0.0, "3": 0.0, "4": 0.0}}