{"deaths": 8282, "totalAttacks": 100001, "damagingAttacks": 126620.75, "damageDone": {"1": 137205.0104166659, "2": 137205.0104166659, "3": 137205.0104166659, "4": 137205.0104166659}, "bleedDamage": {"1": 0.0, "2": 0.0, "3": 0.0, "4": 0.0}}