{"deaths": 8282, "totalAttacks": 100001, "damagingAttacks": 108403.0, "damageDone": {"1": 189129.02083332377, "2": 189129.02083332377, "3": 189129.02083332377, "4": 189129.02083332377}, "bleedDamage": {"1": 0.0, "2": 0.0, "3": 0.0, "4": 0.0}}