{"deaths": 8282, "totalAttacks": 300003, "damagingAttacks": 390690.0, "damageDone": {"1": 352898.3001362744, "2": 380044.32322345214, "3": 407190.34631076094, "4": 440600.83626488136}, "bleedDamage": {"1": 0.0, "2": 0.0, "3": 0.0, "4": 0.0}}