{"deaths": 8282, "totalAttacks": 100001, "damagingAttacks": 110790.375, "damageDone": {"1": 171866.2187499873, "2": 171866.2187499873, "3": 171866.2187499873, "4": 171866.2187499873}, "bleedDamage": {"1": 0.0, "2": 0.0, "3": 0.0, "4": 0.0}}