{"deaths": 8282, "totalAttacks": 100001, "damagingAttacks": 116965.125, "damageDone": {"1": 144836.05208334565, "2": 144836.05208334565, "3": 144836.05208334565, "4": 144836.05208334565}, "bleedDamage": {"1": 0.0, "2": 0.0, "3": 0.0, "4": 0.0}}