{"deaths": 5220, "totalAttacks": 1031778, "damagingAttacks": 2046474.375, "damageDone": {"1": 3215237.3437516796, "2": 3215237.3437516796, "3": 3215237.3437516796, "4": 3215237.3437516796}, "bleedDamage": {"1": 0.0, "2": 0.0, "3": 0.0, "4": 0.0}, "loadoutDamage": {}}