{"deaths": 8282, "totalAttacks": 100001, "damagingAttacks": 116965.125, "damageDone": {"1": 203514.58333331335, "2": 203514.58333331335, "3": 203514.58333331335, "4": 203514.58333331335}, "bleedDamage": {"1": 0.0, "2": 0.0, "3": 0.0, "4": 0.0}}