{"deaths": 8282, "totalAttacks": 100001, "damagingAttacks": 108403.0, "damageDone": {"1": 131351.15939576938, "2": 131351.15939576938, "3": 131351.15939576938, "4": 131351.15939576938}, "bleedDamage": {"1": 0.0, "2": 0.0, "3": 0.0, "4": 0.0}}