{"deaths": 5220, "totalAttacks": 131778, "damagingAttacks": 256131.0, "damageDone": {"1": 98575.44137597078, "2": 172507.02240801047, "3": 301887.28921405796, "4": 486716.2417937268}, "bleedDamage": {"1": 0.0, "2": 0.0, "3": 0.0, "4": 0.0}}