{"deaths": 8282, "totalAttacks": 300003, "damagingAttacks": 244431.375, "damageDone": {"1": 179731.22710559604, "2": 193556.70611367913, "3": 207382.18512179973, "4": 224398.1592857381}, "bleedDamage": {"1": 0.0, "2": 0.0, "3": 0.0, "4": 0.0}}