{"deaths": 8282, "totalAttacks": 100001, "damagingAttacks": 181692.125, "damageDone": {"1": 39954.446593826244, "2": 49943.058242242514, "3": 62428.8228028369, "4": 77411.74027556894}, "bleedDamage": {"1": 0.0, "2": 0.0, "3": 0.0, "4": 0.0}}