{"deaths": 8282, "totalAttacks": 300003, "damagingAttacks": 391400.625, "damageDone": {"1": 390882.7273624101, "2": 420950.6294670393, "3": 451018.53157204366, "4": 488025.18031655473}, "bleedDamage": {"1": 0.0, "2": 0.0, "3": 0.0, "4": 0.0}}