{"deaths": 8282, "totalAttacks": 100001, "damagingAttacks": 199024.75, "damageDone": {"1": 265957.4166665877, "2": 265957.4166665877, "3": 265957.4166665877, "4": 265957.4166665877}, "bleedDamage": {"1": 0.0, "2": 0.0, "3": 0.0, "4": 0.0}}