{"deaths": 8282, "totalAttacks": 100001, "damagingAttacks": 175795.375, "damageDone": {"1": 23702.469604686725, "2": 29628.08700583015, "3": 37035.10875731517, "4": 45923.53485907033}, "bleedDamage": {"1": 0.0, "2": 0.0, "3": 0.0, "4": 0.0}}