{"deaths": 8282, "totalAttacks": 100001, "damagingAttacks": 81477.125, "damageDone": {"1": 79225.05749070266, "2": 79225.05749070266, "3": 79225.05749070266, "4": 79225.05749070266}, "bleedDamage": {"1": 0.0, "2": 0.0, "3": 0.0, "4": 0.0}}