{"deaths": 8282, "totalAttacks": 100001, "damagingAttacks": 130230.0, "damageDone": {"1": 110538.68750000937, "2": 110538.68750000937, "3": 110538.68750000937, "4": 110538.68750000937}, "bleedDamage": {"1": 0.0, "2": 0.0, "3": 0.0, "4": 0.0}}