{"deaths": {"1": 18676, "2": 42074, "3": 70007}, "totalAttacks": {"1": 18392.0, "2": 6384.0, "3": 8684.0}, "damagingAttacks": {"1": 11361.5, "2": 4015.5, "3": 3258.5625}, "damageDone": {"1": {"1": 12660.603118835648, "2": 3043.7660256410395, "3": 2064.4850221893853}, "2": {"1": 12660.603118835648, "2": 3043.7660256410395, "3": 2064.4850221893853}, "3": {"1": 12660.603118835648, "2": 3043.7660256410395, "3": 2064.4850221893853}, "4": {"1": 12660.603118835648, "2": 3043.7660256410395, "3": 2064.4850221893853}}, "bleedDamage": {"1": {"1": 0.0, "2": 0.0, "3": 0.0}, "2": {"1": 0.0, "2": 0.0, "3": 0.0}, "3": {"1": 0.0, "2": 0.0, "3": 0.0}, "4": {"1": 0.0, "2": 0.0, "3": 0.0}}}