{"deaths": 183940, "totalAttacks": 100001, "damagingAttacks": 120642.375, "damageDone": {"1": 19431.078895467585, "2": 19431.078895467585, "3": 19431.078895467585, "4": 19431.078895467585}, "bleedDamage": {"1": 0.0, "2": 0.0, "3": 0.0, "4": 0.0}}