{"deaths": 183940, "totalAttacks": 100001, "damagingAttacks": 116965.125, "damageDone": {"1": 42454.86291912985, "2": 42454.86291912985, "3": 42454.86291912985, "4": 42454.86291912985}, "bleedDamage": {"1": 0.0, "2": 0.0, "3": 0.0, "4": 0.0}}