{"deaths": 183940, "totalAttacks": 100001, "damagingAttacks": 126620.75, "damageDone": {"1": 26268.867850099112, "2": 26268.867850099112, "3": 26268.867850099112, "4": 26268.867850099112}, "bleedDamage": {"1": 0.0, "2": 0.0, "3": 0.0, "4": 0.0}}