{"deaths": 183940, "totalAttacks": 100001, "damagingAttacks": 130466.875, "damageDone": {"1": 43679.16839250217, "2": 43679.16839250217, "3": 43679.16839250217, "4": 43679.16839250217}, "bleedDamage": {"1": 0.0, "2": 0.0, "3": 0.0, "4": 0.0}}