{"deaths": 183940, "totalAttacks": 100001, "damagingAttacks": 110790.375, "damageDone": {"1": 33395.47460552429, "2": 33395.47460552429, "3": 33395.47460552429, "4": 33395.47460552429}, "bleedDamage": {"1": 0.0, "2": 0.0, "3": 0.0, "4": 0.0}}