{"deaths": 183940, "totalAttacks": 100001, "damagingAttacks": 89817.25, "damageDone": {"1": 25244.19822485347, "2": 25244.19822485347, "3": 25244.19822485347, "4": 25244.19822485347}, "bleedDamage": {"1": 0.0, "2": 0.0, "3": 0.0, "4": 0.0}}