{"deaths": 183940, "totalAttacks": 131778, "damagingAttacks": 194807.25, "damageDone": {"1": 48439.34763309597, "2": 48439.34763309597, "3": 48439.34763309597, "4": 48439.34763309597}, "bleedDamage": {"1": 0.0, "2": 0.0, "3": 0.0, "4": 0.0}}