{"deaths": 183940, "totalAttacks": 100001, "damagingAttacks": 81477.125, "damageDone": {"1": 18122.013560155538, "2": 18122.013560155538, "3": 18122.013560155538, "4": 18122.013560155538}, "bleedDamage": {"1": 0.0, "2": 0.0, "3": 0.0, "4": 0.0}}