{"deaths": 183940, "totalAttacks": 1031778, "damagingAttacks": 1210213.125, "damageDone": {"1": 334411.0786487537, "2": 334411.0786487537, "3": 334411.0786487537, "4": 334411.0786487537}, "bleedDamage": {"1": 0.0, "2": 0.0, "3": 0.0, "4": 0.0}, "loadoutDamage": {}}