{"deaths": 7445, "totalAttacks": 200002, "damagingAttacks": 396266.75, "damageDone": {"1": 105901.30307813657, "2": 119628.90577486015, "3": 135317.59457110547, "4": 152967.3694669101}, "bleedDamage": {"1": 0.0, "2": 0.0, "3": 0.0, "4": 0.0}}