{"deaths": 10262, "totalAttacks": 100001, "damagingAttacks": 120642.375, "damageDone": {"1": 100777.21556711955, "2": 172760.94097233258, "3": 296161.6130952966, "4": 470979.2319361859}, "bleedDamage": {"1": 0.0, "2": 0.0, "3": 0.0, "4": 0.0}}