{"deaths": 9513, "totalAttacks": 100001, "damagingAttacks": 130466.875, "damageDone": {"1": 25761.686694552915, "2": 32202.108368175537, "3": 40252.63546024686, "4": 49913.26797066323}, "bleedDamage": {"1": 0.0, "2": 0.0, "3": 0.0, "4": 0.0}}