{"deaths": 10262, "totalAttacks": 100001, "damagingAttacks": 182799.375, "damageDone": {"1": 232119.63844386686, "2": 397919.3801894441, "3": 682147.508895584, "4": 1084804.024564544}, "bleedDamage": {"1": 0.0, "2": 0.0, "3": 0.0, "4": 0.0}}