{"deaths": 7454, "totalAttacks": 100001, "damagingAttacks": 108403.0, "damageDone": {"1": 242699.6041666298, "2": 424724.3072917084, "3": 743267.537760378, "4": 1198329.295572876}, "bleedDamage": {"1": 0.0, "2": 0.0, "3": 0.0, "4": 0.0}}