{"deaths": 9513, "totalAttacks": 100001, "damagingAttacks": 191273.5, "damageDone": {"1": 112535.21268129048, "2": 182869.7206070718, "3": 297163.29598657816, "4": 455415.9388194067}, "bleedDamage": {"1": 0.0, "2": 0.0, "3": 0.0, "4": 0.0}}