{"deaths": 9513, "totalAttacks": 100001, "damagingAttacks": 177396.25, "damageDone": {"1": 133385.6196178034, "2": 216751.63187878215, "3": 352221.4018031443, "4": 539794.9293907596}, "bleedDamage": {"1": 0.0, "2": 0.0, "3": 0.0, "4": 0.0}}