{"deaths": {"1": 895, "2": 2069, "3": 3698}, "totalAttacks": {"1": 18392.0, "2": 6384.0, "3": 8684.0}, "damagingAttacks": {"1": 17676.0, "2": 5847.0, "3": 6829.9375}, "damageDone": {"1": {"1": 50909.322799782254, "2": 13714.412087260787, "3": 14720.658481444356}, "2": {"1": 50909.322799782254, "2": 13714.412087260787, "3": 14720.658481444356}, "3": {"1": 50909.322799782254, "2": 13714.412087260787, "3": 14720.658481444356}, "4": {"1": 50909.322799782254, "2": 13714.412087260787, "3": 14720.658481444356}}, "bleedDamage": {"1": {"1": 0.0, "2": 0.0, "3": 0.0}, "2": {"1": 0.0, "2": 0.0, "3": 0.0}, "3": {"1": 0.0, "2": 0.0, "3": 0.0}, "4": {"1": 0.0, "2": 0.0, "3": 0.0}}}