{"deaths": 9513, "totalAttacks": 100001, "damagingAttacks": 175795.375, "damageDone": {"1": 79775.30334124186, "2": 129634.86792944156, "3": 210656.66038533373, "4": 322840.68070885964}, "bleedDamage": {"1": 0.0, "2": 0.0, "3": 0.0, "4": 0.0}}