{"deaths": 7454, "totalAttacks": 100001, "damagingAttacks": 120642.375, "damageDone": {"1": 195529.72916668167, "2": 342177.02604171104, "3": 598809.7955727846, "4": 965428.0377605204}, "bleedDamage": {"1": 0.0, "2": 0.0, "3": 0.0, "4": 0.0}}