{"deaths": 14375, "totalAttacks": 400004, "damagingAttacks": 726768.5, "damageDone": {"1": 88834.45102182972, "2": 95667.87033130565, "3": 102501.28964054021, "4": 110911.65186757167}, "bleedDamage": {"1": 0.0, "2": 0.0, "3": 0.0, "4": 0.0}}