{"deaths": 10262, "totalAttacks": 100001, "damagingAttacks": 191273.5, "damageDone": {"1": 215851.98542680865, "2": 370031.97501769825, "3": 634340.5286012541, "4": 1008777.646179519}, "bleedDamage": {"1": 0.0, "2": 0.0, "3": 0.0, "4": 0.0}}