{"deaths": 9513, "totalAttacks": 200002, "damagingAttacks": 179634.5, "damageDone": {"1": 24317.426621521216, "2": 39515.818259953216, "3": 64213.20467245119, "4": 98409.58585905362}, "bleedDamage": {"1": 0.0, "2": 0.0, "3": 0.0, "4": 0.0}}