{"deaths": 9513, "totalAttacks": 200002, "damagingAttacks": 241284.75, "damageDone": {"1": 22691.880834237407, "2": 36874.3063556422, "3": 59920.747827919535, "4": 91831.20525108516}, "bleedDamage": {"1": 0.0, "2": 0.0, "3": 0.0, "4": 0.0}}