{"deaths": 10262, "totalAttacks": 131778, "damagingAttacks": 194807.25, "damageDone": {"1": 91450.31540493843, "2": 107780.72887008499, "3": 127027.28759701736, "4": 149189.9915854055}, "bleedDamage": {"1": 0.0, "2": 0.0, "3": 0.0, "4": 0.0}}