{"deaths": 10262, "totalAttacks": 100001, "damagingAttacks": 116965.125, "damageDone": {"1": 79225.53557873357, "2": 118838.30336801894, "3": 178257.4550519959, "4": 257482.9906306817}, "bleedDamage": {"1": 0.0, "2": 0.0, "3": 0.0, "4": 0.0}}