{"deaths": 14375, "totalAttacks": 400004, "damagingAttacks": 731197.5, "damageDone": {"1": 72299.69216222664, "2": 77861.20694398218, "3": 83422.7217256138, "4": 90267.66299544148}, "bleedDamage": {"1": 0.0, "2": 0.0, "3": 0.0, "4": 0.0}}