{"deaths": 10262, "totalAttacks": 100001, "damagingAttacks": 199657.5, "damageDone": {"1": 164651.3858487137, "2": 246977.07877295793, "3": 370465.61815985816, "4": 535117.0040085005}, "bleedDamage": {"1": 0.0, "2": 0.0, "3": 0.0, "4": 0.0}}