{"deaths": 7454, "totalAttacks": 131778, "damagingAttacks": 194807.25, "damageDone": {"1": 372499.6458333609, "2": 651874.3802083542, "3": 1140780.1653643965, "4": 1839217.001301953}, "bleedDamage": {"1": 0.0, "2": 0.0, "3": 0.0, "4": 0.0}}