{"deaths": 10262, "totalAttacks": 100001, "damagingAttacks": 108403.0, "damageDone": {"1": 73967.81888892832, "2": 110951.72833329192, "3": 166427.5924998908, "4": 240395.41138889655}, "bleedDamage": {"1": 0.0, "2": 0.0, "3": 0.0, "4": 0.0}}