{"deaths": 10262, "totalAttacks": 100001, "damagingAttacks": 168953.375, "damageDone": {"1": 184492.1913602482, "2": 316272.328046205, "3": 542181.1337935062, "4": 862218.6086024799}, "bleedDamage": {"1": 0.0, "2": 0.0, "3": 0.0, "4": 0.0}}