{"deaths": 7454, "totalAttacks": 100001, "damagingAttacks": 126620.75, "damageDone": {"1": 229973.76041671578, "2": 402454.08072905586, "3": 704294.6412762466, "4": 1135495.4420572172}, "bleedDamage": {"1": 0.0, "2": 0.0, "3": 0.0, "4": 0.0}}