{"deaths": 9513, "totalAttacks": 300003, "damagingAttacks": 244431.375, "damageDone": {"1": 49953.24633399091, "2": 53795.80374428628, "3": 57638.361154568775, "4": 62367.6625826331}, "bleedDamage": {"1": 0.0, "2": 0.0, "3": 0.0, "4": 0.0}}