{"deaths": 10262, "totalAttacks": 100001, "damagingAttacks": 187208.25, "damageDone": {"1": 248171.0083590754, "2": 425436.0143297677, "3": 729318.8817077745, "4": 1159819.610495045}, "bleedDamage": {"1": 0.0, "2": 0.0, "3": 0.0, "4": 0.0}}