{"deaths": 10262, "totalAttacks": 100001, "damagingAttacks": 130230.0, "damageDone": {"1": 62138.51044193359, "2": 73234.67302078691, "3": 86312.29320312207, "4": 101371.37098873348}, "bleedDamage": {"1": 0.0, "2": 0.0, "3": 0.0, "4": 0.0}}