{"deaths": 7445, "totalAttacks": 100001, "damagingAttacks": 199657.5, "damageDone": {"1": 98246.96104169244, "2": 112282.24119035709, "3": 128322.56136034853, "4": 146367.921551947}, "bleedDamage": {"1": 0.0, "2": 0.0, "3": 0.0, "4": 0.0}}