{"deaths": 9513, "totalAttacks": 100001, "damagingAttacks": 81477.125, "damageDone": {"1": 57875.289605313075, "2": 83195.7288075803, "3": 119593.86016093219, "4": 167069.68366534708}, "bleedDamage": {"1": 0.0, "2": 0.0, "3": 0.0, "4": 0.0}}