{"deaths": 9513, "totalAttacks": 300003, "damagingAttacks": 391400.625, "damageDone": {"1": 83588.45151737328, "2": 90018.33240334384, "3": 96448.21328924703, "4": 104361.91284118268}, "bleedDamage": {"1": 0.0, "2": 0.0, "3": 0.0, "4": 0.0}}