{"deaths": 9513, "totalAttacks": 200002, "damagingAttacks": 216806.0, "damageDone": {"1": 28728.497133629604, "2": 46683.80784213205, "3": 75861.18774354082, "4": 116260.63683773574}, "bleedDamage": {"1": 0.0, "2": 0.0, "3": 0.0, "4": 0.0}}