{"deaths": 10262, "totalAttacks": 1031778, "damagingAttacks": 1210213.125, "damageDone": {"1": 1322918.5639123004, "2": 2267860.3952849708, "3": 3887760.677634313, "4": 6182619.410970047}, "bleedDamage": {"1": 0.0, "2": 0.0, "3": 0.0, "4": 0.0}, "loadoutDamage": {}}