{"deaths": {"1": 1840, "2": 3463, "3": 5866}, "totalAttacks": {"1": 73568.0, "2": 25536.0, "3": 34736.0}, "damagingAttacks": {"1": 70704.0, "2": 23388.0, "3": 27319.75}, "damageDone": {"1": {"1": 17134.996405063903, "2": 4013.5536909683033, "3": 4678.467596756455}, "2": {"1": 18453.07305160586, "2": 4322.288590273687, "3": 5038.349719583702}, "3": {"1": 19771.14969814788, "2": 4631.023489578848, "3": 5398.23184241137}, "4": {"1": 21393.397878506592, "2": 5011.004904108339, "3": 5841.163685891121}}, "bleedDamage": {"1": {"1": 0.0, "2": 0.0, "3": 0.0}, "2": {"1": 0.0, "2": 0.0, "3": 0.0}, "3": {"1": 0.0, "2": 0.0, "3": 0.0}, "4": {"1": 0.0, "2": 0.0, "3": 0.0}}}