{"deaths": 7445, "totalAttacks": 200002, "damagingAttacks": 399315.0, "damageDone": {"1": 72817.42349361921, "2": 83219.9125640816, "3": 95108.47150190236, "4": 108483.10030677915}, "bleedDamage": {"1": 0.0, "2": 0.0, "3": 0.0, "4": 0.0}}