{"deaths": 14375, "totalAttacks": 4127112, "damagingAttacks": 7540966.5, "damageDone": {"1": 5449521.690986055, "2": 5864617.269059899, "3": 6279712.847136361, "4": 6790599.712453257}, "bleedDamage": {"1": 0.0, "2": 0.0, "3": 0.0, "4": 0.0}, "loadoutDamage": {}}