{"deaths": 7445, "totalAttacks": 131778, "damagingAttacks": 263292.75, "damageDone": {"1": 131727.3214352521, "2": 150545.51021149574, "3": 172052.01167046084, "4": 196246.82581171877}, "bleedDamage": {"1": 0.0, "2": 0.0, "3": 0.0, "4": 0.0}}