{"deaths": 14375, "totalAttacks": 400004, "damagingAttacks": 675813.5, "damageDone": {"1": 55270.15391456139, "2": 59521.70421568764, "3": 63773.25451680171, "4": 69005.93181051352}, "bleedDamage": {"1": 0.0, "2": 0.0, "3": 0.0, "4": 0.0}}