{"deaths": 9513, "totalAttacks": 100001, "damagingAttacks": 116965.125, "damageDone": {"1": 37402.71674076567, "2": 46753.395925937824, "3": 58441.74490742985, "4": 72467.76368521116}, "bleedDamage": {"1": 0.0, "2": 0.0, "3": 0.0, "4": 0.0}}