{"deaths": 10262, "totalAttacks": 100001, "damagingAttacks": 199024.75, "damageDone": {"1": 142638.30145639772, "2": 213957.45218449598, "3": 320936.1782769096, "4": 463574.4797333011}, "bleedDamage": {"1": 0.0, "2": 0.0, "3": 0.0, "4": 0.0}}