{"deaths": 9513, "totalAttacks": 100001, "damagingAttacks": 182799.375, "damageDone": {"1": 116077.08596420228, "2": 188625.2646917394, "3": 306516.0551243238, "4": 469749.45726137003}, "bleedDamage": {"1": 0.0, "2": 0.0, "3": 0.0, "4": 0.0}}