{"deaths": 3311, "totalAttacks": 1031778, "damagingAttacks": 1885241.625, "damageDone": {"1": 2862898.982063443, "2": 3227438.289569453, "3": 3227438.289569453, "4": 3227438.289569453}, "bleedDamage": {"1": 0.0, "2": 1031778, "3": 1031778, "4": 1031778}, "loadoutDamage": {}}