{"deaths": 9513, "totalAttacks": 100001, "damagingAttacks": 89817.25, "damageDone": {"1": 24317.426621521216, "2": 30396.783276899547, "3": 37995.979096161136, "4": 47115.01407918059}, "bleedDamage": {"1": 0.0, "2": 0.0, "3": 0.0, "4": 0.0}}