{"deaths": 10262, "totalAttacks": 100001, "damagingAttacks": 116965.125, "damageDone": {"1": 152356.7991898416, "2": 261183.08432542774, "3": 447742.430272345, "4": 712034.8370296883}, "bleedDamage": {"1": 0.0, "2": 0.0, "3": 0.0, "4": 0.0}}