{"deaths": 7454, "totalAttacks": 100001, "damagingAttacks": 116965.125, "damageDone": {"1": 261435.6249999518, "2": 457512.3437500783, "3": 800646.6015624317, "4": 1290838.398437583}, "bleedDamage": {"1": 0.0, "2": 0.0, "3": 0.0, "4": 0.0}}