{"deaths": 9513, "totalAttacks": 100001, "damagingAttacks": 81477.125, "damageDone": {"1": 15395.426737432572, "2": 19244.28342180066, "3": 24055.354277243277, "4": 29828.639303785858}, "bleedDamage": {"1": 0.0, "2": 0.0, "3": 0.0, "4": 0.0}}