{"deaths": 10262, "totalAttacks": 100001, "damagingAttacks": 120642.375, "damageDone": {"1": 54133.18257762197, "2": 63799.822323627806, "3": 75192.64773857879, "4": 88311.65882247638}, "bleedDamage": {"1": 0.0, "2": 0.0, "3": 0.0, "4": 0.0}}