{"deaths": 10262, "totalAttacks": 100001, "damagingAttacks": 81477.125, "damageDone": {"1": 40191.44219265211, "2": 60287.163288949756, "3": 90430.74493339995, "4": 130622.18712610644}, "bleedDamage": {"1": 0.0, "2": 0.0, "3": 0.0, "4": 0.0}}