{"deaths": 9513, "totalAttacks": 100001, "damagingAttacks": 130466.875, "damageDone": {"1": 116513.05219593232, "2": 167487.5125316442, "3": 240763.2992642786, "4": 336340.4123939392}, "bleedDamage": {"1": 0.0, "2": 0.0, "3": 0.0, "4": 0.0}}