{"deaths": 7445, "totalAttacks": 100001, "damagingAttacks": 198744.625, "damageDone": {"1": 92854.52598381155, "2": 106119.45826716055, "3": 121279.38087668497, "4": 138334.29381264874}, "bleedDamage": {"1": 0.0, "2": 0.0, "3": 0.0, "4": 0.0}}