{"deaths": 14375, "totalAttacks": 300003, "damagingAttacks": 573820.5, "damageDone": {"1": 217461.7290617438, "2": 234189.55437395826, "3": 250917.37968675184, "4": 271505.47237881884}, "bleedDamage": {"1": 0.0, "2": 0.0, "3": 0.0, "4": 0.0}}