{"deaths": 10262, "totalAttacks": 100001, "damagingAttacks": 197138.125, "damageDone": {"1": 142646.3407426784, "2": 213969.51111396728, "3": 320954.2666712175, "4": 463600.6074138143}, "bleedDamage": {"1": 0.0, "2": 0.0, "3": 0.0, "4": 0.0}}