{"deaths": 3311, "totalAttacks": 1031778, "damagingAttacks": 1210213.125, "damageDone": {"1": 2395924.697915985, "2": 4192868.221354603, "3": 7337519.387370046, "4": 11829878.195961742}, "bleedDamage": {"1": 0.0, "2": 0.0, "3": 0.0, "4": 0.0}, "loadoutDamage": {}}