{"deaths": 7445, "totalAttacks": 100001, "damagingAttacks": 197138.125, "damageDone": {"1": 151303.8093493038, "2": 172918.63925627092, "3": 197621.30200715375, "4": 225411.79760203793}, "bleedDamage": {"1": 0.0, "2": 0.0, "3": 0.0, "4": 0.0}}