{"deaths": 9513, "totalAttacks": 100001, "damagingAttacks": 81477.125, "damageDone": {"1": 51627.13558753906, "2": 64533.91948446489, "3": 80667.39935543315, "4": 100027.57520085998}, "bleedDamage": {"1": 0.0, "2": 0.0, "3": 0.0, "4": 0.0}}