{"deaths": 10262, "totalAttacks": 1031778, "damagingAttacks": 1210213.125, "damageDone": {"1": 1027186.8766224409, "2": 1210613.1045861887, "3": 1426794.0161242397, "4": 1675729.61121051}, "bleedDamage": {"1": 0.0, "2": 0.0, "3": 0.0, "4": 0.0}, "loadoutDamage": {}}