{"deaths": 14375, "totalAttacks": 300003, "damagingAttacks": 548398.125, "damageDone": {"1": 233850.70017020675, "2": 251839.2155675874, "3": 269827.7309653979, "4": 291967.44222415186}, "bleedDamage": {"1": 0.0, "2": 0.0, "3": 0.0, "4": 0.0}}