{"deaths": 9513, "totalAttacks": 1031778, "damagingAttacks": 1210213.125, "damageDone": {"1": 500561.2490145534, "2": 625701.5612680315, "3": 782126.951583462, "4": 969837.4199656099}, "bleedDamage": {"1": 0.0, "2": 0.0, "3": 0.0, "4": 0.0}, "loadoutDamage": {}}