{"deaths": {"1": 895, "2": 2069, "3": 3698}, "totalAttacks": {"1": 18392.0, "2": 6384.0, "3": 8684.0}, "damagingAttacks": {"1": 11361.5, "2": 4015.5, "3": 3258.5625}, "damageDone": {"1": {"1": 22754.323087996076, "2": 6239.7314559423485, "3": 4690.335250610462}, "2": {"1": 32709.339439000378, "2": 8969.613967917336, "3": 6742.356922752896}, "3": {"1": 47019.675443564454, "2": 12893.820078881608, "3": 9692.138076457379}, "4": {"1": 65685.33110169877, "2": 18012.34978883418, "3": 13539.678711723676}}, "bleedDamage": {"1": {"1": 0.0, "2": 0.0, "3": 0.0}, "2": {"1": 0.0, "2": 0.0, "3": 0.0}, "3": {"1": 0.0, "2": 0.0, "3": 0.0}, "4": {"1": 0.0, "2": 0.0, "3": 0.0}}}