{"deaths": 10262, "totalAttacks": 100001, "damagingAttacks": 198744.625, "damageDone": {"1": 166325.94900071115, "2": 249488.9235010225, "3": 374233.38525183615, "4": 540559.3342529933}, "bleedDamage": {"1": 0.0, "2": 0.0, "3": 0.0, "4": 0.0}}