{"deaths": 14375, "totalAttacks": 395334, "damagingAttacks": 768393.0, "damageDone": {"1": 291364.4377772064, "2": 313777.08683693374, "3": 336189.7358970443, "4": 363774.5347396678}, "bleedDamage": {"1": 0.0, "2": 0.0, "3": 0.0, "4": 0.0}}