{"deaths": 9513, "totalAttacks": 100001, "damagingAttacks": 130230.0, "damageDone": {"1": 108392.20300882518, "2": 155813.79182513396, "3": 223982.32574858502, "4": 312897.80477940716}, "bleedDamage": {"1": 0.0, "2": 0.0, "3": 0.0, "4": 0.0}}