{"deaths": 10262, "totalAttacks": 100001, "damagingAttacks": 198133.375, "damageDone": {"1": 191588.18239981722, "2": 287382.27359936363, "3": 431073.4103992484, "4": 622661.59279909}, "bleedDamage": {"1": 0.0, "2": 0.0, "3": 0.0, "4": 0.0}}