{"deaths": 14375, "totalAttacks": 527112, "damagingAttacks": 1024524.0, "damageDone": {"1": 87520.84791609248, "2": 94253.22083286225, "3": 100985.59374935002, "4": 109271.59118524357}, "bleedDamage": {"1": 0.0, "2": 0.0, "3": 0.0, "4": 0.0}}