{"deaths": 7445, "totalAttacks": 200002, "damagingAttacks": 397108.25, "damageDone": {"1": 81664.15387998008, "2": 93330.46157704899, "3": 106663.38465955359, "4": 121662.92312730789}, "bleedDamage": {"1": 0.0, "2": 0.0, "3": 0.0, "4": 0.0}}