{"deaths": 6408, "totalAttacks": 2063556, "damagingAttacks": 3770483.25, "damageDone": {"1": 14712494.678228106, "2": 15844225.038152661, "3": 16975955.398004327, "4": 18368854.302444145}, "bleedDamage": {"1": 0.0, "2": 0.0, "3": 0.0, "4": 0.0}, "loadoutDamage": {}}