{"deaths": 9513, "totalAttacks": 300003, "damagingAttacks": 379862.25, "damageDone": {"1": 114965.73674329088, "2": 123809.25495431067, "3": 132652.77316531344, "4": 143537.1032711479}, "bleedDamage": {"1": 0.0, "2": 0.0, "3": 0.0, "4": 0.0}}