{"deaths": 10262, "totalAttacks": 100001, "damagingAttacks": 130466.875, "damageDone": {"1": 59017.32915771442, "2": 69556.1379358224, "3": 81976.87685305934, "4": 96279.54590908413}, "bleedDamage": {"1": 0.0, "2": 0.0, "3": 0.0, "4": 0.0}}