{"deaths": {"1": 729, "2": 1493, "3": 2931}, "totalAttacks": {"1": 36784.0, "2": 12768.0, "3": 17368.0}, "damagingAttacks": {"1": 36745.0, "2": 12646.0, "3": 16767.375}, "damageDone": {"1": {"1": 17587.987365710644, "2": 5040.095164795434, "3": 6549.750915185839}, "2": {"1": 20100.556989381446, "2": 5721.697301434953, "3": 7439.335867357696}, "3": {"1": 22972.065130729145, "2": 6500.671171879797, "3": 8456.004384125623}, "4": {"1": 26202.51178973409, "2": 7377.016776130791, "3": 9599.75646548963}}, "bleedDamage": {"1": {"1": 0.0, "2": 0.0, "3": 0.0}, "2": {"1": 0.0, "2": 0.0, "3": 0.0}, "3": {"1": 0.0, "2": 0.0, "3": 0.0}, "4": {"1": 0.0, "2": 0.0, "3": 0.0}}}