{"deaths": 10262, "totalAttacks": 131778, "damagingAttacks": 256131.0, "damageDone": {"1": 289207.63505527907, "2": 495784.5172378419, "3": 849916.3152645136, "4": 1351603.0291355925}, "bleedDamage": {"1": 0.0, "2": 0.0, "3": 0.0, "4": 0.0}}