{"deaths": 7454, "totalAttacks": 100001, "damagingAttacks": 130466.875, "damageDone": {"1": 279353.416666655, "2": 488868.4791666695, "3": 855519.8385416205, "4": 1379307.4947919135}, "bleedDamage": {"1": 0.0, "2": 0.0, "3": 0.0, "4": 0.0}}