{"deaths": {"1": 1840, "2": 3463, "3": 5866}, "totalAttacks": {"1": 55176.0, "2": 19152.0, "3": 26052.0}, "damagingAttacks": {"1": 53028.0, "2": 17541.0, "3": 20489.8125}, "damageDone": {"1": {"1": 53055.960735024986, "2": 13336.978037730874, "3": 15448.45437585056}, "2": {"1": 57137.188483880775, "2": 14362.899425248816, "3": 16636.79702014713}, "3": {"1": 61218.41623273558, "2": 15388.820812766497, "3": 17825.13966444383}, "4": {"1": 66241.46576975951, "2": 16651.493289711303, "3": 19287.71522665421}}, "bleedDamage": {"1": {"1": 0.0, "2": 0.0, "3": 0.0}, "2": {"1": 0.0, "2": 0.0, "3": 0.0}, "3": {"1": 0.0, "2": 0.0, "3": 0.0}, "4": {"1": 0.0, "2": 0.0, "3": 0.0}}}