{"deaths": 6408, "totalAttacks": 1031778, "damagingAttacks": 1210213.125, "damageDone": {"1": 3324035.0480681527, "2": 3917612.7352182567, "3": 4617186.437944309, "4": 5422756.156221516}, "bleedDamage": {"1": 0.0, "2": 0.0, "3": 0.0, "4": 0.0}, "loadoutDamage": {}}