{"deaths": 9513, "totalAttacks": 100001, "damagingAttacks": 126620.75, "damageDone": {"1": 35432.063123843, "2": 44290.07890481441, "3": 55362.598630992594, "4": 68649.62230244507}, "bleedDamage": {"1": 0.0, "2": 0.0, "3": 0.0, "4": 0.0}}