{"deaths": 9513, "totalAttacks": 131778, "damagingAttacks": 194807.25, "damageDone": {"1": 133962.18738344737, "2": 167452.73422921813, "3": 209315.91778634436, "4": 259551.7380552489}, "bleedDamage": {"1": 0.0, "2": 0.0, "3": 0.0, "4": 0.0}}