{"deaths": 7454, "totalAttacks": 100001, "damagingAttacks": 89817.25, "damageDone": {"1": 177993.87500000093, "2": 311489.28124998516, "3": 545106.242187545, "4": 878844.7578124809}, "bleedDamage": {"1": 0.0, "2": 0.0, "3": 0.0, "4": 0.0}}