{"deaths": 10262, "totalAttacks": 1031778, "damagingAttacks": 2046474.375, "damageDone": {"1": 2703491.2927606814, "2": 4055236.9391168635, "3": 6082855.408775651, "4": 8786346.701425117}, "bleedDamage": {"1": 0.0, "2": 0.0, "3": 0.0, "4": 0.0}, "loadoutDamage": {}}