{"deaths": 10262, "totalAttacks": 100001, "damagingAttacks": 198028.75, "damageDone": {"1": 168316.54210254026, "2": 252474.8131536658, "3": 378712.21973123355, "4": 547028.7618336387}, "bleedDamage": {"1": 0.0, "2": 0.0, "3": 0.0, "4": 0.0}}