{"deaths": 9513, "totalAttacks": 100001, "damagingAttacks": 191273.5, "damageDone": {"1": 228108.45122550675, "2": 228108.45122550675, "3": 228108.45122550675, "4": 228108.45122550675}, "bleedDamage": {"1": 0.0, "2": 0.0, "3": 0.0, "4": 0.0}}