{"deaths": 7445, "totalAttacks": 100001, "damagingAttacks": 197138.125, "damageDone": {"1": 107661.99592981931, "2": 123042.28106260036, "3": 140619.7497857261, "4": 160394.40209943164}, "bleedDamage": {"1": 0.0, "2": 0.0, "3": 0.0, "4": 0.0}}