{"deaths": 9513, "totalAttacks": 300003, "damagingAttacks": 350895.375, "damageDone": {"1": 121359.87879883726, "2": 130695.25409098623, "3": 140030.62938319048, "4": 151520.3220505079}, "bleedDamage": {"1": 0.0, "2": 0.0, "3": 0.0, "4": 0.0}}