{"deaths": 10262, "totalAttacks": 100001, "damagingAttacks": 198554.125, "damageDone": {"1": 174081.91896543326, "2": 261122.87844785006, "3": 391684.3176725204, "4": 565766.2366375995}, "bleedDamage": {"1": 0.0, "2": 0.0, "3": 0.0, "4": 0.0}}