{"deaths": 6408, "totalAttacks": 6190668, "damagingAttacks": 7261278.75, "damageDone": {"1": 38802218.97830088, "2": 41787005.05358919, "3": 44771791.12880102, "4": 48445373.990684696}, "bleedDamage": {"1": 0.0, "2": 0.0, "3": 0.0, "4": 0.0}, "loadoutDamage": {}}