{"deaths": 9513, "totalAttacks": 100001, "damagingAttacks": 116965.125, "damageDone": {"1": 110143.881637401, "2": 158331.82985375007, "3": 227602.00541486102, "4": 317954.40832032805}, "bleedDamage": {"1": 0.0, "2": 0.0, "3": 0.0, "4": 0.0}}