{"deaths": 14375, "totalAttacks": 300003, "damagingAttacks": 561624.75, "damageDone": {"1": 250021.77521797962, "2": 269254.2194653021, "3": 288486.6637129749, "4": 312157.3643253421}, "bleedDamage": {"1": 0.0, "2": 0.0, "3": 0.0, "4": 0.0}}