{"deaths": 14375, "totalAttacks": 400004, "damagingAttacks": 709108.0, "damageDone": {"1": 473449.39975884743, "2": 509868.58435591176, "3": 546287.7689520476, "4": 591111.380763569}, "bleedDamage": {"1": 0.0, "2": 0.0, "3": 0.0, "4": 0.0}}