{"deaths": 9513, "totalAttacks": 100001, "damagingAttacks": 130466.875, "damageDone": {"1": 85182.23849448429, "2": 106477.79811819435, "3": 133097.24764760595, "4": 165040.58708321}, "bleedDamage": {"1": 0.0, "2": 0.0, "3": 0.0, "4": 0.0}}