{"deaths": 9513, "totalAttacks": 100001, "damagingAttacks": 110790.375, "damageDone": {"1": 27772.44310448177, "2": 34715.55388059669, "3": 43394.442350758625, "4": 53809.10851490856}, "bleedDamage": {"1": 0.0, "2": 0.0, "3": 0.0, "4": 0.0}}