{"deaths": 7445, "totalAttacks": 100001, "damagingAttacks": 198554.125, "damageDone": {"1": 160921.36427046885, "2": 183910.13059467537, "3": 210183.00639404377, "4": 239739.9916681034}, "bleedDamage": {"1": 0.0, "2": 0.0, "3": 0.0, "4": 0.0}}