{"deaths": 7445, "totalAttacks": 100001, "damagingAttacks": 198028.75, "damageDone": {"1": 123272.21547451273, "2": 140882.53197087027, "3": 161008.6079666465, "4": 183650.4434619422}, "bleedDamage": {"1": 0.0, "2": 0.0, "3": 0.0, "4": 0.0}}