{"deaths": 9513, "totalAttacks": 300003, "damagingAttacks": 332371.125, "damageDone": {"1": 90112.71433752845, "2": 97044.46159422524, "3": 103976.20885092152, "4": 112507.59008996082}, "bleedDamage": {"1": 0.0, "2": 0.0, "3": 0.0, "4": 0.0}}