{"deaths": 10262, "totalAttacks": 1031778, "damagingAttacks": 1885241.625, "damageDone": {"1": 2772285.886257991, "2": 4752490.090739486, "3": 8147125.8698542705, "4": 12956193.223483475}, "bleedDamage": {"1": 0.0, "2": 0.0, "3": 0.0, "4": 0.0}, "loadoutDamage": {}}