{"deaths": 10262, "totalAttacks": 100001, "damagingAttacks": 177277.0, "damageDone": {"1": 237659.64987410733, "2": 407416.54264132446, "3": 698428.358812918, "4": 1110695.0983919578}, "bleedDamage": {"1": 0.0, "2": 0.0, "3": 0.0, "4": 0.0}}