{"deaths": 9513, "totalAttacks": 100001, "damagingAttacks": 110790.375, "damageDone": {"1": 93015.50849784593, "2": 133709.79346555608, "3": 192207.8281067897, "4": 268509.61242148286}, "bleedDamage": {"1": 0.0, "2": 0.0, "3": 0.0, "4": 0.0}}