{"deaths": 9513, "totalAttacks": 131778, "damagingAttacks": 194807.25, "damageDone": {"1": 41399.90910505193, "2": 51749.88638126449, "3": 64687.357976569394, "4": 80212.32389093851}, "bleedDamage": {"1": 0.0, "2": 0.0, "3": 0.0, "4": 0.0}}