{"deaths": {"1": 895, "2": 2069, "3": 3698}, "totalAttacks": {"1": 18392.0, "2": 6384.0, "3": 8684.0}, "damagingAttacks": {"1": 17676.0, "2": 5847.0, "3": 6829.9375}, "damageDone": {"1": {"1": 26574.27621293864, "2": 6811.49599347901, "3": 7062.408281707478}, "2": {"1": 43183.19884602266, "2": 11068.680989403658, "3": 11476.413457774983}, "3": {"1": 70172.69812477454, "2": 17986.60660778086, "3": 18649.171868883877}, "4": {"1": 107542.77404924283, "2": 27565.272848610293, "3": 28580.683515035038}}, "bleedDamage": {"1": {"1": 0.0, "2": 0.0, "3": 0.0}, "2": {"1": 0.0, "2": 0.0, "3": 0.0}, "3": {"1": 0.0, "2": 0.0, "3": 0.0}, "4": {"1": 0.0, "2": 0.0, "3": 0.0}}}