{"deaths": 9513, "totalAttacks": 200002, "damagingAttacks": 162954.25, "damageDone": {"1": 15395.426737432572, "2": 25017.568448328835, "3": 40653.54872853394, "4": 62303.36757810968}, "bleedDamage": {"1": 0.0, "2": 0.0, "3": 0.0, "4": 0.0}}