{"deaths": 10262, "totalAttacks": 100001, "damagingAttacks": 130466.875, "damageDone": {"1": 83490.10793979971, "2": 125235.16190972467, "3": 187852.7428645584, "4": 271342.85080446803}, "bleedDamage": {"1": 0.0, "2": 0.0, "3": 0.0, "4": 0.0}}