{"deaths": 7445, "totalAttacks": 100001, "damagingAttacks": 199024.75, "damageDone": {"1": 121004.05627314096, "2": 138290.3500264228, "3": 158046.11431586946, "4": 180271.34914162988}, "bleedDamage": {"1": 0.0, "2": 0.0, "3": 0.0, "4": 0.0}}