{"deaths": 7454, "totalAttacks": 100001, "damagingAttacks": 81477.125, "damageDone": {"1": 146385.38541668086, "2": 256174.4244791831, "3": 448305.2428384898, "4": 722777.8404949608}, "bleedDamage": {"1": 0.0, "2": 0.0, "3": 0.0, "4": 0.0}}