{"deaths": 6408, "totalAttacks": 4127112, "damagingAttacks": 7540966.5, "damageDone": {"1": 39567513.730753936, "2": 40856923.37111672, "3": 42146333.01154827, "4": 43733298.72285283}, "bleedDamage": {"1": 0.0, "2": 0.0, "3": 0.0, "4": 0.0}, "loadoutDamage": {}}