{"deaths": 14375, "totalAttacks": 300003, "damagingAttacks": 506860.125, "damageDone": {"1": 185868.0653423337, "2": 200165.6088301271, "3": 214463.15231818228, "4": 232060.1289186781}, "bleedDamage": {"1": 0.0, "2": 0.0, "3": 0.0, "4": 0.0}}