{"deaths": 7454, "totalAttacks": 1031778, "damagingAttacks": 1885241.625, "damageDone": {"1": 1684251.699394831, "2": 2736909.011520276, "3": 4447477.143714731, "4": 6815956.095993652}, "bleedDamage": {"1": 0.0, "2": 0.0, "3": 0.0, "4": 0.0}, "loadoutDamage": {}}