{"deaths": 9513, "totalAttacks": 100001, "damagingAttacks": 177277.0, "damageDone": {"1": 107037.61378028148, "2": 173936.12239294694, "3": 282646.19888856413, "4": 433167.8432669802}, "bleedDamage": {"1": 0.0, "2": 0.0, "3": 0.0, "4": 0.0}}