{"deaths": 14375, "totalAttacks": 400004, "damagingAttacks": 765094.0, "damageDone": {"1": 64146.466919452054, "2": 69080.81052860359, "3": 74015.15413775954, "4": 80088.19242608706}, "bleedDamage": {"1": 0.0, "2": 0.0, "3": 0.0, "4": 0.0}}