{"deaths": 7454, "totalAttacks": 100001, "damagingAttacks": 110790.375, "damageDone": {"1": 225953.44791666017, "2": 395418.533854161, "3": 691982.4342447353, "4": 1115645.1490886174}, "bleedDamage": {"1": 0.0, "2": 0.0, "3": 0.0, "4": 0.0}}