{"deaths": 7445, "totalAttacks": 100001, "damagingAttacks": 198028.75, "damageDone": {"1": 169850.2105824058, "2": 194114.5263799964, "3": 221845.173005916, "4": 253042.1504596974}, "bleedDamage": {"1": 0.0, "2": 0.0, "3": 0.0, "4": 0.0}}