{"deaths": 9513, "totalAttacks": 300003, "damagingAttacks": 361927.125, "damageDone": {"1": 73627.91122495724, "2": 79291.59670378195, "3": 84955.28218262072, "4": 91925.97200267763}, "bleedDamage": {"1": 0.0, "2": 0.0, "3": 0.0, "4": 0.0}}