{"deaths": {"1": 590, "2": 1250, "3": 2486}, "totalAttacks": {"1": 18392.0, "2": 6384.0, "3": 8684.0}, "damagingAttacks": {"1": 18372.5, "2": 6323.0, "3": 8383.6875}, "damageDone": {"1": {"1": 25542.04932098552, "2": 6602.110486111096, "3": 8623.991533564636}, "2": {"1": 29190.913509703172, "2": 7545.269126984251, "3": 9855.99032407421}, "3": {"1": 33361.04401108109, "2": 8623.16471655338, "3": 11263.988941798902}, "4": {"1": 38052.44082514049, "2": 9835.79725481872, "3": 12847.987386739935}}, "bleedDamage": {"1": {"1": 0.0, "2": 0.0, "3": 0.0}, "2": {"1": 0.0, "2": 0.0, "3": 0.0}, "3": {"1": 0.0, "2": 0.0, "3": 0.0}, "4": {"1": 0.0, "2": 0.0, "3": 0.0}}}