{"deaths": 7445, "totalAttacks": 100001, "damagingAttacks": 198554.125, "damageDone": {"1": 114574.44993573647, "2": 130942.2284979064, "3": 149648.2611404437, "4": 170692.54786338925}, "bleedDamage": {"1": 0.0, "2": 0.0, "3": 0.0, "4": 0.0}}