{"deaths": 7454, "totalAttacks": 200002, "damagingAttacks": 354792.5, "damageDone": {"1": 216561.7211538202, "2": 233220.31508860408, "3": 249878.90902374889, "4": 270381.7938664936}, "bleedDamage": {"1": 0.0, "2": 0.0, "3": 0.0, "4": 0.0}}