{"deaths": 7445, "totalAttacks": 200002, "damagingAttacks": 396057.5, "damageDone": {"1": 86195.35259626896, "2": 98508.97439571016, "3": 112581.68502364543, "4": 128413.48448016023}, "bleedDamage": {"1": 0.0, "2": 0.0, "3": 0.0, "4": 0.0}}