{"deaths": 7445, "totalAttacks": 100001, "damagingAttacks": 196332.875, "damageDone": {"1": 141098.96406706172, "2": 161255.9589336087, "3": 184292.5244955732, "4": 210208.6607529076}, "bleedDamage": {"1": 0.0, "2": 0.0, "3": 0.0, "4": 0.0}}