{"deaths": 10262, "totalAttacks": 700007, "damagingAttacks": 844496.625, "damageDone": {"1": 703446.6671052292, "2": 757557.9491905271, "3": 811669.231275812, "4": 878267.7323031337}, "bleedDamage": {"1": 0.0, "2": 0.0, "3": 0.0, "4": 0.0}}