{"deaths": 14375, "totalAttacks": 2063556, "damagingAttacks": 3770483.25, "damageDone": {"1": 3612372.5184472604, "2": 3890247.3275883, "3": 4168122.136658746, "4": 4510121.901746715}, "bleedDamage": {"1": 0.0, "2": 0.0, "3": 0.0, "4": 0.0}, "loadoutDamage": {}}