{"deaths": 9513, "totalAttacks": 100001, "damagingAttacks": 186731.375, "damageDone": {"1": 113294.59062885972, "2": 184103.7097719269, "3": 299168.5283793921, "4": 458489.04645106354}, "bleedDamage": {"1": 0.0, "2": 0.0, "3": 0.0, "4": 0.0}}