{"deaths": 7445, "totalAttacks": 2063556, "damagingAttacks": 4092948.75, "damageDone": {"1": 1441746.5787715388, "2": 1642860.0661500706, "3": 1872704.0517230912, "4": 2131278.535502539}, "bleedDamage": {"1": 0.0, "2": 0.0, "3": 0.0, "4": 0.0}, "loadoutDamage": {}}