{"deaths": 14375, "totalAttacks": 300003, "damagingAttacks": 527386.125, "damageDone": {"1": 207088.06305001822, "2": 223017.91405359106, "3": 238947.7650575677, "4": 258553.73552384818}, "bleedDamage": {"1": 0.0, "2": 0.0, "3": 0.0, "4": 0.0}}