{"deaths": 9513, "totalAttacks": 131778, "damagingAttacks": 256131.0, "damageDone": {"1": 291531.6245282671, "2": 291531.6245282671, "3": 291531.6245282671, "4": 291531.6245282671}, "bleedDamage": {"1": 0.0, "2": 0.0, "3": 0.0, "4": 0.0}}