{"deaths": 10262, "totalAttacks": 700007, "damagingAttacks": 911610.0, "damageDone": {"1": 810491.3856286608, "2": 872836.8768308504, "3": 935182.3680334921, "4": 1011915.2802823115}, "bleedDamage": {"1": 0.0, "2": 0.0, "3": 0.0, "4": 0.0}}