{"deaths": 6408, "totalAttacks": 1031778, "damagingAttacks": 1210213.125, "damageDone": {"1": 6484758.306714079, "2": 9727137.460068054, "3": 14590706.19015178, "4": 21075464.49678903}, "bleedDamage": {"1": 0.0, "2": 0.0, "3": 0.0, "4": 0.0}, "loadoutDamage": {}}