{"deaths": 14375, "totalAttacks": 400004, "damagingAttacks": 709585.0, "damageDone": {"1": 503718.8426107793, "2": 540865.3347777324, "3": 578011.8269440205, "4": 623730.5865337369}, "bleedDamage": {"1": 0.0, "2": 0.0, "3": 0.0, "4": 0.0}}