{"deaths": 9513, "totalAttacks": 100001, "damagingAttacks": 89817.25, "damageDone": {"1": 72702.13289720927, "2": 104509.31603966613, "3": 150232.14180704363, "4": 209870.61019921888}, "bleedDamage": {"1": 0.0, "2": 0.0, "3": 0.0, "4": 0.0}}