{"deaths": 7454, "totalAttacks": 1031778, "damagingAttacks": 1885241.625, "damageDone": {"1": 1886550.3958337314, "2": 2031669.65705604, "3": 2176788.9182677707, "4": 2355397.23976928}, "bleedDamage": {"1": 0.0, "2": 0.0, "3": 0.0, "4": 0.0}, "loadoutDamage": {}}