{"deaths": 7445, "totalAttacks": 200002, "damagingAttacks": 398049.5, "damageDone": {"1": 85104.53392069586, "2": 97262.32448078267, "3": 111156.94226377916, "4": 126788.38726961536}, "bleedDamage": {"1": 0.0, "2": 0.0, "3": 0.0, "4": 0.0}}