{"deaths": 4661, "totalAttacks": 1031778, "damagingAttacks": 2046474.375, "damageDone": {"1": 10351671.361093504, "2": 11830481.555483332, "3": 13520550.349163821, "4": 15421877.742058173}, "bleedDamage": {"1": 0.0, "2": 0.0, "3": 0.0, "4": 0.0}, "loadoutDamage": {}}