{"deaths": 7445, "totalAttacks": 100001, "damagingAttacks": 198744.625, "damageDone": {"1": 135991.36539551927, "2": 155418.70330894043, "3": 177621.37521036787, "4": 202599.3810993359}, "bleedDamage": {"1": 0.0, "2": 0.0, "3": 0.0, "4": 0.0}}