{"deaths": 10262, "totalAttacks": 922446, "damagingAttacks": 1363650.75, "damageDone": {"1": 1197205.2600137219, "2": 1289297.9723230307, "3": 1381390.6846308515, "4": 1494735.5613181666}, "bleedDamage": {"1": 0.0, "2": 0.0, "3": 0.0, "4": 0.0}}