{"deaths": {"1": 1112, "2": 2107, "3": 4079}, "totalAttacks": {"1": 128744.0, "2": 44688.0, "3": 60788.0}, "damagingAttacks": {"1": 79530.5, "2": 28108.5, "3": 22809.9375}, "damageDone": {"1": {"1": 189973.7260403188, "2": 47151.341238088215, "3": 39298.67260147343}, "2": {"1": 204587.08958186844, "2": 50778.36748717235, "3": 42321.647416970496}, "3": {"1": 219200.45312345133, "2": 54405.39373625503, "3": 45344.62223247085}, "4": {"1": 237186.13132845398, "2": 58869.426042817104, "3": 49065.206620775}}, "bleedDamage": {"1": {"1": 0.0, "2": 0.0, "3": 0.0}, "2": {"1": 0.0, "2": 0.0, "3": 0.0}, "3": {"1": 0.0, "2": 0.0, "3": 0.0}, "4": {"1": 0.0, "2": 0.0, "3": 0.0}}}