{"deaths": 7454, "totalAttacks": 1031778, "damagingAttacks": 1210213.125, "damageDone": {"1": 1370720.3041835763, "2": 1713400.3802238824, "3": 2141750.4752835026, "4": 2655770.5893407697}, "bleedDamage": {"1": 0.0, "2": 0.0, "3": 0.0, "4": 0.0}, "loadoutDamage": {}}