{"deaths": 9513, "totalAttacks": 100001, "damagingAttacks": 120642.375, "damageDone": {"1": 22691.880834237407, "2": 28364.851042801576, "3": 35456.06380351051, "4": 43965.51911637609}, "bleedDamage": {"1": 0.0, "2": 0.0, "3": 0.0, "4": 0.0}}