{"deaths": 10262, "totalAttacks": 700007, "damagingAttacks": 913268.125, "damageDone": {"1": 764555.8935253404, "2": 823367.8853349772, "3": 882179.8771439972, "4": 954563.8670646136}, "bleedDamage": {"1": 0.0, "2": 0.0, "3": 0.0, "4": 0.0}}