{"deaths": 9513, "totalAttacks": 131778, "damagingAttacks": 194807.25, "damageDone": {"1": 150208.97086537417, "2": 215925.39561865554, "3": 310392.7562020143, "4": 433611.0526145679}, "bleedDamage": {"1": 0.0, "2": 0.0, "3": 0.0, "4": 0.0}}