{"deaths": {"1": 590, "2": 1250, "3": 2486}, "totalAttacks": {"1": 18392.0, "2": 6384.0, "3": 8684.0}, "damagingAttacks": {"1": 18372.5, "2": 6323.0, "3": 8383.6875}, "damageDone": {"1": {"1": 34657.59194444637, "2": 9401.804629629578, "3": 12270.653908179038}, "2": {"1": 39608.67650793553, "2": 10744.919576719472, "3": 14023.604466490475}, "3": {"1": 45267.0588662116, "2": 12279.908087680218, "3": 16026.976533132189}, "4": {"1": 51632.7390192778, "2": 14006.770162509156, "3": 18280.77010810351}}, "bleedDamage": {"1": {"1": 0.0, "2": 0.0, "3": 0.0}, "2": {"1": 0.0, "2": 0.0, "3": 0.0}, "3": {"1": 0.0, "2": 0.0, "3": 0.0}, "4": {"1": 0.0, "2": 0.0, "3": 0.0}}}