{"deaths": 7454, "totalAttacks": 200002, "damagingAttacks": 365598.75, "damageDone": {"1": 198294.79326935048, "2": 213548.23890519547, "3": 228801.6845413592, "4": 247575.1560934946}, "bleedDamage": {"1": 0.0, "2": 0.0, "3": 0.0, "4": 0.0}}