{"deaths": 7445, "totalAttacks": 1031778, "damagingAttacks": 2046474.375, "damageDone": {"1": 2574781.884419588, "2": 2942607.8678874993, "3": 3362980.420467924, "4": 3835899.54206494}, "bleedDamage": {"1": 0.0, "2": 0.0, "3": 0.0, "4": 0.0}, "loadoutDamage": {}}