{"deaths": 7445, "totalAttacks": 100001, "damagingAttacks": 199657.5, "damageDone": {"1": 143488.64923603795, "2": 163987.0276983737, "3": 187413.74594098385, "4": 213768.8039639851}, "bleedDamage": {"1": 0.0, "2": 0.0, "3": 0.0, "4": 0.0}}