{"deaths": 14375, "totalAttacks": 3095334, "damagingAttacks": 5655724.875, "damageDone": {"1": 1162606.6261323115, "2": 1252037.9050636208, "3": 1341469.1839901463, "4": 1451538.4503681485}, "bleedDamage": {"1": 0.0, "2": 0.0, "3": 0.0, "4": 0.0}, "loadoutDamage": {}}