{"deaths": 7454, "totalAttacks": 2063556, "damagingAttacks": 2420426.25, "damageDone": {"1": 1416061.4281340165, "2": 1524989.2302869288, "3": 1633917.0324635424, "4": 1767982.019734443}, "bleedDamage": {"1": 0.0, "2": 0.0, "3": 0.0, "4": 0.0}, "loadoutDamage": {}}