{"deaths": 14375, "totalAttacks": 400004, "damagingAttacks": 675813.5, "damageDone": {"1": 388780.1264489431, "2": 418167.24101041956, "3": 447554.3555716414, "4": 483723.11195443687}, "bleedDamage": {"1": 0.0, "2": 0.0, "3": 0.0, "4": 0.0}}