{"deaths": 9513, "totalAttacks": 100001, "damagingAttacks": 177277.0, "damageDone": {"1": 214816.13071319344, "2": 214816.13071319344, "3": 214816.13071319344, "4": 214816.13071319344}, "bleedDamage": {"1": 0.0, "2": 0.0, "3": 0.0, "4": 0.0}}