{"deaths": 10262, "totalAttacks": 100001, "damagingAttacks": 81477.125, "damageDone": {"1": 36361.870446701934, "2": 42855.061597886815, "3": 50507.751168951756, "4": 59319.939159841015}, "bleedDamage": {"1": 0.0, "2": 0.0, "3": 0.0, "4": 0.0}}