{"deaths": 10262, "totalAttacks": 700007, "damagingAttacks": 886345.25, "damageDone": {"1": 933080.2816991719, "2": 1004855.6879836541, "3": 1076631.0942678668, "4": 1164970.0558487459}, "bleedDamage": {"1": 0.0, "2": 0.0, "3": 0.0, "4": 0.0}}