{"deaths": 10262, "totalAttacks": 100001, "damagingAttacks": 110790.375, "damageDone": {"1": 56910.5863971435, "2": 67073.1911108815, "3": 79050.54666643232, "4": 92842.65306372344}, "bleedDamage": {"1": 0.0, "2": 0.0, "3": 0.0, "4": 0.0}}