{"deaths": 9513, "totalAttacks": 100001, "damagingAttacks": 181692.125, "damageDone": {"1": 250516.21862367695, "2": 250516.21862367695, "3": 250516.21862367695, "4": 250516.21862367695}, "bleedDamage": {"1": 0.0, "2": 0.0, "3": 0.0, "4": 0.0}}