{"deaths": 4661, "totalAttacks": 2063556, "damagingAttacks": 4092948.75, "damageDone": {"1": 17920823.97077019, "2": 18729382.06278136, "3": 19653448.45346868, "4": 20693023.14315612}, "bleedDamage": {"1": 0.0, "2": 0.0, "3": 0.0, "4": 0.0}, "loadoutDamage": {}}