{"deaths": 10262, "totalAttacks": 100001, "damagingAttacks": 197585.5, "damageDone": {"1": 199408.73463733442, "2": 299113.1019557579, "3": 448669.652934493, "4": 648078.3875715684}, "bleedDamage": {"1": 0.0, "2": 0.0, "3": 0.0, "4": 0.0}}