{"deaths": {"1": 1112, "2": 2107, "3": 4079}, "totalAttacks": {"1": 18392.0, "2": 6384.0, "3": 8684.0}, "damagingAttacks": {"1": 11361.5, "2": 4015.5, "3": 3258.5625}, "damageDone": {"1": {"1": 13750.788093212253, "2": 3639.1350450088203, "3": 3002.2207262477345}, "2": {"1": 16206.285967000977, "2": 4288.9805887602515, "3": 3538.331570220587}, "3": {"1": 19100.265603968943, "2": 5054.869979610323, "3": 4170.176493474143}, "4": {"1": 22432.727004108958, "2": 5936.803217558661, "3": 4897.755496008792}}, "bleedDamage": {"1": {"1": 0.0, "2": 0.0, "3": 0.0}, "2": {"1": 0.0, "2": 0.0, "3": 0.0}, "3": {"1": 0.0, "2": 0.0, "3": 0.0}, "4": {"1": 0.0, "2": 0.0, "3": 0.0}}}