{"deaths": 10262, "totalAttacks": 100001, "damagingAttacks": 181692.125, "damageDone": {"1": 269011.4447808708, "2": 461162.47676720767, "3": 790564.2458857882, "4": 1257216.7521391332}, "bleedDamage": {"1": 0.0, "2": 0.0, "3": 0.0, "4": 0.0}}