{"deaths": 7445, "totalAttacks": 200002, "damagingAttacks": 392665.75, "damageDone": {"1": 75964.35863718262, "2": 86193.60282742867, "3": 97884.16761640321, "4": 111036.05300384852}, "bleedDamage": {"1": 0.0, "2": 0.0, "3": 0.0, "4": 0.0}}