{"deaths": 9513, "totalAttacks": 100001, "damagingAttacks": 181692.125, "damageDone": {"1": 129855.2357464915, "2": 211014.75808810635, "3": 342898.9818930444, "4": 525507.9071615685}, "bleedDamage": {"1": 0.0, "2": 0.0, "3": 0.0, "4": 0.0}}