{"deaths": 10262, "totalAttacks": 131778, "damagingAttacks": 194807.25, "damageDone": {"1": 104401.16600702063, "2": 156601.74901033167, "3": 234902.62351547286, "4": 339303.78952251107}, "bleedDamage": {"1": 0.0, "2": 0.0, "3": 0.0, "4": 0.0}}