{"deaths": 9513, "totalAttacks": 100001, "damagingAttacks": 130230.0, "damageDone": {"1": 28545.705009118803, "2": 35682.131261400296, "3": 44602.66407675418, "4": 55307.30345520122}, "bleedDamage": {"1": 0.0, "2": 0.0, "3": 0.0, "4": 0.0}}