{"deaths": 7454, "totalAttacks": 200002, "damagingAttacks": 382547.0, "damageDone": {"1": 175303.12499984622, "2": 188787.98076908596, "3": 202272.83653864407, "4": 218869.58210061133}, "bleedDamage": {"1": 0.0, "2": 0.0, "3": 0.0, "4": 0.0}}