{"deaths": 14375, "totalAttacks": 400004, "damagingAttacks": 746925.5, "damageDone": {"1": 59372.75506549777, "2": 63939.89007058417, "3": 68507.02507554875, "4": 74128.1143125681}, "bleedDamage": {"1": 0.0, "2": 0.0, "3": 0.0, "4": 0.0}}