{"deaths": 7454, "totalAttacks": 200002, "damagingAttacks": 374416.5, "damageDone": {"1": 216519.24158661024, "2": 233174.567862295, "3": 249829.89413819596, "4": 270328.7572470864}, "bleedDamage": {"1": 0.0, "2": 0.0, "3": 0.0, "4": 0.0}}