{"deaths": 7454, "totalAttacks": 200002, "damagingAttacks": 373462.75, "damageDone": {"1": 156959.6538462199, "2": 169033.47337272915, "3": 181107.29289936594, "4": 195967.37847072427}, "bleedDamage": {"1": 0.0, "2": 0.0, "3": 0.0, "4": 0.0}}