{"deaths": 9513, "totalAttacks": 100001, "damagingAttacks": 126620.75, "damageDone": {"1": 91055.62797471917, "2": 130892.46521363282, "3": 188157.91874465035, "4": 262851.98856777645}, "bleedDamage": {"1": 0.0, "2": 0.0, "3": 0.0, "4": 0.0}}