{"deaths": 10262, "totalAttacks": 100001, "damagingAttacks": 81477.125, "damageDone": {"1": 77291.23498585544, "2": 132499.2599757524, "3": 227141.58852985848, "4": 361218.2206482645}, "bleedDamage": {"1": 0.0, "2": 0.0, "3": 0.0, "4": 0.0}}