{"deaths": {"1": 1112, "2": 2107, "3": 4079}, "totalAttacks": {"1": 18392.0, "2": 6384.0, "3": 8684.0}, "damagingAttacks": {"1": 11361.5, "2": 4015.5, "3": 3258.5625}, "damageDone": {"1": {"1": 31493.52887088446, "2": 8490.255208333387, "3": 6278.697771990704}, "2": {"1": 53988.90663580653, "2": 14554.723214285637, "3": 10763.481894840967}, "3": {"1": 92552.41137566428, "2": 24950.95408163243, "3": 18451.683248299283}, "4": {"1": 147184.04309046667, "2": 39678.947810373946, "3": 29343.3018323645}}, "bleedDamage": {"1": {"1": 0.0, "2": 0.0, "3": 0.0}, "2": {"1": 0.0, "2": 0.0, "3": 0.0}, "3": {"1": 0.0, "2": 0.0, "3": 0.0}, "4": {"1": 0.0, "2": 0.0, "3": 0.0}}}