{"deaths": 10262, "totalAttacks": 100001, "damagingAttacks": 126620.75, "damageDone": {"1": 62051.70690396266, "2": 93077.5603558723, "3": 139616.34053383698, "4": 201668.047437804}, "bleedDamage": {"1": 0.0, "2": 0.0, "3": 0.0, "4": 0.0}}