{"deaths": 4661, "totalAttacks": 1031778, "damagingAttacks": 2046474.375, "damageDone": {"1": 10351650.547648402, "2": 11830457.76868893, "3": 13520523.164255932, "4": 15421846.734272614}, "bleedDamage": {"1": 0.0, "2": 0.0, "3": 0.0, "4": 0.0}, "loadoutDamage": {}}