{"deaths": {"1": 1112, "2": 2107, "3": 4079}, "totalAttacks": {"1": 18392.0, "2": 6384.0, "3": 8684.0}, "damagingAttacks": {"1": 11361.5, "2": 4015.5, "3": 3258.5625}, "damageDone": {"1": {"1": 16376.635012857963, "2": 4414.932708333364, "3": 3264.922841435219}, "2": {"1": 24564.95251929318, "2": 6622.399062500151, "3": 4897.384262152894}, "3": {"1": 36847.4287789367, "2": 9933.598593749964, "3": 7346.076393229191}, "4": {"1": 53224.06379179802, "2": 14348.531302083518, "3": 10610.999234664394}}, "bleedDamage": {"1": {"1": 0.0, "2": 0.0, "3": 0.0}, "2": {"1": 0.0, "2": 0.0, "3": 0.0}, "3": {"1": 0.0, "2": 0.0, "3": 0.0}, "4": {"1": 0.0, "2": 0.0, "3": 0.0}}}