{"deaths": 9513, "totalAttacks": 300003, "damagingAttacks": 325209.0, "damageDone": {"1": 93214.80453885306, "2": 100385.17411874385, "3": 107555.54369858831, "4": 116380.61395072659}, "bleedDamage": {"1": 0.0, "2": 0.0, "3": 0.0, "4": 0.0}}