{"deaths": 14375, "totalAttacks": 400004, "damagingAttacks": 748833.0, "damageDone": {"1": 78693.21211341521, "2": 84746.53612212301, "3": 90799.8601307903, "4": 98250.10506467393}, "bleedDamage": {"1": 0.0, "2": 0.0, "3": 0.0, "4": 0.0}}