{"deaths": 9513, "totalAttacks": 200002, "damagingAttacks": 260933.75, "damageDone": {"1": 25761.686694552915, "2": 41862.74087864542, "3": 68026.95392779936, "4": 104254.32584209228}, "bleedDamage": {"1": 0.0, "2": 0.0, "3": 0.0, "4": 0.0}}