{"deaths": 10262, "totalAttacks": 100001, "damagingAttacks": 175795.375, "damageDone": {"1": 205555.10967552708, "2": 352380.18801519484, "3": 604080.3223115248, "4": 960655.5125653337}, "bleedDamage": {"1": 0.0, "2": 0.0, "3": 0.0, "4": 0.0}}