{"deaths": 14375, "totalAttacks": 400004, "damagingAttacks": 748833.0, "damageDone": {"1": 495806.4815687335, "2": 533945.4416899227, "3": 572084.4018099498, "4": 619024.6604198886}, "bleedDamage": {"1": 0.0, "2": 0.0, "3": 0.0, "4": 0.0}}