{"deaths": 9513, "totalAttacks": 100001, "damagingAttacks": 187208.25, "damageDone": {"1": 88806.40933920343, "2": 144310.41517619658, "3": 234504.4246613123, "4": 359388.4377945407}, "bleedDamage": {"1": 0.0, "2": 0.0, "3": 0.0, "4": 0.0}}