{"deaths": 10262, "totalAttacks": 100001, "damagingAttacks": 89817.25, "damageDone": {"1": 48049.78961763789, "2": 56630.10919214581, "3": 66742.62869080642, "4": 78387.34811340406}, "bleedDamage": {"1": 0.0, "2": 0.0, "3": 0.0, "4": 0.0}}