{"deaths": 9513, "totalAttacks": 100001, "damagingAttacks": 126620.75, "damageDone": {"1": 106689.26699693478, "2": 133361.58374616635, "3": 166701.9796825577, "4": 206710.454806396}, "bleedDamage": {"1": 0.0, "2": 0.0, "3": 0.0, "4": 0.0}}