{"deaths": 9513, "totalAttacks": 200002, "damagingAttacks": 253241.5, "damageDone": {"1": 35432.063123843, "2": 57577.10257625339, "3": 93562.79168642906, "4": 143389.13045442192}, "bleedDamage": {"1": 0.0, "2": 0.0, "3": 0.0, "4": 0.0}}