{"deaths": 10262, "totalAttacks": 100001, "damagingAttacks": 110790.375, "damageDone": {"1": 126885.96217531974, "2": 217518.79230042303, "3": 372889.35822940985, "4": 592997.6599622275}, "bleedDamage": {"1": 0.0, "2": 0.0, "3": 0.0, "4": 0.0}}