{"deaths": 9513, "totalAttacks": 300003, "damagingAttacks": 390690.0, "damageDone": {"1": 92621.70243253485, "2": 99746.4487735782, "3": 106871.19511449618, "4": 115640.1136879912}, "bleedDamage": {"1": 0.0, "2": 0.0, "3": 0.0, "4": 0.0}}