{"deaths": 10262, "totalAttacks": 131778, "damagingAttacks": 194807.25, "damageDone": {"1": 200771.473090341, "2": 344179.668154735, "3": 590022.2882654549, "4": 938299.3334216684}, "bleedDamage": {"1": 0.0, "2": 0.0, "3": 0.0, "4": 0.0}}