{"deaths": 7445, "totalAttacks": 100001, "damagingAttacks": 197585.5, "damageDone": {"1": 178535.3157328842, "2": 204040.36083763835, "3": 233188.98381461902, "4": 265981.18466344924}, "bleedDamage": {"1": 0.0, "2": 0.0, "3": 0.0, "4": 0.0}}