{"deaths": {"1": 1840, "2": 3463, "3": 5866}, "totalAttacks": {"1": 73568.0, "2": 25536.0, "3": 34736.0}, "damagingAttacks": {"1": 70704.0, "2": 23388.0, "3": 27319.75}, "damageDone": {"1": {"1": 103272.60101687933, "2": 27628.449788156762, "3": 31954.41471581594}, "2": {"1": 111216.64724894594, "2": 29721.54248019541, "3": 34375.18299523854}, "3": {"1": 119160.69348101087, "2": 31814.635172233484, "3": 36795.951274661435}, "4": {"1": 128937.98115124922, "2": 34390.749254743525, "3": 39775.35838779603}}, "bleedDamage": {"1": {"1": 0.0, "2": 0.0, "3": 0.0}, "2": {"1": 0.0, "2": 0.0, "3": 0.0}, "3": {"1": 0.0, "2": 0.0, "3": 0.0}, "4": {"1": 0.0, "2": 0.0, "3": 0.0}}}