{"deaths": 10262, "totalAttacks": 100001, "damagingAttacks": 116965.125, "damageDone": {"1": 68620.64662838, "2": 80874.33352624056, "3": 95316.1787988408, "4": 111946.18244596559}, "bleedDamage": {"1": 0.0, "2": 0.0, "3": 0.0, "4": 0.0}}