{"deaths": 9513, "totalAttacks": 100001, "damagingAttacks": 177396.25, "damageDone": {"1": 253756.27425528705, "2": 253756.27425528705, "3": 253756.27425528705, "4": 253756.27425528705}, "bleedDamage": {"1": 0.0, "2": 0.0, "3": 0.0, "4": 0.0}}