{"deaths": 14375, "totalAttacks": 300003, "damagingAttacks": 532188.75, "damageDone": {"1": 246254.96826257155, "2": 265197.65812862426, "3": 284140.3479952377, "4": 307454.42783072544}, "bleedDamage": {"1": 0.0, "2": 0.0, "3": 0.0, "4": 0.0}}