{"deaths": 7445, "totalAttacks": 100001, "damagingAttacks": 199024.75, "damageDone": {"1": 167700.7236766659, "2": 191657.969916107, "3": 219037.67990432086, "4": 249839.85364069385}, "bleedDamage": {"1": 0.0, "2": 0.0, "3": 0.0, "4": 0.0}}