{"deaths": {"1": 1112, "2": 2107, "3": 4079}, "totalAttacks": {"1": 18392.0, "2": 6384.0, "3": 8684.0}, "damagingAttacks": {"1": 18372.5, "2": 6323.0, "3": 8383.6875}, "damageDone": {"1": {"1": 36317.19414609472, "2": 10606.885069444292, "3": 13001.498059414334}, "2": {"1": 54475.79121913021, "2": 15910.327604167205, "3": 19502.24708912081}, "3": {"1": 81713.68682869532, "2": 23865.49140625044, "3": 29253.370633680985}, "4": {"1": 118030.88097480826, "2": 34472.376475694386, "3": 42254.86869309352}}, "bleedDamage": {"1": {"1": 0.0, "2": 0.0, "3": 0.0}, "2": {"1": 0.0, "2": 0.0, "3": 0.0}, "3": {"1": 0.0, "2": 0.0, "3": 0.0}, "4": {"1": 0.0, "2": 0.0, "3": 0.0}}}