{"deaths": 14375, "totalAttacks": 400004, "damagingAttacks": 703181.5, "damageDone": {"1": 63412.7281639626, "2": 68290.63033039992, "3": 73168.53249686117, "4": 79172.10439404738}, "bleedDamage": {"1": 0.0, "2": 0.0, "3": 0.0, "4": 0.0}}