{"deaths": 10262, "totalAttacks": 700007, "damagingAttacks": 818755.875, "damageDone": {"1": 947209.0406520766, "2": 1020071.2745485248, "3": 1092933.5084444273, "4": 1182610.1040095054}, "bleedDamage": {"1": 0.0, "2": 0.0, "3": 0.0, "4": 0.0}}