{"deaths": {"1": 1112, "2": 2107, "3": 4079}, "totalAttacks": {"1": 18392.0, "2": 6384.0, "3": 8684.0}, "damagingAttacks": {"1": 17676.0, "2": 5847.0, "3": 6829.9375}, "damageDone": {"1": {"1": 52663.21808806455, "2": 13238.252089045254, "3": 15334.098386835729}, "2": {"1": 90279.80243668327, "2": 22694.14643836359, "3": 26287.0258060034}, "3": {"1": 154765.37560572405, "2": 38904.251037195136, "3": 45063.47281029135}, "4": {"1": 246119.93759522407, "2": 61868.5658855376, "3": 71663.43939970198}}, "bleedDamage": {"1": {"1": 0.0, "2": 0.0, "3": 0.0}, "2": {"1": 0.0, "2": 0.0, "3": 0.0}, "3": {"1": 0.0, "2": 0.0, "3": 0.0}, "4": {"1": 0.0, "2": 0.0, "3": 0.0}}}