{"deaths": 9513, "totalAttacks": 1031778, "damagingAttacks": 1885241.625, "damageDone": {"1": 2862898.982063443, "2": 2862898.982063443, "3": 2862898.982063443, "4": 2862898.982063443}, "bleedDamage": {"1": 0.0, "2": 0.0, "3": 0.0, "4": 0.0}, "loadoutDamage": {}}