{"deaths": 7445, "totalAttacks": 200002, "damagingAttacks": 395171.0, "damageDone": {"1": 102665.08010273709, "2": 115608.3455142676, "3": 130400.6488417962, "4": 147041.99008519272}, "bleedDamage": {"1": 0.0, "2": 0.0, "3": 0.0, "4": 0.0}}