{"deaths": 9513, "totalAttacks": 100001, "damagingAttacks": 187208.25, "damageDone": {"1": 191651.4847664622, "2": 191651.4847664622, "3": 191651.4847664622, "4": 191651.4847664622}, "bleedDamage": {"1": 0.0, "2": 0.0, "3": 0.0, "4": 0.0}}