{"deaths": 10262, "totalAttacks": 1031778, "damagingAttacks": 1210213.125, "damageDone": {"1": 1088080.949017626, "2": 1632121.4235313819, "3": 2448182.1352924583, "4": 3536263.084312307}, "bleedDamage": {"1": 0.0, "2": 0.0, "3": 0.0, "4": 0.0}, "loadoutDamage": {}}