{"deaths": 7445, "totalAttacks": 1031778, "damagingAttacks": 2046474.375, "damageDone": {"1": 1837723.373347718, "2": 2100255.283819244, "3": 2400291.752950667, "4": 2737832.780714567}, "bleedDamage": {"1": 0.0, "2": 0.0, "3": 0.0, "4": 0.0}, "loadoutDamage": {}}