{"deaths": 9513, "totalAttacks": 131778, "damagingAttacks": 256131.0, "damageDone": {"1": 141627.19219083103, "2": 230144.1873101902, "3": 373984.30437935924, "4": 573147.5433975952}, "bleedDamage": {"1": 0.0, "2": 0.0, "3": 0.0, "4": 0.0}}