{"deaths": 10262, "totalAttacks": 100001, "damagingAttacks": 130230.0, "damageDone": {"1": 74756.57071758897, "2": 112134.8560764172, "3": 168202.28411446256, "4": 242958.8548321405}, "bleedDamage": {"1": 0.0, "2": 0.0, "3": 0.0, "4": 0.0}}