{"deaths": 14375, "totalAttacks": 400004, "damagingAttacks": 746925.5, "damageDone": {"1": 416865.9121235149, "2": 448932.52074867144, "3": 480999.1293734834, "4": 520465.72460362356}, "bleedDamage": {"1": 0.0, "2": 0.0, "3": 0.0, "4": 0.0}}