{"deaths": 6408, "totalAttacks": 1031778, "damagingAttacks": 2046474.375, "damageDone": {"1": 11019497.368159268, "2": 16529246.052152364, "3": 24793869.078319047, "4": 35813366.44632982}, "bleedDamage": {"1": 0.0, "2": 0.0, "3": 0.0, "4": 0.0}, "loadoutDamage": {}}