{"deaths": 10262, "totalAttacks": 100001, "damagingAttacks": 126620.75, "damageDone": {"1": 68895.00451820232, "2": 81197.68389645826, "3": 95697.27030655954, "4": 112393.76374847554}, "bleedDamage": {"1": 0.0, "2": 0.0, "3": 0.0, "4": 0.0}}