{"deaths": 9513, "totalAttacks": 1031778, "damagingAttacks": 1210213.125, "damageDone": {"1": 1484839.4241289133, "2": 2134456.6721815662, "3": 3068281.4662643545, "4": 4286313.806360375}, "bleedDamage": {"1": 0.0, "2": 0.0, "3": 0.0, "4": 0.0}, "loadoutDamage": {}}