{"deaths": 9513, "totalAttacks": 395334, "damagingAttacks": 584421.75, "damageDone": {"1": 134329.49232250606, "2": 144662.53019339597, "3": 154995.56806425017, "4": 167713.1531363325}, "bleedDamage": {"1": 0.0, "2": 0.0, "3": 0.0, "4": 0.0}}