{"deaths": 9513, "totalAttacks": 100001, "damagingAttacks": 182799.375, "damageDone": {"1": 229970.41636956198, "2": 229970.41636956198, "3": 229970.41636956198, "4": 229970.41636956198}, "bleedDamage": {"1": 0.0, "2": 0.0, "3": 0.0, "4": 0.0}}