{"deaths": 10262, "totalAttacks": 700007, "damagingAttacks": 775532.625, "damageDone": {"1": 759313.4529255397, "2": 817722.1800735369, "3": 876130.907221476, "4": 948018.5714041806}, "bleedDamage": {"1": 0.0, "2": 0.0, "3": 0.0, "4": 0.0}}