{"deaths": {"1": 895, "2": 2069, "3": 3698}, "totalAttacks": {"1": 18392.0, "2": 6384.0, "3": 8684.0}, "damagingAttacks": {"1": 11361.5, "2": 4015.5, "3": 3258.5625}, "damageDone": {"1": {"1": 7586.255149872045, "2": 1567.032508904114, "3": 1367.642971390564}, "2": {"1": 9482.81893734042, "2": 1958.7906361301323, "3": 1709.5537142382088}, "3": {"1": 11853.523671673513, "2": 2448.488295162665, "3": 2136.942142797694}, "4": {"1": 14698.369352877507, "2": 3036.1254860017225, "3": 2649.8082570692504}}, "bleedDamage": {"1": {"1": 0.0, "2": 0.0, "3": 0.0}, "2": {"1": 0.0, "2": 0.0, "3": 0.0}, "3": {"1": 0.0, "2": 0.0, "3": 0.0}, "4": {"1": 0.0, "2": 0.0, "3": 0.0}}}