{"deaths": 10262, "totalAttacks": 100001, "damagingAttacks": 110790.375, "damageDone": {"1": 65980.70033115236, "2": 98971.05049669866, "3": 148456.57574497478, "4": 214437.27607622478}, "bleedDamage": {"1": 0.0, "2": 0.0, "3": 0.0, "4": 0.0}}