{"deaths": 14375, "totalAttacks": 400004, "damagingAttacks": 731197.5, "damageDone": {"1": 467935.0109945459, "2": 503930.01184076164, "3": 539925.0126860099, "4": 584226.5521884214}, "bleedDamage": {"1": 0.0, "2": 0.0, "3": 0.0, "4": 0.0}}