{"deaths": 14375, "totalAttacks": 400004, "damagingAttacks": 709585.0, "damageDone": {"1": 79515.7242018723, "2": 85632.31837124379, "3": 91748.91254061119, "4": 99277.02844140588}, "bleedDamage": {"1": 0.0, "2": 0.0, "3": 0.0, "4": 0.0}}