{"deaths": 9513, "totalAttacks": 100001, "damagingAttacks": 108403.0, "damageDone": {"1": 102358.28874607109, "2": 147140.04007243502, "3": 211513.8076042035, "4": 295479.5913410269}, "bleedDamage": {"1": 0.0, "2": 0.0, "3": 0.0, "4": 0.0}}