{"deaths": 10262, "totalAttacks": 100001, "damagingAttacks": 130230.0, "damageDone": {"1": 143762.63599540625, "2": 246450.2331347591, "3": 422486.11394550756, "4": 671870.2784271811}, "bleedDamage": {"1": 0.0, "2": 0.0, "3": 0.0, "4": 0.0}}