{"deaths": 14375, "totalAttacks": 400004, "damagingAttacks": 709108.0, "damageDone": {"1": 75775.5270005133, "2": 81604.4136928223, "3": 87433.30038510372, "4": 94607.31477575423}, "bleedDamage": {"1": 0.0, "2": 0.0, "3": 0.0, "4": 0.0}}