{"deaths": 6408, "totalAttacks": 1031778, "damagingAttacks": 1210213.125, "damageDone": {"1": 7884346.430447145, "2": 13516022.452215182, "3": 23170324.203839954, "4": 36847251.685174756}, "bleedDamage": {"1": 0.0, "2": 0.0, "3": 0.0, "4": 0.0}, "loadoutDamage": {}}