{"deaths": 9513, "totalAttacks": 100001, "damagingAttacks": 168953.375, "damageDone": {"1": 179979.494382393, "2": 179979.494382393, "3": 179979.494382393, "4": 179979.494382393}, "bleedDamage": {"1": 0.0, "2": 0.0, "3": 0.0, "4": 0.0}}