{"deaths": 7445, "totalAttacks": 100001, "damagingAttacks": 198133.375, "damageDone": {"1": 141798.38442137596, "2": 162055.29648141368, "3": 185206.05312165813, "4": 211250.65434185366}, "bleedDamage": {"1": 0.0, "2": 0.0, "3": 0.0, "4": 0.0}}