{"deaths": 14375, "totalAttacks": 400004, "damagingAttacks": 765094.0, "damageDone": {"1": 446488.0842042988, "2": 480833.3214511638, "3": 515178.5586972368, "4": 557449.6199234156}, "bleedDamage": {"1": 0.0, "2": 0.0, "3": 0.0, "4": 0.0}}