{"deaths": 10262, "totalAttacks": 100001, "damagingAttacks": 177396.25, "damageDone": {"1": 244432.08490074068, "2": 419026.43125861615, "3": 718331.0250141657, "4": 1142345.8661692627}, "bleedDamage": {"1": 0.0, "2": 0.0, "3": 0.0, "4": 0.0}}