{"deaths": {"1": 895, "2": 2069, "3": 3698}, "totalAttacks": {"1": 55176.0, "2": 19152.0, "3": 26052.0}, "damagingAttacks": {"1": 34084.5, "2": 12046.5, "3": 9775.6875}, "damageDone": {"1": {"1": 24614.976818568757, "2": 5084.520375151262, "3": 4437.564960812918}, "2": {"1": 26508.436573844876, "2": 5475.637327086159, "3": 4778.916111644824}, "3": {"1": 28401.89632912065, "2": 5866.754279020604, "3": 5120.267262476489}, "4": {"1": 30732.308335612084, "2": 6348.128989094036, "3": 5540.391755807784}}, "bleedDamage": {"1": {"1": 0.0, "2": 0.0, "3": 0.0}, "2": {"1": 0.0, "2": 0.0, "3": 0.0}, "3": {"1": 0.0, "2": 0.0, "3": 0.0}, "4": {"1": 0.0, "2": 0.0, "3": 0.0}}}