{"deaths": 7445, "totalAttacks": 200002, "damagingAttacks": 397489.25, "damageDone": {"1": 69012.7121426986, "2": 78871.67102018066, "3": 90139.05259456493, "4": 102814.85686560527}, "bleedDamage": {"1": 0.0, "2": 0.0, "3": 0.0, "4": 0.0}}