{"deaths": 9513, "totalAttacks": 100001, "damagingAttacks": 175795.375, "damageDone": {"1": 172397.31169050722, "2": 172397.31169050722, "3": 172397.31169050722, "4": 172397.31169050722}, "bleedDamage": {"1": 0.0, "2": 0.0, "3": 0.0, "4": 0.0}}