{"deaths": 14375, "totalAttacks": 400004, "damagingAttacks": 726768.5, "damageDone": {"1": 543569.9037472102, "2": 584007.2895727507, "3": 624444.6753974899, "4": 674213.7656436507}, "bleedDamage": {"1": 0.0, "2": 0.0, "3": 0.0, "4": 0.0}}