{"deaths": 10262, "totalAttacks": 100001, "damagingAttacks": 108403.0, "damageDone": {"1": 57184.76810091847, "2": 67396.33383316592, "3": 79431.39344622244, "4": 93289.94694006302}, "bleedDamage": {"1": 0.0, "2": 0.0, "3": 0.0, "4": 0.0}}