{"deaths": 10262, "totalAttacks": 100001, "damagingAttacks": 126620.75, "damageDone": {"1": 119330.2055844839, "2": 204566.06671628007, "3": 350684.6857994411, "4": 557686.0628336623}, "bleedDamage": {"1": 0.0, "2": 0.0, "3": 0.0, "4": 0.0}}