{"deaths": 10262, "totalAttacks": 6190668, "damagingAttacks": 7261278.75, "damageDone": {"1": 9044919.782098755, "2": 9740682.84221962, "3": 10436445.90238688, "4": 11292769.668828616}, "bleedDamage": {"1": 0.0, "2": 0.0, "3": 0.0, "4": 0.0}, "loadoutDamage": {}}