{"deaths": 7445, "totalAttacks": 100001, "damagingAttacks": 197585.5, "damageDone": {"1": 132532.7361342895, "2": 151465.98415339072, "3": 173103.9818895547, "4": 197446.7293428141}, "bleedDamage": {"1": 0.0, "2": 0.0, "3": 0.0, "4": 0.0}}