{"deaths": 6408, "totalAttacks": 3095334, "damagingAttacks": 5655724.875, "damageDone": {"1": 6979532.469640753, "2": 7516419.582682348, "3": 8053306.695742209, "4": 8714090.834884083}, "bleedDamage": {"1": 0.0, "2": 0.0, "3": 0.0, "4": 0.0}, "loadoutDamage": {}}