{"deaths": 10262, "totalAttacks": 700007, "damagingAttacks": 758821.0, "damageDone": {"1": 771416.1895863654, "2": 830755.8964779669, "3": 890095.6033693339, "4": 963129.0887735909}, "bleedDamage": {"1": 0.0, "2": 0.0, "3": 0.0, "4": 0.0}}