{"deaths": 9513, "totalAttacks": 300003, "damagingAttacks": 269451.75, "damageDone": {"1": 78902.28851401698, "2": 84971.69532275455, "3": 91041.10213158203, "4": 98511.14128082246}, "bleedDamage": {"1": 0.0, "2": 0.0, "3": 0.0, "4": 0.0}}