{"deaths": 10262, "totalAttacks": 100001, "damagingAttacks": 108403.0, "damageDone": {"1": 142245.80555560006, "2": 243849.95238098348, "3": 418028.48979601223, "4": 664781.4177999236}, "bleedDamage": {"1": 0.0, "2": 0.0, "3": 0.0, "4": 0.0}}