{"deaths": 9513, "totalAttacks": 100001, "damagingAttacks": 108403.0, "damageDone": {"1": 28728.497133629604, "2": 35910.62141703818, "3": 44888.276771320394, "4": 55661.463196426455}, "bleedDamage": {"1": 0.0, "2": 0.0, "3": 0.0, "4": 0.0}}