{"deaths": 14375, "totalAttacks": 527112, "damagingAttacks": 1024524.0, "damageDone": {"1": 594971.3735349748, "2": 640738.4022682119, "3": 686505.4310017767, "4": 742834.0817501857}, "bleedDamage": {"1": 0.0, "2": 0.0, "3": 0.0, "4": 0.0}}