{"deaths": 7445, "totalAttacks": 263556, "damagingAttacks": 526585.5, "damageDone": {"1": 96229.42216979292, "2": 109976.48247971221, "3": 125687.40854828521, "4": 143362.20037527048}, "bleedDamage": {"1": 0.0, "2": 0.0, "3": 0.0, "4": 0.0}}