{"deaths": 10262, "totalAttacks": 131778, "damagingAttacks": 263292.75, "damageDone": {"1": 209932.11732635178, "2": 314898.1759895297, "3": 472347.26398458536, "4": 682279.3813105063}, "bleedDamage": {"1": 0.0, "2": 0.0, "3": 0.0, "4": 0.0}}