{"deaths": 10262, "totalAttacks": 100001, "damagingAttacks": 196332.875, "damageDone": {"1": 149655.5274153265, "2": 224483.29112297768, "3": 336724.9366846184, "4": 486380.464099838}, "bleedDamage": {"1": 0.0, "2": 0.0, "3": 0.0, "4": 0.0}}