{"deaths": 10262, "totalAttacks": 100001, "damagingAttacks": 120642.375, "damageDone": {"1": 52404.152094914476, "2": 78606.22814232783, "3": 117909.34221342871, "4": 170313.4943083831}, "bleedDamage": {"1": 0.0, "2": 0.0, "3": 0.0, "4": 0.0}}