{"deaths": 6408, "totalAttacks": 1031778, "damagingAttacks": 1885241.625, "damageDone": {"1": 11290984.287984423, "2": 19355973.065092426, "3": 33181668.11157395, "4": 52768069.42746745}, "bleedDamage": {"1": 0.0, "2": 0.0, "3": 0.0, "4": 0.0}, "loadoutDamage": {}}