{"deaths": 7445, "totalAttacks": 100001, "damagingAttacks": 198133.375, "damageDone": {"1": 189354.2165585495, "2": 216404.81892400215, "3": 247319.79305622086, "4": 282099.1389546074}, "bleedDamage": {"1": 0.0, "2": 0.0, "3": 0.0, "4": 0.0}}