{"deaths": 7445, "totalAttacks": 131778, "damagingAttacks": 263292.75, "damageDone": {"1": 189622.60873081107, "2": 216711.55283492585, "3": 247670.3460973051, "4": 282498.98851715587}, "bleedDamage": {"1": 0.0, "2": 0.0, "3": 0.0, "4": 0.0}}