{"deaths": 10262, "totalAttacks": 100001, "damagingAttacks": 89817.25, "damageDone": {"1": 51452.88040511693, "2": 77179.32060763199, "3": 115768.9809114194, "4": 167221.86131656164}, "bleedDamage": {"1": 0.0, "2": 0.0, "3": 0.0, "4": 0.0}}