{"deaths": 9513, "totalAttacks": 100001, "damagingAttacks": 186731.375, "damageDone": {"1": 226798.56397737018, "2": 226798.56397737018, "3": 226798.56397737018, "4": 226798.56397737018}, "bleedDamage": {"1": 0.0, "2": 0.0, "3": 0.0, "4": 0.0}}