{"deaths": 10262, "totalAttacks": 700007, "damagingAttacks": 628720.75, "damageDone": {"1": 648717.2175894693, "2": 698618.5420195396, "3": 748519.86644944, "4": 809936.8811326929}, "bleedDamage": {"1": 0.0, "2": 0.0, "3": 0.0, "4": 0.0}}