{"deaths": 9513, "totalAttacks": 100001, "damagingAttacks": 168953.375, "damageDone": {"1": 85881.53662864544, "2": 139557.497021526, "3": 226780.93265986198, "4": 347551.84354401036}, "bleedDamage": {"1": 0.0, "2": 0.0, "3": 0.0, "4": 0.0}}