{"deaths": 10262, "totalAttacks": 700007, "damagingAttacks": 570339.875, "damageDone": {"1": 469459.6078746593, "2": 505571.8854035028, "3": 541684.1629319926, "4": 586130.0429680558}, "bleedDamage": {"1": 0.0, "2": 0.0, "3": 0.0, "4": 0.0}}