{"deaths": 7445, "totalAttacks": 200002, "damagingAttacks": 394276.25, "damageDone": {"1": 79050.69939244342, "2": 90019.76371532149, "3": 102555.83722731599, "4": 116658.91992821224}, "bleedDamage": {"1": 0.0, "2": 0.0, "3": 0.0, "4": 0.0}}