{"deaths": 9513, "totalAttacks": 263556, "damagingAttacks": 389614.5, "damageDone": {"1": 41399.90910505193, "2": 67274.85229568476, "3": 109321.63498048547, "4": 167540.25715955478}, "bleedDamage": {"1": 0.0, "2": 0.0, "3": 0.0, "4": 0.0}}