{"deaths": 10262, "totalAttacks": 100001, "damagingAttacks": 130466.875, "damageDone": {"1": 160557.8998842743, "2": 275242.1140873505, "3": 471843.6241496041, "4": 750362.4300713463}, "bleedDamage": {"1": 0.0, "2": 0.0, "3": 0.0, "4": 0.0}}