{"deaths": 7445, "totalAttacks": 100001, "damagingAttacks": 196332.875, "damageDone": {"1": 98200.2132439762, "2": 112228.81513591387, "3": 128261.50301238328, "4": 146298.27687372785}, "bleedDamage": {"1": 0.0, "2": 0.0, "3": 0.0, "4": 0.0}}