{"deaths": 14375, "totalAttacks": 300003, "damagingAttacks": 531831.0, "damageDone": {"1": 239432.02694031273, "2": 257849.87516614827, "3": 276267.7233924136, "4": 298935.8442863114}, "bleedDamage": {"1": 0.0, "2": 0.0, "3": 0.0, "4": 0.0}}