{"deaths": 9513, "totalAttacks": 100001, "damagingAttacks": 120642.375, "damageDone": {"1": 74789.91346031937, "2": 107510.50059920576, "3": 154546.34461150807, "4": 215897.44549681744}, "bleedDamage": {"1": 0.0, "2": 0.0, "3": 0.0, "4": 0.0}}