{"deaths": 14375, "totalAttacks": 300003, "damagingAttacks": 545076.375, "damageDone": {"1": 271017.6318450832, "2": 291865.141986987, "3": 312712.6521288389, "4": 338371.12614974723}, "bleedDamage": {"1": 0.0, "2": 0.0, "3": 0.0, "4": 0.0}}