{"deaths": 10262, "totalAttacks": 100001, "damagingAttacks": 89817.25, "damageDone": {"1": 98947.84693293355, "2": 169624.88045635028, "3": 290785.50935367, "4": 462429.7336250063}, "bleedDamage": {"1": 0.0, "2": 0.0, "3": 0.0, "4": 0.0}}