{"deaths": 7454, "totalAttacks": 263556, "damagingAttacks": 512262.0, "damageDone": {"1": 232926.6634616315, "2": 250844.09911222442, "3": 268761.534763281, "4": 290813.7632568265}, "bleedDamage": {"1": 0.0, "2": 0.0, "3": 0.0, "4": 0.0}}