{"deaths": 9513, "totalAttacks": 200002, "damagingAttacks": 233930.25, "damageDone": {"1": 37402.71674076567, "2": 60779.41470369564, "3": 98766.54889355467, "4": 151364.11931027813}, "bleedDamage": {"1": 0.0, "2": 0.0, "3": 0.0, "4": 0.0}}