{"deaths": 14375, "totalAttacks": 300003, "damagingAttacks": 560194.125, "damageDone": {"1": 201816.38736978106, "2": 217340.72485974815, "3": 232865.0623498481, "4": 251971.9392604965}, "bleedDamage": {"1": 0.0, "2": 0.0, "3": 0.0, "4": 0.0}}