{"deaths": 7454, "totalAttacks": 100001, "damagingAttacks": 130230.0, "damageDone": {"1": 264114.9999999871, "2": 462201.2500000349, "3": 808852.187499992, "4": 1304067.8125000126}, "bleedDamage": {"1": 0.0, "2": 0.0, "3": 0.0, "4": 0.0}}