{"deaths": {"1": 517, "2": 1378, "3": 2792}, "totalAttacks": {"1": 18392.0, "2": 6384.0, "3": 8684.0}, "damagingAttacks": {"1": 11361.5, "2": 4015.5, "3": 3258.5625}, "damageDone": {"1": {"1": 53396.10416666442, "2": 15382.666666666652, "3": 11828.89583333335}, "2": {"1": 93443.18229166961, "2": 26919.666666666704, "3": 20700.567708333343}, "3": {"1": 163525.56901041212, "2": 47109.41666666647, "3": 36225.99348958328}, "4": {"1": 263643.264322915, "2": 75951.9166666664, "3": 58405.173177083365}}, "bleedDamage": {"1": {"1": 0.0, "2": 0.0, "3": 0.0}, "2": {"1": 0.0, "2": 0.0, "3": 0.0}, "3": {"1": 0.0, "2": 0.0, "3": 0.0}, "4": {"1": 0.0, "2": 0.0, "3": 0.0}}}