{"deaths": 10262, "totalAttacks": 100001, "damagingAttacks": 186731.375, "damageDone": {"1": 200322.45716701788, "2": 343409.92657208187, "3": 588702.7312665437, "4": 936200.8712505131}, "bleedDamage": {"1": 0.0, "2": 0.0, "3": 0.0, "4": 0.0}}