{"deaths": 9513, "totalAttacks": 100001, "damagingAttacks": 89817.25, "damageDone": {"1": 73900.23385872443, "2": 92375.29232337356, "3": 115469.1154040952, "4": 143181.70310125555}, "bleedDamage": {"1": 0.0, "2": 0.0, "3": 0.0, "4": 0.0}}