{"deaths": 14375, "totalAttacks": 400004, "damagingAttacks": 703181.5, "damageDone": {"1": 422081.85761381383, "2": 454272.3762421538, "3": 486462.89486970083, "4": 526081.9947191708}, "bleedDamage": {"1": 0.0, "2": 0.0, "3": 0.0, "4": 0.0}}