{"deaths": 243160, "totalAttacks": 100001, "damagingAttacks": 110790.375, "damageDone": {"1": 96455.74377152938, "2": 96455.74377152938, "3": 96455.74377152938, "4": 96455.74377152938}, "bleedDamage": {"1": 87312.66494078773, "2": 87312.66494078773, "3": 87312.66494078773, "4": 87312.66494078773}}