{"deaths": 243160, "totalAttacks": 131778, "damagingAttacks": 194807.25, "damageDone": {"1": 187226.39577885353, "2": 187226.39577885353, "3": 187226.39577885353, "4": 187226.39577885353}, "bleedDamage": {"1": 153597.26183452143, "2": 153597.26183452143, "3": 153597.26183452143, "4": 153597.26183452143}}