{"deaths": 243160, "totalAttacks": 100001, "damagingAttacks": 130466.875, "damageDone": {"1": 113436.34884187192, "2": 113436.34884187192, "3": 113436.34884187192, "4": 113436.34884187192}, "bleedDamage": {"1": 102802.9400887001, "2": 102802.9400887001, "3": 102802.9400887001, "4": 102802.9400887001}}