{"deaths": 243160, "totalAttacks": 100001, "damagingAttacks": 89817.25, "damageDone": {"1": 63461.46980711559, "2": 63461.46980711559, "3": 63461.46980711559, "4": 63461.46980711559}, "bleedDamage": {"1": 54946.946745521265, "2": 54946.946745521265, "3": 54946.946745521265, "4": 54946.946745521265}}