{"deaths": 243160, "totalAttacks": 1031778, "damagingAttacks": 1210213.125, "damageDone": {"1": 1157900.8688707678, "2": 1157900.8688707678, "3": 1157900.8688707678, "4": 1157900.8688707678}, "bleedDamage": {"1": 897648.9430588038, "2": 897648.9430588038, "3": 897648.9430588038, "4": 897648.9430588038}, "loadoutDamage": {}}