{"deaths": 243160, "totalAttacks": 1031778, "damagingAttacks": 1210213.125, "damageDone": {"1": 1171539.323277902, "2": 1171539.323277902, "3": 1171539.323277902, "4": 1171539.323277902}, "bleedDamage": {"1": 897648.9430588038, "2": 897648.9430588038, "3": 897648.9430588038, "4": 897648.9430588038}, "loadoutDamage": {}}