{"deaths": 243160, "totalAttacks": 100001, "damagingAttacks": 116965.125, "damageDone": {"1": 121994.67827093917, "2": 121994.67827093917, "3": 121994.67827093917, "4": 121994.67827093917}, "bleedDamage": {"1": 92152.37352069769, "2": 92152.37352069769, "3": 92152.37352069769, "4": 92152.37352069769}}