{"deaths": 243160, "totalAttacks": 100001, "damagingAttacks": 126620.75, "damageDone": {"1": 116760.30631044575, "2": 116760.30631044575, "3": 116760.30631044575, "4": 116760.30631044575}, "bleedDamage": {"1": 91748.84171600982, "2": 91748.84171600982, "3": 91748.84171600982, "4": 91748.84171600982}}