{"deaths": 243160, "totalAttacks": 100001, "damagingAttacks": 81477.125, "damageDone": {"1": 56780.96391246022, "2": 56780.96391246022, "3": 56780.96391246022, "4": 56780.96391246022}, "bleedDamage": {"1": 63532.76701180251, "2": 63532.76701180251, "3": 63532.76701180251, "4": 63532.76701180251}}