{"deaths": {"1": 37610, "2": 72308, "3": 100332}, "totalAttacks": {"1": 18392.0, "2": 6384.0, "3": 8684.0}, "damagingAttacks": {"1": 11361.5, "2": 4015.5, "3": 3258.5625}, "damageDone": {"1": {"1": 31996.140559218642, "2": 8245.495076827625, "3": 5790.968897811292}, "2": {"1": 31996.140559218642, "2": 8245.495076827625, "3": 5790.968897811292}, "3": {"1": 31996.140559218642, "2": 8245.495076827625, "3": 5790.968897811292}, "4": {"1": 31996.140559218642, "2": 8245.495076827625, "3": 5790.968897811292}}, "bleedDamage": {"1": {"1": 41412.331360935874, "2": 12385.609467455144, "3": 11139.25739644854}, "2": {"1": 41412.331360935874, "2": 12385.609467455144, "3": 11139.25739644854}, "3": {"1": 41412.331360935874, "2": 12385.609467455144, "3": 11139.25739644854}, "4": {"1": 41412.331360935874, "2": 12385.609467455144, "3": 11139.25739644854}}}