{"deaths": 243160, "totalAttacks": 100001, "damagingAttacks": 130230.0, "damageDone": {"1": 116717.80099723184, "2": 116717.80099723184, "3": 116717.80099723184, "4": 116717.80099723184}, "bleedDamage": {"1": 102548.68934904084, "2": 102548.68934904084, "3": 102548.68934904084, "4": 102548.68934904084}}