{"deaths": 243160, "totalAttacks": 100001, "damagingAttacks": 120642.375, "damageDone": {"1": 70596.25947032197, "2": 70596.25947032197, "3": 70596.25947032197, "4": 70596.25947032197}, "bleedDamage": {"1": 63388.215236643264, "2": 63388.215236643264, "3": 63388.215236643264, "4": 63388.215236643264}}