{"deaths": 243160, "totalAttacks": 100001, "damagingAttacks": 108403.0, "damageDone": {"1": 99273.30408561515, "2": 99273.30408561515, "3": 99273.30408561515, "4": 99273.30408561515}, "bleedDamage": {"1": 85624.00000005, "2": 85624.00000005, "3": 85624.00000005, "4": 85624.00000005}}