{"deaths": 21317, "totalAttacks": 200002, "damagingAttacks": 374416.5, "damageDone": {"1": 156802.35478300796, "2": 168864.07438174268, "3": 180925.793980433, "4": 195770.98733267206}, "bleedDamage": {"1": 0.0, "2": 0.0, "3": 0.0, "4": 0.0}}