{"deaths": 29190, "totalAttacks": 1031778, "damagingAttacks": 1885241.625, "damageDone": {"1": 1242106.1545821445, "2": 1337652.7818464655, "3": 1433199.4091395582, "4": 1550795.2580963844}, "bleedDamage": {"1": 0.0, "2": 0.0, "3": 0.0, "4": 0.0}, "loadoutDamage": {}}