{"deaths": 21317, "totalAttacks": 200002, "damagingAttacks": 382547.0, "damageDone": {"1": 135305.23422082252, "2": 145713.32916102168, "3": 156121.4241010624, "4": 168931.3871041516}, "bleedDamage": {"1": 0.0, "2": 0.0, "3": 0.0, "4": 0.0}}