{"deaths": 29190, "totalAttacks": 200002, "damagingAttacks": 354554.0, "damageDone": {"1": 254628.77773644534, "2": 254628.77773644534, "3": 254628.77773644534, "4": 254628.77773644534}, "bleedDamage": {"1": 0.0, "2": 0.0, "3": 0.0, "4": 0.0}}