{"deaths": 21317, "totalAttacks": 263556, "damagingAttacks": 512262.0, "damageDone": {"1": 179343.29437864327, "2": 193138.93240782944, "3": 206934.5704370071, "4": 223913.81724202092}, "bleedDamage": {"1": 0.0, "2": 0.0, "3": 0.0, "4": 0.0}}