{"deaths": 21317, "totalAttacks": 200002, "damagingAttacks": 373462.75, "damageDone": {"1": 123729.00246540853, "2": 133246.61803976915, "3": 142764.2336139866, "4": 154478.2220131135}, "bleedDamage": {"1": 0.0, "2": 0.0, "3": 0.0, "4": 0.0}}