{"deaths": {"1": 3097, "2": 6789, "3": 11426}, "totalAttacks": {"1": 36784.0, "2": 12768.0, "3": 17368.0}, "damagingAttacks": {"1": 22723.0, "2": 8031.0, "3": 6517.125}, "damageDone": {"1": {"1": 18304.93540433924, "2": 4333.236686390456, "3": 3630.3069526628306}, "2": {"1": 18304.93540433924, "2": 4333.236686390456, "3": 3630.3069526628306}, "3": {"1": 18304.93540433924, "2": 4333.236686390456, "3": 3630.3069526628306}, "4": {"1": 18304.93540433924, "2": 4333.236686390456, "3": 3630.3069526628306}}, "bleedDamage": {"1": {"1": 0.0, "2": 0.0, "3": 0.0}, "2": {"1": 0.0, "2": 0.0, "3": 0.0}, "3": {"1": 0.0, "2": 0.0, "3": 0.0}, "4": {"1": 0.0, "2": 0.0, "3": 0.0}}}