{"deaths": 29190, "totalAttacks": 200002, "damagingAttacks": 337906.75, "damageDone": {"1": 176885.3131162802, "2": 176885.3131162802, "3": 176885.3131162802, "4": 176885.3131162802}, "bleedDamage": {"1": 0.0, "2": 0.0, "3": 0.0, "4": 0.0}}