{"deaths": {"1": 3097, "2": 6789, "3": 11426}, "totalAttacks": {"1": 18392.0, "2": 6384.0, "3": 8684.0}, "damagingAttacks": {"1": 17676.0, "2": 5847.0, "3": 6829.9375}, "damageDone": {"1": {"1": 38116.123520705834, "2": 8380.644477317512, "3": 9874.945882642593}, "2": {"1": 38116.123520705834, "2": 8380.644477317512, "3": 9874.945882642593}, "3": {"1": 38116.123520705834, "2": 8380.644477317512, "3": 9874.945882642593}, "4": {"1": 38116.123520705834, "2": 8380.644477317512, "3": 9874.945882642593}}, "bleedDamage": {"1": {"1": 0.0, "2": 0.0, "3": 0.0}, "2": {"1": 0.0, "2": 0.0, "3": 0.0}, "3": {"1": 0.0, "2": 0.0, "3": 0.0}, "4": {"1": 0.0, "2": 0.0, "3": 0.0}}}