{"deaths": 29190, "totalAttacks": 100001, "damagingAttacks": 110790.375, "damageDone": {"1": 71732.92135106397, "2": 71732.92135106397, "3": 71732.92135106397, "4": 71732.92135106397}, "bleedDamage": {"1": 0.0, "2": 0.0, "3": 0.0, "4": 0.0}}