{"deaths": 29190, "totalAttacks": 100001, "damagingAttacks": 191273.5, "damageDone": {"1": 138844.07051286357, "2": 138844.07051286357, "3": 138844.07051286357, "4": 138844.07051286357}, "bleedDamage": {"1": 0.0, "2": 0.0, "3": 0.0, "4": 0.0}}