{"deaths": 29190, "totalAttacks": 263556, "damagingAttacks": 512262.0, "damageDone": {"1": 285351.7529584049, "2": 285351.7529584049, "3": 285351.7529584049, "4": 285351.7529584049}, "bleedDamage": {"1": 0.0, "2": 0.0, "3": 0.0, "4": 0.0}}