{"deaths": 29190, "totalAttacks": 200002, "damagingAttacks": 374416.5, "damageDone": {"1": 265251.49254163716, "2": 265251.49254163716, "3": 265251.49254163716, "4": 265251.49254163716}, "bleedDamage": {"1": 0.0, "2": 0.0, "3": 0.0, "4": 0.0}}