{"deaths": 29190, "totalAttacks": 100001, "damagingAttacks": 182799.375, "damageDone": {"1": 157053.99580867856, "2": 157053.99580867856, "3": 157053.99580867856, "4": 157053.99580867856}, "bleedDamage": {"1": 0.0, "2": 0.0, "3": 0.0, "4": 0.0}}