{"deaths": {"1": 3097, "2": 6789, "3": 11426}, "totalAttacks": {"1": 36784.0, "2": 12768.0, "3": 17368.0}, "damagingAttacks": {"1": 35352.0, "2": 11694.0, "3": 13659.875}, "damageDone": {"1": {"1": 58956.5939349096, "2": 12962.86735700242, "3": 15274.196868836287}, "2": {"1": 58956.5939349096, "2": 12962.86735700242, "3": 15274.196868836287}, "3": {"1": 58956.5939349096, "2": 12962.86735700242, "3": 15274.196868836287}, "4": {"1": 58956.5939349096, "2": 12962.86735700242, "3": 15274.196868836287}}, "bleedDamage": {"1": {"1": 0.0, "2": 0.0, "3": 0.0}, "2": {"1": 0.0, "2": 0.0, "3": 0.0}, "3": {"1": 0.0, "2": 0.0, "3": 0.0}, "4": {"1": 0.0, "2": 0.0, "3": 0.0}}}