{"deaths": 29190, "totalAttacks": 263556, "damagingAttacks": 389614.5, "damageDone": {"1": 111312.58678497677, "2": 111312.58678497677, "3": 111312.58678497677, "4": 111312.58678497677}, "bleedDamage": {"1": 0.0, "2": 0.0, "3": 0.0, "4": 0.0}}