{"deaths": 29190, "totalAttacks": 100001, "damagingAttacks": 89817.25, "damageDone": {"1": 61405.5828402183, "2": 61405.5828402183, "3": 61405.5828402183, "4": 61405.5828402183}, "bleedDamage": {"1": 0.0, "2": 0.0, "3": 0.0, "4": 0.0}}