{"deaths": 29190, "totalAttacks": 100001, "damagingAttacks": 120642.375, "damageDone": {"1": 63226.68318539835, "2": 63226.68318539835, "3": 63226.68318539835, "4": 63226.68318539835}, "bleedDamage": {"1": 0.0, "2": 0.0, "3": 0.0, "4": 0.0}}