{"deaths": 29190, "totalAttacks": 200002, "damagingAttacks": 363384.25, "damageDone": {"1": 300801.6312253461, "2": 300801.6312253461, "3": 300801.6312253461, "4": 300801.6312253461}, "bleedDamage": {"1": 0.0, "2": 0.0, "3": 0.0, "4": 0.0}}