{"deaths": 29190, "totalAttacks": 200002, "damagingAttacks": 253241.5, "damageDone": {"1": 88650.82396444435, "2": 88650.82396444435, "3": 88650.82396444435, "4": 88650.82396444435}, "bleedDamage": {"1": 0.0, "2": 0.0, "3": 0.0, "4": 0.0}}