{"deaths": 29190, "totalAttacks": 200002, "damagingAttacks": 365598.75, "damageDone": {"1": 242925.24531533758, "2": 242925.24531533758, "3": 242925.24531533758, "4": 242925.24531533758}, "bleedDamage": {"1": 0.0, "2": 0.0, "3": 0.0, "4": 0.0}}