{"deaths": 29190, "totalAttacks": 100001, "damagingAttacks": 130230.0, "damageDone": {"1": 76459.6070020019, "2": 76459.6070020019, "3": 76459.6070020019, "4": 76459.6070020019}, "bleedDamage": {"1": 0.0, "2": 0.0, "3": 0.0, "4": 0.0}}