{"deaths": 29190, "totalAttacks": 200002, "damagingAttacks": 373462.75, "damageDone": {"1": 192286.7554239121, "2": 192286.7554239121, "3": 192286.7554239121, "4": 192286.7554239121}, "bleedDamage": {"1": 0.0, "2": 0.0, "3": 0.0, "4": 0.0}}