{"deaths": 29190, "totalAttacks": 2063556, "damagingAttacks": 2420426.25, "damageDone": {"1": 749458.583577814, "2": 749458.583577814, "3": 749458.583577814, "4": 749458.583577814}, "bleedDamage": {"1": 0.0, "2": 0.0, "3": 0.0, "4": 0.0}, "loadoutDamage": {}}