{"deaths": 29190, "totalAttacks": 100001, "damagingAttacks": 181692.125, "damageDone": {"1": 239935.56250000675, "2": 239935.56250000675, "3": 239935.56250000675, "4": 239935.56250000675}, "bleedDamage": {"1": 0.0, "2": 0.0, "3": 0.0, "4": 0.0}}