{"deaths": {"1": 2039, "2": 4717, "3": 8218}, "totalAttacks": {"1": 36784.0, "2": 12768.0, "3": 17368.0}, "damagingAttacks": {"1": 35352.0, "2": 11694.0, "3": 13659.875}, "damageDone": {"1": {"1": 33688.14571005923, "2": 8162.634122288008, "3": 9460.161304240479}, "2": {"1": 36279.541533909025, "2": 8790.529054771718, "3": 10187.866019951494}, "3": {"1": 38870.93735775852, "2": 9418.423987255765, "3": 10915.57073566267}, "4": {"1": 42060.34760249997, "2": 10191.217750312439, "3": 11811.207308844672}}, "bleedDamage": {"1": {"1": 0.0, "2": 0.0, "3": 0.0}, "2": {"1": 0.0, "2": 0.0, "3": 0.0}, "3": {"1": 0.0, "2": 0.0, "3": 0.0}, "4": {"1": 0.0, "2": 0.0, "3": 0.0}}}