{"deaths": 29190, "totalAttacks": 1031778, "damagingAttacks": 1885241.625, "damageDone": {"1": 2047759.260417671, "2": 2047759.260417671, "3": 2047759.260417671, "4": 2047759.260417671}, "bleedDamage": {"1": 0.0, "2": 0.0, "3": 0.0, "4": 0.0}, "loadoutDamage": {}}