{"deaths": 29190, "totalAttacks": 100001, "damagingAttacks": 130466.875, "damageDone": {"1": 70780.08727810948, "2": 70780.08727810948, "3": 70780.08727810948, "4": 70780.08727810948}, "bleedDamage": {"1": 0.0, "2": 0.0, "3": 0.0, "4": 0.0}}