{"deaths": 21317, "totalAttacks": 200002, "damagingAttacks": 363384.25, "damageDone": {"1": 170723.8605152467, "2": 183856.46517039125, "3": 196989.06982535048, "4": 213152.27555458632}, "bleedDamage": {"1": 0.0, "2": 0.0, "3": 0.0, "4": 0.0}}