{"deaths": 21317, "totalAttacks": 200002, "damagingAttacks": 354792.5, "damageDone": {"1": 153795.3572484625, "2": 165625.76934468615, "3": 177456.1814405552, "4": 192016.68863579704}, "bleedDamage": {"1": 0.0, "2": 0.0, "3": 0.0, "4": 0.0}}