{"deaths": 21317, "totalAttacks": 200002, "damagingAttacks": 354554.0, "damageDone": {"1": 150003.47670105853, "2": 161542.2056783273, "3": 173080.93465515325, "4": 187282.44724238827}, "bleedDamage": {"1": 0.0, "2": 0.0, "3": 0.0, "4": 0.0}}