{"deaths": 29190, "totalAttacks": 200002, "damagingAttacks": 351590.75, "damageDone": {"1": 201872.86119317272, "2": 201872.86119317272, "3": 201872.86119317272, "4": 201872.86119317272}, "bleedDamage": {"1": 0.0, "2": 0.0, "3": 0.0, "4": 0.0}}