{"deaths": 29190, "totalAttacks": 2063556, "damagingAttacks": 3770483.25, "damageDone": {"1": 2400049.320150358, "2": 2400049.320150358, "3": 2400049.320150358, "4": 2400049.320150358}, "bleedDamage": {"1": 0.0, "2": 0.0, "3": 0.0, "4": 0.0}, "loadoutDamage": {}}