{"deaths": 21317, "totalAttacks": 200002, "damagingAttacks": 337906.75, "damageDone": {"1": 113217.28180471621, "2": 121926.30348210578, "3": 130635.32515931058, "4": 141354.12106981417}, "bleedDamage": {"1": 0.0, "2": 0.0, "3": 0.0, "4": 0.0}}