{"deaths": 21317, "totalAttacks": 200002, "damagingAttacks": 351590.75, "damageDone": {"1": 125393.85213255466, "2": 135039.53306600344, "3": 144685.21399920332, "4": 156556.82130159394}, "bleedDamage": {"1": 0.0, "2": 0.0, "3": 0.0, "4": 0.0}}