{"deaths": 21317, "totalAttacks": 200002, "damagingAttacks": 365598.75, "damageDone": {"1": 146267.97269470352, "2": 157519.35520977166, "3": 168770.7377247126, "4": 182618.59312779387}, "bleedDamage": {"1": 0.0, "2": 0.0, "3": 0.0, "4": 0.0}}