{"deaths": 29190, "totalAttacks": 200002, "damagingAttacks": 382547.0, "damageDone": {"1": 214758.81410239654, "2": 214758.81410239654, "3": 214758.81410239654, "4": 214758.81410239654}, "bleedDamage": {"1": 0.0, "2": 0.0, "3": 0.0, "4": 0.0}}