{"deaths": 29190, "totalAttacks": 100001, "damagingAttacks": 177277.0, "damageDone": {"1": 164620.46560651276, "2": 164620.46560651276, "3": 164620.46560651276, "4": 164620.46560651276}, "bleedDamage": {"1": 0.0, "2": 0.0, "3": 0.0, "4": 0.0}}