{"deaths": 29190, "totalAttacks": 200002, "damagingAttacks": 354792.5, "damageDone": {"1": 265303.5330373557, "2": 265303.5330373557, "3": 265303.5330373557, "4": 265303.5330373557}, "bleedDamage": {"1": 0.0, "2": 0.0, "3": 0.0, "4": 0.0}}