{"deaths": 243160, "totalAttacks": 100001, "damagingAttacks": 108403.0, "damageDone": {"1": 46442.23187871203, "2": 50014.711253978734, "3": 53587.19062929074, "4": 57984.0883219803}, "bleedDamage": {"1": 0.0, "2": 0.0, "3": 0.0, "4": 0.0}}