{"deaths": 243160, "totalAttacks": 100001, "damagingAttacks": 130466.875, "damageDone": {"1": 49081.86575442167, "2": 52857.39388935692, "3": 56632.92202435361, "4": 61279.72588275732}, "bleedDamage": {"1": 0.0, "2": 0.0, "3": 0.0, "4": 0.0}}