{"deaths": 243160, "totalAttacks": 100001, "damagingAttacks": 81477.125, "damageDone": {"1": 17336.03457839836, "2": 18669.575699809746, "3": 20003.11682123278, "4": 21644.39820143823}, "bleedDamage": {"1": 0.0, "2": 0.0, "3": 0.0, "4": 0.0}}