{"deaths": {"1": 37610, "2": 72308, "3": 100332}, "totalAttacks": {"1": 18392.0, "2": 6384.0, "3": 8684.0}, "damagingAttacks": {"1": 11361.5, "2": 4015.5, "3": 3258.5625}, "damageDone": {"1": {"1": 10104.694033530317, "2": 2307.0786489151587, "3": 1439.9838510848208}, "2": {"1": 10881.978189954547, "2": 2484.5462372932748, "3": 1550.751839629768}, "3": {"1": 11659.26234638161, "2": 2662.013825671413, "3": 1661.5198281747969}, "4": {"1": 12615.919769672473, "2": 2880.4354729059423, "3": 1797.8496602301313}}, "bleedDamage": {"1": {"1": 0.0, "2": 0.0, "3": 0.0}, "2": {"1": 0.0, "2": 0.0, "3": 0.0}, "3": {"1": 0.0, "2": 0.0, "3": 0.0}, "4": {"1": 0.0, "2": 0.0, "3": 0.0}}}