{"deaths": 243160, "totalAttacks": 100001, "damagingAttacks": 120642.375, "damageDone": {"1": 15060.236686389258, "2": 16218.716431495006, "3": 17377.19617660315, "4": 18803.017401352194}, "bleedDamage": {"1": 0.0, "2": 0.0, "3": 0.0, "4": 0.0}}