{"deaths": 243160, "totalAttacks": 131778, "damagingAttacks": 194807.25, "damageDone": {"1": 44646.39238163579, "2": 48080.730257191404, "3": 51515.068132696004, "4": 55741.94551798934}, "bleedDamage": {"1": 0.0, "2": 0.0, "3": 0.0, "4": 0.0}}