{"deaths": 243160, "totalAttacks": 100001, "damagingAttacks": 130230.0, "damageDone": {"1": 36367.99741123809, "2": 39165.53567363249, "3": 41963.07393604594, "4": 45406.19795131842}, "bleedDamage": {"1": 0.0, "2": 0.0, "3": 0.0, "4": 0.0}}