{"deaths": 243160, "totalAttacks": 100001, "damagingAttacks": 126620.75, "damageDone": {"1": 19312.078402374926, "2": 20797.622894845834, "3": 22283.167387344576, "4": 24111.529839636896}, "bleedDamage": {"1": 0.0, "2": 0.0, "3": 0.0, "4": 0.0}}