{"deaths": 243160, "totalAttacks": 100001, "damagingAttacks": 116965.125, "damageDone": {"1": 47625.433616882576, "2": 51288.92851046676, "3": 54952.42340410644, "4": 59461.34019627705}, "bleedDamage": {"1": 0.0, "2": 0.0, "3": 0.0, "4": 0.0}}