{"deaths": 243160, "totalAttacks": 100001, "damagingAttacks": 89817.25, "damageDone": {"1": 25919.573779579343, "2": 27913.387147250738, "3": 29907.200514903983, "4": 32361.124659714194}, "bleedDamage": {"1": 0.0, "2": 0.0, "3": 0.0, "4": 0.0}}