{"deaths": 243160, "totalAttacks": 1031778, "damagingAttacks": 1210213.125, "damageDone": {"1": 338011.815828828, "2": 364012.7247386898, "3": 390013.6336490292, "4": 422014.7523051847}, "bleedDamage": {"1": 0.0, "2": 0.0, "3": 0.0, "4": 0.0}, "loadoutDamage": {}}