{"deaths": 243160, "totalAttacks": 100001, "damagingAttacks": 110790.375, "damageDone": {"1": 36222.81897187819, "2": 39009.189662039724, "3": 41795.56035218865, "4": 45224.939663166675}, "bleedDamage": {"1": 0.0, "2": 0.0, "3": 0.0, "4": 0.0}}