{"deaths": 6076, "totalAttacks": 658890, "damagingAttacks": 1035360.0, "damageDone": {"1": 890672.084273813, "2": 977584.8478805693, "3": 1070192.7029821486, "4": 1179352.6779983642}, "bleedDamage": {"1": 0.0, "2": 0.0, "3": 0.0, "4": 0.0}}