{"deaths": 2896, "totalAttacks": 3095334, "damagingAttacks": 6139423.125, "damageDone": {"1": 277944981295.00714, "2": 277944981295.00714, "3": 277944981295.00714, "4": 277944981295.00714}, "bleedDamage": {"1": 0.0, "2": 0.0, "3": 0.0, "4": 0.0}, "loadoutDamage": {}}