{"deaths": 6076, "totalAttacks": 100001, "damagingAttacks": 108403.0, "damageDone": {"1": 128309.6838302254, "2": 174134.57091243588, "3": 236325.48909560085, "4": 314882.4383795642}, "bleedDamage": {"1": 0.0, "2": 0.0, "3": 0.0, "4": 0.0}}