{"deaths": {"1": 614, "2": 1223, "3": 2431}, "totalAttacks": {"1": 18392.0, "2": 6384.0, "3": 8684.0}, "damagingAttacks": {"1": 11361.5, "2": 4015.5, "3": 3258.5625}, "damageDone": {"1": {"1": 30908.09787859122, "2": 8175.36540279557, "3": 6724.778373520843}, "2": {"1": 41946.70426379932, "2": 11095.138760936603, "3": 9126.484935492386}, "3": {"1": 56927.670072301735, "2": 15057.688318414035, "3": 12385.943841025302}, "4": {"1": 75850.99530408233, "2": 20063.01407522756, "3": 16503.155090119984}}, "bleedDamage": {"1": {"1": 0.0, "2": 0.0, "3": 0.0}, "2": {"1": 0.0, "2": 0.0, "3": 0.0}, "3": {"1": 0.0, "2": 0.0, "3": 0.0}, "4": {"1": 0.0, "2": 0.0, "3": 0.0}}}