{"deaths": 6076, "totalAttacks": 200002, "damagingAttacks": 351590.75, "damageDone": {"1": 215265.19603471638, "2": 269081.49504341214, "3": 336351.868804267, "4": 417076.31731705886}, "bleedDamage": {"1": 0.0, "2": 0.0, "3": 0.0, "4": 0.0}}