{"deaths": 6076, "totalAttacks": 100001, "damagingAttacks": 116965.125, "damageDone": {"1": 153781.81715197876, "2": 208703.89470623154, "3": 283240.99995854794, "4": 377393.1329088781}, "bleedDamage": {"1": 0.0, "2": 0.0, "3": 0.0, "4": 0.0}}