{"deaths": 6076, "totalAttacks": 100001, "damagingAttacks": 187208.25, "damageDone": {"1": 193434.83964997242, "2": 221068.38817134986, "3": 252649.58648152967, "4": 288178.4345805666}, "bleedDamage": {"1": 0.0, "2": 0.0, "3": 0.0, "4": 0.0}}