{"deaths": 4388, "totalAttacks": 300003, "damagingAttacks": 597074.25, "damageDone": {"1": 407081.04602278135, "2": 407081.04602278135, "3": 407081.04602278135, "4": 407081.04602278135}, "bleedDamage": {"1": 0.0, "2": 0.0, "3": 0.0, "4": 0.0}}