{"deaths": 4462, "totalAttacks": 131778, "damagingAttacks": 256131.0, "damageDone": {"1": 208559.58745681559, "2": 260699.48432110183, "3": 325874.3554013248, "4": 404084.2006970525}, "bleedDamage": {"1": 0.0, "2": 0.0, "3": 0.0, "4": 0.0}}