{"deaths": 4462, "totalAttacks": 100001, "damagingAttacks": 187208.25, "damageDone": {"1": 180297.48220296038, "2": 225371.85275385343, "3": 281714.81594218523, "4": 349326.37176822725}, "bleedDamage": {"1": 0.0, "2": 0.0, "3": 0.0, "4": 0.0}}