{"deaths": 4462, "totalAttacks": 100001, "damagingAttacks": 175795.375, "damageDone": {"1": 145572.0578548558, "2": 181965.0723186605, "3": 227456.34039835355, "4": 282045.86209357745}, "bleedDamage": {"1": 0.0, "2": 0.0, "3": 0.0, "4": 0.0}}