{"deaths": 4462, "totalAttacks": 100001, "damagingAttacks": 186731.375, "damageDone": {"1": 144480.99460164434, "2": 180601.24325204294, "3": 225751.55406503595, "4": 279931.92704020604}, "bleedDamage": {"1": 0.0, "2": 0.0, "3": 0.0, "4": 0.0}}