{"deaths": 6076, "totalAttacks": 100001, "damagingAttacks": 130230.0, "damageDone": {"1": 140308.5568200109, "2": 190418.75568430728, "3": 258425.45414314241, "4": 344328.65219631704}, "bleedDamage": {"1": 0.0, "2": 0.0, "3": 0.0, "4": 0.0}}