{"deaths": {"1": 614, "2": 1223, "3": 2431}, "totalAttacks": {"1": 55176.0, "2": 19152.0, "3": 26052.0}, "damagingAttacks": {"1": 53028.0, "2": 17541.0, "3": 20489.8125}, "damageDone": {"1": {"1": 113653.63047690762, "2": 28086.351431449948, "3": 32487.554784284846}, "2": {"1": 129889.86340220133, "2": 32098.687350228167, "3": 37128.63403918288}, "3": {"1": 148445.55817392922, "2": 36684.21411454517, "3": 42432.724616207735}, "4": {"1": 169320.71479216035, "2": 41842.93172440413, "3": 48399.82651536392}}, "bleedDamage": {"1": {"1": 0.0, "2": 0.0, "3": 0.0}, "2": {"1": 0.0, "2": 0.0, "3": 0.0}, "3": {"1": 0.0, "2": 0.0, "3": 0.0}, "4": {"1": 0.0, "2": 0.0, "3": 0.0}}}