{"deaths": 6076, "totalAttacks": 300003, "damagingAttacks": 548398.125, "damageDone": {"1": 498366.67708530696, "2": 569561.9166687398, "3": 650927.9047646202, "4": 742464.6413712243}, "bleedDamage": {"1": 0.0, "2": 0.0, "3": 0.0, "4": 0.0}}