{"deaths": 6076, "totalAttacks": 131778, "damagingAttacks": 256131.0, "damageDone": {"1": 286438.76713306224, "2": 327358.591009613, "3": 374124.10401100497, "4": 426735.30613725504}, "bleedDamage": {"1": 0.0, "2": 0.0, "3": 0.0, "4": 0.0}}