{"deaths": 4462, "totalAttacks": 100001, "damagingAttacks": 168953.375, "damageDone": {"1": 132228.86654884455, "2": 165286.08318600513, "3": 206607.6039825898, "4": 256193.42893804805}, "bleedDamage": {"1": 0.0, "2": 0.0, "3": 0.0, "4": 0.0}}