{"deaths": 6076, "totalAttacks": 100001, "damagingAttacks": 168953.375, "damageDone": {"1": 179678.53554993085, "2": 205346.89777141841, "3": 234682.16888168908, "4": 267684.34888061456}, "bleedDamage": {"1": 0.0, "2": 0.0, "3": 0.0, "4": 0.0}}