{"deaths": 6076, "totalAttacks": 500005, "damagingAttacks": 625960.875, "damageDone": {"1": 625546.6953123526, "2": 688151.0212334202, "3": 755238.9076716291, "4": 834014.8320816812}, "bleedDamage": {"1": 0.0, "2": 0.0, "3": 0.0, "4": 0.0}}