{"deaths": 6076, "totalAttacks": 500005, "damagingAttacks": 611008.25, "damageDone": {"1": 642842.9219487343, "2": 707182.3554331285, "3": 776130.5916165737, "4": 857090.203097667}, "bleedDamage": {"1": 0.0, "2": 0.0, "3": 0.0, "4": 0.0}}