{"deaths": 6076, "totalAttacks": 3095334, "damagingAttacks": 5655724.875, "damageDone": {"1": 6691546.863095267, "2": 7647482.129256753, "3": 8739979.576310363, "4": 9969039.204262296}, "bleedDamage": {"1": 0.0, "2": 0.0, "3": 0.0, "4": 0.0}, "loadoutDamage": {}}