{"deaths": 4009, "totalAttacks": 100001, "damagingAttacks": 89817.25, "damageDone": {"1": 146770.29645239888, "2": 209671.8520749544, "3": 299531.21724983695, "4": 416348.3919773419}, "bleedDamage": {"1": 0.0, "2": 0.0, "3": 0.0, "4": 0.0}}