{"deaths": 6076, "totalAttacks": 100001, "damagingAttacks": 181692.125, "damageDone": {"1": 236167.88416666054, "2": 269906.153333283, "3": 308464.1752382605, "4": 351841.94988100225}, "bleedDamage": {"1": 0.0, "2": 0.0, "3": 0.0, "4": 0.0}}