{"deaths": 4009, "totalAttacks": 3095334, "damagingAttacks": 5655724.875, "damageDone": {"1": 257964258519.32578, "2": 294816295450.64435, "3": 336932909086.4688, "4": 384314099426.7569}, "bleedDamage": {"1": 0.0, "2": 0.0, "3": 0.0, "4": 0.0}, "loadoutDamage": {}}