{"deaths": 2962, "totalAttacks": 1031778, "damagingAttacks": 1885241.625, "damageDone": {"1": 94360610353.12238, "2": 117950762941.40266, "3": 147438453676.75485, "4": 182823682559.17578}, "bleedDamage": {"1": 0.0, "2": 0.0, "3": 0.0, "4": 0.0}, "loadoutDamage": {}}