{"deaths": 6076, "totalAttacks": 131778, "damagingAttacks": 194807.25, "damageDone": {"1": 205412.57725590735, "2": 278774.21199017944, "3": 378336.4305578721, "4": 504099.2329592329}, "bleedDamage": {"1": 0.0, "2": 0.0, "3": 0.0, "4": 0.0}}