{"deaths": 6076, "totalAttacks": 100001, "damagingAttacks": 89817.25, "damageDone": {"1": 107904.5666280161, "2": 146441.91185231117, "3": 198742.59465664937, "4": 264806.61504133773}, "bleedDamage": {"1": 0.0, "2": 0.0, "3": 0.0, "4": 0.0}}