{"deaths": 6076, "totalAttacks": 200002, "damagingAttacks": 373462.75, "damageDone": {"1": 213651.78238543402, "2": 267064.727981832, "3": 333830.909977217, "4": 413950.3283716535}, "bleedDamage": {"1": 0.0, "2": 0.0, "3": 0.0, "4": 0.0}}