{"deaths": 6076, "totalAttacks": 100001, "damagingAttacks": 175795.375, "damageDone": {"1": 175142.3384666449, "2": 200162.67253326534, "3": 228757.340038222, "4": 260926.3409808274}, "bleedDamage": {"1": 0.0, "2": 0.0, "3": 0.0, "4": 0.0}}