{"deaths": 4462, "totalAttacks": 100001, "damagingAttacks": 181692.125, "damageDone": {"1": 194940.18585681706, "2": 243675.23232108925, "3": 304594.04040126724, "4": 377696.61009717494}, "bleedDamage": {"1": 0.0, "2": 0.0, "3": 0.0, "4": 0.0}}