{"deaths": 6076, "totalAttacks": 500005, "damagingAttacks": 712193.5, "damageDone": {"1": 631534.71295754, "2": 693981.2830901111, "3": 760720.0127170274, "4": 839228.1603783966}, "bleedDamage": {"1": 0.0, "2": 0.0, "3": 0.0, "4": 0.0}}