{"deaths": 2962, "totalAttacks": 1031778, "damagingAttacks": 1885241.625, "damageDone": {"1": 51593275604.34914, "2": 70019445463.04614, "3": 95026390271.27617, "4": 126614110029.0397}, "bleedDamage": {"1": 0.0, "2": 0.0, "3": 0.0, "4": 0.0}, "loadoutDamage": {}}