{"deaths": 6076, "totalAttacks": 100001, "damagingAttacks": 110790.375, "damageDone": {"1": 128019.50317676755, "2": 173740.75431124723, "3": 235791.02370822412, "4": 314170.3113674423}, "bleedDamage": {"1": 0.0, "2": 0.0, "3": 0.0, "4": 0.0}}