{"deaths": 4009, "totalAttacks": 100001, "damagingAttacks": 130466.875, "damageDone": {"1": 171844.04658098082, "2": 245491.49511567387, "3": 350702.1358793433, "4": 487475.968872677}, "bleedDamage": {"1": 0.0, "2": 0.0, "3": 0.0, "4": 0.0}}