{"deaths": 6076, "totalAttacks": 300003, "damagingAttacks": 531831.0, "damageDone": {"1": 509239.28385303315, "2": 581987.7529746365, "3": 665128.860542899, "4": 758662.606555799}, "bleedDamage": {"1": 0.0, "2": 0.0, "3": 0.0, "4": 0.0}}