{"deaths": 4388, "totalAttacks": 300003, "damagingAttacks": 592756.5, "damageDone": {"1": 441933.9138321608, "2": 441933.9138321608, "3": 441933.9138321608, "4": 441933.9138321608}, "bleedDamage": {"1": 0.0, "2": 0.0, "3": 0.0, "4": 0.0}}