{"deaths": 6076, "totalAttacks": 300003, "damagingAttacks": 532188.75, "damageDone": {"1": 521177.13167771616, "2": 595631.0076314007, "3": 680721.1515790705, "4": 776447.5635191808}, "bleedDamage": {"1": 0.0, "2": 0.0, "3": 0.0, "4": 0.0}}