{"deaths": 6076, "totalAttacks": 500005, "damagingAttacks": 658364.875, "damageDone": {"1": 532081.3270145787, "2": 585790.4458438057, "3": 643455.2127147175, "4": 711080.1466749656}, "bleedDamage": {"1": 0.0, "2": 0.0, "3": 0.0, "4": 0.0}}