{"deaths": 4462, "totalAttacks": 100001, "damagingAttacks": 187208.25, "damageDone": {"1": 111302.31063113318, "2": 151053.13585660225, "3": 205000.68437665963, "4": 273144.95619164984}, "bleedDamage": {"1": 0.0, "2": 0.0, "3": 0.0, "4": 0.0}}