{"deaths": 4388, "totalAttacks": 300003, "damagingAttacks": 594400.125, "damageDone": {"1": 477464.33754709247, "2": 477464.33754709247, "3": 477464.33754709247, "4": 477464.33754709247}, "bleedDamage": {"1": 0.0, "2": 0.0, "3": 0.0, "4": 0.0}}