{"deaths": 4388, "totalAttacks": 300003, "damagingAttacks": 588998.625, "damageDone": {"1": 318995.8767645813, "2": 318995.8767645813, "3": 318995.8767645813, "4": 318995.8767645813}, "bleedDamage": {"1": 0.0, "2": 0.0, "3": 0.0, "4": 0.0}}