{"deaths": 4009, "totalAttacks": 2063556, "damagingAttacks": 3770483.25, "damageDone": {"1": 145953462056.98975, "2": 182441827571.2368, "3": 228052284464.0475, "4": 282784832735.41315}, "bleedDamage": {"1": 0.0, "2": 0.0, "3": 0.0, "4": 0.0}, "loadoutDamage": {}}