{"deaths": 4462, "totalAttacks": 100001, "damagingAttacks": 168953.375, "damageDone": {"1": 85697.23385775098, "2": 116303.38880697638, "3": 157840.31338090185, "4": 210308.00757958562}, "bleedDamage": {"1": 0.0, "2": 0.0, "3": 0.0, "4": 0.0}}