{"deaths": 4009, "totalAttacks": 100001, "damagingAttacks": 108403.0, "damageDone": {"1": 173843.79515802674, "2": 248348.2787971933, "3": 354783.2554245126, "4": 493148.7250400701}, "bleedDamage": {"1": 0.0, "2": 0.0, "3": 0.0, "4": 0.0}}