{"deaths": 6076, "totalAttacks": 100001, "damagingAttacks": 130466.875, "damageDone": {"1": 132616.7587356509, "2": 179979.88685540445, "3": 244258.41787531905, "4": 325452.3517949562}, "bleedDamage": {"1": 0.0, "2": 0.0, "3": 0.0, "4": 0.0}}