{"deaths": 6076, "totalAttacks": 100001, "damagingAttacks": 177396.25, "damageDone": {"1": 237331.0309332631, "2": 271235.46392384055, "3": 309983.3873416611, "4": 353574.80118626583}, "bleedDamage": {"1": 0.0, "2": 0.0, "3": 0.0, "4": 0.0}}