{"deaths": 6076, "totalAttacks": 300003, "damagingAttacks": 573820.5, "damageDone": {"1": 464926.26600464334, "2": 531344.3040051768, "3": 607250.6331490737, "4": 692645.2534348675}, "bleedDamage": {"1": 0.0, "2": 0.0, "3": 0.0, "4": 0.0}}