{"deaths": 4009, "totalAttacks": 100001, "damagingAttacks": 110790.375, "damageDone": {"1": 172088.69273820394, "2": 245840.98962596373, "3": 351201.41375127085, "4": 488169.96511458413}, "bleedDamage": {"1": 0.0, "2": 0.0, "3": 0.0, "4": 0.0}}