{"deaths": 4462, "totalAttacks": 100001, "damagingAttacks": 177277.0, "damageDone": {"1": 106235.41494765665, "2": 144176.63457204017, "3": 195668.28977628905, "4": 260710.38056056574}, "bleedDamage": {"1": 0.0, "2": 0.0, "3": 0.0, "4": 0.0}}