{"deaths": 4009, "totalAttacks": 1031778, "damagingAttacks": 1210213.125, "damageDone": {"1": 76597205293.76398, "2": 109424578991.08931, "3": 156320827130.12766, "4": 217285949710.87518}, "bleedDamage": {"1": 0.0, "2": 0.0, "3": 0.0, "4": 0.0}, "loadoutDamage": {}}