{"deaths": 6076, "totalAttacks": 500005, "damagingAttacks": 536546.0, "damageDone": {"1": 574993.8483256971, "2": 633854.9141574935, "3": 697244.5515959482, "4": 771430.6986227297}, "bleedDamage": {"1": 0.0, "2": 0.0, "3": 0.0, "4": 0.0}}