{"deaths": 4462, "totalAttacks": 100001, "damagingAttacks": 177396.25, "damageDone": {"1": 108117.54999801124, "2": 146730.9607117807, "3": 199134.87525158582, "4": 265329.2936178246}, "bleedDamage": {"1": 0.0, "2": 0.0, "3": 0.0, "4": 0.0}}