{"deaths": {"1": 331, "2": 739, "3": 1457}, "totalAttacks": {"1": 55176.0, "2": 19152.0, "3": 26052.0}, "damagingAttacks": {"1": 55117.5, "2": 18969.0, "3": 25151.0625}, "damageDone": {"1": {"1": 87255.11498264688, "2": 21576.730596677135, "3": 28347.87428786511}, "2": {"1": 87255.11498264688, "2": 21576.730596677135, "3": 28347.87428786511}, "3": {"1": 87255.11498264688, "2": 21576.730596677135, "3": 28347.87428786511}, "4": {"1": 87255.11498264688, "2": 21576.730596677135, "3": 28347.87428786511}}, "bleedDamage": {"1": {"1": 0.0, "2": 0.0, "3": 0.0}, "2": {"1": 0.0, "2": 0.0, "3": 0.0}, "3": {"1": 0.0, "2": 0.0, "3": 0.0}, "4": {"1": 0.0, "2": 0.0, "3": 0.0}}}