{"deaths": 6076, "totalAttacks": 395334, "damagingAttacks": 768393.0, "damageDone": {"1": 616225.6365933223, "2": 704257.8703915998, "3": 804866.137592218, "4": 918050.4381899774}, "bleedDamage": {"1": 0.0, "2": 0.0, "3": 0.0, "4": 0.0}}