{"deaths": 4388, "totalAttacks": 300003, "damagingAttacks": 594086.25, "damageDone": {"1": 414020.71681166906, "2": 414020.71681166906, "3": 414020.71681166906, "4": 414020.71681166906}, "bleedDamage": {"1": 0.0, "2": 0.0, "3": 0.0, "4": 0.0}}