{"deaths": 6076, "totalAttacks": 500005, "damagingAttacks": 693691.25, "damageDone": {"1": 745323.6084239451, "2": 817984.7777236262, "3": 895390.5087505684, "4": 986644.4716316}, "bleedDamage": {"1": 0.0, "2": 0.0, "3": 0.0, "4": 0.0}}