{"deaths": 6076, "totalAttacks": 200002, "damagingAttacks": 374416.5, "damageDone": {"1": 266615.5402550604, "2": 333269.4253187252, "3": 416586.7816481447, "4": 516567.60924359236}, "bleedDamage": {"1": 0.0, "2": 0.0, "3": 0.0, "4": 0.0}}