{"deaths": 4009, "totalAttacks": 1031778, "damagingAttacks": 1210213.125, "damageDone": {"1": 1802872.1430281296, "2": 2575531.6328985225, "3": 3679330.904128864, "4": 5114269.956750967}, "bleedDamage": {"1": 0.0, "2": 0.0, "3": 0.0, "4": 0.0}, "loadoutDamage": {}}