{"deaths": 4462, "totalAttacks": 100001, "damagingAttacks": 182799.375, "damageDone": {"1": 168670.60116118687, "2": 210838.25145156245, "3": 263547.81431430107, "4": 326799.2897493347}, "bleedDamage": {"1": 0.0, "2": 0.0, "3": 0.0, "4": 0.0}}