{"deaths": 6076, "totalAttacks": 263556, "damagingAttacks": 512262.0, "damageDone": {"1": 308408.22847719054, "2": 385510.2855968636, "3": 481887.8569955687, "4": 597540.9426749815}, "bleedDamage": {"1": 0.0, "2": 0.0, "3": 0.0, "4": 0.0}}