{"deaths": 4462, "totalAttacks": 100001, "damagingAttacks": 186731.375, "damageDone": {"1": 93677.20930808845, "2": 127133.35548965831, "3": 172538.1253074658, "4": 229891.51876150115}, "bleedDamage": {"1": 0.0, "2": 0.0, "3": 0.0, "4": 0.0}}