{"deaths": 6076, "totalAttacks": 500005, "damagingAttacks": 649552.625, "damageDone": {"1": 781823.5459803579, "2": 858173.1565756575, "3": 939539.9431663072, "4": 1035438.377744742}, "bleedDamage": {"1": 0.0, "2": 0.0, "3": 0.0, "4": 0.0}}