{"deaths": 4009, "totalAttacks": 4127112, "damagingAttacks": 5515881.0, "damageDone": {"1": 322338248923.86664, "2": 353355128663.8204, "3": 386297750967.95435, "4": 425213042403.3501}, "bleedDamage": {"1": 0.0, "2": 0.0, "3": 0.0, "4": 0.0}, "loadoutDamage": {}}