{"deaths": 4462, "totalAttacks": 1031778, "damagingAttacks": 1885241.625, "damageDone": {"1": 2447697.405198709, "2": 3059621.7565031927, "3": 3824527.1956140343, "4": 4742413.722571741}, "bleedDamage": {"1": 0.0, "2": 0.0, "3": 0.0, "4": 0.0}, "loadoutDamage": {}}