{"deaths": 4462, "totalAttacks": 100001, "damagingAttacks": 182799.375, "damageDone": {"1": 105179.50321007892, "2": 142743.61149957124, "3": 193723.4727493766, "4": 258119.08695958642}, "bleedDamage": {"1": 0.0, "2": 0.0, "3": 0.0, "4": 0.0}}