{"deaths": {"1": 332, "2": 754, "3": 1562}, "totalAttacks": {"1": 18392.0, "2": 6384.0, "3": 8684.0}, "damagingAttacks": {"1": 17676.0, "2": 5847.0, "3": 6829.9375}, "damageDone": {"1": {"1": 38465.70619208829, "2": 9505.735431736852, "3": 10995.308570328236}, "2": {"1": 48082.13274011382, "2": 11882.169289671341, "3": 13744.13571291038}, "3": {"1": 60102.66592513492, "2": 14852.711612088891, "3": 17180.169641137563}, "4": {"1": 74527.30574716914, "2": 18417.362398990197, "3": 21303.410355010157}}, "bleedDamage": {"1": {"1": 0.0, "2": 0.0, "3": 0.0}, "2": {"1": 0.0, "2": 0.0, "3": 0.0}, "3": {"1": 0.0, "2": 0.0, "3": 0.0}, "4": {"1": 0.0, "2": 0.0, "3": 0.0}}}