{"deaths": 6076, "totalAttacks": 200002, "damagingAttacks": 354792.5, "damageDone": {"1": 260838.41106001363, "2": 326048.01382527646, "3": 407560.01728127897, "4": 505374.42142898584}, "bleedDamage": {"1": 0.0, "2": 0.0, "3": 0.0, "4": 0.0}}