{"deaths": 6076, "totalAttacks": 200002, "damagingAttacks": 337906.75, "damageDone": {"1": 195533.90464158214, "2": 244417.3808020334, "3": 305521.7260026087, "4": 378846.94024327915}, "bleedDamage": {"1": 0.0, "2": 0.0, "3": 0.0, "4": 0.0}}