{"deaths": 4462, "totalAttacks": 100001, "damagingAttacks": 177396.25, "damageDone": {"1": 176390.7262532178, "2": 220488.40781660355, "3": 275610.50977077265, "4": 341757.0321156432}, "bleedDamage": {"1": 0.0, "2": 0.0, "3": 0.0, "4": 0.0}}