{"deaths": 6076, "totalAttacks": 100001, "damagingAttacks": 191273.5, "damageDone": {"1": 221788.46446660758, "2": 253472.5308190547, "3": 289682.8923646479, "4": 330419.5491032932}, "bleedDamage": {"1": 0.0, "2": 0.0, "3": 0.0, "4": 0.0}}