{"deaths": 4462, "totalAttacks": 100001, "damagingAttacks": 175795.375, "damageDone": {"1": 92795.24486199014, "2": 125936.40374125846, "3": 170913.6907916782, "4": 227727.10601327821}, "bleedDamage": {"1": 0.0, "2": 0.0, "3": 0.0, "4": 0.0}}