{"deaths": 4388, "totalAttacks": 300003, "damagingAttacks": 596233.875, "damageDone": {"1": 303984.6577659896, "2": 303984.6577659896, "3": 303984.6577659896, "4": 303984.6577659896}, "bleedDamage": {"1": 0.0, "2": 0.0, "3": 0.0, "4": 0.0}}