{"deaths": 4388, "totalAttacks": 300003, "damagingAttacks": 598972.5, "damageDone": {"1": 330252.34067883005, "2": 330252.34067883005, "3": 330252.34067883005, "4": 330252.34067883005}, "bleedDamage": {"1": 0.0, "2": 0.0, "3": 0.0, "4": 0.0}}