{"deaths": 4388, "totalAttacks": 3095334, "damagingAttacks": 6139423.125, "damageDone": {"1": 5200136.237602845, "2": 5200136.237602845, "3": 5200136.237602845, "4": 5200136.237602845}, "bleedDamage": {"1": 0.0, "2": 0.0, "3": 0.0, "4": 0.0}, "loadoutDamage": {}}