{"deaths": 6076, "totalAttacks": 200002, "damagingAttacks": 382547.0, "damageDone": {"1": 232686.01232442012, "2": 290857.51540568325, "3": 363571.8942570628, "4": 450829.1488786374}, "bleedDamage": {"1": 0.0, "2": 0.0, "3": 0.0, "4": 0.0}}