{"deaths": 4388, "totalAttacks": 300003, "damagingAttacks": 595662.375, "damageDone": {"1": 385250.1249886717, "2": 385250.1249886717, "3": 385250.1249886717, "4": 385250.1249886717}, "bleedDamage": {"1": 0.0, "2": 0.0, "3": 0.0, "4": 0.0}}