{"deaths": 6076, "totalAttacks": 100001, "damagingAttacks": 126620.75, "damageDone": {"1": 154719.36925599098, "2": 209976.2868473472, "3": 284967.8178642427, "4": 379693.96230657405}, "bleedDamage": {"1": 0.0, "2": 0.0, "3": 0.0, "4": 0.0}}