{"deaths": 4462, "totalAttacks": 131778, "damagingAttacks": 256131.0, "damageDone": {"1": 133600.71569941056, "2": 181315.25702078742, "3": 246070.7059567188, "4": 327867.06250742817}, "bleedDamage": {"1": 0.0, "2": 0.0, "3": 0.0, "4": 0.0}}