{"deaths": 6076, "totalAttacks": 1031778, "damagingAttacks": 1210213.125, "damageDone": {"1": 1969274.1343764698, "2": 2672586.325234369, "3": 3627081.441368835, "4": 4832759.482822216}, "bleedDamage": {"1": 0.0, "2": 0.0, "3": 0.0, "4": 0.0}, "loadoutDamage": {}}