{"deaths": {"1": 614, "2": 1223, "3": 2431}, "totalAttacks": {"1": 91960.0, "2": 31920.0, "3": 43420.0}, "damagingAttacks": {"1": 63122.0, "2": 21909.0, "3": 19864.1875}, "damageDone": {"1": {"1": 157257.81174808007, "2": 36068.504802635325, "3": 34833.454572188115}, "2": {"1": 172549.01337655925, "2": 39684.021593162266, "3": 38483.40322147807}, "3": {"1": 188828.97237222167, "2": 43559.85299022061, "3": 42433.72991526507}, "4": {"1": 208029.2041330451, "2": 48109.84081184234, "3": 47041.504423813}}, "bleedDamage": {"1": {"1": 0.0, "2": 0.0, "3": 0.0}, "2": {"1": 0.0, "2": 0.0, "3": 0.0}, "3": {"1": 0.0, "2": 0.0, "3": 0.0}, "4": {"1": 0.0, "2": 0.0, "3": 0.0}}}