{"deaths": 4009, "totalAttacks": 1031778, "damagingAttacks": 1210213.125, "damageDone": {"1": 63000565950.5645, "2": 85500768075.76611, "3": 116036756674.25304, "4": 154608531746.02832}, "bleedDamage": {"1": 0.0, "2": 0.0, "3": 0.0, "4": 0.0}, "loadoutDamage": {}}