{"deaths": 6076, "totalAttacks": 200002, "damagingAttacks": 354554.0, "damageDone": {"1": 254863.76430612456, "2": 318579.705382726, "3": 398224.6317282699, "4": 493798.5433427901}, "bleedDamage": {"1": 0.0, "2": 0.0, "3": 0.0, "4": 0.0}}