{"deaths": 4009, "totalAttacks": 100001, "damagingAttacks": 130230.0, "damageDone": {"1": 184728.4807165461, "2": 263897.8295950701, "3": 376996.89942113287, "4": 524025.69019605836}, "bleedDamage": {"1": 0.0, "2": 0.0, "3": 0.0, "4": 0.0}}