{"deaths": 4462, "totalAttacks": 100001, "damagingAttacks": 177277.0, "damageDone": {"1": 172350.39999998675, "2": 215438.00000012032, "3": 269297.50000017544, "4": 333928.89999983757}, "bleedDamage": {"1": 0.0, "2": 0.0, "3": 0.0, "4": 0.0}}