{"deaths": {"1": 614, "2": 1223, "3": 2431}, "totalAttacks": {"1": 18392.0, "2": 6384.0, "3": 8684.0}, "damagingAttacks": {"1": 17676.0, "2": 5847.0, "3": 6829.9375}, "damageDone": {"1": {"1": 47625.95986666842, "2": 13347.071199999793, "3": 14650.453100000324}, "2": {"1": 54429.66841905291, "2": 15253.795657143375, "3": 16743.374971429355}, "3": {"1": 62205.335336046955, "2": 17432.90932244872, "3": 19135.28568163282}, "4": {"1": 70952.96061768719, "2": 19884.412195918805, "3": 21826.185230612373}}, "bleedDamage": {"1": {"1": 0.0, "2": 0.0, "3": 0.0}, "2": {"1": 0.0, "2": 0.0, "3": 0.0}, "3": {"1": 0.0, "2": 0.0, "3": 0.0}, "4": {"1": 0.0, "2": 0.0, "3": 0.0}}}