{"deaths": 6076, "totalAttacks": 300003, "damagingAttacks": 506860.125, "damageDone": {"1": 390693.22325904836, "2": 446506.54086730484, "3": 510293.18956279475, "4": 582053.1693449788}, "bleedDamage": {"1": 0.0, "2": 0.0, "3": 0.0, "4": 0.0}}