{"deaths": 6076, "totalAttacks": 2063556, "damagingAttacks": 3770483.25, "damageDone": {"1": 3786006.7778024017, "2": 4732508.472268199, "3": 5915635.590327877, "4": 7335388.132024556}, "bleedDamage": {"1": 0.0, "2": 0.0, "3": 0.0, "4": 0.0}, "loadoutDamage": {}}