{"deaths": 6076, "totalAttacks": 300003, "damagingAttacks": 545076.375, "damageDone": {"1": 575984.741780854, "2": 658268.2763206118, "3": 752306.6015103707, "4": 858099.7173467305}, "bleedDamage": {"1": 0.0, "2": 0.0, "3": 0.0, "4": 0.0}}