{"deaths": 6076, "totalAttacks": 4127112, "damagingAttacks": 5515881.0, "damageDone": {"1": 6894377.017088178, "2": 7636295.051013027, "3": 8443702.547465485, "4": 9382020.69013796}, "bleedDamage": {"1": 0.0, "2": 0.0, "3": 0.0, "4": 0.0}, "loadoutDamage": {}}