{"deaths": 4009, "totalAttacks": 100001, "damagingAttacks": 126620.75, "damageDone": {"1": 211606.18555626477, "2": 302294.55079466733, "3": 431849.35827774083, "4": 600270.6080061904}, "bleedDamage": {"1": 0.0, "2": 0.0, "3": 0.0, "4": 0.0}}