{"deaths": 6076, "totalAttacks": 200002, "damagingAttacks": 365598.75, "damageDone": {"1": 249422.24874264776, "2": 311777.8109283267, "3": 389722.26366021513, "4": 483255.6069385241}, "bleedDamage": {"1": 0.0, "2": 0.0, "3": 0.0, "4": 0.0}}