{"deaths": 4009, "totalAttacks": 100001, "damagingAttacks": 81477.125, "damageDone": {"1": 104565.14026732034, "2": 149378.77181051637, "3": 213398.24544339124, "4": 296623.561166619}, "bleedDamage": {"1": 0.0, "2": 0.0, "3": 0.0, "4": 0.0}}