{"deaths": 6076, "totalAttacks": 500005, "damagingAttacks": 708598.875, "damageDone": {"1": 578386.496138435, "2": 635779.0154333764, "3": 697164.7788885282, "4": 769337.5888521322}, "bleedDamage": {"1": 0.0, "2": 0.0, "3": 0.0, "4": 0.0}}