{"deaths": 4388, "totalAttacks": 395334, "damagingAttacks": 789878.25, "damageDone": {"1": 433013.7884872323, "2": 433013.7884872323, "3": 433013.7884872323, "4": 433013.7884872323}, "bleedDamage": {"1": 0.0, "2": 0.0, "3": 0.0, "4": 0.0}}