{"deaths": 6076, "totalAttacks": 200002, "damagingAttacks": 363384.25, "damageDone": {"1": 288268.49013393803, "2": 360335.6126676822, "3": 450419.51583412196, "4": 558520.1996342785}, "bleedDamage": {"1": 0.0, "2": 0.0, "3": 0.0, "4": 0.0}}