{"deaths": 4009, "totalAttacks": 1031778, "damagingAttacks": 1885241.625, "damageDone": {"1": 3171992.5686067455, "2": 3625134.364114211, "3": 4143010.7018717774, "4": 4725621.581786903}, "bleedDamage": {"1": 0.0, "2": 0.0, "3": 0.0, "4": 0.0}, "loadoutDamage": {}}