{"deaths": 4388, "totalAttacks": 300003, "damagingAttacks": 591414.375, "damageDone": {"1": 347452.37550800666, "2": 347452.37550800666, "3": 347452.37550800666, "4": 347452.37550800666}, "bleedDamage": {"1": 0.0, "2": 0.0, "3": 0.0, "4": 0.0}}