{"deaths": {"1": 614, "2": 1223, "3": 2431}, "totalAttacks": {"1": 36784.0, "2": 12768.0, "3": 17368.0}, "damagingAttacks": {"1": 35352.0, "2": 11694.0, "3": 13659.875}, "damageDone": {"1": {"1": 56881.299241552144, "2": 14056.639930217309, "3": 16259.351483601411}, "2": {"1": 71101.62405195185, "2": 17570.7999127715, "3": 20324.18935450228}, "3": {"1": 88877.03006494272, "2": 21963.499890964547, "3": 25405.236693127965}, "4": {"1": 110207.5172805293, "2": 27234.739864796295, "3": 31502.49349947858}}, "bleedDamage": {"1": {"1": 0.0, "2": 0.0, "3": 0.0}, "2": {"1": 0.0, "2": 0.0, "3": 0.0}, "3": {"1": 0.0, "2": 0.0, "3": 0.0}, "4": {"1": 0.0, "2": 0.0, "3": 0.0}}}