{"deaths": 6076, "totalAttacks": 500005, "damagingAttacks": 494861.875, "damageDone": {"1": 408450.56455626845, "2": 451672.0847576692, "3": 498546.68110348115, "4": 553147.4275612085}, "bleedDamage": {"1": 0.0, "2": 0.0, "3": 0.0, "4": 0.0}}