{"deaths": 4009, "totalAttacks": 131778, "damagingAttacks": 194807.25, "damageDone": {"1": 269195.45651751466, "2": 384564.9378821508, "3": 549378.482688757, "4": 763636.0909372822}, "bleedDamage": {"1": 0.0, "2": 0.0, "3": 0.0, "4": 0.0}}