{"deaths": 6076, "totalAttacks": 300003, "damagingAttacks": 527386.125, "damageDone": {"1": 430118.0066365804, "2": 491563.4361554323, "3": 561786.7841781012, "4": 640788.0507032708}, "bleedDamage": {"1": 0.0, "2": 0.0, "3": 0.0, "4": 0.0}}