{"deaths": 6076, "totalAttacks": 300003, "damagingAttacks": 561624.75, "damageDone": {"1": 532720.3227699129, "2": 608823.2260227313, "3": 695797.9725978064, "4": 793644.5624936162}, "bleedDamage": {"1": 0.0, "2": 0.0, "3": 0.0, "4": 0.0}}