{"deaths": 4462, "totalAttacks": 100001, "damagingAttacks": 191273.5, "damageDone": {"1": 157352.80143771935, "2": 196691.0017972514, "3": 245863.75224652083, "4": 304871.05278522935}, "bleedDamage": {"1": 0.0, "2": 0.0, "3": 0.0, "4": 0.0}}