{"deaths": 6076, "totalAttacks": 300003, "damagingAttacks": 560194.125, "damageDone": {"1": 426894.2701685342, "2": 487879.1659067501, "3": 557576.1896081065, "4": 635985.3412714552}, "bleedDamage": {"1": 0.0, "2": 0.0, "3": 0.0, "4": 0.0}}