{"deaths": 6076, "totalAttacks": 100001, "damagingAttacks": 81477.125, "damageDone": {"1": 81548.78963748725, "2": 110673.35736511007, "3": 150199.55642412085, "4": 200127.38681435247}, "bleedDamage": {"1": 0.0, "2": 0.0, "3": 0.0, "4": 0.0}}