{"deaths": 6076, "totalAttacks": 100001, "damagingAttacks": 182799.375, "damageDone": {"1": 220820.10898315368, "2": 252365.8388382421, "3": 288418.1015293944, "4": 328976.89705659146}, "bleedDamage": {"1": 0.0, "2": 0.0, "3": 0.0, "4": 0.0}}