{"deaths": 6076, "totalAttacks": 100001, "damagingAttacks": 120642.375, "damageDone": {"1": 119684.18411888361, "2": 162428.53558989064, "3": 220438.7268720576, "4": 293714.7579652265}, "bleedDamage": {"1": 0.0, "2": 0.0, "3": 0.0, "4": 0.0}}