{"deaths": 4009, "totalAttacks": 100001, "damagingAttacks": 120642.375, "damageDone": {"1": 153861.7989751553, "2": 219802.56996443812, "3": 314003.67137804243, "4": 436465.10321533313}, "bleedDamage": {"1": 0.0, "2": 0.0, "3": 0.0, "4": 0.0}}