{"deaths": {"1": 408, "2": 897, "3": 1815}, "totalAttacks": {"1": 18392.0, "2": 6384.0, "3": 8684.0}, "damagingAttacks": {"1": 17676.0, "2": 5847.0, "3": 6829.9375}, "damageDone": {"1": {"1": 23195.18344947466, "2": 6106.700443820474, "3": 7046.545570621447}, "2": {"1": 31479.17753856827, "2": 8287.664888041592, "3": 9563.168988700032}, "3": {"1": 42721.740945191115, "2": 11247.545205199716, "3": 12978.586484665168}, "4": {"1": 56922.8736693657, "2": 14986.341395293195, "3": 17292.798058513934}}, "bleedDamage": {"1": {"1": 0.0, "2": 0.0, "3": 0.0}, "2": {"1": 0.0, "2": 0.0, "3": 0.0}, "3": {"1": 0.0, "2": 0.0, "3": 0.0}, "4": {"1": 0.0, "2": 0.0, "3": 0.0}}}