{"deaths": 6076, "totalAttacks": 100001, "damagingAttacks": 177277.0, "damageDone": {"1": 207943.02786671536, "2": 237649.17470481017, "3": 271599.05680557975, "4": 309792.6741686142}, "bleedDamage": {"1": 0.0, "2": 0.0, "3": 0.0, "4": 0.0}}