{"deaths": {"1": 254, "2": 542, "3": 1520}, "totalAttacks": {"1": 18392.0, "2": 6384.0, "3": 8684.0}, "damagingAttacks": {"1": 11361.5, "2": 4015.5, "3": 3258.5625}, "damageDone": {"1": {"1": 43362.469331774235, "2": 10542.142339366934, "3": 8779.319940334348}, "2": {"1": 61946.38475967651, "2": 15060.203341952327, "3": 12541.885629049164}, "3": {"1": 88494.83537098084, "2": 21514.576202789896, "3": 17916.97947007035}, "4": {"1": 123007.82116566063, "2": 29905.26092187857, "3": 24904.60146339862}}, "bleedDamage": {"1": {"1": 0.0, "2": 0.0, "3": 0.0}, "2": {"1": 0.0, "2": 0.0, "3": 0.0}, "3": {"1": 0.0, "2": 0.0, "3": 0.0}, "4": {"1": 0.0, "2": 0.0, "3": 0.0}}}