{"deaths": 6076, "totalAttacks": 100001, "damagingAttacks": 186731.375, "damageDone": {"1": 219479.43263323032, "2": 250833.63729544586, "3": 286667.01405160024, "4": 326979.5629027273}, "bleedDamage": {"1": 0.0, "2": 0.0, "3": 0.0, "4": 0.0}}