{"deaths": 4462, "totalAttacks": 100001, "damagingAttacks": 191273.5, "damageDone": {"1": 100689.44128326736, "2": 136649.95602732475, "3": 185453.51175144844, "4": 247100.10845536352}, "bleedDamage": {"1": 0.0, "2": 0.0, "3": 0.0, "4": 0.0}}