{"deaths": 4009, "totalAttacks": 100001, "damagingAttacks": 116965.125, "damageDone": {"1": 214376.7852588152, "2": 306252.5503695963, "3": 437503.64338522527, "4": 608130.0643054765}, "bleedDamage": {"1": 0.0, "2": 0.0, "3": 0.0, "4": 0.0}}