{"deaths": 4462, "totalAttacks": 1031778, "damagingAttacks": 1885241.625, "damageDone": {"1": 1754552.2177577843, "2": 2381178.0098237125, "3": 3231598.7276032125, "4": 4305814.371129237}, "bleedDamage": {"1": 0.0, "2": 0.0, "3": 0.0, "4": 0.0}, "loadoutDamage": {}}