{"deaths": 4462, "totalAttacks": 100001, "damagingAttacks": 181692.125, "damageDone": {"1": 117697.54790654655, "2": 159732.3864448144, "3": 216779.66731786952, "4": 288839.39052603935}, "bleedDamage": {"1": 0.0, "2": 0.0, "3": 0.0, "4": 0.0}}