{"deaths": 18637, "totalAttacks": 100001, "damagingAttacks": 187208.25, "damageDone": {"1": 68553.20939097703, "2": 98545.23849966329, "3": 141658.78034325838, "4": 197893.8349218872}, "bleedDamage": {"1": 0.0, "2": 0.0, "3": 0.0, "4": 0.0}}