{"deaths": 18637, "totalAttacks": 100001, "damagingAttacks": 130230.0, "damageDone": {"1": 92017.41237259709, "2": 92017.41237259709, "3": 92017.41237259709, "4": 92017.41237259709}, "bleedDamage": {"1": 0.0, "2": 0.0, "3": 0.0, "4": 0.0}}