{"deaths": 14992, "totalAttacks": 100001, "damagingAttacks": 175795.375, "damageDone": {"1": 79775.30334124186, "2": 109691.04209418192, "3": 150825.1828794793, "4": 203177.72569712801}, "bleedDamage": {"1": 0.0, "2": 0.0, "3": 0.0, "4": 0.0}}