{"deaths": 14992, "totalAttacks": 100001, "damagingAttacks": 186731.375, "damageDone": {"1": 113294.59062885972, "2": 155780.0621148264, "3": 214197.58540770362, "4": 288547.1605079118}, "bleedDamage": {"1": 0.0, "2": 0.0, "3": 0.0, "4": 0.0}}