{"deaths": 18637, "totalAttacks": 100001, "damagingAttacks": 177396.25, "damageDone": {"1": 71891.28937605991, "2": 103343.72847818477, "3": 148556.60968745407, "4": 207529.9330037919}, "bleedDamage": {"1": 0.0, "2": 0.0, "3": 0.0, "4": 0.0}}