{"deaths": {"1": 1328, "2": 3101, "3": 5358}, "totalAttacks": {"1": 18392.0, "2": 6384.0, "3": 8684.0}, "damagingAttacks": {"1": 11361.5, "2": 4015.5, "3": 3258.5625}, "damageDone": {"1": {"1": 22029.57686547953, "2": 5214.952609805332, "3": 4368.992530835364}, "2": {"1": 22029.57686547953, "2": 5214.952609805332, "3": 4368.992530835364}, "3": {"1": 22029.57686547953, "2": 5214.952609805332, "3": 4368.992530835364}, "4": {"1": 22029.57686547953, "2": 5214.952609805332, "3": 4368.992530835364}}, "bleedDamage": {"1": {"1": 0.0, "2": 0.0, "3": 0.0}, "2": {"1": 0.0, "2": 0.0, "3": 0.0}, "3": {"1": 0.0, "2": 0.0, "3": 0.0}, "4": {"1": 0.0, "2": 0.0, "3": 0.0}}}