{"deaths": 18637, "totalAttacks": 100001, "damagingAttacks": 182799.375, "damageDone": {"1": 60926.80517292861, "2": 87582.28243621132, "3": 125899.53100204733, "4": 175878.5508705929}, "bleedDamage": {"1": 0.0, "2": 0.0, "3": 0.0, "4": 0.0}}