{"deaths": 18637, "totalAttacks": 100001, "damagingAttacks": 108403.0, "damageDone": {"1": 60207.595065405694, "2": 97837.34198129321, "3": 158985.68071968667, "4": 243652.61128020188}, "bleedDamage": {"1": 0.0, "2": 0.0, "3": 0.0, "4": 0.0}}