{"deaths": 14992, "totalAttacks": 100001, "damagingAttacks": 168953.375, "damageDone": {"1": 85881.53662864544, "2": 118087.11286445997, "3": 162369.78018850906, "4": 218729.5386011031}, "bleedDamage": {"1": 0.0, "2": 0.0, "3": 0.0, "4": 0.0}}