{"deaths": 14992, "totalAttacks": 100001, "damagingAttacks": 182799.375, "damageDone": {"1": 212123.7774052174, "2": 228440.99105180617, "3": 244758.2046980332, "4": 264840.9291864489}, "bleedDamage": {"1": 0.0, "2": 0.0, "3": 0.0, "4": 0.0}}