{"deaths": 18637, "totalAttacks": 100001, "damagingAttacks": 186731.375, "damageDone": {"1": 43419.73809449776, "2": 62415.8735109127, "3": 89722.8181719312, "4": 125340.57207760894}, "bleedDamage": {"1": 0.0, "2": 0.0, "3": 0.0, "4": 0.0}}