{"deaths": 14992, "totalAttacks": 100001, "damagingAttacks": 175795.375, "damageDone": {"1": 181851.27671982424, "2": 195839.83646764702, "3": 209828.39621507478, "4": 227045.08513541336}, "bleedDamage": {"1": 0.0, "2": 0.0, "3": 0.0, "4": 0.0}}