{"deaths": 18637, "totalAttacks": 200002, "damagingAttacks": 337906.75, "damageDone": {"1": 19794.744559531227, "2": 28454.945304317127, "3": 40903.98387495891, "4": 57141.860271467864}, "bleedDamage": {"1": 0.0, "2": 0.0, "3": 0.0, "4": 0.0}}