{"deaths": 18637, "totalAttacks": 100001, "damagingAttacks": 120642.375, "damageDone": {"1": 47556.38856376631, "2": 77279.1314160943, "3": 125578.58855123975, "4": 192454.75996898147}, "bleedDamage": {"1": 0.0, "2": 0.0, "3": 0.0, "4": 0.0}}