{"deaths": 14992, "totalAttacks": 100001, "damagingAttacks": 182799.375, "damageDone": {"1": 116077.08596420228, "2": 159605.99320085207, "3": 219458.24065121173, "4": 295633.82831501437}, "bleedDamage": {"1": 0.0, "2": 0.0, "3": 0.0, "4": 0.0}}