{"deaths": 14992, "totalAttacks": 100001, "damagingAttacks": 191273.5, "damageDone": {"1": 112535.21268129048, "2": 154735.9174369357, "3": 212761.8864756799, "4": 286613.11979761143}, "bleedDamage": {"1": 0.0, "2": 0.0, "3": 0.0, "4": 0.0}}