{"deaths": {"1": 1328, "2": 3101, "3": 5358}, "totalAttacks": {"1": 18392.0, "2": 6384.0, "3": 8684.0}, "damagingAttacks": {"1": 17676.0, "2": 5847.0, "3": 6829.9375}, "damageDone": {"1": {"1": 15824.584248827188, "2": 3112.108401964075, "3": 3718.685067476189}, "2": {"1": 22747.839857687693, "2": 4473.655827823482, "3": 5345.609784497021}, "3": {"1": 32700.019795420496, "2": 6430.880252495906, "3": 7684.314065214415}, "4": {"1": 45681.12406205027, "2": 8983.781675981852, "3": 10734.797909628169}}, "bleedDamage": {"1": {"1": 0.0, "2": 0.0, "3": 0.0}, "2": {"1": 0.0, "2": 0.0, "3": 0.0}, "3": {"1": 0.0, "2": 0.0, "3": 0.0}, "4": {"1": 0.0, "2": 0.0, "3": 0.0}}}