{"deaths": 18637, "totalAttacks": 200002, "damagingAttacks": 373462.75, "damageDone": {"1": 20718.047615701085, "2": 29782.193447560217, "3": 42811.90308086931, "4": 59807.176515642146}, "bleedDamage": {"1": 0.0, "2": 0.0, "3": 0.0, "4": 0.0}}