{"deaths": 18637, "totalAttacks": 100001, "damagingAttacks": 89817.25, "damageDone": {"1": 73900.23385872443, "2": 73900.23385872443, "3": 73900.23385872443, "4": 73900.23385872443}, "bleedDamage": {"1": 0.0, "2": 0.0, "3": 0.0, "4": 0.0}}