{"deaths": 18637, "totalAttacks": 263556, "damagingAttacks": 512262.0, "damageDone": {"1": 32244.668492962286, "2": 46351.710958623444, "3": 66630.5845029802, "4": 93081.28912617022}, "bleedDamage": {"1": 0.0, "2": 0.0, "3": 0.0, "4": 0.0}}