{"deaths": 18637, "totalAttacks": 100001, "damagingAttacks": 116965.125, "damageDone": {"1": 78386.54467017269, "2": 127378.1350890502, "3": 206989.46951971337, "4": 317220.5479619571}, "bleedDamage": {"1": 0.0, "2": 0.0, "3": 0.0, "4": 0.0}}