{"deaths": 18637, "totalAttacks": 1031778, "damagingAttacks": 1885241.625, "damageDone": {"1": 562442.0707589975, "2": 703052.5884497692, "3": 878815.7355626216, "4": 1089731.512097099}, "bleedDamage": {"1": 0.0, "2": 0.0, "3": 0.0, "4": 0.0}, "loadoutDamage": {}}