{"deaths": 14992, "totalAttacks": 100001, "damagingAttacks": 177277.0, "damageDone": {"1": 107037.61378028148, "2": 147176.71894799534, "3": 202367.98855339971, "4": 272611.42259662075}, "bleedDamage": {"1": 0.0, "2": 0.0, "3": 0.0, "4": 0.0}}