{"deaths": 14992, "totalAttacks": 100001, "damagingAttacks": 181692.125, "damageDone": {"1": 129855.2357464915, "2": 178550.94915151913, "3": 245507.55508318366, "4": 330725.0535418368}, "bleedDamage": {"1": 0.0, "2": 0.0, "3": 0.0, "4": 0.0}}