{"deaths": 14992, "totalAttacks": 100001, "damagingAttacks": 177396.25, "damageDone": {"1": 223040.29737951307, "2": 240197.24333181494, "3": 257354.1892839177, "4": 278470.4304560125}, "bleedDamage": {"1": 0.0, "2": 0.0, "3": 0.0, "4": 0.0}}