{"deaths": 14992, "totalAttacks": 100001, "damagingAttacks": 181692.125, "damageDone": {"1": 247590.70299875393, "2": 266636.141691033, "3": 285681.58038293093, "4": 309122.12031207257}, "bleedDamage": {"1": 0.0, "2": 0.0, "3": 0.0, "4": 0.0}}