{"deaths": 18637, "totalAttacks": 100001, "damagingAttacks": 177396.25, "damageDone": {"1": 42694.01235573611, "2": 53367.515444671764, "3": 66709.39430583006, "4": 82719.64893925044}, "bleedDamage": {"1": 0.0, "2": 0.0, "3": 0.0, "4": 0.0}}