{"deaths": 18637, "totalAttacks": 100001, "damagingAttacks": 130230.0, "damageDone": {"1": 59824.50944272591, "2": 97214.82784435435, "3": 157974.0952471485, "4": 242102.3116507465}, "bleedDamage": {"1": 0.0, "2": 0.0, "3": 0.0, "4": 0.0}}