{"deaths": 18637, "totalAttacks": 200002, "damagingAttacks": 374416.5, "damageDone": {"1": 32710.66843565323, "2": 47021.585876248144, "3": 67593.52969708317, "4": 94426.49989818581}, "bleedDamage": {"1": 0.0, "2": 0.0, "3": 0.0, "4": 0.0}}