{"deaths": 18637, "totalAttacks": 131778, "damagingAttacks": 194807.25, "damageDone": {"1": 86763.63930721146, "2": 140990.91387414333, "3": 229110.2350454152, "4": 351121.6028212496}, "bleedDamage": {"1": 0.0, "2": 0.0, "3": 0.0, "4": 0.0}}