{"deaths": 18637, "totalAttacks": 100001, "damagingAttacks": 175795.375, "damageDone": {"1": 49674.324604267866, "2": 71406.84161867923, "3": 102647.33482681138, "4": 143395.80422883655}, "bleedDamage": {"1": 0.0, "2": 0.0, "3": 0.0, "4": 0.0}}