{"deaths": 18637, "totalAttacks": 1031778, "damagingAttacks": 1210213.125, "damageDone": {"1": 915500.1791175993, "2": 1487687.7910622135, "3": 2417492.660481286, "4": 3704914.7873606724}, "bleedDamage": {"1": 0.0, "2": 0.0, "3": 0.0, "4": 0.0}, "loadoutDamage": {}}