{"deaths": 18637, "totalAttacks": 100001, "damagingAttacks": 175795.375, "damageDone": {"1": 21179.945280460026, "2": 26474.93160056013, "3": 33093.66450070855, "4": 41036.14398088828}, "bleedDamage": {"1": 0.0, "2": 0.0, "3": 0.0, "4": 0.0}}