{"deaths": 18637, "totalAttacks": 100001, "damagingAttacks": 89817.25, "damageDone": {"1": 50963.11750147433, "2": 82815.0659398539, "3": 134574.48215228127, "4": 206241.36613870566}, "bleedDamage": {"1": 0.0, "2": 0.0, "3": 0.0, "4": 0.0}}