{"deaths": {"1": 1328, "2": 3101, "3": 5358}, "totalAttacks": {"1": 18392.0, "2": 6384.0, "3": 8684.0}, "damagingAttacks": {"1": 17676.0, "2": 5847.0, "3": 6829.9375}, "damageDone": {"1": {"1": 8289.355996826975, "2": 2014.2749538867254, "3": 1980.8756864928378}, "2": {"1": 10361.694996036114, "2": 2517.8436923585036, "3": 2476.0946081161333}, "3": {"1": 12952.118745045143, "2": 3147.3046154480535, "3": 3095.118260145147}, "4": {"1": 16060.627243852654, "2": 3902.65772315555, "3": 3837.946642579927}}, "bleedDamage": {"1": {"1": 0.0, "2": 0.0, "3": 0.0}, "2": {"1": 0.0, "2": 0.0, "3": 0.0}, "3": {"1": 0.0, "2": 0.0, "3": 0.0}, "4": {"1": 0.0, "2": 0.0, "3": 0.0}}}