{"deaths": {"1": 1328, "2": 3101, "3": 5358}, "totalAttacks": {"1": 36784.0, "2": 12768.0, "3": 17368.0}, "damagingAttacks": {"1": 35352.0, "2": 11694.0, "3": 13659.875}, "damageDone": {"1": {"1": 7550.816848594946, "2": 1484.9654301627672, "3": 1774.3979507203894}, "2": {"1": 10854.299219856708, "2": 2134.6378058590826, "3": 2550.69705416062}, "3": {"1": 15603.055128543965, "2": 3068.541845922478, "3": 3666.6270153560563}, "4": {"1": 21797.084574657554, "2": 4286.677550352877, "3": 5122.187834306262}}, "bleedDamage": {"1": {"1": 0.0, "2": 0.0, "3": 0.0}, "2": {"1": 0.0, "2": 0.0, "3": 0.0}, "3": {"1": 0.0, "2": 0.0, "3": 0.0}, "4": {"1": 0.0, "2": 0.0, "3": 0.0}}}