{"deaths": 6695, "totalAttacks": 1031778, "damagingAttacks": 1885241.625, "damageDone": {"1": 2696677.835611862, "2": 3227438.289569453, "3": 3227438.289569453, "4": 3227438.289569453}, "bleedDamage": {"1": 0.0, "2": 1031778, "3": 1031778, "4": 1031778}, "loadoutDamage": {}}