{"deaths": 18637, "totalAttacks": 200002, "damagingAttacks": 354792.5, "damageDone": {"1": 34303.457869931626, "2": 49311.22068799879, "3": 70884.87973899508, "4": 99024.43502291189}, "bleedDamage": {"1": 0.0, "2": 0.0, "3": 0.0, "4": 0.0}}