{"deaths": 14992, "totalAttacks": 100001, "damagingAttacks": 110790.375, "damageDone": {"1": 86328.95280882303, "2": 140284.54831430866, "3": 227962.39101062046, "4": 349362.48089820036}, "bleedDamage": {"1": 0.0, "2": 0.0, "3": 0.0, "4": 0.0}}