{"deaths": 18637, "totalAttacks": 131778, "damagingAttacks": 194807.25, "damageDone": {"1": 133962.18738344737, "2": 133962.18738344737, "3": 133962.18738344737, "4": 133962.18738344737}, "bleedDamage": {"1": 0.0, "2": 0.0, "3": 0.0, "4": 0.0}}