{"deaths": 14992, "totalAttacks": 2063556, "damagingAttacks": 3770483.25, "damageDone": {"1": 501683.9963014456, "2": 721170.7446844827, "3": 1036682.9454827999, "4": 1448220.5986979024}, "bleedDamage": {"1": 0.0, "2": 0.0, "3": 0.0, "4": 0.0}, "loadoutDamage": {}}