{"deaths": 18637, "totalAttacks": 200002, "damagingAttacks": 351590.75, "damageDone": {"1": 23702.469604686725, "2": 34072.30005673802, "3": 48978.931331533444, "4": 68422.3634291318}, "bleedDamage": {"1": 0.0, "2": 0.0, "3": 0.0, "4": 0.0}}