{"deaths": 18637, "totalAttacks": 100001, "damagingAttacks": 181692.125, "damageDone": {"1": 40539.33458593842, "2": 50674.16823240168, "3": 63342.710290520576, "4": 78544.96076026178}, "bleedDamage": {"1": 0.0, "2": 0.0, "3": 0.0, "4": 0.0}}