{"deaths": 18637, "totalAttacks": 100001, "damagingAttacks": 168953.375, "damageDone": {"1": 41484.73062545491, "2": 59634.30027412607, "3": 85724.3066440707, "4": 119754.7497353316}, "bleedDamage": {"1": 0.0, "2": 0.0, "3": 0.0, "4": 0.0}}