{"deaths": {"1": 893, "2": 2255, "3": 4294}, "totalAttacks": {"1": 18392.0, "2": 6384.0, "3": 8684.0}, "damagingAttacks": {"1": 17676.0, "2": 5847.0, "3": 6829.9375}, "damageDone": {"1": {"1": 26574.27621293864, "2": 6811.49599347901, "3": 7062.408281707478}, "2": {"1": 36539.62979279149, "2": 9365.806991033176, "3": 9710.811387347525}, "3": {"1": 50241.990965093144, "2": 12877.98461267146, "3": 13352.365657604032}, "4": {"1": 67681.35972982582, "2": 17348.028858392234, "3": 17987.07109247373}}, "bleedDamage": {"1": {"1": 0.0, "2": 0.0, "3": 0.0}, "2": {"1": 0.0, "2": 0.0, "3": 0.0}, "3": {"1": 0.0, "2": 0.0, "3": 0.0}, "4": {"1": 0.0, "2": 0.0, "3": 0.0}}}