{"deaths": 18637, "totalAttacks": 100001, "damagingAttacks": 187208.25, "damageDone": {"1": 22508.206383737062, "2": 28135.25797966166, "3": 35169.07247456387, "4": 43609.64986848075}, "bleedDamage": {"1": 0.0, "2": 0.0, "3": 0.0, "4": 0.0}}