{"deaths": 18637, "totalAttacks": 100001, "damagingAttacks": 81477.125, "damageDone": {"1": 51627.13558753906, "2": 51627.13558753906, "3": 51627.13558753906, "4": 51627.13558753906}, "bleedDamage": {"1": 0.0, "2": 0.0, "3": 0.0, "4": 0.0}}