{"deaths": 18637, "totalAttacks": 200002, "damagingAttacks": 354554.0, "damageDone": {"1": 31743.676792045328, "2": 45631.53538855895, "3": 65595.33212102666, "4": 91635.06698947538}, "bleedDamage": {"1": 0.0, "2": 0.0, "3": 0.0, "4": 0.0}}