{"deaths": {"1": 893, "2": 2255, "3": 4294}, "totalAttacks": {"1": 18392.0, "2": 6384.0, "3": 8684.0}, "damagingAttacks": {"1": 17676.0, "2": 5847.0, "3": 6829.9375}, "damageDone": {"1": {"1": 48855.92238779435, "2": 11837.784797973007, "3": 13719.511617938777}, "2": {"1": 52614.07026375986, "2": 12748.383628585967, "3": 14774.858665471813}, "3": {"1": 56372.21813976991, "2": 13658.98245919941, "3": 15830.205713005758}, "4": {"1": 60997.630910203115, "2": 14779.719481492713, "3": 17129.094386893416}}, "bleedDamage": {"1": {"1": 0.0, "2": 0.0, "3": 0.0}, "2": {"1": 0.0, "2": 0.0, "3": 0.0}, "3": {"1": 0.0, "2": 0.0, "3": 0.0}, "4": {"1": 0.0, "2": 0.0, "3": 0.0}}}