{"deaths": 14992, "totalAttacks": 100001, "damagingAttacks": 168953.375, "damageDone": {"1": 164192.31798668276, "2": 176822.49629335702, "3": 189452.67459999, "4": 204997.50943903672}, "bleedDamage": {"1": 0.0, "2": 0.0, "3": 0.0, "4": 0.0}}