{"deaths": 14992, "totalAttacks": 100001, "damagingAttacks": 89817.25, "damageDone": {"1": 73900.23385872443, "2": 120087.88002037864, "3": 195142.805033057, "4": 299065.0088967862}, "bleedDamage": {"1": 0.0, "2": 0.0, "3": 0.0, "4": 0.0}}