{"deaths": {"1": 893, "2": 2255, "3": 4294}, "totalAttacks": {"1": 18392.0, "2": 6384.0, "3": 8684.0}, "damagingAttacks": {"1": 11361.5, "2": 4015.5, "3": 3258.5625}, "damageDone": {"1": {"1": 22029.57686547953, "2": 5214.952609805332, "3": 4368.992530835364}, "2": {"1": 35798.06240641831, "2": 8474.297990933781, "3": 7099.61286260798}, "3": {"1": 58171.85141042116, "2": 13770.734235267466, "3": 11536.870901737924}, "4": {"1": 89150.94387749609, "2": 21104.261342806447, "3": 17680.766648225806}}, "bleedDamage": {"1": {"1": 0.0, "2": 0.0, "3": 0.0}, "2": {"1": 0.0, "2": 0.0, "3": 0.0}, "3": {"1": 0.0, "2": 0.0, "3": 0.0}, "4": {"1": 0.0, "2": 0.0, "3": 0.0}}}