{"deaths": 18637, "totalAttacks": 100001, "damagingAttacks": 191273.5, "damageDone": {"1": 49982.14274181582, "2": 71849.33019148228, "3": 103283.4121503048, "4": 144284.38861813035}, "bleedDamage": {"1": 0.0, "2": 0.0, "3": 0.0, "4": 0.0}}