{"deaths": 18637, "totalAttacks": 100001, "damagingAttacks": 182799.375, "damageDone": {"1": 34945.99833456099, "2": 43682.497918163164, "3": 54603.12239771014, "4": 67707.87177323378}, "bleedDamage": {"1": 0.0, "2": 0.0, "3": 0.0, "4": 0.0}}