{"deaths": 14992, "totalAttacks": 131778, "damagingAttacks": 256131.0, "damageDone": {"1": 141627.19219083103, "2": 194737.38926265464, "3": 267763.91023596283, "4": 360706.755111066}, "bleedDamage": {"1": 0.0, "2": 0.0, "3": 0.0, "4": 0.0}}