{"deaths": 18637, "totalAttacks": 100001, "damagingAttacks": 191273.5, "damageDone": {"1": 32399.861029579206, "2": 40499.82628692856, "3": 50624.782858652645, "4": 62774.73074484467}, "bleedDamage": {"1": 0.0, "2": 0.0, "3": 0.0, "4": 0.0}}