{"deaths": 14992, "totalAttacks": 100001, "damagingAttacks": 126620.75, "damageDone": {"1": 106689.26699693478, "2": 173370.05887000656, "3": 281726.3456634542, "4": 431758.1273781499}, "bleedDamage": {"1": 0.0, "2": 0.0, "3": 0.0, "4": 0.0}}