{"deaths": 14992, "totalAttacks": 100001, "damagingAttacks": 187208.25, "damageDone": {"1": 227401.16780052512, "2": 244893.56532372555, "3": 262385.96284654096, "4": 283915.06749054976}, "bleedDamage": {"1": 0.0, "2": 0.0, "3": 0.0, "4": 0.0}}