{"deaths": 14992, "totalAttacks": 131778, "damagingAttacks": 256131.0, "damageDone": {"1": 260090.95740525716, "2": 280097.95412879676, "3": 300104.95085198875, "4": 324728.94681971223}, "bleedDamage": {"1": 0.0, "2": 0.0, "3": 0.0, "4": 0.0}}