{"deaths": 14992, "totalAttacks": 100001, "damagingAttacks": 177277.0, "damageDone": {"1": 217541.1576132922, "2": 234275.09281443479, "3": 251009.02801511454, "4": 271604.6405703599}, "bleedDamage": {"1": 0.0, "2": 0.0, "3": 0.0, "4": 0.0}}