{"deaths": 14992, "totalAttacks": 100001, "damagingAttacks": 186731.375, "damageDone": {"1": 179436.84385593486, "2": 193239.67799876, "3": 207042.51214124853, "4": 224030.61570196916}, "bleedDamage": {"1": 0.0, "2": 0.0, "3": 0.0, "4": 0.0}}