{"deaths": 14992, "totalAttacks": 100001, "damagingAttacks": 187208.25, "damageDone": {"1": 88806.40933920343, "2": 122108.81284148595, "3": 167899.61765690197, "4": 226178.82378580657}, "bleedDamage": {"1": 0.0, "2": 0.0, "3": 0.0, "4": 0.0}}