{"deaths": 18637, "totalAttacks": 131778, "damagingAttacks": 256131.0, "damageDone": {"1": 67576.59248968547, "2": 97141.35170400463, "3": 139640.69307455525, "4": 195074.61660129952}, "bleedDamage": {"1": 0.0, "2": 0.0, "3": 0.0, "4": 0.0}}