{"deaths": 14992, "totalAttacks": 1031778, "damagingAttacks": 1885241.625, "damageDone": {"1": 917553.6248145184, "2": 1318983.3356722456, "3": 1896038.545010131, "4": 2648719.2528873733}, "bleedDamage": {"1": 0.0, "2": 0.0, "3": 0.0, "4": 0.0}, "loadoutDamage": {}}