{"deaths": 14992, "totalAttacks": 100001, "damagingAttacks": 191273.5, "damageDone": {"1": 196225.16711525092, "2": 211319.41073942816, "3": 226413.65436357868, "4": 244991.18497820906}, "bleedDamage": {"1": 0.0, "2": 0.0, "3": 0.0, "4": 0.0}}