{"deaths": 14992, "totalAttacks": 100001, "damagingAttacks": 177396.25, "damageDone": {"1": 133385.6196178034, "2": 183405.22697456394, "3": 252182.18708983, "4": 339716.4999639446}, "bleedDamage": {"1": 0.0, "2": 0.0, "3": 0.0, "4": 0.0}}