{"deaths": 14992, "totalAttacks": 100001, "damagingAttacks": 130466.875, "damageDone": {"1": 85182.23849448429, "2": 138421.13755361165, "3": 224934.3485244633, "4": 344721.8714072417}, "bleedDamage": {"1": 0.0, "2": 0.0, "3": 0.0, "4": 0.0}}