{"deaths": 18637, "totalAttacks": 200002, "damagingAttacks": 382547.0, "damageDone": {"1": 23849.347294711726, "2": 34283.43673609855, "3": 49282.44030815738, "4": 68846.35801084003}, "bleedDamage": {"1": 0.0, "2": 0.0, "3": 0.0, "4": 0.0}}