{"deaths": 18637, "totalAttacks": 131778, "damagingAttacks": 256131.0, "damageDone": {"1": 39780.130716995256, "2": 49725.163396241536, "3": 62156.45424531376, "4": 77074.00326422245}, "bleedDamage": {"1": 0.0, "2": 0.0, "3": 0.0, "4": 0.0}}