{"deaths": 18637, "totalAttacks": 100001, "damagingAttacks": 126620.75, "damageDone": {"1": 74256.55783418461, "2": 120666.90648048038, "3": 196083.7230307935, "4": 300507.0074852052}, "bleedDamage": {"1": 0.0, "2": 0.0, "3": 0.0, "4": 0.0}}