{"deaths": 18637, "totalAttacks": 100001, "damagingAttacks": 110790.375, "damageDone": {"1": 58203.949918920676, "2": 94581.41861822354, "3": 153694.80525463723, "4": 235544.10982811556}, "bleedDamage": {"1": 0.0, "2": 0.0, "3": 0.0, "4": 0.0}}