{"deaths": 18637, "totalAttacks": 100001, "damagingAttacks": 168953.375, "damageDone": {"1": 23865.62997554607, "2": 29832.03746942019, "3": 37290.04683676441, "4": 46239.65807762826}, "bleedDamage": {"1": 0.0, "2": 0.0, "3": 0.0, "4": 0.0}}