{"deaths": 18637, "totalAttacks": 200002, "damagingAttacks": 363384.25, "damageDone": {"1": 39954.446593826244, "2": 57434.516978616324, "3": 82562.11815675542, "4": 115337.25012822231}, "bleedDamage": {"1": 0.0, "2": 0.0, "3": 0.0, "4": 0.0}}