{"deaths": 18637, "totalAttacks": 100001, "damagingAttacks": 177277.0, "damageDone": {"1": 66526.64179715514, "2": 95632.04758352556, "3": 137471.06840133946, "4": 192043.7042507018}, "bleedDamage": {"1": 0.0, "2": 0.0, "3": 0.0, "4": 0.0}}