{"deaths": 18637, "totalAttacks": 100001, "damagingAttacks": 126620.75, "damageDone": {"1": 106689.26699693478, "2": 106689.26699693478, "3": 106689.26699693478, "4": 106689.26699693478}, "bleedDamage": {"1": 0.0, "2": 0.0, "3": 0.0, "4": 0.0}}