{"deaths": 18637, "totalAttacks": 100001, "damagingAttacks": 130466.875, "damageDone": {"1": 53989.91786772662, "2": 87733.61653501504, "3": 142567.12686939765, "4": 218490.4488708581}, "bleedDamage": {"1": 0.0, "2": 0.0, "3": 0.0, "4": 0.0}}