{"deaths": 18637, "totalAttacks": 100001, "damagingAttacks": 186731.375, "damageDone": {"1": 33400.943275270874, "2": 41751.17909407844, "3": 52188.97386759061, "4": 64714.327595946575}, "bleedDamage": {"1": 0.0, "2": 0.0, "3": 0.0, "4": 0.0}}