{"deaths": 18637, "totalAttacks": 100001, "damagingAttacks": 120642.375, "damageDone": {"1": 76091.88704661743, "2": 76091.88704661743, "3": 76091.88704661743, "4": 76091.88704661743}, "bleedDamage": {"1": 0.0, "2": 0.0, "3": 0.0, "4": 0.0}}