{"deaths": 18637, "totalAttacks": 100001, "damagingAttacks": 181692.125, "damageDone": {"1": 83734.31893743451, "2": 120368.08347267236, "3": 173029.1199920308, "4": 241717.42849548673}, "bleedDamage": {"1": 0.0, "2": 0.0, "3": 0.0, "4": 0.0}}