{"deaths": 18637, "totalAttacks": 100001, "damagingAttacks": 81477.125, "damageDone": {"1": 32264.883699121438, "2": 52430.4360110224, "3": 85199.4585179547, "4": 130571.95121979607}, "bleedDamage": {"1": 0.0, "2": 0.0, "3": 0.0, "4": 0.0}}