{"deaths": 18637, "totalAttacks": 100001, "damagingAttacks": 177277.0, "damageDone": {"1": 31670.467943617754, "2": 39588.0849294727, "3": 49485.10616187804, "4": 61361.53164077088}, "bleedDamage": {"1": 0.0, "2": 0.0, "3": 0.0, "4": 0.0}}