{"deaths": {"1": 1328, "2": 3101, "3": 5358}, "totalAttacks": {"1": 18392.0, "2": 6384.0, "3": 8684.0}, "damagingAttacks": {"1": 11361.5, "2": 4015.5, "3": 3258.5625}, "damageDone": {"1": {"1": 15898.853880236276, "2": 3284.1000457341615, "3": 2866.230483012041}, "2": {"1": 25835.637555384234, "2": 5336.662574318083, "3": 4657.62453489462}, "3": {"1": 41982.911027493166, "2": 8672.076683266638, "3": 7568.639869203485}, "4": {"1": 64340.67429658194, "2": 13290.342372580493, "3": 11599.276485939536}}, "bleedDamage": {"1": {"1": 0.0, "2": 0.0, "3": 0.0}, "2": {"1": 0.0, "2": 0.0, "3": 0.0}, "3": {"1": 0.0, "2": 0.0, "3": 0.0}, "4": {"1": 0.0, "2": 0.0, "3": 0.0}}}