{"deaths": 14992, "totalAttacks": 1031778, "damagingAttacks": 1885241.625, "damageDone": {"1": 1684251.699394831, "2": 2315846.0866743554, "3": 3184288.36919008, "4": 4289578.546903344}, "bleedDamage": {"1": 0.0, "2": 0.0, "3": 0.0, "4": 0.0}, "loadoutDamage": {}}