{"deaths": 18637, "totalAttacks": 200002, "damagingAttacks": 365598.75, "damageDone": {"1": 29071.673530104188, "2": 41790.5306995215, "3": 60073.88788054688, "4": 83921.7450732194}, "bleedDamage": {"1": 0.0, "2": 0.0, "3": 0.0, "4": 0.0}}