{"deaths": 100540, "totalAttacks": 300003, "damagingAttacks": 390690.0, "damageDone": {"1": 110323.78537970812, "2": 110508.50831628786, "3": 110693.2312528783, "4": 110920.58255944573}, "bleedDamage": {"1": 0.0, "2": 0.0, "3": 0.0, "4": 0.0}}