{"deaths": 100540, "totalAttacks": 300003, "damagingAttacks": 244431.375, "damageDone": {"1": 60373.869945768216, "2": 60540.68333712818, "3": 60707.49672849458, "4": 60912.80551786123}, "bleedDamage": {"1": 0.0, "2": 0.0, "3": 0.0, "4": 0.0}}