{"deaths": 100540, "totalAttacks": 300003, "damagingAttacks": 561624.75, "damageDone": {"1": 210906.36458323078, "2": 211091.4687500965, "3": 211276.572916516, "4": 211504.3934294762}, "bleedDamage": {"1": 0.0, "2": 0.0, "3": 0.0, "4": 0.0}}