{"deaths": 100540, "totalAttacks": 300003, "damagingAttacks": 391400.625, "damageDone": {"1": 98806.38005423945, "2": 98914.80280871478, "3": 99023.22556330243, "4": 99156.6689534099}, "bleedDamage": {"1": 0.0, "2": 0.0, "3": 0.0, "4": 0.0}}