{"deaths": 100540, "totalAttacks": 300003, "damagingAttacks": 325209.0, "damageDone": {"1": 115334.06422587916, "2": 115851.03323659483, "3": 116368.0022474205, "4": 117004.27179913092}, "bleedDamage": {"1": 0.0, "2": 0.0, "3": 0.0, "4": 0.0}}