{"deaths": 100540, "totalAttacks": 300003, "damagingAttacks": 506860.125, "damageDone": {"1": 140914.95512819538, "2": 141059.17603546495, "3": 141203.39694275463, "4": 141380.8995979499}, "bleedDamage": {"1": 0.0, "2": 0.0, "3": 0.0, "4": 0.0}}