{"deaths": 100540, "totalAttacks": 300003, "damagingAttacks": 532188.75, "damageDone": {"1": 213645.79487178253, "2": 214038.47781073622, "3": 214431.16074944247, "4": 214914.46282813937}, "bleedDamage": {"1": 0.0, "2": 0.0, "3": 0.0, "4": 0.0}}