{"deaths": 100540, "totalAttacks": 2063556, "damagingAttacks": 2420426.25, "damageDone": {"1": 1124093.336166905, "2": 1126966.299185483, "3": 1129839.2622042752, "4": 1133375.2166879375}, "bleedDamage": {"1": 0.0, "2": 0.0, "3": 0.0, "4": 0.0}, "loadoutDamage": {}}