{"deaths": 100540, "totalAttacks": 300003, "damagingAttacks": 545076.375, "damageDone": {"1": 241900.3790064204, "2": 242320.09485960027, "3": 242739.81071242993, "4": 243256.3840701863}, "bleedDamage": {"1": 0.0, "2": 0.0, "3": 0.0, "4": 0.0}}