{"deaths": 100540, "totalAttacks": 300003, "damagingAttacks": 350895.375, "damageDone": {"1": 152021.6303008722, "2": 152838.06495125894, "3": 153654.4996017784, "4": 154659.34224854075}, "bleedDamage": {"1": 0.0, "2": 0.0, "3": 0.0, "4": 0.0}}