{"deaths": 100540, "totalAttacks": 300003, "damagingAttacks": 269451.75, "damageDone": {"1": 96373.35139299845, "2": 96714.64085494178, "3": 97055.93031690478, "4": 97475.97888549685}, "bleedDamage": {"1": 0.0, "2": 0.0, "3": 0.0, "4": 0.0}}