{"deaths": {"1": 11256, "2": 24465, "3": 39922}, "totalAttacks": {"1": 55176.0, "2": 19152.0, "3": 26052.0}, "damagingAttacks": {"1": 53028.0, "2": 17541.0, "3": 20489.8125}, "damageDone": {"1": {"1": 50478.54807692439, "2": 11168.878205128198, "3": 13121.719551282114}, "2": {"1": 50796.696005922946, "2": 11244.221400394388, "3": 13207.526503944962}, "3": {"1": 51114.84393490781, "2": 11319.564595660655, "3": 13293.333456607641}, "4": {"1": 51506.410616751455, "2": 11412.29468214238, "3": 13398.942013731008}}, "bleedDamage": {"1": {"1": 0.0, "2": 0.0, "3": 0.0}, "2": {"1": 0.0, "2": 0.0, "3": 0.0}, "3": {"1": 0.0, "2": 0.0, "3": 0.0}, "4": {"1": 0.0, "2": 0.0, "3": 0.0}}}