{"deaths": 100540, "totalAttacks": 300003, "damagingAttacks": 379862.25, "damageDone": {"1": 139100.14065582032, "2": 139495.7242024828, "3": 139891.3077491758, "4": 140378.17980663016}, "bleedDamage": {"1": 0.0, "2": 0.0, "3": 0.0, "4": 0.0}}