{"deaths": 100540, "totalAttacks": 2063556, "damagingAttacks": 3770483.25, "damageDone": {"1": 1899604.6682710391, "2": 1900608.8430699925, "3": 1901613.0178775792, "4": 1902848.9253287395}, "bleedDamage": {"1": 0.0, "2": 0.0, "3": 0.0, "4": 0.0}, "loadoutDamage": {}}