{"deaths": 100540, "totalAttacks": 300003, "damagingAttacks": 531831.0, "damageDone": {"1": 203111.14423072807, "2": 203338.91974861253, "3": 203566.695266255, "4": 203847.03436511362}, "bleedDamage": {"1": 0.0, "2": 0.0, "3": 0.0, "4": 0.0}}