{"deaths": {"1": 11256, "2": 24465, "3": 39922}, "totalAttacks": {"1": 55176.0, "2": 19152.0, "3": 26052.0}, "damagingAttacks": {"1": 34084.5, "2": 12046.5, "3": 9775.6875}, "damageDone": {"1": {"1": 31723.762943785532, "2": 6427.7452539447695, "3": 5662.066876232797}, "2": {"1": 31931.059256944358, "2": 6460.935527613646, "3": 5695.048570020085}, "3": {"1": 32138.355570096228, "2": 6494.125801282216, "3": 5728.030263806848}, "4": {"1": 32393.48949397547, "2": 6534.975368874356, "3": 5768.623117698525}}, "bleedDamage": {"1": {"1": 0.0, "2": 0.0, "3": 0.0}, "2": {"1": 0.0, "2": 0.0, "3": 0.0}, "3": {"1": 0.0, "2": 0.0, "3": 0.0}, "4": {"1": 0.0, "2": 0.0, "3": 0.0}}}