{"deaths": 100540, "totalAttacks": 395334, "damagingAttacks": 768393.0, "damageDone": {"1": 226393.08333325645, "2": 226554.10897437588, "3": 226715.13461520034, "4": 226913.32001973325}, "bleedDamage": {"1": 0.0, "2": 0.0, "3": 0.0, "4": 0.0}}