{"deaths": 100540, "totalAttacks": 395334, "damagingAttacks": 584421.75, "damageDone": {"1": 161028.0436390801, "2": 161374.80740788928, "3": 161721.57117666074, "4": 162148.35735368094}, "bleedDamage": {"1": 0.0, "2": 0.0, "3": 0.0, "4": 0.0}}