{"deaths": 100540, "totalAttacks": 300003, "damagingAttacks": 560194.125, "damageDone": {"1": 151815.01923077938, "2": 151866.4566074963, "3": 151917.89398415276, "4": 151981.201524829}, "bleedDamage": {"1": 0.0, "2": 0.0, "3": 0.0, "4": 0.0}}