{"deaths": 100540, "totalAttacks": 300003, "damagingAttacks": 573820.5, "damageDone": {"1": 170006.53846150704, "2": 170098.5478303563, "3": 170190.55719918752, "4": 170303.79949927158}, "bleedDamage": {"1": 0.0, "2": 0.0, "3": 0.0, "4": 0.0}}