{"deaths": 100540, "totalAttacks": 300003, "damagingAttacks": 527386.125, "damageDone": {"1": 160999.72275639474, "2": 161178.0507889811, "3": 161356.37882146338, "4": 161575.85947691684}, "bleedDamage": {"1": 0.0, "2": 0.0, "3": 0.0, "4": 0.0}}