{"deaths": 100540, "totalAttacks": 300003, "damagingAttacks": 548398.125, "damageDone": {"1": 192979.44551282327, "2": 193135.51503951193, "3": 193291.5845660126, "4": 193483.6701373942}, "bleedDamage": {"1": 0.0, "2": 0.0, "3": 0.0, "4": 0.0}}