{"deaths": 100540, "totalAttacks": 300003, "damagingAttacks": 361927.125, "damageDone": {"1": 88799.83092952431, "2": 89031.2865460206, "3": 89262.74216261154, "4": 89547.61061376451}, "bleedDamage": {"1": 0.0, "2": 0.0, "3": 0.0, "4": 0.0}}