{"deaths": 100540, "totalAttacks": 300003, "damagingAttacks": 332371.125, "damageDone": {"1": 108326.39780574202, "2": 108582.3572010851, "3": 108838.31659652857, "4": 109153.34354466332}, "bleedDamage": {"1": 0.0, "2": 0.0, "3": 0.0, "4": 0.0}}