{"deaths": 4966, "totalAttacks": 3095334, "damagingAttacks": 3630639.375, "damageDone": {"1": 4759660.413454461, "2": 9682314.86870836, "3": 9682314.86870836, "4": 9682314.86870836}, "bleedDamage": {"1": 0.0, "2": 3095334, "3": 3095334, "4": 3095334}, "loadoutDamage": {}}