{"deaths": 14268, "totalAttacks": 200002, "damagingAttacks": 354792.5, "damageDone": {"1": 451064.0999284812, "2": 563830.1249111651, "3": 704787.6561390122, "4": 873936.6936120908}, "bleedDamage": {"1": 0.0, "2": 0.0, "3": 0.0, "4": 0.0}}