{"deaths": 14268, "totalAttacks": 100001, "damagingAttacks": 126620.75, "damageDone": {"1": 74256.55783418461, "2": 106743.80188667796, "3": 153444.21521206043, "4": 214357.79781035974}, "bleedDamage": {"1": 0.0, "2": 0.0, "3": 0.0, "4": 0.0}}