{"deaths": 14268, "totalAttacks": 100001, "damagingAttacks": 130466.875, "damageDone": {"1": 86658.8626332906, "2": 140820.65177901447, "3": 228833.55914083234, "4": 350697.58471878985}, "bleedDamage": {"1": 0.0, "2": 0.0, "3": 0.0, "4": 0.0}}