{"deaths": 14268, "totalAttacks": 200002, "damagingAttacks": 241284.75, "damageDone": {"1": 43208.58333332315, "2": 46532.32051280832, "3": 49856.05769231653, "4": 53946.81114396004}, "bleedDamage": {"1": 0.0, "2": 0.0, "3": 0.0, "4": 0.0}}