{"deaths": 11204, "totalAttacks": 100001, "damagingAttacks": 116965.125, "damageDone": {"1": 38000.263959045886, "2": 66500.46192836702, "3": 116375.8083745597, "4": 187626.3032977572}, "bleedDamage": {"1": 0.0, "2": 0.0, "3": 0.0, "4": 0.0}}