{"deaths": 14268, "totalAttacks": 200002, "damagingAttacks": 260460.0, "damageDone": {"1": 28545.705009118803, "2": 46386.77063980258, "3": 75378.5022896735, "4": 115520.89995890346}, "bleedDamage": {"1": 0.0, "2": 0.0, "3": 0.0, "4": 0.0}}