{"deaths": 14268, "totalAttacks": 200002, "damagingAttacks": 260460.0, "damageDone": {"1": 186254.24759487342, "2": 200581.497409849, "3": 214908.74722485724, "4": 232542.28545911526}, "bleedDamage": {"1": 0.0, "2": 0.0, "3": 0.0, "4": 0.0}}