{"deaths": {"1": 1345, "2": 3115, "3": 5557}, "totalAttacks": {"1": 36784.0, "2": 12768.0, "3": 17368.0}, "damagingAttacks": {"1": 22723.0, "2": 8031.0, "3": 6517.125}, "damageDone": {"1": {"1": 19903.64583333377, "2": 4785.083333333311, "3": 3245.5624999999973}, "2": {"1": 21434.695512818456, "2": 5153.16666666643, "3": 3495.2211538460456}, "3": {"1": 22965.74519230956, "2": 5521.249999999952, "3": 3744.879807692218}, "4": {"1": 24850.114028599455, "2": 5974.275641025623, "3": 4052.151997041392}}, "bleedDamage": {"1": {"1": 0.0, "2": 0.0, "3": 0.0}, "2": {"1": 0.0, "2": 0.0, "3": 0.0}, "3": {"1": 0.0, "2": 0.0, "3": 0.0}, "4": {"1": 0.0, "2": 0.0, "3": 0.0}}}