{"deaths": 11204, "totalAttacks": 100001, "damagingAttacks": 108403.0, "damageDone": {"1": 35438.73167923146, "2": 62017.78043870739, "3": 108531.1157676121, "4": 174978.73766630326}, "bleedDamage": {"1": 0.0, "2": 0.0, "3": 0.0, "4": 0.0}}