{"deaths": 11204, "totalAttacks": 100001, "damagingAttacks": 81477.125, "damageDone": {"1": 18264.57875162242, "2": 31963.012815347913, "3": 55935.27242681835, "4": 90181.35758610802}, "bleedDamage": {"1": 0.0, "2": 0.0, "3": 0.0, "4": 0.0}}