{"deaths": {"1": 1345, "2": 3115, "3": 5557}, "totalAttacks": {"1": 36784.0, "2": 12768.0, "3": 17368.0}, "damagingAttacks": {"1": 22723.0, "2": 8031.0, "3": 6517.125}, "damageDone": {"1": {"1": 45845.72785000336, "2": 10239.823317249047, "3": 9194.546617392078}, "2": {"1": 49372.32230001829, "2": 11027.502033960587, "3": 9901.819434115343}, "3": {"1": 52898.91675001426, "2": 11815.18075067187, "3": 10609.092250837353}, "4": {"1": 57239.34068847777, "2": 12784.631478932577, "3": 11479.581871419068}}, "bleedDamage": {"1": {"1": 0.0, "2": 0.0, "3": 0.0}, "2": {"1": 0.0, "2": 0.0, "3": 0.0}, "3": {"1": 0.0, "2": 0.0, "3": 0.0}, "4": {"1": 0.0, "2": 0.0, "3": 0.0}}}