{"deaths": 11204, "totalAttacks": 100001, "damagingAttacks": 191273.5, "damageDone": {"1": 43241.18795579537, "2": 86482.37591159075, "3": 172964.7518231815, "4": 302688.31569081446}, "bleedDamage": {"1": 0.0, "2": 0.0, "3": 0.0, "4": 0.0}}