{"deaths": 14268, "totalAttacks": 200002, "damagingAttacks": 162954.25, "damageDone": {"1": 109423.84950133506, "2": 117841.06869373622, "3": 126258.28788614633, "4": 136617.94227696033}, "bleedDamage": {"1": 0.0, "2": 0.0, "3": 0.0, "4": 0.0}}