{"deaths": 14268, "totalAttacks": 100001, "damagingAttacks": 186731.375, "damageDone": {"1": 81801.72435766323, "2": 102252.15544705906, "3": 127815.19430889531, "4": 158490.84094301332}, "bleedDamage": {"1": 0.0, "2": 0.0, "3": 0.0, "4": 0.0}}