{"deaths": 14268, "totalAttacks": 200002, "damagingAttacks": 354792.5, "damageDone": {"1": 53853.972976675046, "2": 53853.972976675046, "3": 53853.972976675046, "4": 53853.972976675046}, "bleedDamage": {"1": 0.0, "2": 0.0, "3": 0.0, "4": 0.0}}