{"deaths": 14268, "totalAttacks": 200002, "damagingAttacks": 241284.75, "damageDone": {"1": 158660.36512604036, "2": 170865.00859722128, "3": 183069.65206849825, "4": 198090.75172541782}, "bleedDamage": {"1": 0.0, "2": 0.0, "3": 0.0, "4": 0.0}}