{"deaths": 14268, "totalAttacks": 200002, "damagingAttacks": 260933.75, "damageDone": {"1": 97128.67708335283, "2": 104600.11378204472, "3": 112071.5504807569, "4": 121267.16487916009}, "bleedDamage": {"1": 0.0, "2": 0.0, "3": 0.0, "4": 0.0}}