{"deaths": 14268, "totalAttacks": 100001, "damagingAttacks": 182799.375, "damageDone": {"1": 103344.11183440112, "2": 129180.13979286246, "3": 161475.17474138638, "4": 200229.21667929649}, "bleedDamage": {"1": 0.0, "2": 0.0, "3": 0.0, "4": 0.0}}