{"deaths": 14268, "totalAttacks": 527112, "damagingAttacks": 779229.0, "damageDone": {"1": 651016.3530200097, "2": 701094.5340214088, "3": 751172.7150233692, "4": 812807.3993320201}, "bleedDamage": {"1": 0.0, "2": 0.0, "3": 0.0, "4": 0.0}}