{"deaths": {"1": 789, "2": 2074, "3": 4192}, "totalAttacks": {"1": 18392.0, "2": 6384.0, "3": 8684.0}, "damagingAttacks": {"1": 17676.0, "2": 5847.0, "3": 6829.9375}, "damageDone": {"1": {"1": 12862.400640417318, "2": 3036.169871650649, "3": 2796.770375325131}, "2": {"1": 25724.801280834636, "2": 6072.339743301298, "3": 5593.540750650262}, "3": {"1": 51449.60256166927, "2": 12144.679486602596, "3": 11187.081501300525}, "4": {"1": 90036.80448289987, "2": 21253.189101554766, "3": 19577.392627275633}}, "bleedDamage": {"1": {"1": 0.0, "2": 0.0, "3": 0.0}, "2": {"1": 0.0, "2": 0.0, "3": 0.0}, "3": {"1": 0.0, "2": 0.0, "3": 0.0}, "4": {"1": 0.0, "2": 0.0, "3": 0.0}}}