{"deaths": 11204, "totalAttacks": 3095334, "damagingAttacks": 3630639.375, "damageDone": {"1": 4759660.413454461, "2": 5125788.137563717, "3": 5491915.861698631, "4": 5942534.599042842}, "bleedDamage": {"1": 0.0, "2": 0.0, "3": 0.0, "4": 0.0}, "loadoutDamage": {}}