{"deaths": {"1": 1345, "2": 3115, "3": 5557}, "totalAttacks": {"1": 18392.0, "2": 6384.0, "3": 8684.0}, "damagingAttacks": {"1": 11361.5, "2": 4015.5, "3": 3258.5625}, "damageDone": {"1": {"1": 31113.135644126578, "2": 7282.288919068261, "3": 6378.75709676676}, "2": {"1": 33506.45377059438, "2": 7842.46498976573, "3": 6869.43071959471}, "3": {"1": 35899.77189707294, "2": 8402.641060463176, "3": 7360.104342423333}, "4": {"1": 38845.39420656833, "2": 9092.088532091104, "3": 7964.010339750096}}, "bleedDamage": {"1": {"1": 0.0, "2": 0.0, "3": 0.0}, "2": {"1": 0.0, "2": 0.0, "3": 0.0}, "3": {"1": 0.0, "2": 0.0, "3": 0.0}, "4": {"1": 0.0, "2": 0.0, "3": 0.0}}}