{"deaths": 11204, "totalAttacks": 100001, "damagingAttacks": 175795.375, "damageDone": {"1": 27620.521976710384, "2": 55241.04395342077, "3": 110482.08790684154, "4": 193343.6538369546}, "bleedDamage": {"1": 0.0, "2": 0.0, "3": 0.0, "4": 0.0}}