{"deaths": 14268, "totalAttacks": 100001, "damagingAttacks": 130466.875, "damageDone": {"1": 53989.91786772662, "2": 77610.50693485174, "3": 111565.10371884561, "4": 155853.7082196977}, "bleedDamage": {"1": 0.0, "2": 0.0, "3": 0.0, "4": 0.0}}