{"deaths": 14268, "totalAttacks": 263556, "damagingAttacks": 512262.0, "damageDone": {"1": 57923.56180380812, "2": 57923.56180380812, "3": 57923.56180380812, "4": 57923.56180380812}, "bleedDamage": {"1": 0.0, "2": 0.0, "3": 0.0, "4": 0.0}}