{"deaths": 11204, "totalAttacks": 100001, "damagingAttacks": 191273.5, "damageDone": {"1": 43593.8988024673, "2": 46947.27563348803, "3": 50300.65246442188, "4": 54427.8854871069}, "bleedDamage": {"1": 0.0, "2": 0.0, "3": 0.0, "4": 0.0}}