{"deaths": 14268, "totalAttacks": 400004, "damagingAttacks": 521867.5, "damageDone": {"1": 416290.3224572401, "2": 448312.65495410346, "3": 480334.9874508838, "4": 519747.088984883}, "bleedDamage": {"1": 0.0, "2": 0.0, "3": 0.0, "4": 0.0}}