{"deaths": 11204, "totalAttacks": 2063556, "damagingAttacks": 2420426.25, "damageDone": {"1": 2202470.961782942, "2": 2371891.8050058894, "3": 2541312.648222812, "4": 2749830.6090957834}, "bleedDamage": {"1": 0.0, "2": 0.0, "3": 0.0, "4": 0.0}, "loadoutDamage": {}}