{"deaths": 14268, "totalAttacks": 400004, "damagingAttacks": 520920.0, "damageDone": {"1": 443738.60593940655, "2": 477872.3448580994, "3": 512006.0837761565, "4": 554016.8393679319}, "bleedDamage": {"1": 0.0, "2": 0.0, "3": 0.0, "4": 0.0}}