{"deaths": {"1": 1345, "2": 3115, "3": 5557}, "totalAttacks": {"1": 36784.0, "2": 12768.0, "3": 17368.0}, "damagingAttacks": {"1": 35352.0, "2": 11694.0, "3": 13659.875}, "damageDone": {"1": {"1": 98666.06765055067, "2": 23555.706730634072, "3": 28435.173763573348}, "2": {"1": 123332.58456317545, "2": 29444.63341329344, "3": 35543.9672044666}, "3": {"1": 154165.73070395028, "2": 36805.791766616065, "3": 44429.959005585944}, "4": {"1": 191165.50607294647, "2": 45639.1817906051, "3": 55093.14916692607}}, "bleedDamage": {"1": {"1": 0.0, "2": 0.0, "3": 0.0}, "2": {"1": 0.0, "2": 0.0, "3": 0.0}, "3": {"1": 0.0, "2": 0.0, "3": 0.0}, "4": {"1": 0.0, "2": 0.0, "3": 0.0}}}