{"deaths": {"1": 1345, "2": 3115, "3": 5557}, "totalAttacks": {"1": 18392.0, "2": 6384.0, "3": 8684.0}, "damagingAttacks": {"1": 17676.0, "2": 5847.0, "3": 6829.9375}, "damageDone": {"1": {"1": 25081.03605728485, "2": 5514.60187719958, "3": 6497.876774161566}, "2": {"1": 31351.295071610464, "2": 6893.252346499618, "3": 8122.345967702142}, "3": {"1": 39189.118839500916, "2": 8616.565433124804, "3": 10152.932459628028}, "4": {"1": 48594.50736098093, "2": 10684.541137074413, "3": 12589.636249938418}}, "bleedDamage": {"1": {"1": 0.0, "2": 0.0, "3": 0.0}, "2": {"1": 0.0, "2": 0.0, "3": 0.0}, "3": {"1": 0.0, "2": 0.0, "3": 0.0}, "4": {"1": 0.0, "2": 0.0, "3": 0.0}}}