{"deaths": 11204, "totalAttacks": 2063556, "damagingAttacks": 3770483.25, "damageDone": {"1": 5070685.480239773, "2": 6338356.85033539, "3": 7922946.062920441, "4": 9824453.118084457}, "bleedDamage": {"1": 0.0, "2": 0.0, "3": 0.0, "4": 0.0}, "loadoutDamage": {}}