{"deaths": 14268, "totalAttacks": 200002, "damagingAttacks": 260933.75, "damageDone": {"1": 174876.33791089404, "2": 188328.36390406135, "3": 201780.38989718398, "4": 218336.72958128952}, "bleedDamage": {"1": 0.0, "2": 0.0, "3": 0.0, "4": 0.0}}