{"deaths": 14268, "totalAttacks": 100001, "damagingAttacks": 116965.125, "damageDone": {"1": 78386.54467017269, "2": 112680.65796346414, "3": 161978.44582249352, "4": 226279.9082472245}, "bleedDamage": {"1": 0.0, "2": 0.0, "3": 0.0, "4": 0.0}}