{"deaths": 11204, "totalAttacks": 100001, "damagingAttacks": 168953.375, "damageDone": {"1": 32011.886159210295, "2": 64023.77231842059, "3": 128047.54463684118, "4": 224083.2031144847}, "bleedDamage": {"1": 0.0, "2": 0.0, "3": 0.0, "4": 0.0}}