{"deaths": 14268, "totalAttacks": 400004, "damagingAttacks": 433612.0, "damageDone": {"1": 419289.3504449011, "2": 451542.37740231445, "3": 483795.40435955627, "4": 523491.437537428}, "bleedDamage": {"1": 0.0, "2": 0.0, "3": 0.0, "4": 0.0}}