{"deaths": 11204, "totalAttacks": 2063556, "damagingAttacks": 2420426.25, "damageDone": {"1": 743624.6354167345, "2": 800826.5304501359, "3": 858028.4254807543, "4": 928430.7578253887}, "bleedDamage": {"1": 0.0, "2": 0.0, "3": 0.0, "4": 0.0}, "loadoutDamage": {}}