{"deaths": 11204, "totalAttacks": 100001, "damagingAttacks": 182799.375, "damageDone": {"1": 52659.2732919007, "2": 105318.5465838014, "3": 210637.0931676028, "4": 368614.91304347076}, "bleedDamage": {"1": 0.0, "2": 0.0, "3": 0.0, "4": 0.0}}