{"deaths": 14268, "totalAttacks": 1031778, "damagingAttacks": 1210213.125, "damageDone": {"1": 1179895.1580975435, "2": 1917329.6319080796, "3": 3115660.6518554688, "4": 4774888.217926016}, "bleedDamage": {"1": 0.0, "2": 0.0, "3": 0.0, "4": 0.0}, "loadoutDamage": {}}