{"deaths": 14268, "totalAttacks": 200002, "damagingAttacks": 365598.75, "damageDone": {"1": 49311.40360925119, "2": 49311.40360925119, "3": 49311.40360925119, "4": 49311.40360925119}, "bleedDamage": {"1": 0.0, "2": 0.0, "3": 0.0, "4": 0.0}}