{"deaths": 14268, "totalAttacks": 100001, "damagingAttacks": 89817.25, "damageDone": {"1": 75461.14451339032, "2": 122624.35983417365, "3": 199264.58473042448, "4": 305381.81920253334}, "bleedDamage": {"1": 0.0, "2": 0.0, "3": 0.0, "4": 0.0}}