{"deaths": {"1": 789, "2": 2074, "3": 4192}, "totalAttacks": {"1": 18392.0, "2": 6384.0, "3": 8684.0}, "damagingAttacks": {"1": 17676.0, "2": 5847.0, "3": 6829.9375}, "damageDone": {"1": {"1": 11967.600959603456, "2": 2631.3328750324013, "3": 3100.5097293522135}, "2": {"1": 12888.185648803867, "2": 2833.7430961886516, "3": 3339.0104777637216}, "3": {"1": 13808.770338003196, "2": 3036.153317344995, "3": 3577.511226175547}, "4": {"1": 14941.79764778846, "2": 3285.273589537415, "3": 3871.050608835991}}, "bleedDamage": {"1": {"1": 0.0, "2": 0.0, "3": 0.0}, "2": {"1": 0.0, "2": 0.0, "3": 0.0}, "3": {"1": 0.0, "2": 0.0, "3": 0.0}, "4": {"1": 0.0, "2": 0.0, "3": 0.0}}}