{"deaths": 14268, "totalAttacks": 263556, "damagingAttacks": 389614.5, "damageDone": {"1": 275982.7812482241, "2": 297212.22595960763, "3": 318441.670671228, "4": 344570.2180083737}, "bleedDamage": {"1": 0.0, "2": 0.0, "3": 0.0, "4": 0.0}}