{"deaths": 14268, "totalAttacks": 200002, "damagingAttacks": 382547.0, "damageDone": {"1": 43593.8988024673, "2": 43593.8988024673, "3": 43593.8988024673, "4": 43593.8988024673}, "bleedDamage": {"1": 0.0, "2": 0.0, "3": 0.0, "4": 0.0}}