{"deaths": 14268, "totalAttacks": 2063556, "damagingAttacks": 3770483.25, "damageDone": {"1": 848389.5271218674, "2": 848389.5271218674, "3": 848389.5271218674, "4": 848389.5271218674}, "bleedDamage": {"1": 0.0, "2": 0.0, "3": 0.0, "4": 0.0}, "loadoutDamage": {}}