{"deaths": 14268, "totalAttacks": 131778, "damagingAttacks": 194807.25, "damageDone": {"1": 192739.66574169046, "2": 207565.7938757269, "3": 222391.92200965591, "4": 240639.46432851942}, "bleedDamage": {"1": 0.0, "2": 0.0, "3": 0.0, "4": 0.0}}