{"deaths": 14268, "totalAttacks": 100001, "damagingAttacks": 81477.125, "damageDone": {"1": 32264.883699121438, "2": 46380.77031746093, "3": 66672.35733135248, "4": 93139.64474079419}, "bleedDamage": {"1": 0.0, "2": 0.0, "3": 0.0, "4": 0.0}}