{"deaths": 11204, "totalAttacks": 100001, "damagingAttacks": 177396.25, "damageDone": {"1": 53853.972976675046, "2": 57996.586282581644, "3": 62139.199588420604, "4": 67237.80058027066}, "bleedDamage": {"1": 0.0, "2": 0.0, "3": 0.0, "4": 0.0}}