{"deaths": 14268, "totalAttacks": 100001, "damagingAttacks": 108403.0, "damageDone": {"1": 124134.65326792077, "2": 133683.47275011853, "3": 143232.2922321165, "4": 154984.68544101284}, "bleedDamage": {"1": 0.0, "2": 0.0, "3": 0.0, "4": 0.0}}