{"deaths": 14268, "totalAttacks": 200002, "damagingAttacks": 162954.25, "damageDone": {"1": 40297.63541667354, "2": 43397.45352564195, "3": 46497.27163460249, "4": 50312.43238411696}, "bleedDamage": {"1": 0.0, "2": 0.0, "3": 0.0, "4": 0.0}}