{"deaths": 14268, "totalAttacks": 200002, "damagingAttacks": 233930.25, "damageDone": {"1": 228668.87542788466, "2": 246258.7889222456, "3": 263848.70241677726, "4": 285497.82671781984}, "bleedDamage": {"1": 0.0, "2": 0.0, "3": 0.0, "4": 0.0}}