{"deaths": {"1": 1345, "2": 3115, "3": 5557}, "totalAttacks": {"1": 36784.0, "2": 12768.0, "3": 17368.0}, "damagingAttacks": {"1": 35352.0, "2": 11694.0, "3": 13659.875}, "damageDone": {"1": {"1": 11967.600959603456, "2": 2631.3328750324013, "3": 3100.5097293522135}, "2": {"1": 11967.600959603456, "2": 2631.3328750324013, "3": 3100.5097293522135}, "3": {"1": 11967.600959603456, "2": 2631.3328750324013, "3": 3100.5097293522135}, "4": {"1": 11967.600959603456, "2": 2631.3328750324013, "3": 3100.5097293522135}}, "bleedDamage": {"1": {"1": 0.0, "2": 0.0, "3": 0.0}, "2": {"1": 0.0, "2": 0.0, "3": 0.0}, "3": {"1": 0.0, "2": 0.0, "3": 0.0}, "4": {"1": 0.0, "2": 0.0, "3": 0.0}}}