{"deaths": 14268, "totalAttacks": 400004, "damagingAttacks": 325908.5, "damageDone": {"1": 256356.40504711433, "2": 276076.12851253536, "3": 295795.8519776238, "4": 320066.28085753915}, "bleedDamage": {"1": 0.0, "2": 0.0, "3": 0.0, "4": 0.0}}