{"deaths": 14268, "totalAttacks": 200002, "damagingAttacks": 337906.75, "damageDone": {"1": 35905.95558026108, "2": 35905.95558026108, "3": 35905.95558026108, "4": 35905.95558026108}, "bleedDamage": {"1": 0.0, "2": 0.0, "3": 0.0, "4": 0.0}}