{"deaths": 11204, "totalAttacks": 100001, "damagingAttacks": 181692.125, "damageDone": {"1": 61059.733106017615, "2": 65756.63565261889, "3": 70453.53819916179, "4": 76234.34133348633}, "bleedDamage": {"1": 0.0, "2": 0.0, "3": 0.0, "4": 0.0}}