{"deaths": {"1": 1345, "2": 3115, "3": 5557}, "totalAttacks": {"1": 36784.0, "2": 12768.0, "3": 17368.0}, "damagingAttacks": {"1": 22723.0, "2": 8031.0, "3": 6517.125}, "damageDone": {"1": {"1": 7586.255149872045, "2": 1567.032508904114, "3": 1367.642971390564}, "2": {"1": 12327.664618541161, "2": 2546.4278269692263, "3": 2222.41982850967}, "3": {"1": 20032.45500513314, "2": 4137.945218824959, "3": 3611.43222132823}, "4": {"1": 30700.626309638952, "2": 6341.584684471159, "3": 5534.680149846061}}, "bleedDamage": {"1": {"1": 0.0, "2": 0.0, "3": 0.0}, "2": {"1": 0.0, "2": 0.0, "3": 0.0}, "3": {"1": 0.0, "2": 0.0, "3": 0.0}, "4": {"1": 0.0, "2": 0.0, "3": 0.0}}}