{"deaths": 14268, "totalAttacks": 100001, "damagingAttacks": 120642.375, "damageDone": {"1": 110735.93474752082, "2": 119254.08357420274, "3": 127772.23240089494, "4": 138256.10787998338}, "bleedDamage": {"1": 0.0, "2": 0.0, "3": 0.0, "4": 0.0}}