{"deaths": 14268, "totalAttacks": 200002, "damagingAttacks": 216806.0, "damageDone": {"1": 88744.06249999863, "2": 95570.52884618721, "3": 102396.99519224327, "4": 110798.79992605546}, "bleedDamage": {"1": 0.0, "2": 0.0, "3": 0.0, "4": 0.0}}