{"deaths": 11204, "totalAttacks": 100001, "damagingAttacks": 186731.375, "damageDone": {"1": 39032.29486548256, "2": 42034.77908591777, "3": 45037.26330634355, "4": 48732.62850070105}, "bleedDamage": {"1": 0.0, "2": 0.0, "3": 0.0, "4": 0.0}}