{"deaths": 14268, "totalAttacks": 100001, "damagingAttacks": 116965.125, "damageDone": {"1": 113315.41420032232, "2": 184137.54807543394, "3": 299223.515622261, "4": 458573.31684143026}, "bleedDamage": {"1": 0.0, "2": 0.0, "3": 0.0, "4": 0.0}}