{"deaths": 14268, "totalAttacks": 100001, "damagingAttacks": 187208.25, "damageDone": {"1": 112842.03860274496, "2": 141052.5482533946, "3": 176315.6853169051, "4": 218631.4497928765}, "bleedDamage": {"1": 0.0, "2": 0.0, "3": 0.0, "4": 0.0}}