{"deaths": 14268, "totalAttacks": 200002, "damagingAttacks": 253241.5, "damageDone": {"1": 219697.40272872208, "2": 236597.2029385547, "3": 253497.00314850605, "4": 274296.757253015}, "bleedDamage": {"1": 0.0, "2": 0.0, "3": 0.0, "4": 0.0}}