{"deaths": 11204, "totalAttacks": 100001, "damagingAttacks": 181692.125, "damageDone": {"1": 64530.901153086306, "2": 129061.80230617261, "3": 258123.60461234523, "4": 451716.3080716329}, "bleedDamage": {"1": 0.0, "2": 0.0, "3": 0.0, "4": 0.0}}