{"deaths": 14268, "totalAttacks": 100001, "damagingAttacks": 130230.0, "damageDone": {"1": 131373.09099651512, "2": 141478.71338086136, "3": 151584.33576507051, "4": 164022.0248536478}, "bleedDamage": {"1": 0.0, "2": 0.0, "3": 0.0, "4": 0.0}}