{"deaths": 14268, "totalAttacks": 200002, "damagingAttacks": 351590.75, "damageDone": {"1": 40978.17879373648, "2": 40978.17879373648, "3": 40978.17879373648, "4": 40978.17879373648}, "bleedDamage": {"1": 0.0, "2": 0.0, "3": 0.0, "4": 0.0}}