{"deaths": 14268, "totalAttacks": 100001, "damagingAttacks": 126620.75, "damageDone": {"1": 150528.32044841207, "2": 162107.42202133022, "3": 173686.52359439046, "4": 187937.72553024092}, "bleedDamage": {"1": 0.0, "2": 0.0, "3": 0.0, "4": 0.0}}