{"deaths": 14268, "totalAttacks": 200002, "damagingAttacks": 373462.75, "damageDone": {"1": 369303.71205111116, "2": 461629.6400645474, "3": 577037.0500804577, "4": 715525.9420996882}, "bleedDamage": {"1": 0.0, "2": 0.0, "3": 0.0, "4": 0.0}}