{"deaths": 14268, "totalAttacks": 200002, "damagingAttacks": 373462.75, "damageDone": {"1": 39032.29486548256, "2": 39032.29486548256, "3": 39032.29486548256, "4": 39032.29486548256}, "bleedDamage": {"1": 0.0, "2": 0.0, "3": 0.0, "4": 0.0}}