{"deaths": 14268, "totalAttacks": 100001, "damagingAttacks": 110790.375, "damageDone": {"1": 86870.71989060851, "2": 141164.91982218216, "3": 229392.99471097375, "4": 351554.94455715653}, "bleedDamage": {"1": 0.0, "2": 0.0, "3": 0.0, "4": 0.0}}