{"deaths": 14268, "totalAttacks": 100001, "damagingAttacks": 89817.25, "damageDone": {"1": 104359.96210586833, "2": 112387.65149863418, "3": 120415.34089126573, "4": 130295.57399010865}, "bleedDamage": {"1": 0.0, "2": 0.0, "3": 0.0, "4": 0.0}}