{"deaths": 14268, "totalAttacks": 100001, "damagingAttacks": 130230.0, "damageDone": {"1": 59824.50944272591, "2": 85997.7323239158, "3": 123621.74021562428, "4": 172696.53311788882}, "bleedDamage": {"1": 0.0, "2": 0.0, "3": 0.0, "4": 0.0}}