{"deaths": 11204, "totalAttacks": 100001, "damagingAttacks": 187208.25, "damageDone": {"1": 22437.139422009273, "2": 44874.27884401855, "3": 89748.5576880371, "4": 157059.9759539849}, "bleedDamage": {"1": 0.0, "2": 0.0, "3": 0.0, "4": 0.0}}