{"deaths": 11204, "totalAttacks": 100001, "damagingAttacks": 89817.25, "damageDone": {"1": 23963.554712233545, "2": 41936.22074641947, "3": 73388.38630619655, "4": 118320.05139167604}, "bleedDamage": {"1": 0.0, "2": 0.0, "3": 0.0, "4": 0.0}}