{"deaths": 14268, "totalAttacks": 200002, "damagingAttacks": 221580.75, "damageDone": {"1": 27772.44310448177, "2": 45130.220044785376, "3": 73336.60757278025, "4": 112391.60568849707}, "bleedDamage": {"1": 0.0, "2": 0.0, "3": 0.0, "4": 0.0}}