{"deaths": 11204, "totalAttacks": 100001, "damagingAttacks": 130230.0, "damageDone": {"1": 35862.09752167633, "2": 62758.67066294763, "3": 109827.67366006598, "4": 177069.10651325248}, "bleedDamage": {"1": 0.0, "2": 0.0, "3": 0.0, "4": 0.0}}