{"deaths": 14268, "totalAttacks": 100001, "damagingAttacks": 89817.25, "damageDone": {"1": 50963.11750147433, "2": 73259.48140835488, "3": 105310.50452449927, "4": 147116.18684994985}, "bleedDamage": {"1": 0.0, "2": 0.0, "3": 0.0, "4": 0.0}}