{"deaths": {"1": 1345, "2": 3115, "3": 5557}, "totalAttacks": {"1": 18392.0, "2": 6384.0, "3": 8684.0}, "damagingAttacks": {"1": 11361.5, "2": 4015.5, "3": 3258.5625}, "damageDone": {"1": {"1": 22718.560324009984, "2": 5074.27964719492, "3": 4556.299393098452}, "2": {"1": 36917.660526524516, "2": 8245.704426691847, "3": 7403.986513785692}, "3": {"1": 59991.19835559585, "2": 13399.269693374508, "3": 12031.478084901779}, "4": {"1": 91939.17381123234, "2": 20534.975447241588, "3": 18438.774106445504}}, "bleedDamage": {"1": {"1": 0.0, "2": 0.0, "3": 0.0}, "2": {"1": 0.0, "2": 0.0, "3": 0.0}, "3": {"1": 0.0, "2": 0.0, "3": 0.0}, "4": {"1": 0.0, "2": 0.0, "3": 0.0}}}