{"deaths": 14268, "totalAttacks": 200002, "damagingAttacks": 363384.25, "damageDone": {"1": 497127.5074658368, "2": 621409.3843330594, "3": 776761.7304165015, "4": 963184.5457159147}, "bleedDamage": {"1": 0.0, "2": 0.0, "3": 0.0, "4": 0.0}}