{"deaths": 14268, "totalAttacks": 100001, "damagingAttacks": 177277.0, "damageDone": {"1": 108322.97338417586, "2": 135403.7167301407, "3": 169254.64591300537, "4": 209875.76093204634}, "bleedDamage": {"1": 0.0, "2": 0.0, "3": 0.0, "4": 0.0}}