{"deaths": 11204, "totalAttacks": 1031778, "damagingAttacks": 1210213.125, "damageDone": {"1": 1646423.4134635215, "2": 1773071.368341713, "3": 1899719.323221356, "4": 2055593.7292199223}, "bleedDamage": {"1": 0.0, "2": 0.0, "3": 0.0, "4": 0.0}, "loadoutDamage": {}}