{"deaths": 14268, "totalAttacks": 400004, "damagingAttacks": 467860.5, "damageDone": {"1": 516159.4377555835, "2": 555864.0098907078, "3": 595568.5820256983, "4": 644435.7477299896}, "bleedDamage": {"1": 0.0, "2": 0.0, "3": 0.0, "4": 0.0}}