{"deaths": 14268, "totalAttacks": 200002, "damagingAttacks": 374416.5, "damageDone": {"1": 53843.40927473176, "2": 53843.40927473176, "3": 53843.40927473176, "4": 53843.40927473176}, "bleedDamage": {"1": 0.0, "2": 0.0, "3": 0.0, "4": 0.0}}