{"deaths": 14268, "totalAttacks": 131778, "damagingAttacks": 194807.25, "damageDone": {"1": 86763.63930721146, "2": 124722.73150413789, "3": 179288.92653718585, "4": 250462.2244063979}, "bleedDamage": {"1": 0.0, "2": 0.0, "3": 0.0, "4": 0.0}}