{"deaths": 11204, "totalAttacks": 100001, "damagingAttacks": 186731.375, "damageDone": {"1": 49575.361948142614, "2": 99150.72389628523, "3": 198301.44779257046, "4": 347027.5336376318}, "bleedDamage": {"1": 0.0, "2": 0.0, "3": 0.0, "4": 0.0}}