{"deaths": 14268, "totalAttacks": 100001, "damagingAttacks": 110790.375, "damageDone": {"1": 58203.949918920676, "2": 83668.17800847506, "3": 120273.00588715341, "4": 168018.4335550565}, "bleedDamage": {"1": 0.0, "2": 0.0, "3": 0.0, "4": 0.0}}