{"deaths": 14268, "totalAttacks": 131778, "damagingAttacks": 256131.0, "damageDone": {"1": 121392.99656390851, "2": 151741.24570495862, "3": 189676.55713129716, "4": 235198.930842625}, "bleedDamage": {"1": 0.0, "2": 0.0, "3": 0.0, "4": 0.0}}