{"deaths": 11204, "totalAttacks": 100001, "damagingAttacks": 187208.25, "damageDone": {"1": 53843.40927473176, "2": 57985.20998818514, "3": 62127.01070160947, "4": 67224.61157965196}, "bleedDamage": {"1": 0.0, "2": 0.0, "3": 0.0, "4": 0.0}}