{"deaths": 14268, "totalAttacks": 200002, "damagingAttacks": 260460.0, "damageDone": {"1": 83321.20833333548, "2": 89730.53205129519, "3": 96139.85576922503, "4": 104028.25419129137}, "bleedDamage": {"1": 0.0, "2": 0.0, "3": 0.0, "4": 0.0}}