{"deaths": 11204, "totalAttacks": 131778, "damagingAttacks": 256131.0, "damageDone": {"1": 57923.56180380812, "2": 62379.2204041689, "3": 66834.87900443221, "4": 72318.7665124655}, "bleedDamage": {"1": 0.0, "2": 0.0, "3": 0.0, "4": 0.0}}