{"deaths": {"1": 1345, "2": 3115, "3": 5557}, "totalAttacks": {"1": 18392.0, "2": 6384.0, "3": 8684.0}, "damagingAttacks": {"1": 11361.5, "2": 4015.5, "3": 3258.5625}, "damageDone": {"1": {"1": 15898.853880236276, "2": 3284.1000457341615, "3": 2866.230483012041}, "2": {"1": 22854.60245283755, "2": 4720.893815742918, "3": 4120.206319329837}, "3": {"1": 32853.49102595843, "2": 6786.284860130419, "3": 5922.796584036514}, "4": {"1": 45895.519599595485, "2": 9480.273178896457, "3": 8274.00127713223}}, "bleedDamage": {"1": {"1": 0.0, "2": 0.0, "3": 0.0}, "2": {"1": 0.0, "2": 0.0, "3": 0.0}, "3": {"1": 0.0, "2": 0.0, "3": 0.0}, "4": {"1": 0.0, "2": 0.0, "3": 0.0}}}