{"deaths": 14268, "totalAttacks": 100001, "damagingAttacks": 130466.875, "damageDone": {"1": 123246.76212783085, "2": 132727.28229147315, "3": 142207.80245509048, "4": 153876.13496445108}, "bleedDamage": {"1": 0.0, "2": 0.0, "3": 0.0, "4": 0.0}}