{"deaths": 11204, "totalAttacks": 100001, "damagingAttacks": 110790.375, "damageDone": {"1": 31072.24015064118, "2": 54376.420263668304, "3": 95158.7354613636, "4": 153419.18574377347}, "bleedDamage": {"1": 0.0, "2": 0.0, "3": 0.0, "4": 0.0}}