{"deaths": 14268, "totalAttacks": 200002, "damagingAttacks": 216806.0, "damageDone": {"1": 181411.9622240865, "2": 195366.72854908876, "3": 209321.49487407447, "4": 226496.59188947311}, "bleedDamage": {"1": 0.0, "2": 0.0, "3": 0.0, "4": 0.0}}