{"deaths": 11204, "totalAttacks": 131778, "damagingAttacks": 256131.0, "damageDone": {"1": 51908.16254331131, "2": 103816.32508662262, "3": 207632.65017324523, "4": 363357.1378032763}, "bleedDamage": {"1": 0.0, "2": 0.0, "3": 0.0, "4": 0.0}}