{"deaths": 14268, "totalAttacks": 200002, "damagingAttacks": 363384.25, "damageDone": {"1": 61059.733106017615, "2": 61059.733106017615, "3": 61059.733106017615, "4": 61059.733106017615}, "bleedDamage": {"1": 0.0, "2": 0.0, "3": 0.0, "4": 0.0}}