{"deaths": 11204, "totalAttacks": 2063556, "damagingAttacks": 2420426.25, "damageDone": {"1": 500561.2490145534, "2": 813412.0296461942, "3": 1321794.5481770658, "4": 2025708.8046001229}, "bleedDamage": {"1": 0.0, "2": 0.0, "3": 0.0, "4": 0.0}, "loadoutDamage": {}}