{"deaths": 14268, "totalAttacks": 200002, "damagingAttacks": 351590.75, "damageDone": {"1": 372978.91706485883, "2": 466223.6463318032, "3": 582779.5579143128, "4": 722646.6518130718}, "bleedDamage": {"1": 0.0, "2": 0.0, "3": 0.0, "4": 0.0}}