{"deaths": 14268, "totalAttacks": 200002, "damagingAttacks": 179634.5, "damageDone": {"1": 152279.50386228468, "2": 163993.3118517099, "3": 175707.11984112492, "4": 190124.11428990262}, "bleedDamage": {"1": 0.0, "2": 0.0, "3": 0.0, "4": 0.0}}