{"deaths": 14268, "totalAttacks": 263556, "damagingAttacks": 512262.0, "damageDone": {"1": 532833.2534305166, "2": 666041.5667889176, "3": 832551.9584858821, "4": 1032364.4285226141}, "bleedDamage": {"1": 0.0, "2": 0.0, "3": 0.0, "4": 0.0}}