{"deaths": 14268, "totalAttacks": 200002, "damagingAttacks": 354554.0, "damageDone": {"1": 51687.104043868305, "2": 51687.104043868305, "3": 51687.104043868305, "4": 51687.104043868305}, "bleedDamage": {"1": 0.0, "2": 0.0, "3": 0.0, "4": 0.0}}