{"deaths": {"1": 1345, "2": 3115, "3": 5557}, "totalAttacks": {"1": 73568.0, "2": 25536.0, "3": 34736.0}, "damagingAttacks": {"1": 45446.0, "2": 16062.0, "3": 13034.25}, "damageDone": {"1": {"1": 105090.77111915188, "2": 24597.37156584998, "3": 21545.514079595847}, "2": {"1": 113174.67658984881, "2": 26489.477070915567, "3": 23202.861316488357}, "3": {"1": 121258.58206056642, "2": 28381.58257598074, "3": 24860.208553381446}, "4": {"1": 131208.00417832573, "2": 30710.327812984717, "3": 26900.020537247325}}, "bleedDamage": {"1": {"1": 0.0, "2": 0.0, "3": 0.0}, "2": {"1": 0.0, "2": 0.0, "3": 0.0}, "3": {"1": 0.0, "2": 0.0, "3": 0.0}, "4": {"1": 0.0, "2": 0.0, "3": 0.0}}}