{"deaths": 14268, "totalAttacks": 200002, "damagingAttacks": 354554.0, "damageDone": {"1": 437948.0599215725, "2": 547435.074902575, "3": 684293.8436286948, "4": 848524.3660991692}, "bleedDamage": {"1": 0.0, "2": 0.0, "3": 0.0, "4": 0.0}}