{"deaths": 14268, "totalAttacks": 100001, "damagingAttacks": 81477.125, "damageDone": {"1": 75896.78445152746, "2": 81734.99864007212, "3": 87573.21282862939, "4": 94758.70721462693}, "bleedDamage": {"1": 0.0, "2": 0.0, "3": 0.0, "4": 0.0}}