{"deaths": 14268, "totalAttacks": 100001, "damagingAttacks": 81477.125, "damageDone": {"1": 54224.2961856351, "2": 88114.48130169169, "3": 143186.0321150805, "4": 219438.94862616961}, "bleedDamage": {"1": 0.0, "2": 0.0, "3": 0.0, "4": 0.0}}