{"deaths": 11204, "totalAttacks": 100001, "damagingAttacks": 175795.375, "damageDone": {"1": 40978.17879373648, "2": 44130.34639327734, "3": 47282.51399276718, "4": 51162.10488448763}, "bleedDamage": {"1": 0.0, "2": 0.0, "3": 0.0, "4": 0.0}}