{"deaths": 14268, "totalAttacks": 200002, "damagingAttacks": 221580.75, "damageDone": {"1": 74260.98958333973, "2": 79973.37339747499, "3": 85685.75721151357, "4": 92716.38344427041}, "bleedDamage": {"1": 0.0, "2": 0.0, "3": 0.0, "4": 0.0}}