{"deaths": 14268, "totalAttacks": 200002, "damagingAttacks": 365598.75, "damageDone": {"1": 427673.07777871605, "2": 534591.3472242618, "3": 668239.1840300641, "4": 828616.5881970259}, "bleedDamage": {"1": 0.0, "2": 0.0, "3": 0.0, "4": 0.0}}