{"deaths": 14268, "totalAttacks": 100001, "damagingAttacks": 116965.125, "damageDone": {"1": 152813.97624045078, "2": 164568.8974897497, "3": 176323.81873893616, "4": 190791.41412267802}, "bleedDamage": {"1": 0.0, "2": 0.0, "3": 0.0, "4": 0.0}}