{"deaths": 11204, "totalAttacks": 131778, "damagingAttacks": 194807.25, "damageDone": {"1": 48388.75960756478, "2": 84680.32931320893, "3": 148190.57629809328, "4": 238919.50056215198}, "bleedDamage": {"1": 0.0, "2": 0.0, "3": 0.0, "4": 0.0}}