{"deaths": 14268, "totalAttacks": 400004, "damagingAttacks": 443161.5, "damageDone": {"1": 412397.1699847452, "2": 444120.0292145178, "3": 475842.8884441547, "4": 514886.40749556466}, "bleedDamage": {"1": 0.0, "2": 0.0, "3": 0.0, "4": 0.0}}