{"deaths": 14268, "totalAttacks": 200002, "damagingAttacks": 253241.5, "damageDone": {"1": 58413.666666680794, "2": 62907.02564103606, "3": 67400.38461538077, "4": 72930.67258378307}, "bleedDamage": {"1": 0.0, "2": 0.0, "3": 0.0, "4": 0.0}}