{"deaths": 14268, "totalAttacks": 400004, "damagingAttacks": 482569.5, "damageDone": {"1": 374032.52781447413, "2": 402804.26072382147, "3": 431575.9936323861, "4": 466987.35721209366}, "bleedDamage": {"1": 0.0, "2": 0.0, "3": 0.0, "4": 0.0}}