{"deaths": 11204, "totalAttacks": 100001, "damagingAttacks": 177277.0, "damageDone": {"1": 51687.104043868305, "2": 55663.03512416308, "3": 59638.966204424665, "4": 64532.41984168774}, "bleedDamage": {"1": 0.0, "2": 0.0, "3": 0.0, "4": 0.0}}