{"deaths": 11204, "totalAttacks": 100001, "damagingAttacks": 126620.75, "damageDone": {"1": 28392.519226183736, "2": 49686.90864579945, "3": 86952.09013010103, "4": 140188.06367924646}, "bleedDamage": {"1": 0.0, "2": 0.0, "3": 0.0, "4": 0.0}}