{"deaths": 11204, "totalAttacks": 100001, "damagingAttacks": 130466.875, "damageDone": {"1": 39722.136612174734, "2": 69513.73907130743, "3": 121649.04337470791, "4": 196128.04952257636}, "bleedDamage": {"1": 0.0, "2": 0.0, "3": 0.0, "4": 0.0}}