{"deaths": 14268, "totalAttacks": 400004, "damagingAttacks": 506483.0, "damageDone": {"1": 508439.18311961036, "2": 547549.8895137031, "3": 586660.5959076582, "4": 634796.8499304844}, "bleedDamage": {"1": 0.0, "2": 0.0, "3": 0.0, "4": 0.0}}