{"deaths": 14268, "totalAttacks": 100001, "damagingAttacks": 120642.375, "damageDone": {"1": 47556.38856376631, "2": 68362.30856044246, "3": 98270.81855559937, "4": 137281.91854935954}, "bleedDamage": {"1": 0.0, "2": 0.0, "3": 0.0, "4": 0.0}}