{"deaths": 14268, "totalAttacks": 200002, "damagingAttacks": 337906.75, "damageDone": {"1": 341159.6983151247, "2": 426449.62289447425, "3": 533062.0286177094, "4": 660996.915485653}, "bleedDamage": {"1": 0.0, "2": 0.0, "3": 0.0, "4": 0.0}}