{"deaths": 14268, "totalAttacks": 100001, "damagingAttacks": 126620.75, "damageDone": {"1": 108869.65767576554, "2": 176913.19372311275, "3": 287483.93979994714, "4": 440581.8959063649}, "bleedDamage": {"1": 0.0, "2": 0.0, "3": 0.0, "4": 0.0}}