{"deaths": 11204, "totalAttacks": 100001, "damagingAttacks": 177277.0, "damageDone": {"1": 46385.72086547304, "2": 92771.44173094608, "3": 185542.88346189217, "4": 324700.04605825373}, "bleedDamage": {"1": 0.0, "2": 0.0, "3": 0.0, "4": 0.0}}