{"deaths": 11204, "totalAttacks": 1031778, "damagingAttacks": 1210213.125, "damageDone": {"1": 559375.7911739431, "2": 978907.6345534216, "3": 1713088.360466721, "4": 2761917.968915842}, "bleedDamage": {"1": 0.0, "2": 0.0, "3": 0.0, "4": 0.0}, "loadoutDamage": {}}