{"deaths": 14268, "totalAttacks": 200002, "damagingAttacks": 382547.0, "damageDone": {"1": 399863.02472267166, "2": 499828.7809038279, "3": 624785.9761293676, "4": 774734.6104006751}, "bleedDamage": {"1": 0.0, "2": 0.0, "3": 0.0, "4": 0.0}}