{"deaths": {"1": 789, "2": 2074, "3": 4192}, "totalAttacks": {"1": 18392.0, "2": 6384.0, "3": 8684.0}, "damagingAttacks": {"1": 11361.5, "2": 4015.5, "3": 3258.5625}, "damageDone": {"1": {"1": 7946.975845784939, "2": 2048.5995875808376, "3": 1481.783138496677}, "2": {"1": 13907.207730122902, "2": 3585.049278266479, "3": 2593.120492369126}, "3": {"1": 24337.61352771856, "2": 6273.836236966507, "3": 4537.96086164622}, "4": {"1": 39238.1932385603, "2": 10114.960463679907, "3": 7316.304246327044}}, "bleedDamage": {"1": {"1": 0.0, "2": 0.0, "3": 0.0}, "2": {"1": 0.0, "2": 0.0, "3": 0.0}, "3": {"1": 0.0, "2": 0.0, "3": 0.0}, "4": {"1": 0.0, "2": 0.0, "3": 0.0}}}