{"deaths": 11204, "totalAttacks": 100001, "damagingAttacks": 177396.25, "damageDone": {"1": 72334.05024841681, "2": 144668.10049683362, "3": 289336.20099366724, "4": 506338.3517387839}, "bleedDamage": {"1": 0.0, "2": 0.0, "3": 0.0, "4": 0.0}}