{"deaths": 11204, "totalAttacks": 100001, "damagingAttacks": 120642.375, "damageDone": {"1": 22117.75560538951, "2": 38706.07230946035, "3": 67735.62654150373, "4": 109206.41830166547}, "bleedDamage": {"1": 0.0, "2": 0.0, "3": 0.0, "4": 0.0}}