{"deaths": 11204, "totalAttacks": 1031778, "damagingAttacks": 1885241.625, "damageDone": {"1": 591496.6863894523, "2": 1182993.3727789046, "3": 2365986.7455578092, "4": 4140476.8047151794}, "bleedDamage": {"1": 0.0, "2": 0.0, "3": 0.0, "4": 0.0}, "loadoutDamage": {}}