{"deaths": 11204, "totalAttacks": 100001, "damagingAttacks": 182799.375, "damageDone": {"1": 49311.40360925119, "2": 53104.58850226815, "3": 56897.77339529841, "4": 61566.30864819191}, "bleedDamage": {"1": 0.0, "2": 0.0, "3": 0.0, "4": 0.0}}