{"deaths": 14268, "totalAttacks": 100001, "damagingAttacks": 120642.375, "damageDone": {"1": 78623.13993452198, "2": 127762.60239346673, "3": 207614.22888948052, "4": 318178.01942244}, "bleedDamage": {"1": 0.0, "2": 0.0, "3": 0.0, "4": 0.0}}