{"deaths": 14268, "totalAttacks": 200002, "damagingAttacks": 374416.5, "damageDone": {"1": 458173.84057046205, "2": 572717.3007137171, "3": 715896.6258921298, "4": 887711.8161060942}, "bleedDamage": {"1": 0.0, "2": 0.0, "3": 0.0, "4": 0.0}}