{"deaths": 14268, "totalAttacks": 100001, "damagingAttacks": 108403.0, "damageDone": {"1": 60207.595065405694, "2": 86548.41790654158, "3": 124413.35074064138, "4": 173802.39356775343}, "bleedDamage": {"1": 0.0, "2": 0.0, "3": 0.0, "4": 0.0}}