{"deaths": 11204, "totalAttacks": 100001, "damagingAttacks": 168953.375, "damageDone": {"1": 35905.95558026108, "2": 38667.9521634055, "3": 41429.948746460956, "4": 44829.32915642747}, "bleedDamage": {"1": 0.0, "2": 0.0, "3": 0.0, "4": 0.0}}