{"deaths": 14268, "totalAttacks": 263556, "damagingAttacks": 389614.5, "damageDone": {"1": 107713.81249999671, "2": 115999.49038468882, "3": 124285.16826916578, "4": 134482.92566565642}, "bleedDamage": {"1": 0.0, "2": 0.0, "3": 0.0, "4": 0.0}}