{"deaths": 14268, "totalAttacks": 100001, "damagingAttacks": 110790.375, "damageDone": {"1": 122094.1568165544, "2": 131486.01503322003, "3": 140877.87324980713, "4": 152437.08336265362}, "bleedDamage": {"1": 0.0, "2": 0.0, "3": 0.0, "4": 0.0}}