{"deaths": 14268, "totalAttacks": 200002, "damagingAttacks": 233930.25, "damageDone": {"1": 94406.20833334733, "2": 101668.22435902625, "3": 108930.24038460483, "4": 117868.10626236214}, "bleedDamage": {"1": 0.0, "2": 0.0, "3": 0.0, "4": 0.0}}