{"deaths": 14268, "totalAttacks": 200002, "damagingAttacks": 179634.5, "damageDone": {"1": 56135.12499999719, "2": 60453.211538455624, "3": 64771.2980769128, "4": 70085.86612424818}, "bleedDamage": {"1": 0.0, "2": 0.0, "3": 0.0, "4": 0.0}}