{"deaths": 14268, "totalAttacks": 100001, "damagingAttacks": 130230.0, "damageDone": {"1": 92297.11377772392, "2": 149982.80988878853, "3": 243722.06606890043, "4": 373514.8823190226}, "bleedDamage": {"1": 0.0, "2": 0.0, "3": 0.0, "4": 0.0}}