{"deaths": 14268, "totalAttacks": 100001, "damagingAttacks": 181692.125, "damageDone": {"1": 127965.61088959439, "2": 159957.01361191177, "3": 199946.26701525284, "4": 247933.371098671}, "bleedDamage": {"1": 0.0, "2": 0.0, "3": 0.0, "4": 0.0}}