{"deaths": 14268, "totalAttacks": 100001, "damagingAttacks": 108403.0, "damageDone": {"1": 89897.54990421643, "2": 146083.51859429787, "3": 237385.71771552108, "4": 363804.1472683859}, "bleedDamage": {"1": 0.0, "2": 0.0, "3": 0.0, "4": 0.0}}