{"deaths": 14268, "totalAttacks": 400004, "damagingAttacks": 359269.0, "damageDone": {"1": 352496.4187830371, "2": 379611.52792038495, "3": 406726.63705742185, "4": 440099.0790723499}, "bleedDamage": {"1": 0.0, "2": 0.0, "3": 0.0, "4": 0.0}}