{"deaths": 14268, "totalAttacks": 131778, "damagingAttacks": 194807.25, "damageDone": {"1": 136761.52082693056, "2": 222237.47134360953, "3": 361135.8909333314, "4": 553456.7795961817}, "bleedDamage": {"1": 0.0, "2": 0.0, "3": 0.0, "4": 0.0}}