{"deaths": 14268, "totalAttacks": 200002, "damagingAttacks": 221580.75, "damageDone": {"1": 175303.86280790318, "2": 188788.77533160098, "3": 202273.68785529357, "4": 218870.50326922434}, "bleedDamage": {"1": 0.0, "2": 0.0, "3": 0.0, "4": 0.0}}