{"deaths": 10954, "totalAttacks": 100001, "damagingAttacks": 175795.375, "damageDone": {"1": 61489.280610457325, "2": 88390.84087751752, "3": 127061.83376142151, "4": 177502.2592623797}, "bleedDamage": {"1": 0.0, "2": 0.0, "3": 0.0, "4": 0.0}}