{"deaths": 10954, "totalAttacks": 100001, "damagingAttacks": 181692.125, "damageDone": {"1": 316267.4112144104, "2": 395334.2640179329, "3": 494167.8300228526, "4": 612768.1092280531}, "bleedDamage": {"1": 0.0, "2": 0.0, "3": 0.0, "4": 0.0}}