{"deaths": 7971, "totalAttacks": 100001, "damagingAttacks": 186731.375, "damageDone": {"1": 127154.88575802858, "2": 158943.6071975246, "3": 198679.50899683617, "4": 246362.59115633837}, "bleedDamage": {"1": 0.0, "2": 0.0, "3": 0.0, "4": 0.0}}