{"deaths": 10954, "totalAttacks": 200002, "damagingAttacks": 363384.25, "damageDone": {"1": 499634.47621582245, "2": 811906.0238511696, "3": 1319347.288758526, "4": 2021958.2709377585}, "bleedDamage": {"1": 0.0, "2": 0.0, "3": 0.0, "4": 0.0}}