{"deaths": 6099, "totalAttacks": 400004, "damagingAttacks": 675813.5, "damageDone": {"1": 374200.5484079315, "2": 654850.9597139242, "3": 1145989.1794995468, "4": 1847615.2077634505}, "bleedDamage": {"1": 0.0, "2": 0.0, "3": 0.0, "4": 0.0}}