{"deaths": 16348, "totalAttacks": 100001, "damagingAttacks": 130230.0, "damageDone": {"1": 2467.8895375058055, "2": 3084.861921881183, "3": 3856.0774023529457, "4": 4781.5359789170625}, "bleedDamage": {"1": 0.0, "2": 0.0, "3": 0.0, "4": 0.0}}