{"deaths": 10954, "totalAttacks": 100001, "damagingAttacks": 186731.375, "damageDone": {"1": 248264.80367426042, "2": 267362.09626437776, "3": 286459.3888547563, "4": 309963.74896596983}, "bleedDamage": {"1": 0.0, "2": 0.0, "3": 0.0, "4": 0.0}}