{"deaths": 10954, "totalAttacks": 131778, "damagingAttacks": 256131.0, "damageDone": {"1": 87944.42443636544, "2": 126420.1101270801, "3": 181728.90830777166, "4": 253870.81897833286}, "bleedDamage": {"1": 0.0, "2": 0.0, "3": 0.0, "4": 0.0}}