{"deaths": 10954, "totalAttacks": 200002, "damagingAttacks": 365598.75, "damageDone": {"1": 428062.7306805036, "2": 695601.9373561916, "3": 1130353.148204824, "4": 1732316.3632252011}, "bleedDamage": {"1": 0.0, "2": 0.0, "3": 0.0, "4": 0.0}}