{"deaths": 10954, "totalAttacks": 2063556, "damagingAttacks": 2420426.25, "damageDone": {"1": 2002244.9960582135, "2": 2878227.1818136172, "3": 4137451.573864997, "4": 5779918.172212576}, "bleedDamage": {"1": 0.0, "2": 0.0, "3": 0.0, "4": 0.0}, "loadoutDamage": {}}