{"deaths": 10954, "totalAttacks": 263556, "damagingAttacks": 389614.5, "damageDone": {"1": 63921.04371678102, "2": 91886.5003428523, "3": 132086.84424277206, "4": 184522.07541683718}, "bleedDamage": {"1": 0.0, "2": 0.0, "3": 0.0, "4": 0.0}}