{"deaths": {"1": 2027, "2": 4188, "3": 6581}, "totalAttacks": {"1": 18392.0, "2": 6384.0, "3": 8684.0}, "damagingAttacks": {"1": 11361.5, "2": 4015.5, "3": 3258.5625}, "damageDone": {"1": {"1": 1165.4029303840125, "2": 186.59300594935212, "3": 185.42038690175175}, "2": {"1": 1456.7536629800002, "2": 233.24125743668912, "3": 231.7754836271898}, "3": {"1": 1820.9420787247805, "2": 291.551571795862, "3": 289.7193545339842}, "4": {"1": 2257.968177618878, "2": 361.5239490268645, "3": 359.2519996221365}}, "bleedDamage": {"1": {"1": 0.0, "2": 0.0, "3": 0.0}, "2": {"1": 0.0, "2": 0.0, "3": 0.0}, "3": {"1": 0.0, "2": 0.0, "3": 0.0}, "4": {"1": 0.0, "2": 0.0, "3": 0.0}}}