{"deaths": 7971, "totalAttacks": 200002, "damagingAttacks": 354792.5, "damageDone": {"1": 303270.62019226846, "2": 326599.1294377264, "3": 349927.63868340536, "4": 378639.6500626302}, "bleedDamage": {"1": 0.0, "2": 0.0, "3": 0.0, "4": 0.0}}