{"deaths": 16348, "totalAttacks": 100001, "damagingAttacks": 126620.75, "damageDone": {"1": 5284.97713475921, "2": 6606.221418446899, "3": 8257.776773057798, "4": 10239.643198592406}, "bleedDamage": {"1": 0.0, "2": 0.0, "3": 0.0, "4": 0.0}}