{"deaths": 10954, "totalAttacks": 200002, "damagingAttacks": 374416.5, "damageDone": {"1": 458892.2846810453, "2": 745699.9626073117, "3": 1211762.4392372498, "4": 1857079.7145700753}, "bleedDamage": {"1": 0.0, "2": 0.0, "3": 0.0, "4": 0.0}}