{"deaths": 10954, "totalAttacks": 200002, "damagingAttacks": 351590.75, "damageDone": {"1": 366973.25987053773, "2": 596331.5472902152, "3": 969038.7643475747, "4": 1485094.9110401324}, "bleedDamage": {"1": 0.0, "2": 0.0, "3": 0.0, "4": 0.0}}