{"deaths": 8420, "totalAttacks": 100001, "damagingAttacks": 81477.125, "damageDone": {"1": 24634.267738688715, "2": 43109.96854269337, "3": 75442.44494975157, "4": 121631.69695979761}, "bleedDamage": {"1": 0.0, "2": 0.0, "3": 0.0, "4": 0.0}}