{"deaths": 8420, "totalAttacks": 1031778, "damagingAttacks": 1210213.125, "damageDone": {"1": 749458.583577814, "2": 1311552.5212641926, "3": 2295216.9122236297, "4": 3700451.756424425}, "bleedDamage": {"1": 0.0, "2": 0.0, "3": 0.0, "4": 0.0}, "loadoutDamage": {}}