{"deaths": 10954, "totalAttacks": 100001, "damagingAttacks": 168953.375, "damageDone": {"1": 227134.8306897025, "2": 283918.5383621632, "3": 354898.1729528754, "4": 440073.73446147813}, "bleedDamage": {"1": 0.0, "2": 0.0, "3": 0.0, "4": 0.0}}