{"deaths": 10954, "totalAttacks": 200002, "damagingAttacks": 260933.75, "damageDone": {"1": 40645.33206761272, "2": 58427.66484717683, "3": 83989.76821782319, "4": 117331.64217952063}, "bleedDamage": {"1": 0.0, "2": 0.0, "3": 0.0, "4": 0.0}}