{"deaths": 10954, "totalAttacks": 100001, "damagingAttacks": 182799.375, "damageDone": {"1": 280852.7697326712, "2": 351065.9621655855, "3": 438832.4527075885, "4": 544152.2413568074}, "bleedDamage": {"1": 0.0, "2": 0.0, "3": 0.0, "4": 0.0}}