{"deaths": 10954, "totalAttacks": 200002, "damagingAttacks": 260460.0, "damageDone": {"1": 144246.91362826212, "2": 207354.93834073862, "3": 298072.72386448074, "4": 416400.2701998807}, "bleedDamage": {"1": 0.0, "2": 0.0, "3": 0.0, "4": 0.0}}