{"deaths": 10954, "totalAttacks": 600006, "damagingAttacks": 1090152.75, "damageDone": {"1": 506759.3885081739, "2": 823484.0063245923, "3": 1338161.5102778615, "4": 2050791.900367187}, "bleedDamage": {"1": 0.0, "2": 0.0, "3": 0.0, "4": 0.0}}