{"deaths": 8420, "totalAttacks": 200002, "damagingAttacks": 179634.5, "damageDone": {"1": 24317.426621521216, "2": 42555.49658766928, "3": 74472.11902841125, "4": 120067.29394376701}, "bleedDamage": {"1": 0.0, "2": 0.0, "3": 0.0, "4": 0.0}}