{"deaths": 7971, "totalAttacks": 200002, "damagingAttacks": 382547.0, "damageDone": {"1": 266809.7596153004, "2": 287333.5872778854, "3": 307857.4149410017, "4": 333117.5105253812}, "bleedDamage": {"1": 0.0, "2": 0.0, "3": 0.0, "4": 0.0}}