{"deaths": {"1": 1065, "2": 2420, "3": 4286}, "totalAttacks": {"1": 36784.0, "2": 12768.0, "3": 17368.0}, "damagingAttacks": {"1": 22723.0, "2": 8031.0, "3": 6517.125}, "damageDone": {"1": {"1": 10511.574746470134, "2": 2488.353021575736, "3": 2084.696943344243}, "2": {"1": 15110.388698049033, "2": 3577.0074685148998, "3": 2996.751856057215}, "3": {"1": 21721.18375344401, "2": 5141.948235990542, "3": 4307.830793082555}, "4": {"1": 30343.959912661274, "2": 7183.175324001384, "3": 6017.933754419427}}, "bleedDamage": {"1": {"1": 0.0, "2": 0.0, "3": 0.0}, "2": {"1": 0.0, "2": 0.0, "3": 0.0}, "3": {"1": 0.0, "2": 0.0, "3": 0.0}, "4": {"1": 0.0, "2": 0.0, "3": 0.0}}}