{"deaths": 8420, "totalAttacks": 200002, "damagingAttacks": 260933.75, "damageDone": {"1": 25761.686694552915, "2": 45082.95171549163, "3": 78895.16550200942, "4": 127198.32805437199}, "bleedDamage": {"1": 0.0, "2": 0.0, "3": 0.0, "4": 0.0}}