{"deaths": 8420, "totalAttacks": 200002, "damagingAttacks": 241284.75, "damageDone": {"1": 22691.880834237407, "2": 39710.791459942535, "3": 69493.8850548421, "4": 112041.16161908438}, "bleedDamage": {"1": 0.0, "2": 0.0, "3": 0.0, "4": 0.0}}