{"deaths": 10954, "totalAttacks": 200002, "damagingAttacks": 241284.75, "damageDone": {"1": 114666.41912382309, "2": 164832.9774904933, "3": 236947.4051424962, "4": 331009.70207983395}, "bleedDamage": {"1": 0.0, "2": 0.0, "3": 0.0, "4": 0.0}}