{"deaths": 8420, "totalAttacks": 100001, "damagingAttacks": 130230.0, "damageDone": {"1": 43906.78559271572, "2": 76836.87478723603, "3": 134464.53087776192, "4": 216789.75386395474}, "bleedDamage": {"1": 0.0, "2": 0.0, "3": 0.0, "4": 0.0}}