{"deaths": 10954, "totalAttacks": 600006, "damagingAttacks": 1096796.25, "damageDone": {"1": 434167.0120237384, "2": 705521.3945382936, "3": 1146472.2661245514, "4": 1757019.6267836057}, "bleedDamage": {"1": 0.0, "2": 0.0, "3": 0.0, "4": 0.0}}