{"deaths": {"1": 1065, "2": 2420, "3": 4286}, "totalAttacks": {"1": 18392.0, "2": 6384.0, "3": 8684.0}, "damagingAttacks": {"1": 17676.0, "2": 5847.0, "3": 6829.9375}, "damageDone": {"1": {"1": 16519.62843139441, "2": 4002.704211806964, "3": 4638.971553737249}, "2": {"1": 23746.965870128406, "2": 5753.887304472373, "3": 6668.5216084966205}, "3": {"1": 34136.26343830797, "2": 8271.21300017945, "3": 9585.999812214592}, "4": {"1": 47687.521135936506, "2": 11554.68129892719, "3": 13391.406164889337}}, "bleedDamage": {"1": {"1": 0.0, "2": 0.0, "3": 0.0}, "2": {"1": 0.0, "2": 0.0, "3": 0.0}, "3": {"1": 0.0, "2": 0.0, "3": 0.0}, "4": {"1": 0.0, "2": 0.0, "3": 0.0}}}