{"deaths": 7971, "totalAttacks": 1031778, "damagingAttacks": 1885241.625, "damageDone": {"1": 2762051.8437498277, "2": 2974517.370196404, "3": 3186982.896640599, "4": 3448478.9291801564}, "bleedDamage": {"1": 0.0, "2": 0.0, "3": 0.0, "4": 0.0}, "loadoutDamage": {}}