{"deaths": 10954, "totalAttacks": 100001, "damagingAttacks": 177277.0, "damageDone": {"1": 284307.87281163916, "2": 306177.70918181346, "3": 328047.54555182334, "4": 354964.26723799604}, "bleedDamage": {"1": 0.0, "2": 0.0, "3": 0.0, "4": 0.0}}