{"deaths": 7971, "totalAttacks": 100001, "damagingAttacks": 175795.375, "damageDone": {"1": 128865.83278764706, "2": 161082.2909844242, "3": 201352.8637303424, "4": 249677.551025913}, "bleedDamage": {"1": 0.0, "2": 0.0, "3": 0.0, "4": 0.0}}