{"deaths": 6099, "totalAttacks": 400004, "damagingAttacks": 709108.0, "damageDone": {"1": 468392.10701289127, "2": 819686.187272246, "3": 1434450.8277263206, "4": 2312686.028375155}, "bleedDamage": {"1": 0.0, "2": 0.0, "3": 0.0, "4": 0.0}}