{"deaths": 10954, "totalAttacks": 600006, "damagingAttacks": 1054772.25, "damageDone": {"1": 372206.3901178569, "2": 604835.383941012, "3": 982857.4989043165, "4": 1506272.735007623}, "bleedDamage": {"1": 0.0, "2": 0.0, "3": 0.0, "4": 0.0}}