{"deaths": {"1": 378, "2": 1038, "3": 2219}, "totalAttacks": {"1": 73568.0, "2": 25536.0, "3": 34736.0}, "damagingAttacks": {"1": 70704.0, "2": 23388.0, "3": 27319.75}, "damageDone": {"1": {"1": 102729.93474935129, "2": 26709.32692219044, "3": 30832.205069949545}, "2": {"1": 179777.38581133308, "2": 46741.32211383236, "3": 53956.35887240682}, "3": {"1": 314610.42516986746, "2": 81797.31369920801, "3": 94423.62802671363}, "4": {"1": 507229.05282484525, "2": 131877.3016783193, "3": 152234.0125328667}}, "bleedDamage": {"1": {"1": 0.0, "2": 0.0, "3": 0.0}, "2": {"1": 0.0, "2": 0.0, "3": 0.0}, "3": {"1": 0.0, "2": 0.0, "3": 0.0}, "4": {"1": 0.0, "2": 0.0, "3": 0.0}}}