{"deaths": 10954, "totalAttacks": 200002, "damagingAttacks": 354554.0, "damageDone": {"1": 438994.9259930005, "2": 713366.7547390175, "3": 1159220.9764516212, "4": 1776557.5911297917}, "bleedDamage": {"1": 0.0, "2": 0.0, "3": 0.0, "4": 0.0}}