{"deaths": 6099, "totalAttacks": 400004, "damagingAttacks": 746925.5, "damageDone": {"1": 409011.798864545, "2": 715770.6480133362, "3": 1252598.6340233998, "4": 2019495.7568942923}, "bleedDamage": {"1": 0.0, "2": 0.0, "3": 0.0, "4": 0.0}}