{"deaths": 10954, "totalAttacks": 200002, "damagingAttacks": 354792.5, "damageDone": {"1": 450092.1109174876, "2": 731399.680241555, "3": 1188524.480392161, "4": 1821466.5113708158}, "bleedDamage": {"1": 0.0, "2": 0.0, "3": 0.0, "4": 0.0}}