{"deaths": 10954, "totalAttacks": 600006, "damagingAttacks": 1064377.5, "damageDone": {"1": 456510.53671944723, "2": 741829.6221681852, "3": 1205473.1360235452, "4": 1847441.0782841835}, "bleedDamage": {"1": 0.0, "2": 0.0, "3": 0.0, "4": 0.0}}