{"deaths": 7971, "totalAttacks": 100001, "damagingAttacks": 191273.5, "damageDone": {"1": 139051.64720471064, "2": 173814.55900600422, "3": 217268.19875707952, "4": 269412.56645924004}, "bleedDamage": {"1": 0.0, "2": 0.0, "3": 0.0, "4": 0.0}}