{"deaths": 2680, "totalAttacks": 4127112, "damagingAttacks": 7540966.5, "damageDone": {"1": 5340064.44249331, "2": 15799989.353487384, "3": 22808823.934225593, "4": 32821444.763836306}, "bleedDamage": {"1": 0.0, "2": 2063556.0, "3": 2063556.0, "4": 2063556.0}, "loadoutDamage": {}}