{"deaths": 10954, "totalAttacks": 263556, "damagingAttacks": 512262.0, "damageDone": {"1": 524859.8097492304, "2": 852897.1908433185, "3": 1385957.9351217253, "4": 2124042.042580854}, "bleedDamage": {"1": 0.0, "2": 0.0, "3": 0.0, "4": 0.0}}