{"deaths": 16348, "totalAttacks": 100001, "damagingAttacks": 120642.375, "damageDone": {"1": 3092.2358916621033, "2": 3865.294864577322, "3": 4831.6185807227685, "4": 5991.207040094683}, "bleedDamage": {"1": 0.0, "2": 0.0, "3": 0.0, "4": 0.0}}