{"deaths": 8420, "totalAttacks": 100001, "damagingAttacks": 130466.875, "damageDone": {"1": 40645.33206761272, "2": 71129.3311182817, "3": 124476.32945702659, "4": 200686.32708379172}, "bleedDamage": {"1": 0.0, "2": 0.0, "3": 0.0, "4": 0.0}}