{"deaths": 10954, "totalAttacks": 263556, "damagingAttacks": 389614.5, "damageDone": {"1": 209201.6683763451, "2": 300727.3982915627, "3": 432295.6350437639, "4": 603906.3786333904}, "bleedDamage": {"1": 0.0, "2": 0.0, "3": 0.0, "4": 0.0}}