{"deaths": 10954, "totalAttacks": 200002, "damagingAttacks": 233930.25, "damageDone": {"1": 51887.44853786041, "2": 74588.2072731429, "3": 107220.54795515533, "4": 149784.47058392144}, "bleedDamage": {"1": 0.0, "2": 0.0, "3": 0.0, "4": 0.0}}