{"deaths": 7971, "totalAttacks": 100001, "damagingAttacks": 177277.0, "damageDone": {"1": 154156.86349348974, "2": 192696.07936661248, "3": 240870.09920820824, "4": 298678.92301857646}, "bleedDamage": {"1": 0.0, "2": 0.0, "3": 0.0, "4": 0.0}}