{"deaths": 8420, "totalAttacks": 100001, "damagingAttacks": 126620.75, "damageDone": {"1": 50907.56901652408, "2": 89088.24577881808, "3": 155904.43011311066, "4": 251356.12201895003}, "bleedDamage": {"1": 0.0, "2": 0.0, "3": 0.0, "4": 0.0}}