{"deaths": 10954, "totalAttacks": 100001, "damagingAttacks": 181692.125, "damageDone": {"1": 83717.7197094907, "2": 120344.22208229554, "3": 172994.81924334436, "4": 241669.51119261072}, "bleedDamage": {"1": 0.0, "2": 0.0, "3": 0.0, "4": 0.0}}