{"deaths": 10954, "totalAttacks": 600006, "damagingAttacks": 1120388.25, "damageDone": {"1": 367264.6192559899, "2": 596805.0062914202, "3": 969808.1352230859, "4": 1486274.0060517092}, "bleedDamage": {"1": 0.0, "2": 0.0, "3": 0.0, "4": 0.0}}