{"deaths": {"1": 1065, "2": 2420, "3": 4286}, "totalAttacks": {"1": 110352.0, "2": 38304.0, "3": 52104.0}, "damagingAttacks": {"1": 106056.0, "2": 35082.0, "3": 40979.625}, "damageDone": {"1": {"1": 99996.47423896553, "2": 24229.135071913493, "3": 28080.5831314536}, "2": {"1": 162494.27063830078, "2": 39372.344491862576, "3": 45630.94758861203}, "3": {"1": 264053.189787277, "2": 63980.05979927402, "3": 74150.28983149648}, "4": {"1": 404673.231685748, "2": 98052.28099415639, "3": 113638.60986010726}}, "bleedDamage": {"1": {"1": 0.0, "2": 0.0, "3": 0.0}, "2": {"1": 0.0, "2": 0.0, "3": 0.0}, "3": {"1": 0.0, "2": 0.0, "3": 0.0}, "4": {"1": 0.0, "2": 0.0, "3": 0.0}}}