{"deaths": 10954, "totalAttacks": 100001, "damagingAttacks": 181692.125, "damageDone": {"1": 316267.4112144104, "2": 340595.67361519905, "3": 364923.936016546, "4": 394866.41281797166}, "bleedDamage": {"1": 0.0, "2": 0.0, "3": 0.0, "4": 0.0}}