{"deaths": 10954, "totalAttacks": 100001, "damagingAttacks": 191273.5, "damageDone": {"1": 267494.7440348437, "2": 288071.26280679373, "3": 308647.78157856484, "4": 333972.72775971825}, "bleedDamage": {"1": 0.0, "2": 0.0, "3": 0.0, "4": 0.0}}