{"deaths": 16348, "totalAttacks": 100001, "damagingAttacks": 130466.875, "damageDone": {"1": 1448.5227792804014, "2": 1810.6534741006053, "3": 2263.3168426249995, "4": 2806.512884855911}, "bleedDamage": {"1": 0.0, "2": 0.0, "3": 0.0, "4": 0.0}}