{"deaths": {"1": 1065, "2": 2420, "3": 4286}, "totalAttacks": {"1": 18392.0, "2": 6384.0, "3": 8684.0}, "damagingAttacks": {"1": 17676.0, "2": 5847.0, "3": 6829.9375}, "damageDone": {"1": {"1": 62355.72458495006, "2": 16212.211537692077, "3": 18714.74456184017}, "2": {"1": 67152.31878379219, "2": 17459.304732898796, "3": 20154.340297366743}, "3": {"1": 71948.91298264799, "2": 18706.397928105893, "3": 21593.936032893238}, "4": {"1": 77852.41353504903, "2": 20241.281860668732, "3": 23365.746168925452}}, "bleedDamage": {"1": {"1": 0.0, "2": 0.0, "3": 0.0}, "2": {"1": 0.0, "2": 0.0, "3": 0.0}, "3": {"1": 0.0, "2": 0.0, "3": 0.0}, "4": {"1": 0.0, "2": 0.0, "3": 0.0}}}