{"deaths": 16348, "totalAttacks": 100001, "damagingAttacks": 110790.375, "damageDone": {"1": 3419.6051968312413, "2": 4274.506496038167, "3": 5343.133120047921, "4": 6625.485068859116}, "bleedDamage": {"1": 0.0, "2": 0.0, "3": 0.0, "4": 0.0}}