{"deaths": 10954, "totalAttacks": 200002, "damagingAttacks": 260933.75, "damageDone": {"1": 130178.73597306173, "2": 187131.93296141317, "3": 269002.15363180416, "4": 375789.3979845174}, "bleedDamage": {"1": 0.0, "2": 0.0, "3": 0.0, "4": 0.0}}