{"deaths": 10954, "totalAttacks": 100001, "damagingAttacks": 177277.0, "damageDone": {"1": 73557.08206224328, "2": 105738.30546447122, "3": 151998.8141052309, "4": 212338.60798450166}, "bleedDamage": {"1": 0.0, "2": 0.0, "3": 0.0, "4": 0.0}}