{"deaths": 10954, "totalAttacks": 100001, "damagingAttacks": 168953.375, "damageDone": {"1": 227134.8306897025, "2": 244606.74074268978, "3": 262078.65079580963, "4": 283582.54009202035}, "bleedDamage": {"1": 0.0, "2": 0.0, "3": 0.0, "4": 0.0}}