{"deaths": 8420, "totalAttacks": 100001, "damagingAttacks": 120642.375, "damageDone": {"1": 36307.803966227446, "2": 63538.6569408219, "3": 111192.64964651325, "4": 179269.78208313536}, "bleedDamage": {"1": 0.0, "2": 0.0, "3": 0.0, "4": 0.0}}