{"deaths": 10954, "totalAttacks": 200002, "damagingAttacks": 233930.25, "damageDone": {"1": 189003.0899374311, "2": 271691.94178521604, "3": 390557.1663158017, "4": 545598.7635298952}, "bleedDamage": {"1": 0.0, "2": 0.0, "3": 0.0, "4": 0.0}}