{"deaths": 6099, "totalAttacks": 400004, "damagingAttacks": 726768.5, "damageDone": {"1": 521044.8717204835, "2": 911828.5255103963, "3": 1595699.9196437437, "4": 2572659.054119034}, "bleedDamage": {"1": 0.0, "2": 0.0, "3": 0.0, "4": 0.0}}