{"deaths": 10954, "totalAttacks": 100001, "damagingAttacks": 191273.5, "damageDone": {"1": 267494.7440348437, "2": 334368.43004350807, "3": 417960.5375549767, "4": 518271.0665677971}, "bleedDamage": {"1": 0.0, "2": 0.0, "3": 0.0, "4": 0.0}}