{"deaths": 10954, "totalAttacks": 100001, "damagingAttacks": 186731.375, "damageDone": {"1": 248264.80367426042, "2": 310331.00459259027, "3": 387913.7557411778, "4": 481013.0571186669}, "bleedDamage": {"1": 0.0, "2": 0.0, "3": 0.0, "4": 0.0}}