{"deaths": 8420, "totalAttacks": 200002, "damagingAttacks": 233930.25, "damageDone": {"1": 37402.71674076567, "2": 65454.75429631093, "3": 114545.82001849767, "4": 184675.91390736922}, "bleedDamage": {"1": 0.0, "2": 0.0, "3": 0.0, "4": 0.0}}