{"deaths": 6099, "totalAttacks": 400004, "damagingAttacks": 703181.5, "damageDone": {"1": 406332.01916012884, "2": 711081.0335303639, "3": 1244391.808677462, "4": 2006264.3446020943}, "bleedDamage": {"1": 0.0, "2": 0.0, "3": 0.0, "4": 0.0}}