{"deaths": 7971, "totalAttacks": 100001, "damagingAttacks": 182799.375, "damageDone": {"1": 150317.92859768134, "2": 187897.41074703113, "3": 234871.7634335067, "4": 291240.98665800627}, "bleedDamage": {"1": 0.0, "2": 0.0, "3": 0.0, "4": 0.0}}