{"deaths": 10954, "totalAttacks": 131778, "damagingAttacks": 256131.0, "damageDone": {"1": 354873.68267541565, "2": 443592.1033442649, "3": 554490.1291811761, "4": 687567.7601838851}, "bleedDamage": {"1": 0.0, "2": 0.0, "3": 0.0, "4": 0.0}}