{"deaths": 8420, "totalAttacks": 100001, "damagingAttacks": 110790.375, "damageDone": {"1": 41192.49524288307, "2": 72086.866675039, "3": 126152.016681337, "4": 203387.94526174228}, "bleedDamage": {"1": 0.0, "2": 0.0, "3": 0.0, "4": 0.0}}