{"deaths": 8420, "totalAttacks": 100001, "damagingAttacks": 89817.25, "damageDone": {"1": 35262.0405162794, "2": 61708.57090346102, "3": 107989.99908113274, "4": 174106.32504907472}, "bleedDamage": {"1": 0.0, "2": 0.0, "3": 0.0, "4": 0.0}}