{"deaths": 10954, "totalAttacks": 600006, "damagingAttacks": 1123249.5, "damageDone": {"1": 465436.203156814, "2": 756333.8301284345, "3": 1229042.4739591752, "4": 1883562.1346485054}, "bleedDamage": {"1": 0.0, "2": 0.0, "3": 0.0, "4": 0.0}}