{"deaths": 7971, "totalAttacks": 100001, "damagingAttacks": 187208.25, "damageDone": {"1": 161143.9930148793, "2": 201429.9912685889, "3": 251787.4890853733, "4": 312216.4864662445}, "bleedDamage": {"1": 0.0, "2": 0.0, "3": 0.0, "4": 0.0}}