{"deaths": 10954, "totalAttacks": 2063556, "damagingAttacks": 2420426.25, "damageDone": {"1": 749458.583577814, "2": 1077346.7138983582, "3": 1548685.901230312, "4": 2163476.1455746703}, "bleedDamage": {"1": 0.0, "2": 0.0, "3": 0.0, "4": 0.0}, "loadoutDamage": {}}