{"deaths": 10954, "totalAttacks": 100001, "damagingAttacks": 187208.25, "damageDone": {"1": 297791.33423503325, "2": 372239.16779357573, "3": 465298.9597425053, "4": 576970.7100803043}, "bleedDamage": {"1": 0.0, "2": 0.0, "3": 0.0, "4": 0.0}}