{"deaths": {"1": 543, "2": 1354, "3": 2589}, "totalAttacks": {"1": 36784.0, "2": 12768.0, "3": 17368.0}, "damagingAttacks": {"1": 35352.0, "2": 11694.0, "3": 13659.875}, "damageDone": {"1": {"1": 66429.99519230948, "2": 16095.98076923054, "3": 18654.587740384253}, "2": {"1": 71539.9948225002, "2": 17334.13313609447, "3": 20089.556028107683}, "3": {"1": 76649.99445266392, "2": 18572.285502958854, "3": 21524.52431582912}, "4": {"1": 82939.22476672356, "2": 20096.16533909892, "3": 23290.639131485717}}, "bleedDamage": {"1": {"1": 0.0, "2": 0.0, "3": 0.0}, "2": {"1": 0.0, "2": 0.0, "3": 0.0}, "3": {"1": 0.0, "2": 0.0, "3": 0.0}, "4": {"1": 0.0, "2": 0.0, "3": 0.0}}}