{"deaths": 6099, "totalAttacks": 400004, "damagingAttacks": 709585.0, "damageDone": {"1": 477207.5322644415, "2": 835113.1814624505, "3": 1461448.0675592406, "4": 2356212.190554937}, "bleedDamage": {"1": 0.0, "2": 0.0, "3": 0.0, "4": 0.0}}