{"deaths": 10954, "totalAttacks": 200002, "damagingAttacks": 179634.5, "damageDone": {"1": 122880.61326274414, "2": 176640.88156521012, "3": 253921.26724971808, "4": 354721.7703166082}, "bleedDamage": {"1": 0.0, "2": 0.0, "3": 0.0, "4": 0.0}}