{"deaths": 8420, "totalAttacks": 263556, "damagingAttacks": 389614.5, "damageDone": {"1": 41399.90910505193, "2": 72449.84093375895, "3": 126787.22163399374, "4": 204412.0512058839}, "bleedDamage": {"1": 0.0, "2": 0.0, "3": 0.0, "4": 0.0}}