{"deaths": 16348, "totalAttacks": 100001, "damagingAttacks": 81477.125, "damageDone": {"1": 2228.618875879477, "2": 2785.7735948492505, "3": 3482.216993561609, "4": 4317.949072017263}, "bleedDamage": {"1": 0.0, "2": 0.0, "3": 0.0, "4": 0.0}}