{"deaths": 6099, "totalAttacks": 400004, "damagingAttacks": 765094.0, "damageDone": {"1": 440692.7797471542, "2": 771212.3645573598, "3": 1349621.637975809, "4": 2175920.600002569}, "bleedDamage": {"1": 0.0, "2": 0.0, "3": 0.0, "4": 0.0}}