{"deaths": 10954, "totalAttacks": 200002, "damagingAttacks": 337906.75, "damageDone": {"1": 331337.73523140873, "2": 538423.8197514914, "3": 874938.707096899, "4": 1340882.397265737}, "bleedDamage": {"1": 0.0, "2": 0.0, "3": 0.0, "4": 0.0}}