{"deaths": 7971, "totalAttacks": 100001, "damagingAttacks": 181692.125, "damageDone": {"1": 175450.9657996699, "2": 219313.7072493822, "3": 274142.1340615482, "4": 339936.2462365649}, "bleedDamage": {"1": 0.0, "2": 0.0, "3": 0.0, "4": 0.0}}