{"deaths": {"1": 603, "2": 1564, "3": 3158}, "totalAttacks": {"1": 18392.0, "2": 6384.0, "3": 8684.0}, "damagingAttacks": {"1": 11361.5, "2": 4015.5, "3": 3258.5625}, "damageDone": {"1": {"1": 10511.574746470134, "2": 2488.353021575736, "3": 2084.696943344243}, "2": {"1": 18395.255806318997, "2": 4354.617787757398, "3": 3648.21965085235}, "3": {"1": 32191.697661060858, "2": 7620.581128575204, "3": 6384.3843889913105}, "4": {"1": 51900.900310685836, "2": 12286.243044030041, "3": 10293.191157761963}}, "bleedDamage": {"1": {"1": 0.0, "2": 0.0, "3": 0.0}, "2": {"1": 0.0, "2": 0.0, "3": 0.0}, "3": {"1": 0.0, "2": 0.0, "3": 0.0}, "4": {"1": 0.0, "2": 0.0, "3": 0.0}}}