{"deaths": 8420, "totalAttacks": 1031778, "damagingAttacks": 1885241.625, "damageDone": {"1": 3596369.930679768, "2": 3873013.7714761063, "3": 4149657.612345534, "4": 4490142.33944582}, "bleedDamage": {"1": 0.0, "2": 0.0, "3": 0.0, "4": 0.0}, "loadoutDamage": {}}