{"deaths": {"1": 585, "2": 1444, "3": 2751}, "totalAttacks": {"1": 18392.0, "2": 6384.0, "3": 8684.0}, "damagingAttacks": {"1": 17676.0, "2": 5847.0, "3": 6829.9375}, "damageDone": {"1": {"1": 34620.92341975913, "2": 8388.646062134509, "3": 9722.09995977732}, "2": {"1": 43276.154274710156, "2": 10485.807577668591, "3": 12152.624949723015}, "3": {"1": 54095.19284339982, "2": 13107.259472085716, "3": 15190.781187153261}, "4": {"1": 67078.03912578583, "2": 16253.001745386306, "3": 18836.568672069363}}, "bleedDamage": {"1": {"1": 0.0, "2": 0.0, "3": 0.0}, "2": {"1": 0.0, "2": 0.0, "3": 0.0}, "3": {"1": 0.0, "2": 0.0, "3": 0.0}, "4": {"1": 0.0, "2": 0.0, "3": 0.0}}}