{"deaths": {"1": 1065, "2": 2420, "3": 4286}, "totalAttacks": {"1": 36784.0, "2": 12768.0, "3": 17368.0}, "damagingAttacks": {"1": 35352.0, "2": 11694.0, "3": 13659.875}, "damageDone": {"1": {"1": 98590.54841978193, "2": 23888.479395467784, "3": 27685.777043110233}, "2": {"1": 160209.64118211827, "2": 38818.7790176352, "3": 44989.387695056554}, "3": {"1": 260340.66692089126, "2": 63080.51590365861, "3": 73107.75500446602}, "4": {"1": 398983.6256362123, "2": 96673.69005353833, "3": 112040.87897133999}}, "bleedDamage": {"1": {"1": 0.0, "2": 0.0, "3": 0.0}, "2": {"1": 0.0, "2": 0.0, "3": 0.0}, "3": {"1": 0.0, "2": 0.0, "3": 0.0}, "4": {"1": 0.0, "2": 0.0, "3": 0.0}}}