{"deaths": 10954, "totalAttacks": 100001, "damagingAttacks": 191273.5, "damageDone": {"1": 66349.51693066621, "2": 95377.43058778491, "3": 137105.05647003176, "4": 191532.39457717174}, "bleedDamage": {"1": 0.0, "2": 0.0, "3": 0.0, "4": 0.0}}