{"deaths": 6099, "totalAttacks": 400004, "damagingAttacks": 748833.0, "damageDone": {"1": 490605.867199794, "2": 858560.2675997614, "3": 1502480.468299324, "4": 2422366.4692986263}, "bleedDamage": {"1": 0.0, "2": 0.0, "3": 0.0, "4": 0.0}}