{"deaths": 8420, "totalAttacks": 2063556, "damagingAttacks": 2420426.25, "damageDone": {"1": 500561.2490145534, "2": 875982.1857732359, "3": 1532968.825102693, "4": 2471521.16700109}, "bleedDamage": {"1": 0.0, "2": 0.0, "3": 0.0, "4": 0.0}, "loadoutDamage": {}}