{"deaths": 10954, "totalAttacks": 100001, "damagingAttacks": 175795.375, "damageDone": {"1": 246638.21249977825, "2": 308297.7656245529, "3": 385372.20703111327, "4": 477861.5367181999}, "bleedDamage": {"1": 0.0, "2": 0.0, "3": 0.0, "4": 0.0}}