{"deaths": 10954, "totalAttacks": 200002, "damagingAttacks": 373462.75, "damageDone": {"1": 362100.96909100964, "2": 588414.0747731855, "3": 956172.8715072464, "4": 1465377.359291559}, "bleedDamage": {"1": 0.0, "2": 0.0, "3": 0.0, "4": 0.0}}