{"deaths": 10954, "totalAttacks": 200002, "damagingAttacks": 221580.75, "damageDone": {"1": 140339.47315222264, "2": 201737.99265639213, "3": 289998.3644434235, "4": 405120.5885133258}, "bleedDamage": {"1": 0.0, "2": 0.0, "3": 0.0, "4": 0.0}}