{"deaths": 10954, "totalAttacks": 200002, "damagingAttacks": 382547.0, "damageDone": {"1": 395979.56387104216, "2": 643466.7912911576, "3": 1045633.5358491971, "4": 1602479.7975413236}, "bleedDamage": {"1": 0.0, "2": 0.0, "3": 0.0, "4": 0.0}}