{"deaths": 3748, "totalAttacks": 6190668, "damagingAttacks": 11311449.75, "damageDone": {"1": 6210530.772968416, "2": 19774427.37471108, "3": 26081997.690971497, "4": 34815556.590203375}, "bleedDamage": {"1": 0.0, "2": 3095334.0, "3": 3095334.0, "4": 3095334.0}, "loadoutDamage": {}}