{"deaths": 16348, "totalAttacks": 100001, "damagingAttacks": 108403.0, "damageDone": {"1": 6906.681089630639, "2": 8633.351362037632, "3": 10791.689202547675, "4": 13381.694611157058}, "bleedDamage": {"1": 0.0, "2": 0.0, "3": 0.0, "4": 0.0}}