{"deaths": 10954, "totalAttacks": 100001, "damagingAttacks": 182799.375, "damageDone": {"1": 280852.7697326712, "2": 302456.8289427077, "3": 324060.88815288024, "4": 350650.499488567}, "bleedDamage": {"1": 0.0, "2": 0.0, "3": 0.0, "4": 0.0}}