{"deaths": {"1": 603, "2": 1564, "3": 3158}, "totalAttacks": {"1": 36784.0, "2": 12768.0, "3": 17368.0}, "damagingAttacks": {"1": 22723.0, "2": 8031.0, "3": 6517.125}, "damageDone": {"1": {"1": 7586.255149872045, "2": 1567.032508904114, "3": 1367.642971390564}, "2": {"1": 13275.94651227543, "2": 2742.306890582207, "3": 2393.375199933504}, "3": {"1": 23232.906396486607, "2": 4799.037058518986, "3": 4188.406599883848}, "4": {"1": 37457.1348024901, "2": 7737.223012713819, "3": 6752.73717124065}}, "bleedDamage": {"1": {"1": 0.0, "2": 0.0, "3": 0.0}, "2": {"1": 0.0, "2": 0.0, "3": 0.0}, "3": {"1": 0.0, "2": 0.0, "3": 0.0}, "4": {"1": 0.0, "2": 0.0, "3": 0.0}}}