{"deaths": 8420, "totalAttacks": 100001, "damagingAttacks": 116965.125, "damageDone": {"1": 51887.44853786041, "2": 90803.03494121745, "3": 158905.3111472303, "4": 256194.2771555994}, "bleedDamage": {"1": 0.0, "2": 0.0, "3": 0.0, "4": 0.0}}