{"deaths": 6099, "totalAttacks": 400004, "damagingAttacks": 731197.5, "damageDone": {"1": 462699.8868320962, "2": 809724.8019567732, "3": 1417018.403423136, "4": 2284580.691233372}, "bleedDamage": {"1": 0.0, "2": 0.0, "3": 0.0, "4": 0.0}}