{"deaths": 16348, "totalAttacks": 100001, "damagingAttacks": 89817.25, "damageDone": {"1": 4559.610777169173, "2": 5699.513471460731, "3": 7124.391839327615, "4": 8834.245880769031}, "bleedDamage": {"1": 0.0, "2": 0.0, "3": 0.0, "4": 0.0}}