{"deaths": 16348, "totalAttacks": 131778, "damagingAttacks": 194807.25, "damageDone": {"1": 4632.747252673534, "2": 5790.934065839328, "3": 7238.6675822981515, "4": 8975.947802051525}, "bleedDamage": {"1": 0.0, "2": 0.0, "3": 0.0, "4": 0.0}}