{"deaths": 7971, "totalAttacks": 131778, "damagingAttacks": 256131.0, "damageDone": {"1": 184309.05974983427, "2": 230386.32468740476, "3": 287982.9058586708, "4": 357098.8032649241}, "bleedDamage": {"1": 0.0, "2": 0.0, "3": 0.0, "4": 0.0}}