{"deaths": 10954, "totalAttacks": 200002, "damagingAttacks": 216806.0, "damageDone": {"1": 41712.419292727885, "2": 59961.602733253145, "3": 86194.80392909651, "4": 120412.02288015802}, "bleedDamage": {"1": 0.0, "2": 0.0, "3": 0.0, "4": 0.0}}