{"deaths": 10954, "totalAttacks": 6190668, "damagingAttacks": 11311449.75, "damageDone": {"1": 6210530.772968416, "2": 10092112.506020408, "3": 16399682.822272038, "4": 25133241.721539292}, "bleedDamage": {"1": 0.0, "2": 0.0, "3": 0.0, "4": 0.0}, "loadoutDamage": {}}