{"deaths": 10954, "totalAttacks": 600006, "damagingAttacks": 1147641.0, "damageDone": {"1": 401626.3312507988, "2": 652642.788281599, "3": 1060544.5309586707, "4": 1625331.559277866}, "bleedDamage": {"1": 0.0, "2": 0.0, "3": 0.0, "4": 0.0}}