{"deaths": 10954, "totalAttacks": 100001, "damagingAttacks": 186731.375, "damageDone": {"1": 60672.88964220298, "2": 87217.27886062457, "3": 125374.8383621757, "4": 175145.56814683264}, "bleedDamage": {"1": 0.0, "2": 0.0, "3": 0.0, "4": 0.0}}