{"deaths": 10954, "totalAttacks": 600006, "damagingAttacks": 1013720.25, "damageDone": {"1": 336062.69400609646, "2": 546101.8777597394, "3": 887415.5513599325, "4": 1360003.7148049283}, "bleedDamage": {"1": 0.0, "2": 0.0, "3": 0.0, "4": 0.0}}