{"deaths": 10954, "totalAttacks": 200002, "damagingAttacks": 162954.25, "damageDone": {"1": 77796.03937460425, "2": 111831.80660101697, "3": 160758.22198889832, "4": 224575.28553816085}, "bleedDamage": {"1": 0.0, "2": 0.0, "3": 0.0, "4": 0.0}}