{"deaths": 10954, "totalAttacks": 200002, "damagingAttacks": 253241.5, "damageDone": {"1": 179044.9998506742, "2": 257377.1872855767, "3": 369979.7067228195, "4": 516852.5581625956}, "bleedDamage": {"1": 0.0, "2": 0.0, "3": 0.0, "4": 0.0}}