{"deaths": {"1": 1065, "2": 2420, "3": 4286}, "totalAttacks": {"1": 18392.0, "2": 6384.0, "3": 8684.0}, "damagingAttacks": {"1": 17676.0, "2": 5847.0, "3": 6829.9375}, "damageDone": {"1": {"1": 62355.72458495006, "2": 16212.211537692077, "3": 18714.74456184017}, "2": {"1": 77944.65573119161, "2": 20265.264422114975, "3": 23393.43070230081}, "3": {"1": 97430.8196639709, "2": 25331.580527641156, "3": 29241.788377872424}, "4": {"1": 120814.21638334291, "2": 31411.159854278056, "3": 36259.81758856323}}, "bleedDamage": {"1": {"1": 0.0, "2": 0.0, "3": 0.0}, "2": {"1": 0.0, "2": 0.0, "3": 0.0}, "3": {"1": 0.0, "2": 0.0, "3": 0.0}, "4": {"1": 0.0, "2": 0.0, "3": 0.0}}}