{"deaths": 7971, "totalAttacks": 100001, "damagingAttacks": 177396.25, "damageDone": {"1": 158053.73591778064, "2": 197567.16989721166, "3": 246958.96237125402, "4": 306229.11334060633}, "bleedDamage": {"1": 0.0, "2": 0.0, "3": 0.0, "4": 0.0}}