{"deaths": 8420, "totalAttacks": 200002, "damagingAttacks": 216806.0, "damageDone": {"1": 28728.497133629604, "2": 50274.869983872224, "3": 87981.02247173764, "4": 141846.9545972674}, "bleedDamage": {"1": 0.0, "2": 0.0, "3": 0.0, "4": 0.0}}