{"deaths": 6099, "totalAttacks": 527112, "damagingAttacks": 1024524.0, "damageDone": {"1": 584648.0095960115, "2": 1023134.0167933872, "3": 1790484.529387919, "4": 2886699.54738008}, "bleedDamage": {"1": 0.0, "2": 0.0, "3": 0.0, "4": 0.0}}