{"deaths": 16348, "totalAttacks": 100001, "damagingAttacks": 116965.125, "damageDone": {"1": 10907.52761543729, "2": 13634.409519294963, "3": 17043.011899122917, "4": 21133.33475490335}, "bleedDamage": {"1": 0.0, "2": 0.0, "3": 0.0, "4": 0.0}}