{"deaths": 8420, "totalAttacks": 1031778, "damagingAttacks": 1885241.625, "damageDone": {"1": 3596369.930679768, "2": 4495462.413306809, "3": 5619328.016663895, "4": 6967966.74063986}, "bleedDamage": {"1": 0.0, "2": 0.0, "3": 0.0, "4": 0.0}, "loadoutDamage": {}}