{"deaths": 8420, "totalAttacks": 200002, "damagingAttacks": 162954.25, "damageDone": {"1": 15395.426737432572, "2": 26941.996790516932, "3": 47148.49438337197, "4": 76014.91951609492}, "bleedDamage": {"1": 0.0, "2": 0.0, "3": 0.0, "4": 0.0}}