{"deaths": 8420, "totalAttacks": 131778, "damagingAttacks": 194807.25, "damageDone": {"1": 63921.04371678102, "2": 111861.82650424677, "3": 195758.19638273615, "4": 315610.15335148113}, "bleedDamage": {"1": 0.0, "2": 0.0, "3": 0.0, "4": 0.0}}