{"deaths": 10954, "totalAttacks": 131778, "damagingAttacks": 256131.0, "damageDone": {"1": 354873.68267541565, "2": 382171.6582657491, "3": 409469.63385597663, "4": 443067.1422755863}, "bleedDamage": {"1": 0.0, "2": 0.0, "3": 0.0, "4": 0.0}}