{"deaths": 8420, "totalAttacks": 200002, "damagingAttacks": 253241.5, "damageDone": {"1": 35432.063123843, "2": 62006.11046675082, "3": 108510.69331674796, "4": 174945.81167390916}, "bleedDamage": {"1": 0.0, "2": 0.0, "3": 0.0, "4": 0.0}}