{"deaths": 8420, "totalAttacks": 1031778, "damagingAttacks": 1210213.125, "damageDone": {"1": 68308.47596153247, "2": 85385.59495165801, "3": 106731.9936896395, "4": 132347.67217554798}, "bleedDamage": {"1": 0.0, "2": 0.0, "3": 0.0, "4": 0.0}, "loadoutDamage": {}}