{"deaths": 10954, "totalAttacks": 790668, "damagingAttacks": 1536786.0, "damageDone": {"1": 532344.4415914017, "2": 865059.717585449, "3": 1405722.0410767468, "4": 2154331.412063984}, "bleedDamage": {"1": 0.0, "2": 0.0, "3": 0.0, "4": 0.0}}