{"deaths": 10954, "totalAttacks": 100001, "damagingAttacks": 177396.25, "damageDone": {"1": 289658.7204531973, "2": 311940.1604880703, "3": 334221.6005229805, "4": 361644.91133524844}, "bleedDamage": {"1": 0.0, "2": 0.0, "3": 0.0, "4": 0.0}}