{"deaths": 8420, "totalAttacks": 200002, "damagingAttacks": 260460.0, "damageDone": {"1": 28545.705009118803, "2": 49954.98376598179, "3": 87421.22159037879, "4": 140944.41848246317}, "bleedDamage": {"1": 0.0, "2": 0.0, "3": 0.0, "4": 0.0}}