{"deaths": 10954, "totalAttacks": 100001, "damagingAttacks": 187208.25, "damageDone": {"1": 297791.33423503325, "2": 320698.3599451916, "3": 343605.38565563416, "4": 371798.6480687103}, "bleedDamage": {"1": 0.0, "2": 0.0, "3": 0.0, "4": 0.0}}