{"deaths": 8420, "totalAttacks": 200002, "damagingAttacks": 221580.75, "damageDone": {"1": 27772.44310448177, "2": 48601.7754328658, "3": 85053.10700744181, "4": 137126.43782839374}, "bleedDamage": {"1": 0.0, "2": 0.0, "3": 0.0, "4": 0.0}}