{"deaths": 6099, "totalAttacks": 4127112, "damagingAttacks": 7540966.5, "damageDone": {"1": 5340064.44249331, "2": 9345112.774373595, "3": 16353947.355094563, "4": 26366568.18469467}, "bleedDamage": {"1": 0.0, "2": 0.0, "3": 0.0, "4": 0.0}, "loadoutDamage": {}}