{"deaths": 10954, "totalAttacks": 100001, "damagingAttacks": 177396.25, "damageDone": {"1": 289658.7204531973, "2": 362073.40056653216, "3": 452591.7507085961, "4": 561213.7708783289}, "bleedDamage": {"1": 0.0, "2": 0.0, "3": 0.0, "4": 0.0}}