{"deaths": {"1": 1065, "2": 2420, "3": 4286}, "totalAttacks": {"1": 36784.0, "2": 12768.0, "3": 17368.0}, "damagingAttacks": {"1": 22723.0, "2": 8031.0, "3": 6517.125}, "damageDone": {"1": {"1": 38334.79996433781, "2": 7918.515338554541, "3": 6910.9618243951445}, "2": {"1": 55106.27494873055, "2": 11382.8657991722, "3": 9934.507622568019}, "3": {"1": 79215.2702387927, "2": 16362.869586310257, "3": 14280.854707441746}, "4": {"1": 110661.78583452955, "2": 22858.52669996797, "3": 19950.003079015554}}, "bleedDamage": {"1": {"1": 0.0, "2": 0.0, "3": 0.0}, "2": {"1": 0.0, "2": 0.0, "3": 0.0}, "3": {"1": 0.0, "2": 0.0, "3": 0.0}, "4": {"1": 0.0, "2": 0.0, "3": 0.0}}}