{"deaths": 10954, "totalAttacks": 100001, "damagingAttacks": 177396.25, "damageDone": {"1": 75416.50342186776, "2": 108411.22366893162, "3": 155841.13402418722, "4": 217706.2344874123}, "bleedDamage": {"1": 0.0, "2": 0.0, "3": 0.0, "4": 0.0}}