{"deaths": 10954, "totalAttacks": 200002, "damagingAttacks": 216806.0, "damageDone": {"1": 145170.5972362914, "2": 208682.7335273539, "3": 299981.4294452088, "4": 419066.68499045284}, "bleedDamage": {"1": 0.0, "2": 0.0, "3": 0.0, "4": 0.0}}