{"deaths": 10954, "totalAttacks": 100001, "damagingAttacks": 182799.375, "damageDone": {"1": 71725.30602089525, "2": 103105.12740498135, "3": 148213.62064472042, "4": 207050.78574010462}, "bleedDamage": {"1": 0.0, "2": 0.0, "3": 0.0, "4": 0.0}}