{"deaths": 10954, "totalAttacks": 200002, "damagingAttacks": 179634.5, "damageDone": {"1": 35262.0405162794, "2": 50689.18324211438, "3": 72865.70091059315, "4": 101791.5935216331}, "bleedDamage": {"1": 0.0, "2": 0.0, "3": 0.0, "4": 0.0}}