{"deaths": 7971, "totalAttacks": 263556, "damagingAttacks": 512262.0, "damageDone": {"1": 353648.8557694087, "2": 380852.6139047429, "3": 408056.3720418663, "4": 441537.92051599786}, "bleedDamage": {"1": 0.0, "2": 0.0, "3": 0.0, "4": 0.0}}