{"deaths": 7971, "totalAttacks": 200002, "damagingAttacks": 373462.75, "damageDone": {"1": 243982.47115383673, "2": 262750.353550083, "3": 281518.23594667076, "4": 304617.1681267954}, "bleedDamage": {"1": 0.0, "2": 0.0, "3": 0.0, "4": 0.0}}