{"deaths": 10954, "totalAttacks": 100001, "damagingAttacks": 175795.375, "damageDone": {"1": 246638.21249977825, "2": 265610.38269200677, "3": 284582.55288411764, "4": 307932.91619786463}, "bleedDamage": {"1": 0.0, "2": 0.0, "3": 0.0, "4": 0.0}}