{"deaths": 8420, "totalAttacks": 100001, "damagingAttacks": 108403.0, "damageDone": {"1": 41712.419292727885, "2": 72996.73376223084, "3": 127744.2840839653, "4": 205955.0702576852}, "bleedDamage": {"1": 0.0, "2": 0.0, "3": 0.0, "4": 0.0}}