{"deaths": 10954, "totalAttacks": 100001, "damagingAttacks": 187208.25, "damageDone": {"1": 76891.04234105273, "2": 110530.8733652113, "3": 158888.13046249247, "4": 221962.8136329952}, "bleedDamage": {"1": 0.0, "2": 0.0, "3": 0.0, "4": 0.0}}