{"deaths": 7971, "totalAttacks": 100001, "damagingAttacks": 168953.375, "damageDone": {"1": 116352.11023163603, "2": 145440.13778960612, "3": 181800.1722367487, "4": 225432.21357381213}, "bleedDamage": {"1": 0.0, "2": 0.0, "3": 0.0, "4": 0.0}}