{"deaths": 10954, "totalAttacks": 100001, "damagingAttacks": 177277.0, "damageDone": {"1": 284307.87281163916, "2": 355384.8410144182, "3": 444231.0512685762, "4": 550846.5035724058}, "bleedDamage": {"1": 0.0, "2": 0.0, "3": 0.0, "4": 0.0}}