{"deaths": 10954, "totalAttacks": 600006, "damagingAttacks": 1063662.0, "damageDone": {"1": 445255.10316926416, "2": 723539.5426490017, "3": 1175751.756804263, "4": 1801891.74563691}, "bleedDamage": {"1": 0.0, "2": 0.0, "3": 0.0, "4": 0.0}}