{"deaths": 10954, "totalAttacks": 100001, "damagingAttacks": 168953.375, "damageDone": {"1": 55518.26578773383, "2": 79807.50706986005, "3": 114723.29141290793, "4": 160265.61881690382}, "bleedDamage": {"1": 0.0, "2": 0.0, "3": 0.0, "4": 0.0}}