{"deaths": {"1": 598, "2": 1147, "3": 2240}, "totalAttacks": {"1": 73568.0, "2": 25536.0, "3": 34736.0}, "damagingAttacks": {"1": 70704.0, "2": 23388.0, "3": 27319.75}, "damageDone": {"1": {"1": 62378.81026667487, "2": 15988.883866666616, "3": 16577.859833333398}, "2": {"1": 71290.06887619411, "2": 18273.010133333486, "3": 18946.125523810217}, "3": {"1": 81474.36442992883, "2": 20883.44015238061, "3": 21652.71488435335}, "4": {"1": 92931.69692788903, "2": 23820.173923809674, "3": 24697.62791496556}}, "bleedDamage": {"1": {"1": 0.0, "2": 0.0, "3": 0.0}, "2": {"1": 0.0, "2": 0.0, "3": 0.0}, "3": {"1": 0.0, "2": 0.0, "3": 0.0}, "4": {"1": 0.0, "2": 0.0, "3": 0.0}}}