{"deaths": 5624, "totalAttacks": 600006, "damagingAttacks": 1025554.0, "damageDone": {"1": 453416.68226651364, "2": 522213.7635476469, "3": 601844.816679395, "4": 692309.8416619085}, "bleedDamage": {"1": 0.0, "2": 0.0, "3": 0.0, "4": 0.0}}