{"deaths": 5624, "totalAttacks": 400004, "damagingAttacks": 467860.5, "damageDone": {"1": 186939.30706651922, "2": 233674.13383318644, "3": 292092.6672916991, "4": 362194.90744151396}, "bleedDamage": {"1": 0.0, "2": 0.0, "3": 0.0, "4": 0.0}}