{"deaths": 5624, "totalAttacks": 300003, "damagingAttacks": 415622.375, "damageDone": {"1": 363972.8591499188, "2": 420232.12639273773, "3": 485594.217940105, "4": 560059.1337916566}, "bleedDamage": {"1": 0.0, "2": 0.0, "3": 0.0, "4": 0.0}}