{"deaths": 5624, "totalAttacks": 400004, "damagingAttacks": 521867.5, "damageDone": {"1": 240693.8358998845, "2": 275078.6695998469, "3": 314375.6224000459, "4": 358584.69429977995}, "bleedDamage": {"1": 0.0, "2": 0.0, "3": 0.0, "4": 0.0}}