{"deaths": 5624, "totalAttacks": 400004, "damagingAttacks": 482569.5, "damageDone": {"1": 108806.5575333648, "2": 136008.19691664624, "3": 170010.24614584266, "4": 210812.70522067213}, "bleedDamage": {"1": 0.0, "2": 0.0, "3": 0.0, "4": 0.0}}