{"deaths": 5624, "totalAttacks": 300003, "damagingAttacks": 350895.375, "damageDone": {"1": 243303.93206644646, "2": 304129.9150832064, "3": 380162.3938539768, "4": 471401.3683790712}, "bleedDamage": {"1": 0.0, "2": 0.0, "3": 0.0, "4": 0.0}}