{"deaths": 5624, "totalAttacks": 600006, "damagingAttacks": 664742.25, "damageDone": {"1": 273179.7309999507, "2": 315691.3155359046, "3": 365147.46074623504, "4": 421548.1666319173}, "bleedDamage": {"1": 0.0, "2": 0.0, "3": 0.0, "4": 0.0}}