{"deaths": 5624, "totalAttacks": 400004, "damagingAttacks": 709108.0, "damageDone": {"1": 251253.4658666782, "2": 287146.8181333448, "3": 328167.79215220513, "4": 374316.3879237515}, "bleedDamage": {"1": 0.0, "2": 0.0, "3": 0.0, "4": 0.0}}