{"deaths": 5624, "totalAttacks": 600006, "damagingAttacks": 838767.75, "damageDone": {"1": 336493.8239998993, "2": 386613.42285716697, "3": 444405.227550955, "4": 509869.23808148364}, "bleedDamage": {"1": 0.0, "2": 0.0, "3": 0.0, "4": 0.0}}