{"deaths": {"1": 598, "2": 1147, "3": 2240}, "totalAttacks": {"1": 110352.0, "2": 38304.0, "3": 52104.0}, "damagingAttacks": {"1": 68169.0, "2": 24093.0, "3": 19551.375}, "damageDone": {"1": {"1": 44816.45123333261, "2": 10918.978199999927, "3": 7502.61015000007}, "2": {"1": 62537.5863631006, "2": 15215.495749999882, "3": 10440.95258035734}, "3": {"1": 87482.01484162806, "2": 21257.616830356797, "3": 14569.319143813618}, "4": {"1": 119649.73666893029, "2": 29045.341441071003, "3": 19887.709840369196}}, "bleedDamage": {"1": {"1": 0.0, "2": 0.0, "3": 0.0}, "2": {"1": 0.0, "2": 0.0, "3": 0.0}, "3": {"1": 0.0, "2": 0.0, "3": 0.0}, "4": {"1": 0.0, "2": 0.0, "3": 0.0}}}