{"deaths": 5624, "totalAttacks": 300003, "damagingAttacks": 451733.5, "damageDone": {"1": 294478.43226661964, "2": 340570.0492618033, "3": 394252.0003529548, "4": 455524.2855395991}, "bleedDamage": {"1": 0.0, "2": 0.0, "3": 0.0, "4": 0.0}}