{"deaths": 5624, "totalAttacks": 527112, "damagingAttacks": 779229.0, "damageDone": {"1": 293208.7031998431, "2": 335095.6608001955, "3": 382966.4694857393, "4": 436821.12925705325}, "bleedDamage": {"1": 0.0, "2": 0.0, "3": 0.0, "4": 0.0}}