{"deaths": 5624, "totalAttacks": 400004, "damagingAttacks": 443161.5, "damageDone": {"1": 152857.4393333392, "2": 191071.79916655956, "3": 238839.74895832446, "4": 296161.28870817047}, "bleedDamage": {"1": 0.0, "2": 0.0, "3": 0.0, "4": 0.0}}