{"deaths": 5624, "totalAttacks": 300003, "damagingAttacks": 356911.5, "damageDone": {"1": 485678.67510000744, "2": 491951.6199165552, "3": 499792.80093762645, "4": 509202.21816258883}, "bleedDamage": {"1": 0.0, "2": 0.0, "3": 0.0, "4": 0.0}}