{"deaths": 5624, "totalAttacks": 400004, "damagingAttacks": 443161.5, "damageDone": {"1": 188280.32199992877, "2": 215177.5108573084, "3": 245917.1552653706, "4": 280499.2552244459}, "bleedDamage": {"1": 0.0, "2": 0.0, "3": 0.0, "4": 0.0}}