{"deaths": 5624, "totalAttacks": 600006, "damagingAttacks": 723854.25, "damageDone": {"1": 102386.33676667545, "2": 142130.64567246396, "3": 197874.34239692436, "4": 269617.42693958903}, "bleedDamage": {"1": 0.0, "2": 0.0, "3": 0.0, "4": 0.0}}