{"deaths": 5624, "totalAttacks": 300003, "damagingAttacks": 548398.125, "damageDone": {"1": 113021.6043000394, "2": 141277.00537495464, "3": 176596.25671875998, "4": 218979.35833100468}, "bleedDamage": {"1": 0.0, "2": 0.0, "3": 0.0, "4": 0.0}}