{"deaths": {"1": 598, "2": 1147, "3": 2240}, "totalAttacks": {"1": 55176.0, "2": 19152.0, "3": 26052.0}, "damagingAttacks": {"1": 53028.0, "2": 17541.0, "3": 20489.8125}, "damageDone": {"1": {"1": 26809.258800001273, "2": 6514.525200000003, "3": 6406.506000000264}, "2": {"1": 33511.57350000208, "2": 8143.1564999996435, "3": 8008.132499999871}, "3": {"1": 41889.46687500048, "2": 10178.945624999968, "3": 10010.165625000163}, "4": {"1": 51942.93892499944, "2": 12621.892575000222, "3": 12412.60537499979}}, "bleedDamage": {"1": {"1": 0.0, "2": 0.0, "3": 0.0}, "2": {"1": 0.0, "2": 0.0, "3": 0.0}, "3": {"1": 0.0, "2": 0.0, "3": 0.0}, "4": {"1": 0.0, "2": 0.0, "3": 0.0}}}