{"deaths": 3474, "totalAttacks": 6190668, "damagingAttacks": 7261278.75, "damageDone": {"1": 2029024.478917432, "2": 2798717.864325451, "3": 3873307.709920843, "4": 5252794.015739456}, "bleedDamage": {"1": 0.0, "2": 0.0, "3": 0.0, "4": 0.0}, "loadoutDamage": {}}