{"deaths": {"1": 598, "2": 1147, "3": 2240}, "totalAttacks": {"1": 55176.0, "2": 19152.0, "3": 26052.0}, "damagingAttacks": {"1": 40399.0, "2": 13878.0, "3": 13347.0625}, "damageDone": {"1": {"1": 72290.75123333362, "2": 17644.882733333263, "3": 19515.22383333329}, "2": {"1": 83509.55064880374, "2": 20395.406988095252, "3": 22469.35010416664}, "3": {"1": 96553.92300488993, "2": 23596.31995960876, "3": 25887.053701637175}, "4": {"1": 111423.86830157872, "2": 27247.621647874435, "3": 29768.33462574391}}, "bleedDamage": {"1": {"1": 0.0, "2": 0.0, "3": 0.0}, "2": {"1": 0.0, "2": 0.0, "3": 0.0}, "3": {"1": 0.0, "2": 0.0, "3": 0.0}, "4": {"1": 0.0, "2": 0.0, "3": 0.0}}}