{"deaths": {"1": 225, "2": 437, "3": 1316}, "totalAttacks": {"1": 73568.0, "2": 25536.0, "3": 34736.0}, "damagingAttacks": {"1": 45446.0, "2": 16062.0, "3": 13034.25}, "damageDone": {"1": {"1": 20699.79166666697, "2": 4976.486666666777, "3": 3375.385000000051}, "2": {"1": 29571.130952379324, "2": 7109.26666666703, "3": 4821.978571428909}, "3": {"1": 42244.47278911561, "2": 10156.095238095782, "3": 6888.540816326665}, "4": {"1": 58719.81717686777, "2": 14116.972380952835, "3": 9575.071734693676}}, "bleedDamage": {"1": {"1": 0.0, "2": 0.0, "3": 0.0}, "2": {"1": 0.0, "2": 0.0, "3": 0.0}, "3": {"1": 0.0, "2": 0.0, "3": 0.0}, "4": {"1": 0.0, "2": 0.0, "3": 0.0}}}