{"deaths": 5624, "totalAttacks": 400004, "damagingAttacks": 726768.5, "damageDone": {"1": 304814.1386000755, "2": 348359.01554292574, "3": 398124.5891915895, "4": 454110.85954675125}, "bleedDamage": {"1": 0.0, "2": 0.0, "3": 0.0, "4": 0.0}}