{"deaths": 5624, "totalAttacks": 527112, "damagingAttacks": 1024524.0, "damageDone": {"1": 332446.90013353026, "2": 379939.3144381678, "3": 434216.35935785813, "4": 495278.0348922989}, "bleedDamage": {"1": 0.0, "2": 0.0, "3": 0.0, "4": 0.0}}