{"deaths": 5624, "totalAttacks": 4127112, "damagingAttacks": 4840852.5, "damageDone": {"1": 1803250.9057617371, "2": 2254063.6321911244, "3": 2817579.540249021, "4": 3493798.629904364}, "bleedDamage": {"1": 0.0, "2": 0.0, "3": 0.0, "4": 0.0}, "loadoutDamage": {}}