{"deaths": 5624, "totalAttacks": 600006, "damagingAttacks": 759724.5, "damageDone": {"1": 249620.26320010936, "2": 288465.5790001936, "3": 333656.5451786622, "4": 385193.16173576406}, "bleedDamage": {"1": 0.0, "2": 0.0, "3": 0.0, "4": 0.0}}