{"deaths": 5624, "totalAttacks": 600006, "damagingAttacks": 488862.75, "damageDone": {"1": 160577.8239999875, "2": 185566.56571443935, "3": 214637.3908163574, "4": 247790.29930633327}, "bleedDamage": {"1": 0.0, "2": 0.0, "3": 0.0, "4": 0.0}}