{"deaths": 4135, "totalAttacks": 100001, "damagingAttacks": 168953.375, "damageDone": {"1": 179212.01699991312, "2": 204813.733714311, "3": 234072.8385305152, "4": 266989.33144903515}, "bleedDamage": {"1": 0.0, "2": 0.0, "3": 0.0, "4": 0.0}}