{"deaths": 5624, "totalAttacks": 1031778, "damagingAttacks": 2046474.375, "damageDone": {"1": 2199912.791230232, "2": 2369136.8521146923, "3": 2538360.9129613484, "4": 2746636.680168956}, "bleedDamage": {"1": 0.0, "2": 0.0, "3": 0.0, "4": 0.0}, "loadoutDamage": {}}