{"deaths": 5624, "totalAttacks": 600006, "damagingAttacks": 1007859.25, "damageDone": {"1": 460264.6844497171, "2": 530473.0988663465, "3": 611825.3659295898, "4": 704321.4856401348}, "bleedDamage": {"1": 0.0, "2": 0.0, "3": 0.0, "4": 0.0}}