{"deaths": 4135, "totalAttacks": 100001, "damagingAttacks": 187208.25, "damageDone": {"1": 248202.97593327722, "2": 283660.54392374767, "3": 324183.47877002106, "4": 369771.7804719441}, "bleedDamage": {"1": 0.0, "2": 0.0, "3": 0.0, "4": 0.0}}