{"deaths": 5624, "totalAttacks": 395334, "damagingAttacks": 645745.5, "damageDone": {"1": 642143.9852667182, "2": 654810.7211665041, "3": 670644.1410413883, "4": 689644.2448914936}, "bleedDamage": {"1": 0.0, "2": 0.0, "3": 0.0, "4": 0.0}}