{"deaths": 5624, "totalAttacks": 100001, "damagingAttacks": 198744.625, "damageDone": {"1": 183385.04465011077, "2": 197491.58654619657, "3": 211598.12844214108, "4": 228960.0261607391}, "bleedDamage": {"1": 0.0, "2": 0.0, "3": 0.0, "4": 0.0}}