{"deaths": 5624, "totalAttacks": 100001, "damagingAttacks": 199657.5, "damageDone": {"1": 181394.34706667057, "2": 195347.75837952996, "3": 209301.1696923701, "4": 226474.59900041847}, "bleedDamage": {"1": 0.0, "2": 0.0, "3": 0.0, "4": 0.0}}