{"deaths": 5624, "totalAttacks": 300003, "damagingAttacks": 527386.125, "damageDone": {"1": 68499.72840001235, "2": 85624.66050000419, "3": 107030.82562496125, "4": 132718.22377494516}, "bleedDamage": {"1": 0.0, "2": 0.0, "3": 0.0, "4": 0.0}}