{"deaths": 5624, "totalAttacks": 400004, "damagingAttacks": 746925.5, "damageDone": {"1": 265940.7058332024, "2": 303932.23523809173, "3": 347351.1259866611, "4": 396197.37807792483}, "bleedDamage": {"1": 0.0, "2": 0.0, "3": 0.0, "4": 0.0}}