{"deaths": 4530, "totalAttacks": 1031778, "damagingAttacks": 1210213.125, "damageDone": {"1": 811854.6491596793, "2": 1014818.3114589474, "3": 1268522.88931516, "4": 1572968.3827579184}, "bleedDamage": {"1": 0.0, "2": 0.0, "3": 0.0, "4": 0.0}, "loadoutDamage": {}}