{"deaths": 5624, "totalAttacks": 400004, "damagingAttacks": 325908.5, "damageDone": {"1": 89851.15733331996, "2": 112313.94666666604, "3": 140392.43333330695, "4": 174086.61733326403}, "bleedDamage": {"1": 0.0, "2": 0.0, "3": 0.0, "4": 0.0}}