{"deaths": 5624, "totalAttacks": 100001, "damagingAttacks": 198554.125, "damageDone": {"1": 195797.14893333102, "2": 210858.46808208694, "3": 225919.78723088672, "4": 244456.7954137993}, "bleedDamage": {"1": 0.0, "2": 0.0, "3": 0.0, "4": 0.0}}