{"deaths": 3474, "totalAttacks": 527112, "damagingAttacks": 779229.0, "damageDone": {"1": 112022.36499994491, "2": 160031.94999989335, "3": 228617.07142857744, "4": 317777.72928563546}, "bleedDamage": {"1": 0.0, "2": 0.0, "3": 0.0, "4": 0.0}}