{"deaths": 5624, "totalAttacks": 400004, "damagingAttacks": 482569.5, "damageDone": {"1": 134021.1754000334, "2": 153167.05760013888, "3": 175048.06582862724, "4": 199664.20008570352}, "bleedDamage": {"1": 0.0, "2": 0.0, "3": 0.0, "4": 0.0}}