{"deaths": 3474, "totalAttacks": 3095334, "damagingAttacks": 4305667.875, "damageDone": {"1": 5179547.343260792, "2": 5319391.291052368, "3": 5494196.225794226, "4": 5703962.147489412}, "bleedDamage": {"1": 0.0, "2": 0.0, "3": 0.0, "4": 0.0}, "loadoutDamage": {}}