{"deaths": 5624, "totalAttacks": 600006, "damagingAttacks": 650418.0, "damageDone": {"1": 311568.88399999577, "2": 360054.49785738083, "3": 416460.57130091655, "4": 480787.104332019}, "bleedDamage": {"1": 0.0, "2": 0.0, "3": 0.0, "4": 0.0}}