{"deaths": 5624, "totalAttacks": 100001, "damagingAttacks": 198133.375, "damageDone": {"1": 223558.35606665403, "2": 240755.15268723175, "3": 257951.9493077556, "4": 279117.237455727}, "bleedDamage": {"1": 0.0, "2": 0.0, "3": 0.0, "4": 0.0}}