{"deaths": 5624, "totalAttacks": 400004, "damagingAttacks": 748833.0, "damageDone": {"1": 208458.66559997198, "2": 238238.47497144897, "3": 272272.54282431613, "4": 310560.8691590724}, "bleedDamage": {"1": 0.0, "2": 0.0, "3": 0.0, "4": 0.0}}