{"deaths": 5624, "totalAttacks": 500005, "damagingAttacks": 779006.625, "damageDone": {"1": 353753.55706661486, "2": 442191.9463333169, "3": 552739.9329164501, "4": 685397.5168165464}, "bleedDamage": {"1": 0.0, "2": 0.0, "3": 0.0, "4": 0.0}}