{"deaths": 5624, "totalAttacks": 300003, "damagingAttacks": 331907.625, "damageDone": {"1": 234110.11566669663, "2": 269603.47047613905, "3": 310679.5676870544, "4": 357338.4072994667}, "bleedDamage": {"1": 0.0, "2": 0.0, "3": 0.0, "4": 0.0}}