{"deaths": 5624, "totalAttacks": 790668, "damagingAttacks": 1168843.5, "damageDone": {"1": 425422.4435999668, "2": 491625.679500615, "3": 568643.6708036583, "4": 656476.4175110015}, "bleedDamage": {"1": 0.0, "2": 0.0, "3": 0.0, "4": 0.0}}