{"deaths": 5624, "totalAttacks": 300003, "damagingAttacks": 560194.125, "damageDone": {"1": 108024.62009988647, "2": 135030.77512496358, "3": 168788.4689062805, "4": 209297.7014437343}, "bleedDamage": {"1": 0.0, "2": 0.0, "3": 0.0, "4": 0.0}}