{"deaths": 5624, "totalAttacks": 400004, "damagingAttacks": 675813.5, "damageDone": {"1": 201593.00053327414, "2": 230392.00060952152, "3": 263305.143553539, "4": 300332.42936586094}, "bleedDamage": {"1": 0.0, "2": 0.0, "3": 0.0, "4": 0.0}}