{"deaths": 3474, "totalAttacks": 400004, "damagingAttacks": 467860.5, "damageDone": {"1": 98182.45666663448, "2": 140260.65238085925, "3": 200372.36054415736, "4": 278517.5811566178}, "bleedDamage": {"1": 0.0, "2": 0.0, "3": 0.0, "4": 0.0}}