{"deaths": 5624, "totalAttacks": 400004, "damagingAttacks": 325908.5, "damageDone": {"1": 110673.08799996634, "2": 126483.52914283834, "3": 144552.60473470768, "4": 164880.3147754305}, "bleedDamage": {"1": 0.0, "2": 0.0, "3": 0.0, "4": 0.0}}