{"deaths": 5624, "totalAttacks": 600006, "damagingAttacks": 960698.75, "damageDone": {"1": 519660.47373306233, "2": 598160.8287740672, "3": 688941.306375218, "4": 792001.9065384585}, "bleedDamage": {"1": 0.0, "2": 0.0, "3": 0.0, "4": 0.0}}