{"deaths": 5624, "totalAttacks": 131778, "damagingAttacks": 263292.75, "damageDone": {"1": 225924.251799909, "2": 243303.04040004898, "3": 260681.82900019677, "4": 282071.10727685556}, "bleedDamage": {"1": 0.0, "2": 0.0, "3": 0.0, "4": 0.0}}