{"deaths": 5624, "totalAttacks": 300003, "damagingAttacks": 244431.375, "damageDone": {"1": 126061.57399998048, "2": 157576.96749994703, "3": 196971.20937492538, "4": 244244.2996249508}, "bleedDamage": {"1": 0.0, "2": 0.0, "3": 0.0, "4": 0.0}}