{"deaths": 5624, "totalAttacks": 300003, "damagingAttacks": 420134.875, "damageDone": {"1": 267416.5643332882, "2": 275550.3512499057, "3": 285717.58489577175, "4": 297918.2652708039}, "bleedDamage": {"1": 0.0, "2": 0.0, "3": 0.0, "4": 0.0}}