{"deaths": 4530, "totalAttacks": 100001, "damagingAttacks": 130466.875, "damageDone": {"1": 58212.52319994934, "2": 72765.65400000032, "3": 90957.06750006303, "4": 112786.76370005608}, "bleedDamage": {"1": 0.0, "2": 0.0, "3": 0.0, "4": 0.0}}