{"deaths": 5624, "totalAttacks": 100001, "damagingAttacks": 197138.125, "damageDone": {"1": 143517.1781667013, "2": 154556.9611026002, "3": 165596.74403845044, "4": 179184.1691902315}, "bleedDamage": {"1": 0.0, "2": 0.0, "3": 0.0, "4": 0.0}}