{"deaths": 5624, "totalAttacks": 600006, "damagingAttacks": 944466.25, "damageDone": {"1": 317963.2450332632, "2": 365867.8955772558, "3": 421236.4000840019, "4": 484068.75855321815}, "bleedDamage": {"1": 0.0, "2": 0.0, "3": 0.0, "4": 0.0}}