{"deaths": 5624, "totalAttacks": 300003, "damagingAttacks": 325209.0, "damageDone": {"1": 226236.23816659462, "2": 282795.29770821036, "3": 353494.12213543645, "4": 438332.71144787944}, "bleedDamage": {"1": 0.0, "2": 0.0, "3": 0.0, "4": 0.0}}