{"deaths": 4530, "totalAttacks": 100001, "damagingAttacks": 89817.25, "damageDone": {"1": 36323.60939999158, "2": 45404.51175000048, "3": 56755.63968751304, "4": 70376.9932124987}, "bleedDamage": {"1": 0.0, "2": 0.0, "3": 0.0, "4": 0.0}}