{"deaths": 3474, "totalAttacks": 400004, "damagingAttacks": 482569.5, "damageDone": {"1": 44936.926666679225, "2": 64195.60952378517, "3": 91708.01360544786, "4": 127474.13891154439}, "bleedDamage": {"1": 0.0, "2": 0.0, "3": 0.0, "4": 0.0}}