{"deaths": 4530, "totalAttacks": 100001, "damagingAttacks": 108403.0, "damageDone": {"1": 51140.48723334528, "2": 63925.6090416359, "3": 79907.01130205332, "4": 99084.69401457098}, "bleedDamage": {"1": 0.0, "2": 0.0, "3": 0.0, "4": 0.0}}