{"deaths": 5624, "totalAttacks": 300003, "damagingAttacks": 394202.25, "damageDone": {"1": 329145.5923332944, "2": 380142.1645237336, "3": 439417.9046343413, "4": 506972.81266513566}, "bleedDamage": {"1": 0.0, "2": 0.0, "3": 0.0, "4": 0.0}}