{"deaths": 5624, "totalAttacks": 300003, "damagingAttacks": 506860.125, "damageDone": {"1": 77185.71269997656, "2": 96482.1408749932, "3": 120602.67609376929, "4": 149547.3183562009}, "bleedDamage": {"1": 0.0, "2": 0.0, "3": 0.0, "4": 0.0}}