{"deaths": 5624, "totalAttacks": 400004, "damagingAttacks": 520920.0, "damageDone": {"1": 176420.7656000212, "2": 220525.95699996283, "3": 275657.4462499, "4": 341815.23334982444}, "bleedDamage": {"1": 0.0, "2": 0.0, "3": 0.0, "4": 0.0}}