{"deaths": 5624, "totalAttacks": 600006, "damagingAttacks": 952778.25, "damageDone": {"1": 461490.06433300173, "2": 530903.1250594663, "3": 611103.8144876705, "4": 702092.1326181343}, "bleedDamage": {"1": 0.0, "2": 0.0, "3": 0.0, "4": 0.0}}