{"deaths": 5624, "totalAttacks": 100001, "damagingAttacks": 198028.75, "damageDone": {"1": 186367.04893341762, "2": 200702.97577440023, "3": 215038.90261531482, "4": 232683.12026589806}, "bleedDamage": {"1": 0.0, "2": 0.0, "3": 0.0, "4": 0.0}}