{"deaths": 5624, "totalAttacks": 300003, "damagingAttacks": 361927.125, "damageDone": {"1": 161349.57836660274, "2": 201686.97295823687, "3": 252108.71619799206, "4": 312614.8080852816}, "bleedDamage": {"1": 0.0, "2": 0.0, "3": 0.0, "4": 0.0}}