{"deaths": 4135, "totalAttacks": 100001, "damagingAttacks": 177396.25, "damageDone": {"1": 243443.1893999292, "2": 278220.7878856525, "3": 317966.6147264345, "4": 362680.6699222223}, "bleedDamage": {"1": 0.0, "2": 0.0, "3": 0.0, "4": 0.0}}