{"deaths": 5624, "totalAttacks": 400004, "damagingAttacks": 359269.0, "damageDone": {"1": 117886.82093338115, "2": 147358.52616666615, "3": 184198.15770833244, "4": 228405.71555825596}, "bleedDamage": {"1": 0.0, "2": 0.0, "3": 0.0, "4": 0.0}}