{"deaths": 4135, "totalAttacks": 1031778, "damagingAttacks": 1885241.625, "damageDone": {"1": 2696677.835611862, "2": 3081917.5264279353, "3": 3522191.4587589763, "4": 4017499.632633191}, "bleedDamage": {"1": 0.0, "2": 0.0, "3": 0.0, "4": 0.0}, "loadoutDamage": {}}