{"deaths": 3474, "totalAttacks": 4127112, "damagingAttacks": 4840852.5, "damageDone": {"1": 800826.5304501359, "2": 1144037.9006457871, "3": 1634339.8580651027, "4": 2271732.4027037905}, "bleedDamage": {"1": 0.0, "2": 0.0, "3": 0.0, "4": 0.0}, "loadoutDamage": {}}