{"deaths": 5624, "totalAttacks": 600006, "damagingAttacks": 538903.5, "damageDone": {"1": 128021.14446664538, "2": 178406.67436900936, "3": 249265.83408369715, "4": 340598.6236109773}, "bleedDamage": {"1": 0.0, "2": 0.0, "3": 0.0, "4": 0.0}}