{"deaths": 5624, "totalAttacks": 300003, "damagingAttacks": 379862.25, "damageDone": {"1": 197974.1798666173, "2": 247467.72483328817, "3": 309334.6560415889, "4": 383574.9734917209}, "bleedDamage": {"1": 0.0, "2": 0.0, "3": 0.0, "4": 0.0}}