{"deaths": 3474, "totalAttacks": 3095334, "damagingAttacks": 4305667.875, "damageDone": {"1": 3100779.165008054, "2": 3356546.385311836, "3": 3676255.4106970974, "4": 4059906.2411380326}, "bleedDamage": {"1": 0.0, "2": 0.0, "3": 0.0, "4": 0.0}, "loadoutDamage": {}}