{"deaths": 5624, "totalAttacks": 500005, "damagingAttacks": 768670.875, "damageDone": {"1": 187190.99503339286, "2": 233988.74379169758, "3": 292485.92973965395, "4": 362682.5528771129}, "bleedDamage": {"1": 0.0, "2": 0.0, "3": 0.0, "4": 0.0}}