{"deaths": 3474, "totalAttacks": 6190668, "damagingAttacks": 7261278.75, "damageDone": {"1": 3510819.1104035727, "2": 4145637.031304433, "3": 4904461.310045673, "4": 5787291.946642467}, "bleedDamage": {"1": 0.0, "2": 0.0, "3": 0.0, "4": 0.0}, "loadoutDamage": {}}