{"deaths": 5624, "totalAttacks": 300003, "damagingAttacks": 452266.25, "damageDone": {"1": 203335.51319994603, "2": 210767.8289998799, "3": 220058.2237499426, "4": 231206.69744987696}, "bleedDamage": {"1": 0.0, "2": 0.0, "3": 0.0, "4": 0.0}}