{"deaths": 4135, "totalAttacks": 100001, "damagingAttacks": 177396.25, "damageDone": {"1": 126412.11266663003, "2": 136136.12133335177, "3": 145860.12999997844, "4": 157828.14066665186}, "bleedDamage": {"1": 0.0, "2": 0.0, "3": 0.0, "4": 0.0}}