{"deaths": 3474, "totalAttacks": 6190668, "damagingAttacks": 9961392.75, "damageDone": {"1": 4654894.312019231, "2": 5379812.334190626, "3": 6223273.353989833, "4": 7185277.371348017}, "bleedDamage": {"1": 0.0, "2": 0.0, "3": 0.0, "4": 0.0}, "loadoutDamage": {}}