{"deaths": {"1": 598, "2": 1147, "3": 2240}, "totalAttacks": {"1": 110352.0, "2": 38304.0, "3": 52104.0}, "damagingAttacks": {"1": 68169.0, "2": 24093.0, "3": 19551.375}, "damageDone": {"1": {"1": 69867.91789999543, "2": 18010.79940000044, "3": 13027.48425}, "2": {"1": 80740.59826784684, "2": 20813.597464285835, "3": 15054.790580356988}, "3": {"1": 93389.40599808634, "2": 24074.251932397845, "3": 17413.271388711648}, "4": {"1": 107814.34109069538, "2": 27792.76280433664, "3": 20102.926675063743}}, "bleedDamage": {"1": {"1": 0.0, "2": 0.0, "3": 0.0}, "2": {"1": 0.0, "2": 0.0, "3": 0.0}, "3": {"1": 0.0, "2": 0.0, "3": 0.0}, "4": {"1": 0.0, "2": 0.0, "3": 0.0}}}