{"deaths": {"1": 598, "2": 1147, "3": 2240}, "totalAttacks": {"1": 73568.0, "2": 25536.0, "3": 34736.0}, "damagingAttacks": {"1": 45446.0, "2": 16062.0, "3": 13034.25}, "damageDone": {"1": {"1": 39094.52206666762, "2": 10077.924400000085, "3": 7289.515500000111}, "2": {"1": 48868.15258333144, "2": 12597.405500000088, "3": 9111.894374999974}, "3": {"1": 61085.19072916732, "2": 15746.756875000396, "3": 11389.86796875054}, "4": {"1": 75745.63650417197, "2": 19525.97852500001, "3": 14123.436281250395}}, "bleedDamage": {"1": {"1": 0.0, "2": 0.0, "3": 0.0}, "2": {"1": 0.0, "2": 0.0, "3": 0.0}, "3": {"1": 0.0, "2": 0.0, "3": 0.0}, "4": {"1": 0.0, "2": 0.0, "3": 0.0}}}