{"deaths": 5624, "totalAttacks": 300003, "damagingAttacks": 331907.625, "damageDone": {"1": 400507.15733357565, "2": 405288.2800000246, "3": 411264.6833333095, "4": 418436.367333385}, "bleedDamage": {"1": 0.0, "2": 0.0, "3": 0.0, "4": 0.0}}