{"deaths": 5624, "totalAttacks": 400004, "damagingAttacks": 703181.5, "damageDone": {"1": 187259.6066667084, "2": 214010.97904774663, "3": 244583.9760543115, "4": 278978.5976869694}, "bleedDamage": {"1": 0.0, "2": 0.0, "3": 0.0, "4": 0.0}}