{"deaths": {"1": 598, "2": 1147, "3": 2240}, "totalAttacks": {"1": 55176.0, "2": 19152.0, "3": 26052.0}, "damagingAttacks": {"1": 34084.5, "2": 12046.5, "3": 9775.6875}, "damageDone": {"1": {"1": 50364.64706666902, "2": 13674.299400000045, "3": 10217.953000000192}, "2": {"1": 62955.80883333241, "2": 17092.874250000084, "3": 12772.441250000044}, "3": {"1": 78694.76104166341, "2": 21366.092812500316, "3": 15965.551562500683}, "4": {"1": 97581.50369166705, "2": 26493.955087500366, "3": 19797.283937500357}}, "bleedDamage": {"1": {"1": 0.0, "2": 0.0, "3": 0.0}, "2": {"1": 0.0, "2": 0.0, "3": 0.0}, "3": {"1": 0.0, "2": 0.0, "3": 0.0}, "4": {"1": 0.0, "2": 0.0, "3": 0.0}}}