{"deaths": 4530, "totalAttacks": 100001, "damagingAttacks": 110790.375, "damageDone": {"1": 46472.62555003794, "2": 58090.78193747469, "3": 72613.47742186877, "4": 90040.71200310499}, "bleedDamage": {"1": 0.0, "2": 0.0, "3": 0.0, "4": 0.0}}