{"deaths": 3474, "totalAttacks": 6190668, "damagingAttacks": 9961392.75, "damageDone": {"1": 4212520.196267944, "2": 4947581.129426745, "3": 5820968.850751413, "4": 6832683.360271728}, "bleedDamage": {"1": 0.0, "2": 0.0, "3": 0.0, "4": 0.0}, "loadoutDamage": {}}