{"deaths": 5624, "totalAttacks": 600006, "damagingAttacks": 723854.25, "damageDone": {"1": 194454.0367000443, "2": 224714.5146250416, "3": 259918.25042406947, "4": 300065.2440974316}, "bleedDamage": {"1": 0.0, "2": 0.0, "3": 0.0, "4": 0.0}}