{"deaths": 5624, "totalAttacks": 300003, "damagingAttacks": 573820.5, "damageDone": {"1": 104786.94120004083, "2": 130983.67649999898, "3": 163729.5956249694, "4": 203024.69857480796}, "bleedDamage": {"1": 0.0, "2": 0.0, "3": 0.0, "4": 0.0}}