{"deaths": 5624, "totalAttacks": 100001, "damagingAttacks": 199024.75, "damageDone": {"1": 144718.17000004472, "2": 155850.3369230974, "3": 166982.5038461786, "4": 180683.63236688424}, "bleedDamage": {"1": 0.0, "2": 0.0, "3": 0.0, "4": 0.0}}