{"deaths": 5624, "totalAttacks": 3095334, "damagingAttacks": 3630639.375, "damageDone": {"1": 2364684.1557614207, "2": 2955855.1946839187, "3": 3694818.993379434, "4": 4581575.55177821}, "bleedDamage": {"1": 0.0, "2": 0.0, "3": 0.0, "4": 0.0}, "loadoutDamage": {}}