{"deaths": 4135, "totalAttacks": 100001, "damagingAttacks": 181692.125, "damageDone": {"1": 136481.3382833113, "2": 146979.9027667321, "3": 157478.4672500009, "4": 170399.77738330857}, "bleedDamage": {"1": 0.0, "2": 0.0, "3": 0.0, "4": 0.0}}