{"deaths": 4135, "totalAttacks": 100001, "damagingAttacks": 182799.375, "damageDone": {"1": 124051.74881664923, "2": 133594.19103333374, "3": 143136.63324996852, "4": 154881.1775165597}, "bleedDamage": {"1": 0.0, "2": 0.0, "3": 0.0, "4": 0.0}}