{"deaths": 5624, "totalAttacks": 4127112, "damagingAttacks": 7540966.5, "damageDone": {"1": 2968645.0816799095, "2": 3392737.2361707995, "3": 3877413.9842215753, "4": 4422675.325760858}, "bleedDamage": {"1": 0.0, "2": 0.0, "3": 0.0, "4": 0.0}, "loadoutDamage": {}}