{"deaths": 4135, "totalAttacks": 100001, "damagingAttacks": 175795.375, "damageDone": {"1": 198486.35121662804, "2": 226841.54424746963, "3": 259247.47913989692, "4": 295704.1558938764}, "bleedDamage": {"1": 0.0, "2": 0.0, "3": 0.0, "4": 0.0}}