{"deaths": 3474, "totalAttacks": 400004, "damagingAttacks": 433612.0, "damageDone": {"1": 92293.82499996005, "2": 131848.32142848696, "3": 188354.74489783257, "4": 261813.09540817174}, "bleedDamage": {"1": 0.0, "2": 0.0, "3": 0.0, "4": 0.0}}