{"deaths": 5624, "totalAttacks": 600006, "damagingAttacks": 759724.5, "damageDone": {"1": 136836.5623999945, "2": 190172.00642846612, "3": 265038.29864791845, "4": 361435.4390581729}, "bleedDamage": {"1": 0.0, "2": 0.0, "3": 0.0, "4": 0.0}}