{"deaths": 5624, "totalAttacks": 300003, "damagingAttacks": 404380.125, "damageDone": {"1": 310279.94974995794, "2": 358091.5655356922, "3": 413604.88931765594, "4": 476819.92109577334}, "bleedDamage": {"1": 0.0, "2": 0.0, "3": 0.0, "4": 0.0}}