{"deaths": 5624, "totalAttacks": 300003, "damagingAttacks": 359287.125, "damageDone": {"1": 207632.53233312748, "2": 212413.65499981728, "3": 218390.05833329677, "4": 225561.74233326793}, "bleedDamage": {"1": 0.0, "2": 0.0, "3": 0.0, "4": 0.0}}