{"deaths": 5624, "totalAttacks": 300003, "damagingAttacks": 414391.5, "damageDone": {"1": 320841.4256664085, "2": 330118.2299996188, "3": 341714.23541677237, "4": 355629.4419167594}, "bleedDamage": {"1": 0.0, "2": 0.0, "3": 0.0, "4": 0.0}}