{"deaths": 4135, "totalAttacks": 100001, "damagingAttacks": 181692.125, "damageDone": {"1": 270239.37428327266, "2": 308844.9991810177, "3": 352965.7133497634, "4": 402601.5167890919}, "bleedDamage": {"1": 0.0, "2": 0.0, "3": 0.0, "4": 0.0}}