{"deaths": 5624, "totalAttacks": 300003, "damagingAttacks": 394202.25, "damageDone": {"1": 504607.633999987, "2": 513884.43833319837, "3": 525480.4437500959, "4": 539395.6502501881}, "bleedDamage": {"1": 0.0, "2": 0.0, "3": 0.0, "4": 0.0}}