{"deaths": {"1": 598, "2": 1147, "3": 2240}, "totalAttacks": {"1": 55176.0, "2": 19152.0, "3": 26052.0}, "damagingAttacks": {"1": 41095.5, "2": 14354.0, "3": 14900.8125}, "damageDone": {"1": {"1": 59520.27206666906, "2": 16225.54940000012, "3": 18078.827999999947}, "2": {"1": 61600.55362500066, "2": 16761.811749999615, "3": 18466.714687500098}, "3": {"1": 64200.90557292776, "2": 17432.139687500203, "3": 18951.573046875405}, "4": {"1": 67321.3279104204, "2": 18236.53321250005, "3": 19533.403078125502}}, "bleedDamage": {"1": {"1": 0.0, "2": 0.0, "3": 0.0}, "2": {"1": 0.0, "2": 0.0, "3": 0.0}, "3": {"1": 0.0, "2": 0.0, "3": 0.0}, "4": {"1": 0.0, "2": 0.0, "3": 0.0}}}