{"deaths": 5624, "totalAttacks": 6190668, "damagingAttacks": 7261278.75, "damageDone": {"1": 3047126.0203539045, "2": 3542362.8580237688, "3": 4123331.0954822595, "4": 4790030.732729763}, "bleedDamage": {"1": 0.0, "2": 0.0, "3": 0.0, "4": 0.0}, "loadoutDamage": {}}