{"deaths": 5624, "totalAttacks": 500005, "damagingAttacks": 821127.875, "damageDone": {"1": 300271.93445008487, "2": 375339.9180625254, "3": 469174.89757821703, "4": 581776.872996725}, "bleedDamage": {"1": 0.0, "2": 0.0, "3": 0.0, "4": 0.0}}