{"deaths": 4135, "totalAttacks": 100001, "damagingAttacks": 191273.5, "damageDone": {"1": 214175.11133314675, "2": 244771.5558095172, "3": 279738.92092487554, "4": 319077.20668011985}, "bleedDamage": {"1": 0.0, "2": 0.0, "3": 0.0, "4": 0.0}}