{"deaths": 5624, "totalAttacks": 300003, "damagingAttacks": 417080.125, "damageDone": {"1": 433152.54711660196, "2": 438942.3167082838, "3": 446179.52869792475, "4": 454864.1830856471}, "bleedDamage": {"1": 0.0, "2": 0.0, "3": 0.0, "4": 0.0}}