{"deaths": 4135, "totalAttacks": 131778, "damagingAttacks": 256131.0, "damageDone": {"1": 159935.39206672017, "2": 172238.11453327644, "3": 184540.83699999304, "4": 199682.6492665074}, "bleedDamage": {"1": 0.0, "2": 0.0, "3": 0.0, "4": 0.0}}