{"deaths": 5624, "totalAttacks": 400004, "damagingAttacks": 506483.0, "damageDone": {"1": 172042.71839997725, "2": 196620.24959997993, "3": 224708.85668575528, "4": 256308.5396570317}, "bleedDamage": {"1": 0.0, "2": 0.0, "3": 0.0, "4": 0.0}}