{"deaths": 5624, "totalAttacks": 395334, "damagingAttacks": 584421.75, "damageDone": {"1": 328210.42276619805, "2": 410263.02845851827, "3": 512828.7855727191, "4": 635907.6941104707}, "bleedDamage": {"1": 0.0, "2": 0.0, "3": 0.0, "4": 0.0}}