{"deaths": 4135, "totalAttacks": 100001, "damagingAttacks": 191273.5, "damageDone": {"1": 120393.59453327635, "2": 129654.64026661629, "3": 138915.68599989268, "4": 150313.8961332466}, "bleedDamage": {"1": 0.0, "2": 0.0, "3": 0.0, "4": 0.0}}