{"deaths": 5624, "totalAttacks": 300003, "damagingAttacks": 432063.625, "damageDone": {"1": 307973.5570664538, "2": 317920.89424986177, "3": 330355.0657290982, "4": 345276.07150409976}, "bleedDamage": {"1": 0.0, "2": 0.0, "3": 0.0, "4": 0.0}}