{"deaths": 5624, "totalAttacks": 300003, "damagingAttacks": 561624.75, "damageDone": {"1": 72795.56220003139, "2": 90994.45275000541, "3": 113743.06593747032, "4": 141041.40176239988}, "bleedDamage": {"1": 0.0, "2": 0.0, "3": 0.0, "4": 0.0}}