{"deaths": {"1": 394, "2": 824, "3": 1690}, "totalAttacks": {"1": 18392.0, "2": 6384.0, "3": 8684.0}, "damagingAttacks": {"1": 17676.0, "2": 5847.0, "3": 6829.9375}, "damageDone": {"1": {"1": 26856.56739999436, "2": 7315.0861333333305, "3": 8441.417616666824}, "2": {"1": 28922.457199995126, "2": 7877.785066667034, "3": 9090.757433333296}, "3": {"1": 30988.347000002384, "2": 8440.484000000222, "3": 9740.097250000019}, "4": {"1": 33530.98060000035, "2": 9133.03653333345, "3": 10539.284716666398}}, "bleedDamage": {"1": {"1": 0.0, "2": 0.0, "3": 0.0}, "2": {"1": 0.0, "2": 0.0, "3": 0.0}, "3": {"1": 0.0, "2": 0.0, "3": 0.0}, "4": {"1": 0.0, "2": 0.0, "3": 0.0}}}