{"deaths": 5624, "totalAttacks": 5158890, "damagingAttacks": 8076151.125, "damageDone": {"1": 3060762.8953537317, "2": 3825953.6191566433, "3": 4782442.023957398, "4": 5930228.109706753}, "bleedDamage": {"1": 0.0, "2": 0.0, "3": 0.0, "4": 0.0}, "loadoutDamage": {}}