{"deaths": 5624, "totalAttacks": 790668, "damagingAttacks": 1168843.5, "damageDone": {"1": 248170.99019983225, "2": 345482.31749973574, "3": 482236.58223208546, "4": 658433.7843962283}, "bleedDamage": {"1": 0.0, "2": 0.0, "3": 0.0, "4": 0.0}}