{"deaths": 5624, "totalAttacks": 395334, "damagingAttacks": 652907.25, "damageDone": {"1": 321689.318600012, "2": 334356.05449995794, "3": 350189.4743749418, "4": 369189.5782250145}, "bleedDamage": {"1": 0.0, "2": 0.0, "3": 0.0, "4": 0.0}}