{"deaths": 5624, "totalAttacks": 300003, "damagingAttacks": 390690.0, "damageDone": {"1": 237828.49476673602, "2": 297285.6184581217, "3": 371607.0230728287, "4": 460792.7086100928}, "bleedDamage": {"1": 0.0, "2": 0.0, "3": 0.0, "4": 0.0}}