{"deaths": 5624, "totalAttacks": 300003, "damagingAttacks": 440449.75, "damageDone": {"1": 512840.47153329145, "2": 520272.78733312443, "3": 529563.1820833631, "4": 540711.655783311}, "bleedDamage": {"1": 0.0, "2": 0.0, "3": 0.0, "4": 0.0}}