{"deaths": 5624, "totalAttacks": 3095334, "damagingAttacks": 5655724.875, "damageDone": {"1": 1591119.0159679279, "2": 1988898.769956543, "3": 2486123.462444978, "4": 3082793.0934153125}, "bleedDamage": {"1": 0.0, "2": 0.0, "3": 0.0, "4": 0.0}, "loadoutDamage": {}}