{"deaths": 5624, "totalAttacks": 100001, "damagingAttacks": 197585.5, "damageDone": {"1": 236520.83606667054, "2": 254714.74653338644, "3": 272908.6570000183, "4": 295301.16218970856}, "bleedDamage": {"1": 0.0, "2": 0.0, "3": 0.0, "4": 0.0}}