{"deaths": 5624, "totalAttacks": 300003, "damagingAttacks": 545076.375, "damageDone": {"1": 131111.45340004063, "2": 163889.31674993873, "3": 204861.64593745934, "4": 254028.4409623914}, "bleedDamage": {"1": 0.0, "2": 0.0, "3": 0.0, "4": 0.0}}