{"deaths": 5624, "totalAttacks": 500005, "damagingAttacks": 711465.5, "damageDone": {"1": 270369.4459333548, "2": 337961.8074164631, "3": 422452.2592708707, "4": 523840.8014957446}, "bleedDamage": {"1": 0.0, "2": 0.0, "3": 0.0, "4": 0.0}}