{"deaths": 5624, "totalAttacks": 300003, "damagingAttacks": 269451.75, "damageDone": {"1": 159424.65426670614, "2": 199280.81783325083, "3": 249101.02229160492, "4": 308885.26764160296}, "bleedDamage": {"1": 0.0, "2": 0.0, "3": 0.0, "4": 0.0}}