{"deaths": 4530, "totalAttacks": 100001, "damagingAttacks": 120642.375, "damageDone": {"1": 37366.71120002013, "2": 46708.388999959716, "3": 58385.48625000572, "4": 72398.00295000692}, "bleedDamage": {"1": 0.0, "2": 0.0, "3": 0.0, "4": 0.0}}