{"deaths": 5624, "totalAttacks": 400004, "damagingAttacks": 467860.5, "damageDone": {"1": 230260.25479990127, "2": 263154.5769144158, "3": 300748.0879022148, "4": 343040.787763215}, "bleedDamage": {"1": 0.0, "2": 0.0, "3": 0.0, "4": 0.0}}