{"deaths": 5624, "totalAttacks": 400004, "damagingAttacks": 521867.5, "damageDone": {"1": 195409.92403326844, "2": 244262.40504170285, "3": 305328.0063019261, "4": 378606.7278145193}, "bleedDamage": {"1": 0.0, "2": 0.0, "3": 0.0, "4": 0.0}}