{"deaths": 4135, "totalAttacks": 100001, "damagingAttacks": 175795.375, "damageDone": {"1": 110862.2339499813, "2": 119390.09810003363, "3": 127917.96224991638, "4": 138413.79504995173}, "bleedDamage": {"1": 0.0, "2": 0.0, "3": 0.0, "4": 0.0}}