{"deaths": {"1": 598, "2": 1147, "3": 2240}, "totalAttacks": {"1": 91960.0, "2": 31920.0, "3": 43420.0}, "damagingAttacks": {"1": 75751.0, "2": 25572.0, "3": 27006.9375}, "damageDone": {"1": {"1": 72519.5429000048, "2": 17744.966066667344, "3": 16892.796749999976}, "2": {"1": 90649.42862499751, "2": 22181.20758333351, "3": 21115.99593750022}, "3": {"1": 113311.78578124545, "2": 27726.509479167074, "3": 26394.994921875754}, "4": {"1": 140506.61436875063, "2": 34380.87175416731, "3": 32729.793703124375}}, "bleedDamage": {"1": {"1": 0.0, "2": 0.0, "3": 0.0}, "2": {"1": 0.0, "2": 0.0, "3": 0.0}, "3": {"1": 0.0, "2": 0.0, "3": 0.0}, "4": {"1": 0.0, "2": 0.0, "3": 0.0}}}