{"deaths": 3474, "totalAttacks": 3095334, "damagingAttacks": 4466900.625, "damageDone": {"1": 3443787.905831665, "2": 3754756.684473558, "3": 4143467.657779342, "4": 4609920.8257434685}, "bleedDamage": {"1": 0.0, "2": 0.0, "3": 0.0, "4": 0.0}, "loadoutDamage": {}}