{"deaths": 4135, "totalAttacks": 131778, "damagingAttacks": 256131.0, "damageDone": {"1": 283883.10519973206, "2": 324437.83451433, "3": 370786.09658789885, "4": 422927.8914203222}, "bleedDamage": {"1": 0.0, "2": 0.0, "3": 0.0, "4": 0.0}}