{"deaths": 5624, "totalAttacks": 600006, "damagingAttacks": 782801.25, "damageDone": {"1": 219687.43091654728, "2": 306411.99262785935, "3": 428447.42504508904, "4": 585793.7281683636}, "bleedDamage": {"1": 0.0, "2": 0.0, "3": 0.0, "4": 0.0}}