{"deaths": 5624, "totalAttacks": 600006, "damagingAttacks": 782801.25, "damageDone": {"1": 349227.5594500666, "2": 403573.5274379451, "3": 466797.28429704637, "4": 538898.830028328}, "bleedDamage": {"1": 0.0, "2": 0.0, "3": 0.0, "4": 0.0}}