{"deaths": 5624, "totalAttacks": 600006, "damagingAttacks": 781380.0, "damageDone": {"1": 190328.28319985044, "2": 265192.0982141154, "3": 370464.04307386244, "4": 506144.1177790278}, "bleedDamage": {"1": 0.0, "2": 0.0, "3": 0.0, "4": 0.0}}