{"deaths": 5624, "totalAttacks": 600006, "damagingAttacks": 701790.75, "damageDone": {"1": 334089.26540006005, "2": 386079.4478216204, "3": 446562.5852869758, "4": 515538.6777969122}, "bleedDamage": {"1": 0.0, "2": 0.0, "3": 0.0, "4": 0.0}}