{"deaths": 4530, "totalAttacks": 100001, "damagingAttacks": 81477.125, "damageDone": {"1": 28915.787333335607, "2": 36144.73416665314, "3": 45180.917708339584, "4": 56024.337958336975}, "bleedDamage": {"1": 0.0, "2": 0.0, "3": 0.0, "4": 0.0}}