{"deaths": 4530, "totalAttacks": 100001, "damagingAttacks": 130230.0, "damageDone": {"1": 54155.165566655196, "2": 67693.95695831021, "3": 84617.44619792096, "4": 104925.6332854243}, "bleedDamage": {"1": 0.0, "2": 0.0, "3": 0.0, "4": 0.0}}