{"deaths": 3474, "totalAttacks": 3095334, "damagingAttacks": 4305667.875, "damageDone": {"1": 3940552.9501912366, "2": 4636761.419653862, "3": 5465746.3253019145, "4": 6427507.667159355}, "bleedDamage": {"1": 0.0, "2": 0.0, "3": 0.0, "4": 0.0}, "loadoutDamage": {}}