{"deaths": 5624, "totalAttacks": 300003, "damagingAttacks": 447665.125, "damageDone": {"1": 458993.95528340456, "2": 469392.02743752254, "3": 482389.6176301347, "4": 497986.72586138756}, "bleedDamage": {"1": 0.0, "2": 0.0, "3": 0.0, "4": 0.0}}