{"deaths": 4135, "totalAttacks": 100001, "damagingAttacks": 186731.375, "damageDone": {"1": 112865.41066671252, "2": 121547.3653333131, "3": 130229.31999991264, "4": 140914.80266651543}, "bleedDamage": {"1": 0.0, "2": 0.0, "3": 0.0, "4": 0.0}}