{"deaths": 5624, "totalAttacks": 658890, "damagingAttacks": 1158007.5, "damageDone": {"1": 358751.36026641465, "2": 448439.20033318334, "3": 560549.0004167914, "4": 695080.7605168172}, "bleedDamage": {"1": 0.0, "2": 0.0, "3": 0.0, "4": 0.0}}