{"deaths": {"1": 598, "2": 1147, "3": 2240}, "totalAttacks": {"1": 110352.0, "2": 38304.0, "3": 52104.0}, "damagingAttacks": {"1": 93427.0, "2": 31419.0, "3": 33836.875}, "damageDone": {"1": {"1": 106524.54290000797, "2": 27316.466066667825, "3": 27650.192583334003}, "2": {"1": 122633.88398214713, "2": 31448.645083332107, "3": 31766.457247023805}, "3": {"1": 141267.44681442805, "2": 36228.592068451595, "3": 36512.31900775857}, "4": {"1": 162425.23139681184, "2": 41656.30702202485, "3": 41887.7778655402}}, "bleedDamage": {"1": {"1": 0.0, "2": 0.0, "3": 0.0}, "2": {"1": 0.0, "2": 0.0, "3": 0.0}, "3": {"1": 0.0, "2": 0.0, "3": 0.0}, "4": {"1": 0.0, "2": 0.0, "3": 0.0}}}