{"deaths": {"1": 598, "2": 1147, "3": 2240}, "totalAttacks": {"1": 55176.0, "2": 19152.0, "3": 26052.0}, "damagingAttacks": {"1": 40399.0, "2": 13878.0, "3": 13347.0625}, "damageDone": {"1": {"1": 107642.75123333182, "2": 29197.882733333623, "3": 32769.80716666738}, "2": {"1": 109723.03279165977, "2": 29734.14508333427, "3": 33157.69385416774}, "3": {"1": 112323.38473958158, "2": 30404.473020833804, "3": 33642.55221354177}, "4": {"1": 115443.8070770787, "2": 31208.866545833807, "3": 34224.3822447916}}, "bleedDamage": {"1": {"1": 0.0, "2": 0.0, "3": 0.0}, "2": {"1": 0.0, "2": 0.0, "3": 0.0}, "3": {"1": 0.0, "2": 0.0, "3": 0.0}, "4": {"1": 0.0, "2": 0.0, "3": 0.0}}}