{"deaths": 5624, "totalAttacks": 3095334, "damagingAttacks": 4305667.875, "damageDone": {"1": 3321427.6349285566, "2": 3855850.417546857, "3": 4481602.592076751, "4": 5198684.1585308425}, "bleedDamage": {"1": 0.0, "2": 0.0, "3": 0.0, "4": 0.0}, "loadoutDamage": {}}