{"deaths": 5624, "totalAttacks": 3095334, "damagingAttacks": 4466900.625, "damageDone": {"1": 2812619.801598198, "2": 2952463.7493727887, "3": 3127268.6841202597, "4": 3337034.6058245786}, "bleedDamage": {"1": 0.0, "2": 0.0, "3": 0.0, "4": 0.0}, "loadoutDamage": {}}