{"deaths": 5624, "totalAttacks": 600006, "damagingAttacks": 488862.75, "damageDone": {"1": 93014.23496661265, "2": 129462.39090471083, "3": 180677.41319720526, "4": 246659.30184429948}, "bleedDamage": {"1": 0.0, "2": 0.0, "3": 0.0, "4": 0.0}}