{"deaths": 5624, "totalAttacks": 400004, "damagingAttacks": 731197.5, "damageDone": {"1": 272472.16306677094, "2": 311396.7577906277, "3": 355882.0089033207, "4": 405927.91640561883}, "bleedDamage": {"1": 0.0, "2": 0.0, "3": 0.0, "4": 0.0}}