{"deaths": 3474, "totalAttacks": 3095334, "damagingAttacks": 3630639.375, "damageDone": {"1": 1834923.5303818458, "2": 2293654.4129869626, "3": 2867068.016231925, "4": 3555164.340130143}, "bleedDamage": {"1": 0.0, "2": 0.0, "3": 0.0, "4": 0.0}, "loadoutDamage": {}}