{"deaths": 5624, "totalAttacks": 300003, "damagingAttacks": 391400.625, "damageDone": {"1": 256875.2886166662, "2": 321094.110770827, "3": 401367.6384633175, "4": 497695.87169473694}, "bleedDamage": {"1": 0.0, "2": 0.0, "3": 0.0, "4": 0.0}}