{"deaths": 5624, "totalAttacks": 600006, "damagingAttacks": 650418.0, "damageDone": {"1": 199828.3303333017, "2": 278842.75452355674, "3": 390063.9311647326, "4": 533491.8602571323}, "bleedDamage": {"1": 0.0, "2": 0.0, "3": 0.0, "4": 0.0}}