{"deaths": 4135, "totalAttacks": 100001, "damagingAttacks": 168953.375, "damageDone": {"1": 103125.8730666591, "2": 111058.63253330348, "3": 118991.39199995548, "4": 128754.78826658442}, "bleedDamage": {"1": 0.0, "2": 0.0, "3": 0.0, "4": 0.0}}