{"deaths": 5624, "totalAttacks": 300003, "damagingAttacks": 377663.25, "damageDone": {"1": 248660.69593322882, "2": 254933.64074977563, "3": 262774.8217707342, "4": 272184.2389957226}, "bleedDamage": {"1": 0.0, "2": 0.0, "3": 0.0, "4": 0.0}}