{"deaths": 5624, "totalAttacks": 400004, "damagingAttacks": 765094.0, "damageDone": {"1": 264158.18906663905, "2": 301895.0732191793, "3": 345022.94082165486, "4": 393541.7918747372}, "bleedDamage": {"1": 0.0, "2": 0.0, "3": 0.0, "4": 0.0}}