{"deaths": 5624, "totalAttacks": 300003, "damagingAttacks": 459678.375, "damageDone": {"1": 261583.94486655094, "2": 271982.0170206969, "3": 284979.6072134282, "4": 300576.71544471267}, "bleedDamage": {"1": 0.0, "2": 0.0, "3": 0.0, "4": 0.0}}