{"deaths": 3474, "totalAttacks": 400004, "damagingAttacks": 521867.5, "damageDone": {"1": 101013.82416659396, "2": 144305.4630952144, "3": 206150.66156455746, "4": 286549.4195749969}, "bleedDamage": {"1": 0.0, "2": 0.0, "3": 0.0, "4": 0.0}}