{"deaths": {"1": 598, "2": 1147, "3": 2240}, "totalAttacks": {"1": 18392.0, "2": 6384.0, "3": 8684.0}, "damagingAttacks": {"1": 18372.5, "2": 6323.0, "3": 8383.6875}, "damageDone": {"1": {"1": 42679.60796666337, "2": 11737.504799999808, "3": 13777.141650000394}, "2": {"1": 45962.654733341784, "2": 12640.389784616213, "3": 14836.921776924173}, "3": {"1": 49245.70149998874, "2": 13543.274769230406, "3": 15896.701903846299}, "4": {"1": 53286.37444359007, "2": 14654.517827219557, "3": 17201.046675444606}}, "bleedDamage": {"1": {"1": 0.0, "2": 0.0, "3": 0.0}, "2": {"1": 0.0, "2": 0.0, "3": 0.0}, "3": {"1": 0.0, "2": 0.0, "3": 0.0}, "4": {"1": 0.0, "2": 0.0, "3": 0.0}}}