{"deaths": 3474, "totalAttacks": 400004, "damagingAttacks": 520920.0, "damageDone": {"1": 86654.05666659794, "2": 123791.5095237056, "3": 176845.01360541125, "4": 245814.56891171262}, "bleedDamage": {"1": 0.0, "2": 0.0, "3": 0.0, "4": 0.0}}