{"deaths": 5624, "totalAttacks": 400004, "damagingAttacks": 506483.0, "damageDone": {"1": 139674.76319997106, "2": 174593.45399993824, "3": 218241.81749988458, "4": 270619.85369988624}, "bleedDamage": {"1": 0.0, "2": 0.0, "3": 0.0, "4": 0.0}}