{"deaths": 5624, "totalAttacks": 100001, "damagingAttacks": 196332.875, "damageDone": {"1": 157140.30353344133, "2": 169228.0191897664, "3": 181315.73484610382, "4": 196192.92334627782}, "bleedDamage": {"1": 0.0, "2": 0.0, "3": 0.0, "4": 0.0}}