{"deaths": 3474, "totalAttacks": 400004, "damagingAttacks": 443161.5, "damageDone": {"1": 77231.4291666109, "2": 110330.61309515973, "3": 157615.16156462775, "4": 219085.07457489637}, "bleedDamage": {"1": 0.0, "2": 0.0, "3": 0.0, "4": 0.0}}