{"deaths": 5624, "totalAttacks": 300003, "damagingAttacks": 415622.375, "damageDone": {"1": 544528.0258166565, "2": 554475.3629998573, "3": 566909.5344791872, "4": 581830.540254367}, "bleedDamage": {"1": 0.0, "2": 0.0, "3": 0.0, "4": 0.0}}