{"deaths": 3474, "totalAttacks": 400004, "damagingAttacks": 506483.0, "damageDone": {"1": 60750.21333330939, "2": 86786.0190475572, "3": 123980.0272108504, "4": 172332.23782314494}, "bleedDamage": {"1": 0.0, "2": 0.0, "3": 0.0, "4": 0.0}}