{"deaths": 5624, "totalAttacks": 600006, "damagingAttacks": 538903.5, "damageDone": {"1": 210681.8625998906, "2": 243467.67646445378, "3": 281609.2792539539, "4": 325106.6709689026}, "bleedDamage": {"1": 0.0, "2": 0.0, "3": 0.0, "4": 0.0}}