{"deaths": 3474, "totalAttacks": 400004, "damagingAttacks": 325908.5, "damageDone": {"1": 41909.54083329551, "2": 59870.77261900516, "3": 85529.67517005268, "4": 118886.24848646352}, "bleedDamage": {"1": 0.0, "2": 0.0, "3": 0.0, "4": 0.0}}