{"deaths": 4135, "totalAttacks": 100001, "damagingAttacks": 177277.0, "damageDone": {"1": 237441.00890001399, "2": 271361.15302842646, "3": 310127.0320324531, "4": 353738.6459118}, "bleedDamage": {"1": 0.0, "2": 0.0, "3": 0.0, "4": 0.0}}