{"deaths": 4530, "totalAttacks": 131778, "damagingAttacks": 194807.25, "damageDone": {"1": 75047.75676669077, "2": 93809.69595829796, "3": 117262.1199478925, "4": 145405.028735355}, "bleedDamage": {"1": 0.0, "2": 0.0, "3": 0.0, "4": 0.0}}