{"deaths": 5624, "totalAttacks": 300003, "damagingAttacks": 447665.125, "damageDone": {"1": 276538.371949946, "2": 320500.1702945717, "3": 371856.3047051064, "4": 430606.7751811764}, "bleedDamage": {"1": 0.0, "2": 0.0, "3": 0.0, "4": 0.0}}