{"deaths": 5624, "totalAttacks": 500005, "damagingAttacks": 669814.375, "damageDone": {"1": 203956.17816677035, "2": 254945.22270820936, "3": 318681.5283855656, "4": 395165.09519792424}, "bleedDamage": {"1": 0.0, "2": 0.0, "3": 0.0, "4": 0.0}}