{"deaths": 5624, "totalAttacks": 500005, "damagingAttacks": 769978.875, "damageDone": {"1": 303180.75183326117, "2": 378975.9397917826, "3": 473719.9247394922, "4": 587412.706677025}, "bleedDamage": {"1": 0.0, "2": 0.0, "3": 0.0, "4": 0.0}}