{"deaths": 5624, "totalAttacks": 300003, "damagingAttacks": 451733.5, "damageDone": {"1": 482793.098933266, "2": 492180.7278333745, "3": 503915.2639583366, "4": 517996.7073082848}, "bleedDamage": {"1": 0.0, "2": 0.0, "3": 0.0, "4": 0.0}}