{"deaths": 5624, "totalAttacks": 400004, "damagingAttacks": 520920.0, "damageDone": {"1": 217304.16719991938, "2": 248347.61965725903, "3": 283825.8510369121, "4": 323738.86133867176}, "bleedDamage": {"1": 0.0, "2": 0.0, "3": 0.0, "4": 0.0}}