{"deaths": 5624, "totalAttacks": 4127112, "damagingAttacks": 4840852.5, "damageDone": {"1": 2266943.9958050298, "2": 2590793.138051635, "3": 2960906.4435115415, "4": 3377283.9121217877}, "bleedDamage": {"1": 0.0, "2": 0.0, "3": 0.0, "4": 0.0}, "loadoutDamage": {}}