{"deaths": 5624, "totalAttacks": 500005, "damagingAttacks": 748994.75, "damageDone": {"1": 367758.7173332506, "2": 459698.39666640793, "3": 574622.9958334145, "4": 712532.5148335744}, "bleedDamage": {"1": 0.0, "2": 0.0, "3": 0.0, "4": 0.0}}