{"deaths": {"1": 598, "2": 1147, "3": 2240}, "totalAttacks": {"1": 73568.0, "2": 25536.0, "3": 34736.0}, "damagingAttacks": {"1": 45446.0, "2": 16062.0, "3": 13034.25}, "damageDone": {"1": {"1": 48154.20979999309, "2": 12413.362800000083, "3": 8978.77350000015}, "2": {"1": 55033.382628569496, "2": 14186.700342856962, "3": 10261.455428570634}, "3": {"1": 62895.294432653536, "2": 16213.371820408085, "3": 11727.377632652942}, "4": {"1": 71739.94521223566, "2": 18493.377232653274, "3": 13376.540112244813}}, "bleedDamage": {"1": {"1": 0.0, "2": 0.0, "3": 0.0}, "2": {"1": 0.0, "2": 0.0, "3": 0.0}, "3": {"1": 0.0, "2": 0.0, "3": 0.0}, "4": {"1": 0.0, "2": 0.0, "3": 0.0}}}