{"deaths": 4135, "totalAttacks": 1031778, "damagingAttacks": 1885241.625, "damageDone": {"1": 2077710.2837779077, "2": 2237534.1517400737, "3": 2397358.019742786, "4": 2594064.318802683}, "bleedDamage": {"1": 0.0, "2": 0.0, "3": 0.0, "4": 0.0}, "loadoutDamage": {}}