{"deaths": 5624, "totalAttacks": 300003, "damagingAttacks": 332371.125, "damageDone": {"1": 204401.3664167255, "2": 255501.70802073096, "3": 319377.13502587454, "4": 396027.6474320268}, "bleedDamage": {"1": 0.0, "2": 0.0, "3": 0.0, "4": 0.0}}