{"deaths": 5624, "totalAttacks": 527112, "damagingAttacks": 779229.0, "damageDone": {"1": 238044.6935999784, "2": 297555.86700013396, "3": 371944.8337498367, "4": 461211.59384979703}, "bleedDamage": {"1": 0.0, "2": 0.0, "3": 0.0, "4": 0.0}}