{"deaths": 5624, "totalAttacks": 400004, "damagingAttacks": 433612.0, "damageDone": {"1": 214738.80799999638, "2": 245415.78057147458, "3": 280475.1777960638, "4": 319916.9996735688}, "bleedDamage": {"1": 0.0, "2": 0.0, "3": 0.0, "4": 0.0}}