{"deaths": 3474, "totalAttacks": 400004, "damagingAttacks": 359269.0, "damageDone": {"1": 58380.52999997317, "2": 83400.7571427956, "3": 119143.93877547643, "4": 165610.07489794065}, "bleedDamage": {"1": 0.0, "2": 0.0, "3": 0.0, "4": 0.0}}