{"deaths": 5624, "totalAttacks": 400004, "damagingAttacks": 359269.0, "damageDone": {"1": 145205.68119997825, "2": 165949.34994288287, "3": 189656.39993471815, "4": 216326.83117544296}, "bleedDamage": {"1": 0.0, "2": 0.0, "3": 0.0, "4": 0.0}}