{"deaths": 4135, "totalAttacks": 100001, "damagingAttacks": 186731.375, "damageDone": {"1": 195851.055066531, "2": 223829.7772190737, "3": 255805.4596787027, "4": 291778.1024462395}, "bleedDamage": {"1": 0.0, "2": 0.0, "3": 0.0, "4": 0.0}}