{"deaths": 3474, "totalAttacks": 5158890, "damagingAttacks": 8076151.125, "damageDone": {"1": 2834994.1305442206, "2": 3543742.6631643125, "3": 4429678.3289929805, "4": 5492801.127930051}, "bleedDamage": {"1": 0.0, "2": 0.0, "3": 0.0, "4": 0.0}, "loadoutDamage": {}}