{"deaths": 5624, "totalAttacks": 300003, "damagingAttacks": 532188.75, "damageDone": {"1": 138080.06640003488, "2": 172600.0830000001, "3": 215750.10375009695, "4": 267530.12864979275}, "bleedDamage": {"1": 0.0, "2": 0.0, "3": 0.0, "4": 0.0}}