{"deaths": 4530, "totalAttacks": 100001, "damagingAttacks": 126620.75, "damageDone": {"1": 45493.42546667916, "2": 56866.78183331222, "3": 71083.47729170661, "4": 88143.51184161544}, "bleedDamage": {"1": 0.0, "2": 0.0, "3": 0.0, "4": 0.0}}