{"deaths": 4135, "totalAttacks": 100001, "damagingAttacks": 187208.25, "damageDone": {"1": 130633.2707332722, "2": 140681.9838666692, "3": 150730.69699994384, "4": 163098.34393331473}, "bleedDamage": {"1": 0.0, "2": 0.0, "3": 0.0, "4": 0.0}}