{"deaths": 4135, "totalAttacks": 100001, "damagingAttacks": 182799.375, "damageDone": {"1": 231528.06701659592, "2": 264603.5051618147, "3": 302404.00589915673, "4": 344929.56922852807}, "bleedDamage": {"1": 0.0, "2": 0.0, "3": 0.0, "4": 0.0}}