{"deaths": 5624, "totalAttacks": 395334, "damagingAttacks": 768393.0, "damageDone": {"1": 128656.05239999357, "2": 160820.06549997066, "3": 201025.08187497966, "4": 249271.10152487914}, "bleedDamage": {"1": 0.0, "2": 0.0, "3": 0.0, "4": 0.0}}