{"deaths": 5624, "totalAttacks": 600006, "damagingAttacks": 926391.0, "damageDone": {"1": 530024.6339996554, "2": 609718.2121429812, "3": 701790.5304847955, "4": 806241.5890255176}, "bleedDamage": {"1": 0.0, "2": 0.0, "3": 0.0, "4": 0.0}}