{"deaths": 4135, "totalAttacks": 100001, "damagingAttacks": 177277.0, "damageDone": {"1": 124542.69663331147, "2": 134122.90406670936, "3": 143703.11149991333, "4": 155494.13603338413}, "bleedDamage": {"1": 0.0, "2": 0.0, "3": 0.0, "4": 0.0}}