{"deaths": 5624, "totalAttacks": 400004, "damagingAttacks": 709585.0, "damageDone": {"1": 313101.14306676725, "2": 357829.8777906554, "3": 408948.4317604483, "4": 466456.80497671117}, "bleedDamage": {"1": 0.0, "2": 0.0, "3": 0.0, "4": 0.0}}