{"deaths": {"1": 291, "2": 655, "3": 1379}, "totalAttacks": {"1": 18392.0, "2": 6384.0, "3": 8684.0}, "damagingAttacks": {"1": 17676.0, "2": 5847.0, "3": 6829.9375}, "damageDone": {"1": {"1": 53325.079400009134, "2": 12920.661066666626, "3": 14974.521216666708}, "2": {"1": 60942.9478857053, "2": 14766.469790476158, "3": 17113.738533332868}, "3": {"1": 69649.08329795598, "2": 16875.96547483001, "3": 19558.558323808902}, "4": {"1": 79443.48563673957, "2": 19249.14811972819, "3": 22308.980588094648}}, "bleedDamage": {"1": {"1": 0.0, "2": 0.0, "3": 0.0}, "2": {"1": 0.0, "2": 0.0, "3": 0.0}, "3": {"1": 0.0, "2": 0.0, "3": 0.0}, "4": {"1": 0.0, "2": 0.0, "3": 0.0}}}