{"deaths": 5624, "totalAttacks": 395334, "damagingAttacks": 645745.5, "damageDone": {"1": 391217.6935998978, "2": 452534.5366426751, "3": 523968.078966713, "4": 605518.3205716186}, "bleedDamage": {"1": 0.0, "2": 0.0, "3": 0.0, "4": 0.0}}