{"deaths": 5624, "totalAttacks": 400004, "damagingAttacks": 433612.0, "damageDone": {"1": 174338.05066660215, "2": 217922.56333322878, "3": 272403.2041667172, "4": 337779.9731666254}, "bleedDamage": {"1": 0.0, "2": 0.0, "3": 0.0, "4": 0.0}}