{"deaths": 5624, "totalAttacks": 300003, "damagingAttacks": 417080.125, "damageDone": {"1": 261266.50544995404, "2": 301071.62176775263, "3": 347183.5157302444, "4": 399602.18733712815}, "bleedDamage": {"1": 0.0, "2": 0.0, "3": 0.0, "4": 0.0}}