{"deaths": 4530, "totalAttacks": 100001, "damagingAttacks": 116965.125, "damageDone": {"1": 55030.343333368255, "2": 68787.9291666162, "3": 85984.91145831227, "4": 106621.29020828621}, "bleedDamage": {"1": 0.0, "2": 0.0, "3": 0.0, "4": 0.0}}