{"deaths": 5624, "totalAttacks": 300003, "damagingAttacks": 460117.5, "damageDone": {"1": 255154.09893329383, "2": 264541.727833148, "3": 276276.26395823614, "4": 290357.7073082595}, "bleedDamage": {"1": 0.0, "2": 0.0, "3": 0.0, "4": 0.0}}