{"deaths": 5624, "totalAttacks": 300003, "damagingAttacks": 531831.0, "damageDone": {"1": 102427.95360002283, "2": 128034.94199993498, "3": 160043.67749993975, "4": 198454.16009988633}, "bleedDamage": {"1": 0.0, "2": 0.0, "3": 0.0, "4": 0.0}}