{"deaths": 5624, "totalAttacks": 500005, "damagingAttacks": 814866.25, "damageDone": {"1": 204048.1382000707, "2": 255060.17274989525, "3": 318825.2159375775, "4": 395343.26776249916}, "bleedDamage": {"1": 0.0, "2": 0.0, "3": 0.0, "4": 0.0}}