{"deaths": 5624, "totalAttacks": 300003, "damagingAttacks": 404380.125, "damageDone": {"1": 491306.4080832937, "2": 499440.19499994454, "3": 509607.4286459131, "4": 521808.1090209113}, "bleedDamage": {"1": 0.0, "2": 0.0, "3": 0.0, "4": 0.0}}