{"deaths": 5624, "totalAttacks": 300003, "damagingAttacks": 438422.875, "damageDone": {"1": 195324.59919991205, "2": 201114.36879162097, "3": 208351.58078127282, "4": 217036.23516868358}, "bleedDamage": {"1": 0.0, "2": 0.0, "3": 0.0, "4": 0.0}}