{"deaths": 5624, "totalAttacks": 600006, "damagingAttacks": 1002074.5, "damageDone": {"1": 357907.2631999562, "2": 412222.15042873577, "3": 475092.6268112355, "4": 546518.6923479541}, "bleedDamage": {"1": 0.0, "2": 0.0, "3": 0.0, "4": 0.0}}