{"deaths": {"1": 447, "2": 887, "3": 1917}, "totalAttacks": {"1": 18392.0, "2": 6384.0, "3": 8684.0}, "damagingAttacks": {"1": 11361.5, "2": 4015.5, "3": 3258.5625}, "damageDone": {"1": {"1": 11368.56803333301, "2": 3117.509200000083, "3": 2343.396250000008}, "2": {"1": 14210.710041667066, "2": 3896.8864999999723, "3": 2929.24531250004}, "3": {"1": 17763.38755208442, "2": 4871.1081249999625, "3": 3661.5566406250255}, "4": {"1": 22026.600564586803, "2": 6040.174075000047, "3": 4540.330234375031}}, "bleedDamage": {"1": {"1": 0.0, "2": 0.0, "3": 0.0}, "2": {"1": 0.0, "2": 0.0, "3": 0.0}, "3": {"1": 0.0, "2": 0.0, "3": 0.0}, "4": {"1": 0.0, "2": 0.0, "3": 0.0}}}