{"deaths": 5624, "totalAttacks": 600006, "damagingAttacks": 701790.75, "damageDone": {"1": 212892.5723332622, "2": 297027.00534498185, "3": 415442.7422934633, "4": 568139.7831793422}, "bleedDamage": {"1": 0.0, "2": 0.0, "3": 0.0, "4": 0.0}}