{"deaths": 5624, "totalAttacks": 300003, "damagingAttacks": 440449.75, "damageDone": {"1": 327477.5548666448, "2": 377445.34090469294, "3": 435347.701641027, "4": 501184.6370759782}, "bleedDamage": {"1": 0.0, "2": 0.0, "3": 0.0, "4": 0.0}}