{"deaths": 5624, "totalAttacks": 790668, "damagingAttacks": 1414138.5, "damageDone": {"1": 574040.5269331496, "2": 661474.9175953481, "3": 762757.0857694187, "4": 877887.0314569453}, "bleedDamage": {"1": 0.0, "2": 0.0, "3": 0.0, "4": 0.0}}