{"deaths": 5624, "totalAttacks": 600006, "damagingAttacks": 888742.5, "damageDone": {"1": 420641.9459330173, "2": 483422.05741652835, "3": 555842.8574850651, "4": 637904.3461385425}, "bleedDamage": {"1": 0.0, "2": 0.0, "3": 0.0, "4": 0.0}}