{"deaths": 3474, "totalAttacks": 6190668, "damagingAttacks": 7261278.75, "damageDone": {"1": 2044701.6450343097, "2": 2698881.7938701436, "3": 3577894.724587729, "4": 4681740.437233852}, "bleedDamage": {"1": 0.0, "2": 0.0, "3": 0.0, "4": 0.0}, "loadoutDamage": {}}