{"deaths": 5624, "totalAttacks": 300003, "damagingAttacks": 356911.5, "damageDone": {"1": 309929.8417665729, "2": 356893.93836901616, "3": 411239.29285935743, "4": 472965.9052374528}, "bleedDamage": {"1": 0.0, "2": 0.0, "3": 0.0, "4": 0.0}}