{"deaths": 5624, "totalAttacks": 600006, "damagingAttacks": 781380.0, "damageDone": {"1": 315291.01559992996, "2": 364355.8587860752, "3": 421435.7826659769, "4": 486530.7872406888}, "bleedDamage": {"1": 0.0, "2": 0.0, "3": 0.0, "4": 0.0}}