{"deaths": 5624, "totalAttacks": 500005, "damagingAttacks": 834280.5, "damageDone": {"1": 288477.0989333049, "2": 360596.37366672675, "3": 450745.46708332037, "4": 558924.3791830569}, "bleedDamage": {"1": 0.0, "2": 0.0, "3": 0.0, "4": 0.0}}