{"deaths": 5624, "totalAttacks": 600006, "damagingAttacks": 664742.25, "damageDone": {"1": 168700.09816661762, "2": 235190.29244039473, "3": 328723.8223107612, "4": 449300.6877776904}, "bleedDamage": {"1": 0.0, "2": 0.0, "3": 0.0, "4": 0.0}}