{"deaths": {"1": 474, "2": 1369, "3": 3247}, "totalAttacks": {"1": 36784.0, "2": 12768.0, "3": 17368.0}, "damagingAttacks": {"1": 22723.0, "2": 8031.0, "3": 6517.125}, "damageDone": {"1": {"1": 23389.333703153203, "2": 4041.772066075058, "3": 3701.7397066075264}, "2": {"1": 38007.66726763391, "2": 6567.879607371877, "3": 6015.327023237403}, "3": {"1": 61762.459309898804, "2": 10672.80436197915, "3": 9774.906412760447}, "4": {"1": 94653.70982995155, "2": 16356.546329896688, "3": 14980.47787517688}}, "bleedDamage": {"1": {"1": 0.0, "2": 0.0, "3": 0.0}, "2": {"1": 0.0, "2": 0.0, "3": 0.0}, "3": {"1": 0.0, "2": 0.0, "3": 0.0}, "4": {"1": 0.0, "2": 0.0, "3": 0.0}}}