{"deaths": 10567, "totalAttacks": 2063556, "damagingAttacks": 2420426.25, "damageDone": {"1": 808160.9741769686, "2": 1313261.583028927, "3": 2134050.0724290493, "4": 3270526.442382513}, "bleedDamage": {"1": 0.0, "2": 0.0, "3": 0.0, "4": 0.0}, "loadoutDamage": {}}