{"deaths": 16731, "totalAttacks": 100001, "damagingAttacks": 199657.5, "damageDone": {"1": 79809.09812631778, "2": 85948.25952050551, "3": 92087.42091487325, "4": 99643.31186177787}, "bleedDamage": {"1": 0.0, "2": 0.0, "3": 0.0, "4": 0.0}}