{"deaths": 16731, "totalAttacks": 200002, "damagingAttacks": 396057.5, "damageDone": {"1": 62681.754191326065, "2": 101857.8505608778, "3": 165519.00716142022, "4": 253665.2239929807}, "bleedDamage": {"1": 0.0, "2": 0.0, "3": 0.0, "4": 0.0}}