{"deaths": 16731, "totalAttacks": 200002, "damagingAttacks": 392665.75, "damageDone": {"1": 43603.505670624385, "2": 70855.69671475238, "3": 115140.50716148398, "4": 176457.93701063088}, "bleedDamage": {"1": 0.0, "2": 0.0, "3": 0.0, "4": 0.0}}