{"deaths": 13422, "totalAttacks": 200002, "damagingAttacks": 260933.75, "damageDone": {"1": 65965.00554731899, "2": 107193.13401450843, "3": 174188.84277347787, "4": 266952.1318243672}, "bleedDamage": {"1": 0.0, "2": 0.0, "3": 0.0, "4": 0.0}}