{"deaths": 16376, "totalAttacks": 100001, "damagingAttacks": 126620.75, "damageDone": {"1": 112849.0914078356, "2": 121529.79074688742, "3": 130210.49008587317, "4": 140894.42773392136}, "bleedDamage": {"1": 0.0, "2": 0.0, "3": 0.0, "4": 0.0}}