{"deaths": 13422, "totalAttacks": 100001, "damagingAttacks": 130230.0, "damageDone": {"1": 48834.61365882608, "2": 79356.24719546137, "3": 128953.90169271258, "4": 197627.57715054287}, "bleedDamage": {"1": 0.0, "2": 0.0, "3": 0.0, "4": 0.0}}