{"deaths": 16731, "totalAttacks": 100001, "damagingAttacks": 199024.75, "damageDone": {"1": 110964.65785258968, "2": 119500.40076426613, "3": 128036.14367607857, "4": 138541.67341359932}, "bleedDamage": {"1": 0.0, "2": 0.0, "3": 0.0, "4": 0.0}}