{"deaths": 16731, "totalAttacks": 100001, "damagingAttacks": 196332.875, "damageDone": {"1": 79748.51695024413, "2": 85883.0182539931, "3": 92017.5195579013, "4": 99567.675008852}, "bleedDamage": {"1": 0.0, "2": 0.0, "3": 0.0, "4": 0.0}}