{"deaths": {"1": 498, "2": 1430, "3": 2933}, "totalAttacks": {"1": 36784.0, "2": 12768.0, "3": 17368.0}, "damagingAttacks": {"1": 36745.0, "2": 12646.0, "3": 16767.375}, "damageDone": {"1": {"1": 13602.341715980787, "2": 3030.865384615288, "3": 4011.5530078893566}, "2": {"1": 22103.805288462307, "2": 4925.156249999998, "3": 6518.773637820641}, "3": {"1": 35918.683593749534, "2": 8003.378906250063, "3": 10593.00716145832}, "4": {"1": 55046.976631851874, "2": 12265.533353364977, "3": 16234.253578803098}}, "bleedDamage": {"1": {"1": 0.0, "2": 0.0, "3": 0.0}, "2": {"1": 0.0, "2": 0.0, "3": 0.0}, "3": {"1": 0.0, "2": 0.0, "3": 0.0}, "4": {"1": 0.0, "2": 0.0, "3": 0.0}}}