{"deaths": 12251, "totalAttacks": 100001, "damagingAttacks": 181692.125, "damageDone": {"1": 127252.62370560532, "2": 206785.51352156317, "3": 336026.4594726237, "4": 514975.46155903983}, "bleedDamage": {"1": 0.0, "2": 0.0, "3": 0.0, "4": 0.0}}