{"deaths": 13218, "totalAttacks": 1031778, "damagingAttacks": 2046474.375, "damageDone": {"1": 1029098.1604407985, "2": 1108259.5573946594, "3": 1187420.9543545062, "4": 1284850.3659905004}, "bleedDamage": {"1": 0.0, "2": 0.0, "3": 0.0, "4": 0.0}, "loadoutDamage": {}}