{"deaths": 16731, "totalAttacks": 200002, "damagingAttacks": 382547.0, "damageDone": {"1": 75914.74358978393, "2": 81754.3392505699, "3": 87593.93491122147, "4": 94781.12957057578}, "bleedDamage": {"1": 0.0, "2": 0.0, "3": 0.0, "4": 0.0}}