{"deaths": 13422, "totalAttacks": 100001, "damagingAttacks": 108403.0, "damageDone": {"1": 54627.891025662604, "2": 88770.32291660714, "3": 144251.77473961274, "4": 221072.24649447654}, "bleedDamage": {"1": 0.0, "2": 0.0, "3": 0.0, "4": 0.0}}