{"deaths": 13422, "totalAttacks": 200002, "damagingAttacks": 216806.0, "damageDone": {"1": 84496.37820508516, "2": 137306.6145833483, "3": 223123.24869794396, "4": 341946.28054881736}, "bleedDamage": {"1": 0.0, "2": 0.0, "3": 0.0, "4": 0.0}}