{"deaths": 16731, "totalAttacks": 200002, "damagingAttacks": 351590.75, "damageDone": {"1": 71359.7090729815, "2": 76848.91746328061, "3": 82338.1258534354, "4": 89094.07464145702}, "bleedDamage": {"1": 0.0, "2": 0.0, "3": 0.0, "4": 0.0}}