{"deaths": 13422, "totalAttacks": 263556, "damagingAttacks": 389614.5, "damageDone": {"1": 110705.1750492665, "2": 179895.9094551549, "3": 292330.85286453675, "4": 448010.0052774135}, "bleedDamage": {"1": 0.0, "2": 0.0, "3": 0.0, "4": 0.0}}