{"deaths": {"1": 827, "2": 2088, "3": 3995}, "totalAttacks": {"1": 18392.0, "2": 6384.0, "3": 8684.0}, "damagingAttacks": {"1": 17676.0, "2": 5847.0, "3": 6829.9375}, "damageDone": {"1": {"1": 62455.55103550523, "2": 15132.973372781078, "3": 17538.50129437853}, "2": {"1": 67259.82419207969, "2": 16297.048247610704, "3": 18887.616778561376}, "3": {"1": 72064.09734865348, "2": 17461.123122438436, "3": 20236.732262743055}, "4": {"1": 77977.04892598065, "2": 18893.83066069095, "3": 21897.18208943062}}, "bleedDamage": {"1": {"1": 0.0, "2": 0.0, "3": 0.0}, "2": {"1": 0.0, "2": 0.0, "3": 0.0}, "3": {"1": 0.0, "2": 0.0, "3": 0.0}, "4": {"1": 0.0, "2": 0.0, "3": 0.0}}}