{"deaths": 20406, "totalAttacks": 100001, "damagingAttacks": 181692.125, "damageDone": {"1": 316510.527921703, "2": 340857.4916077935, "3": 365204.4552946076, "4": 395169.94906213885}, "bleedDamage": {"1": 0.0, "2": 0.0, "3": 0.0, "4": 0.0}}