{"deaths": 16731, "totalAttacks": 100001, "damagingAttacks": 198028.75, "damageDone": {"1": 114641.62937623895, "2": 123460.21625127901, "3": 132278.8031264648, "4": 143132.4485112203}, "bleedDamage": {"1": 0.0, "2": 0.0, "3": 0.0, "4": 0.0}}