{"deaths": 20406, "totalAttacks": 100001, "damagingAttacks": 191273.5, "damageDone": {"1": 250846.78254445133, "2": 270142.6888940094, "3": 289438.59524397197, "4": 313187.4030587524}, "bleedDamage": {"1": 0.0, "2": 0.0, "3": 0.0, "4": 0.0}}