{"deaths": 20406, "totalAttacks": 131778, "damagingAttacks": 256131.0, "damageDone": {"1": 332490.3772189496, "2": 358066.56008195697, "3": 383642.7429453907, "4": 415121.1218537997}, "bleedDamage": {"1": 0.0, "2": 0.0, "3": 0.0, "4": 0.0}}