{"deaths": 5899, "totalAttacks": 2063556, "damagingAttacks": 4092948.75, "damageDone": {"1": 562672.3754918189, "2": 4141780.8997505363, "3": 4713245.031105984, "4": 5504503.059135823}, "bleedDamage": {"1": 0.0, "2": 1031778.0, "3": 1031778.0, "4": 1031778.0}, "loadoutDamage": {}}