{"deaths": 20406, "totalAttacks": 1031778, "damagingAttacks": 1885241.625, "damageDone": {"1": 2696677.835611862, "2": 2904114.59220328, "3": 3111551.3487838185, "4": 3366858.1261147214}, "bleedDamage": {"1": 0.0, "2": 0.0, "3": 0.0, "4": 0.0}, "loadoutDamage": {}}