{"deaths": 12251, "totalAttacks": 131778, "damagingAttacks": 256131.0, "damageDone": {"1": 102697.42209078501, "2": 166883.31089740404, "3": 271185.38020834234, "4": 415603.63002374064}, "bleedDamage": {"1": 0.0, "2": 0.0, "3": 0.0, "4": 0.0}}