{"deaths": 16731, "totalAttacks": 263556, "damagingAttacks": 526585.5, "damageDone": {"1": 58333.74753452447, "2": 94792.33974360733, "3": 154037.55208335837, "4": 236069.38455362958}, "bleedDamage": {"1": 0.0, "2": 0.0, "3": 0.0, "4": 0.0}}