{"deaths": 13422, "totalAttacks": 200002, "damagingAttacks": 241284.75, "damageDone": {"1": 58296.44693043056, "2": 94731.72626201142, "3": 153939.05517580963, "4": 235918.43367180388}, "bleedDamage": {"1": 0.0, "2": 0.0, "3": 0.0, "4": 0.0}}