{"deaths": 12251, "totalAttacks": 100001, "damagingAttacks": 186731.375, "damageDone": {"1": 65985.79487181605, "2": 107226.91666668831, "3": 174243.73958328253, "4": 267036.26362197835}, "bleedDamage": {"1": 0.0, "2": 0.0, "3": 0.0, "4": 0.0}}