{"deaths": 13422, "totalAttacks": 100001, "damagingAttacks": 116965.125, "damageDone": {"1": 76588.5973249873, "2": 124456.47065294629, "3": 202241.76481120844, "4": 309944.47979934467}, "bleedDamage": {"1": 0.0, "2": 0.0, "3": 0.0, "4": 0.0}}