{"deaths": {"1": 465, "2": 1339, "3": 3183}, "totalAttacks": {"1": 18392.0, "2": 6384.0, "3": 8684.0}, "damagingAttacks": {"1": 11361.5, "2": 4015.5, "3": 3258.5625}, "damageDone": {"1": {"1": 15121.476208085858, "2": 2613.052638067007, "3": 2393.217763806716}, "2": {"1": 24572.398838140325, "2": 4246.210536859135, "3": 3888.978866185948}, "3": {"1": 39930.14811197901, "2": 6900.092122395873, "3": 6319.590657552083}, "4": {"1": 61194.72402960438, "2": 10574.697394677703, "3": 9685.053137905294}}, "bleedDamage": {"1": {"1": 0.0, "2": 0.0, "3": 0.0}, "2": {"1": 0.0, "2": 0.0, "3": 0.0}, "3": {"1": 0.0, "2": 0.0, "3": 0.0}, "4": {"1": 0.0, "2": 0.0, "3": 0.0}}}