{"deaths": 20406, "totalAttacks": 100001, "damagingAttacks": 168953.375, "damageDone": {"1": 209897.20784024452, "2": 226043.14690491423, "3": 242189.08596969658, "4": 262061.010972256}, "bleedDamage": {"1": 0.0, "2": 0.0, "3": 0.0, "4": 0.0}}