{"deaths": 16731, "totalAttacks": 200002, "damagingAttacks": 395171.0, "damageDone": {"1": 71097.86883631173, "2": 115534.03685902762, "3": 187742.8098958706, "4": 287724.1879466587}, "bleedDamage": {"1": 0.0, "2": 0.0, "3": 0.0, "4": 0.0}}