{"deaths": 12251, "totalAttacks": 100001, "damagingAttacks": 177396.25, "damageDone": {"1": 109254.54832347443, "2": 177538.64102562235, "3": 288500.2916666138, "4": 442139.5002467812}, "bleedDamage": {"1": 0.0, "2": 0.0, "3": 0.0, "4": 0.0}}