{"deaths": 16731, "totalAttacks": 200002, "damagingAttacks": 397489.25, "damageDone": {"1": 38700.12376726802, "2": 62887.70112178181, "3": 102192.5143229202, "4": 156614.5633705057}, "bleedDamage": {"1": 0.0, "2": 0.0, "3": 0.0, "4": 0.0}}