{"deaths": 12251, "totalAttacks": 100001, "damagingAttacks": 187208.25, "damageDone": {"1": 104181.60521453056, "2": 169295.10847347142, "3": 275104.55126952956, "4": 421609.9336027174}, "bleedDamage": {"1": 0.0, "2": 0.0, "3": 0.0, "4": 0.0}}