{"deaths": 16731, "totalAttacks": 100001, "damagingAttacks": 198133.375, "damageDone": {"1": 143393.43324710196, "2": 154423.69734293796, "3": 165453.9614391188, "4": 179029.67109544546}, "bleedDamage": {"1": 0.0, "2": 0.0, "3": 0.0, "4": 0.0}}