{"deaths": 20406, "totalAttacks": 100001, "damagingAttacks": 186731.375, "damageDone": {"1": 229385.2292900133, "2": 247030.24692754613, "3": 264675.2645656035, "4": 286392.2093503886}, "bleedDamage": {"1": 0.0, "2": 0.0, "3": 0.0, "4": 0.0}}