{"deaths": 16731, "totalAttacks": 200002, "damagingAttacks": 394276.25, "damageDone": {"1": 49966.791173597136, "2": 81196.03565700799, "3": 131943.55794265523, "4": 202209.35803047984}, "bleedDamage": {"1": 0.0, "2": 0.0, "3": 0.0, "4": 0.0}}