{"deaths": 13422, "totalAttacks": 200002, "damagingAttacks": 179634.5, "damageDone": {"1": 71658.11914442424, "2": 116444.4436098106, "3": 189222.2208658648, "4": 289991.45091273054}, "bleedDamage": {"1": 0.0, "2": 0.0, "3": 0.0, "4": 0.0}}