{"deaths": 16376, "totalAttacks": 200002, "damagingAttacks": 253241.5, "damageDone": {"1": 174550.75289694764, "2": 187977.73388899627, "3": 201404.71488115215, "4": 217930.22994835096}, "bleedDamage": {"1": 0.0, "2": 0.0, "3": 0.0, "4": 0.0}}