{"deaths": 13422, "totalAttacks": 200002, "damagingAttacks": 233930.25, "damageDone": {"1": 118464.37715728435, "2": 192504.6128806582, "3": 312819.9959309893, "4": 479410.5263081686}, "bleedDamage": {"1": 0.0, "2": 0.0, "3": 0.0, "4": 0.0}}