{"deaths": 12251, "totalAttacks": 100001, "damagingAttacks": 182799.375, "damageDone": {"1": 92591.61489151491, "2": 150461.3741986635, "3": 244499.73307289838, "4": 374706.6915144231}, "bleedDamage": {"1": 0.0, "2": 0.0, "3": 0.0, "4": 0.0}}