{"deaths": 16376, "totalAttacks": 200002, "damagingAttacks": 241284.75, "damageDone": {"1": 111788.15273662325, "2": 120387.24140878879, "3": 128986.33008081664, "4": 139569.82383107496}, "bleedDamage": {"1": 0.0, "2": 0.0, "3": 0.0, "4": 0.0}}