{"deaths": 13422, "totalAttacks": 131778, "damagingAttacks": 194807.25, "damageDone": {"1": 71572.1829388945, "2": 116304.79727560111, "3": 188995.29557289067, "4": 289643.67783073965}, "bleedDamage": {"1": 0.0, "2": 0.0, "3": 0.0, "4": 0.0}}