{"deaths": 13422, "totalAttacks": 100001, "damagingAttacks": 110790.375, "damageDone": {"1": 50520.70833333971, "2": 82096.15104164169, "3": 133406.2454427313, "4": 204450.9915366375}, "bleedDamage": {"1": 0.0, "2": 0.0, "3": 0.0, "4": 0.0}}