{"deaths": 20406, "totalAttacks": 100001, "damagingAttacks": 177277.0, "damageDone": {"1": 278096.3332101731, "2": 299488.35884158383, "3": 320880.3844735665, "4": 347209.0314045391}, "bleedDamage": {"1": 0.0, "2": 0.0, "3": 0.0, "4": 0.0}}