{"deaths": 16376, "totalAttacks": 1031778, "damagingAttacks": 1210213.125, "damageDone": {"1": 915500.1791175993, "2": 985923.2698162228, "3": 1056346.3605238718, "4": 1143020.933689632}, "bleedDamage": {"1": 0.0, "2": 0.0, "3": 0.0, "4": 0.0}, "loadoutDamage": {}}