{"deaths": 16376, "totalAttacks": 100001, "damagingAttacks": 110790.375, "damageDone": {"1": 88453.64040928156, "2": 95257.76659458553, "3": 102061.89277989134, "4": 110436.20193107055}, "bleedDamage": {"1": 0.0, "2": 0.0, "3": 0.0, "4": 0.0}}