{"deaths": 16731, "totalAttacks": 200002, "damagingAttacks": 399315.0, "damageDone": {"1": 43636.629191314176, "2": 70909.52243587928, "3": 115227.97395838836, "4": 176591.98375852205}, "bleedDamage": {"1": 0.0, "2": 0.0, "3": 0.0, "4": 0.0}}