{"deaths": 13218, "totalAttacks": 2063556, "damagingAttacks": 4092948.75, "damageDone": {"1": 562672.3754918189, "2": 914342.6101768763, "3": 1485806.741536316, "4": 2277064.769571158}, "bleedDamage": {"1": 0.0, "2": 0.0, "3": 0.0, "4": 0.0}, "loadoutDamage": {}}