{"deaths": 16731, "totalAttacks": 100001, "damagingAttacks": 198554.125, "damageDone": {"1": 101658.17776132193, "2": 109478.03758907689, "3": 117297.89741696969, "4": 126922.34028193097}, "bleedDamage": {"1": 0.0, "2": 0.0, "3": 0.0, "4": 0.0}}