{"deaths": 13422, "totalAttacks": 100001, "damagingAttacks": 120642.375, "damageDone": {"1": 37689.33080621225, "2": 61245.16256009661, "3": 99523.38916013783, "4": 152524.01060647404}, "bleedDamage": {"1": 0.0, "2": 0.0, "3": 0.0, "4": 0.0}}