{"deaths": {"1": 501, "2": 1462, "3": 3110}, "totalAttacks": {"1": 36784.0, "2": 12768.0, "3": 17368.0}, "damagingAttacks": {"1": 35352.0, "2": 11694.0, "3": 13659.875}, "damageDone": {"1": {"1": 20840.47041420124, "2": 4582.222879684347, "3": 5399.250986193351}, "2": {"1": 22443.58352298566, "2": 4934.701562737055, "3": 5814.577985131306}, "3": {"1": 24046.69663177186, "2": 5287.180245789567, "3": 6229.9049840691005}, "4": {"1": 26019.758919506134, "2": 5721.000163393075, "3": 6741.076675070049}}, "bleedDamage": {"1": {"1": 0.0, "2": 0.0, "3": 0.0}, "2": {"1": 0.0, "2": 0.0, "3": 0.0}, "3": {"1": 0.0, "2": 0.0, "3": 0.0}, "4": {"1": 0.0, "2": 0.0, "3": 0.0}}}