{"deaths": 16376, "totalAttacks": 200002, "damagingAttacks": 260460.0, "damageDone": {"1": 140626.14090228028, "2": 151443.53635638376, "3": 162260.93181048668, "4": 175574.6492924982}, "bleedDamage": {"1": 0.0, "2": 0.0, "3": 0.0, "4": 0.0}}