{"deaths": 13422, "totalAttacks": 200002, "damagingAttacks": 221580.75, "damageDone": {"1": 78143.54166663681, "2": 126983.25520835418, "3": 206347.7897135568, "4": 316237.14518218057}, "bleedDamage": {"1": 0.0, "2": 0.0, "3": 0.0, "4": 0.0}}