{"deaths": {"1": 781, "2": 1944, "3": 4172}, "totalAttacks": {"1": 36784.0, "2": 12768.0, "3": 17368.0}, "damagingAttacks": {"1": 22723.0, "2": 8031.0, "3": 6517.125}, "damageDone": {"1": {"1": 37372.54992602919, "2": 7719.750986193399, "3": 6737.488288954502}, "2": {"1": 40247.36145880836, "2": 8313.57798513103, "3": 7255.756618874244}, "3": {"1": 43122.172991573236, "2": 8907.404984069333, "3": 7774.024948793797}, "4": {"1": 46660.4025703821, "2": 9638.26898276216, "3": 8411.893662541162}}, "bleedDamage": {"1": {"1": 0.0, "2": 0.0, "3": 0.0}, "2": {"1": 0.0, "2": 0.0, "3": 0.0}, "3": {"1": 0.0, "2": 0.0, "3": 0.0}, "4": {"1": 0.0, "2": 0.0, "3": 0.0}}}