{"deaths": 13422, "totalAttacks": 100001, "damagingAttacks": 126620.75, "damageDone": {"1": 67985.9161119722, "2": 110477.11368181065, "3": 179525.30973303306, "4": 275130.5042655169}, "bleedDamage": {"1": 0.0, "2": 0.0, "3": 0.0, "4": 0.0}}