{"deaths": 13422, "totalAttacks": 100001, "damagingAttacks": 130466.875, "damageDone": {"1": 42647.143121299676, "2": 69301.60757210512, "3": 112615.11230470835, "4": 172587.6573191596}, "bleedDamage": {"1": 0.0, "2": 0.0, "3": 0.0, "4": 0.0}}