{"deaths": 20406, "totalAttacks": 100001, "damagingAttacks": 187208.25, "damageDone": {"1": 290700.99482261005, "2": 313062.6098086446, "3": 335424.2247954353, "4": 362946.212470796}, "bleedDamage": {"1": 0.0, "2": 0.0, "3": 0.0, "4": 0.0}}