{"deaths": 12251, "totalAttacks": 100001, "damagingAttacks": 168953.375, "damageDone": {"1": 63045.12752713652, "2": 102448.33223155318, "3": 166478.5398762611, "4": 255135.75046144568}, "bleedDamage": {"1": 0.0, "2": 0.0, "3": 0.0, "4": 0.0}}