{"deaths": 16731, "totalAttacks": 100001, "damagingAttacks": 197138.125, "damageDone": {"1": 91386.63122534452, "2": 98416.37208882596, "3": 105446.11295230927, "4": 114098.10170732235}, "bleedDamage": {"1": 0.0, "2": 0.0, "3": 0.0, "4": 0.0}}