{"deaths": 13422, "totalAttacks": 100001, "damagingAttacks": 81477.125, "damageDone": {"1": 25693.94951923222, "2": 41752.667968748574, "3": 67848.08544921844, "4": 103980.20196069407}, "bleedDamage": {"1": 0.0, "2": 0.0, "3": 0.0, "4": 0.0}}