{"deaths": 16731, "totalAttacks": 100001, "damagingAttacks": 198744.625, "damageDone": {"1": 70780.48952173455, "2": 76225.14256177477, "3": 81669.79560195323, "4": 88370.9070359207}, "bleedDamage": {"1": 0.0, "2": 0.0, "3": 0.0, "4": 0.0}}