{"deaths": 16731, "totalAttacks": 200002, "damagingAttacks": 365598.75, "damageDone": {"1": 85871.2495068934, "2": 92476.7302383168, "3": 99082.21096950554, "4": 107212.03340803814}, "bleedDamage": {"1": 0.0, "2": 0.0, "3": 0.0, "4": 0.0}}