{"deaths": 9629, "totalAttacks": 1031778, "damagingAttacks": 1885241.625, "damageDone": {"1": 917553.6248145184, "2": 1491024.6403153935, "3": 2422915.0405292814, "4": 3713224.8254144755}, "bleedDamage": {"1": 0.0, "2": 0.0, "3": 0.0, "4": 0.0}, "loadoutDamage": {}}