{"deaths": 16731, "totalAttacks": 100001, "damagingAttacks": 197585.5, "damageDone": {"1": 130034.26010850727, "2": 140036.89550134423, "3": 150039.5308945021, "4": 162350.46676276578}, "bleedDamage": {"1": 0.0, "2": 0.0, "3": 0.0, "4": 0.0}}