{"deaths": 16731, "totalAttacks": 200002, "damagingAttacks": 398049.5, "damageDone": {"1": 60671.32371796617, "2": 98590.90104167836, "3": 160210.2141927009, "4": 245529.263170989}, "bleedDamage": {"1": 0.0, "2": 0.0, "3": 0.0, "4": 0.0}}