{"deaths": 16731, "totalAttacks": 2063556, "damagingAttacks": 3770483.25, "damageDone": {"1": 848389.5271218674, "2": 913650.2599686886, "3": 978910.9928309958, "4": 1059231.894807981}, "bleedDamage": {"1": 0.0, "2": 0.0, "3": 0.0, "4": 0.0}, "loadoutDamage": {}}