{"deaths": 5899, "totalAttacks": 2063556, "damagingAttacks": 3770483.25, "damageDone": {"1": 848389.5271218674, "2": 6454876.579138906, "3": 6454876.579138906, "4": 6454876.579138906}, "bleedDamage": {"1": 0.0, "2": 2063556, "3": 2063556, "4": 2063556}, "loadoutDamage": {}}