{"deaths": 16731, "totalAttacks": 131778, "damagingAttacks": 263292.75, "damageDone": {"1": 106689.35404345379, "2": 114896.2274313059, "3": 123103.10081935501, "4": 133203.86806611667}, "bleedDamage": {"1": 0.0, "2": 0.0, "3": 0.0, "4": 0.0}}