{"deaths": 12251, "totalAttacks": 100001, "damagingAttacks": 175795.375, "damageDone": {"1": 75491.00795120471, "2": 122672.88792057121, "3": 199343.44287110594, "4": 305502.6728026061}, "bleedDamage": {"1": 0.0, "2": 0.0, "3": 0.0, "4": 0.0}}