{"deaths": 16731, "totalAttacks": 200002, "damagingAttacks": 363384.25, "damageDone": {"1": 106329.87894478018, "2": 114509.10040218408, "3": 122688.32185941681, "4": 132755.05596067643}, "bleedDamage": {"1": 0.0, "2": 0.0, "3": 0.0, "4": 0.0}}