{"deaths": 16731, "totalAttacks": 200002, "damagingAttacks": 337906.75, "damageDone": {"1": 62526.901380665106, "2": 67336.66302538029, "3": 72146.42467001923, "4": 78066.13130959848}, "bleedDamage": {"1": 0.0, "2": 0.0, "3": 0.0, "4": 0.0}}