{"deaths": 16376, "totalAttacks": 100001, "damagingAttacks": 130466.875, "damageDone": {"1": 82049.49642500903, "2": 88360.99615005794, "3": 94672.49587505832, "4": 102440.49553658793}, "bleedDamage": {"1": 0.0, "2": 0.0, "3": 0.0, "4": 0.0}}