{"deaths": 20406, "totalAttacks": 100001, "damagingAttacks": 175795.375, "damageDone": {"1": 232471.74833575886, "2": 250354.1905154137, "3": 268236.63269543304, "4": 290245.79230115726}, "bleedDamage": {"1": 0.0, "2": 0.0, "3": 0.0, "4": 0.0}}