{"deaths": 12251, "totalAttacks": 100001, "damagingAttacks": 191273.5, "damageDone": {"1": 75958.80498035357, "2": 123433.05809287638, "3": 200578.71940095982, "4": 307395.7889047896}, "bleedDamage": {"1": 0.0, "2": 0.0, "3": 0.0, "4": 0.0}}