{"deaths": 16376, "totalAttacks": 263556, "damagingAttacks": 389614.5, "damageDone": {"1": 203950.4524162022, "2": 219638.94875577276, "3": 235327.4450957336, "4": 254636.36366776263}, "bleedDamage": {"1": 0.0, "2": 0.0, "3": 0.0, "4": 0.0}}