{"deaths": 20406, "totalAttacks": 100001, "damagingAttacks": 182799.375, "damageDone": {"1": 271170.96061396337, "2": 292030.2652765204, "3": 312889.5699394723, "4": 338562.5602934695}, "bleedDamage": {"1": 0.0, "2": 0.0, "3": 0.0, "4": 0.0}}