{"deaths": 13422, "totalAttacks": 200002, "damagingAttacks": 260460.0, "damageDone": {"1": 75535.55350092171, "2": 122745.27443912457, "3": 199461.07096357242, "4": 305682.943074111}, "bleedDamage": {"1": 0.0, "2": 0.0, "3": 0.0, "4": 0.0}}