{"deaths": 13422, "totalAttacks": 100001, "damagingAttacks": 89817.25, "damageDone": {"1": 46327.80726085487, "2": 75282.68679884613, "3": 122334.36604817165, "4": 187482.8450088918}, "bleedDamage": {"1": 0.0, "2": 0.0, "3": 0.0, "4": 0.0}}