{"deaths": 16731, "totalAttacks": 200002, "damagingAttacks": 354792.5, "damageDone": {"1": 93781.71400397617, "2": 100995.6920043579, "3": 108209.6700046101, "4": 117088.41215879598}, "bleedDamage": {"1": 0.0, "2": 0.0, "3": 0.0, "4": 0.0}}