{"deaths": 13422, "totalAttacks": 1031778, "damagingAttacks": 1210213.125, "damageDone": {"1": 522485.4670252009, "2": 849038.8839106947, "3": 1379688.1863603077, "4": 2114433.374351216}, "bleedDamage": {"1": 0.0, "2": 0.0, "3": 0.0, "4": 0.0}, "loadoutDamage": {}}