{"deaths": 16376, "totalAttacks": 200002, "damagingAttacks": 216806.0, "damageDone": {"1": 141526.63892997627, "2": 152413.30346301643, "3": 163299.96799614365, "4": 176698.93972919555}, "bleedDamage": {"1": 0.0, "2": 0.0, "3": 0.0, "4": 0.0}}