{"deaths": 13422, "totalAttacks": 200002, "damagingAttacks": 162954.25, "damageDone": {"1": 39742.439903825136, "2": 64581.46484376095, "3": 104944.88037110718, "4": 160832.68648582237}, "bleedDamage": {"1": 0.0, "2": 0.0, "3": 0.0, "4": 0.0}}