{"deaths": 20406, "totalAttacks": 100001, "damagingAttacks": 177396.25, "damageDone": {"1": 285126.224112501, "2": 307059.01058258663, "3": 328991.7970532647, "4": 355985.9957855514}, "bleedDamage": {"1": 0.0, "2": 0.0, "3": 0.0, "4": 0.0}}