{"deaths": {"1": 392, "2": 1182, "3": 2509}, "totalAttacks": {"1": 18392.0, "2": 6384.0, "3": 8684.0}, "damagingAttacks": {"1": 17676.0, "2": 5847.0, "3": 6829.9375}, "damageDone": {"1": {"1": 24048.919132146933, "2": 4729.529832347149, "3": 5651.355830867957}, "2": {"1": 39079.49358974331, "2": 7685.485977564082, "3": 9183.453225160409}, "3": {"1": 63504.177083332936, "2": 12488.914713541648, "3": 14923.111490885396}, "4": {"1": 97322.96961291872, "2": 19139.816040279402, "3": 22870.330628043674}}, "bleedDamage": {"1": {"1": 0.0, "2": 0.0, "3": 0.0}, "2": {"1": 0.0, "2": 0.0, "3": 0.0}, "3": {"1": 0.0, "2": 0.0, "3": 0.0}, "4": {"1": 0.0, "2": 0.0, "3": 0.0}}}