{"deaths": 16376, "totalAttacks": 200002, "damagingAttacks": 221580.75, "damageDone": {"1": 136816.7819279306, "2": 147341.14976864302, "3": 157865.517609272, "4": 170818.5857208837}, "bleedDamage": {"1": 0.0, "2": 0.0, "3": 0.0, "4": 0.0}}