{"deaths": 16376, "totalAttacks": 200002, "damagingAttacks": 162954.25, "damageDone": {"1": 75843.26429975142, "2": 81677.36155363213, "3": 87511.45880749475, "4": 94691.88619690077}, "bleedDamage": {"1": 0.0, "2": 0.0, "3": 0.0, "4": 0.0}}