{"deaths": 16731, "totalAttacks": 200002, "damagingAttacks": 396266.75, "damageDone": {"1": 78402.16494079963, "2": 127403.5180288461, "3": 207030.71679687814, "4": 317283.76124475943}, "bleedDamage": {"1": 0.0, "2": 0.0, "3": 0.0, "4": 0.0}}