{"deaths": 16376, "totalAttacks": 200002, "damagingAttacks": 179634.5, "damageDone": {"1": 119796.16062615061, "2": 129011.24990522805, "3": 138226.33918416846, "4": 149567.98752751446}, "bleedDamage": {"1": 0.0, "2": 0.0, "3": 0.0, "4": 0.0}}