{"deaths": 16376, "totalAttacks": 100001, "damagingAttacks": 120642.375, "damageDone": {"1": 72272.34060653012, "2": 77831.75142238384, "3": 83391.16223821089, "4": 90233.51401161986}, "bleedDamage": {"1": 0.0, "2": 0.0, "3": 0.0, "4": 0.0}}