{"deaths": 16376, "totalAttacks": 200002, "damagingAttacks": 260933.75, "damageDone": {"1": 126911.09159259184, "2": 136673.4832536546, "3": 146435.87491473072, "4": 158451.12618980053}, "bleedDamage": {"1": 0.0, "2": 0.0, "3": 0.0, "4": 0.0}}