{"deaths": {"1": 498, "2": 1430, "3": 2933}, "totalAttacks": {"1": 18392.0, "2": 6384.0, "3": 8684.0}, "damagingAttacks": {"1": 18372.5, "2": 6323.0, "3": 8383.6875}, "damageDone": {"1": {"1": 24877.96708579556, "2": 5543.293269230745, "3": 7336.919317061394}, "2": {"1": 26791.656861628428, "2": 5969.700443786906, "3": 7901.297726065907}, "3": {"1": 28705.346637460905, "2": 6396.107618343178, "3": 8465.676135070074}, "4": {"1": 31060.657130778472, "2": 6920.916448566316, "3": 9160.295715383994}}, "bleedDamage": {"1": {"1": 0.0, "2": 0.0, "3": 0.0}, "2": {"1": 0.0, "2": 0.0, "3": 0.0}, "3": {"1": 0.0, "2": 0.0, "3": 0.0}, "4": {"1": 0.0, "2": 0.0, "3": 0.0}}}