{"deaths": 12251, "totalAttacks": 100001, "damagingAttacks": 177277.0, "damageDone": {"1": 101101.79222139978, "2": 164290.41235969873, "3": 266971.9200846367, "4": 409146.3153962653}, "bleedDamage": {"1": 0.0, "2": 0.0, "3": 0.0, "4": 0.0}}