{"deaths": 13422, "totalAttacks": 200002, "damagingAttacks": 253241.5, "damageDone": {"1": 105158.07168392005, "2": 170881.86648634076, "3": 277683.0330403648, "4": 425561.57134579314}, "bleedDamage": {"1": 0.0, "2": 0.0, "3": 0.0, "4": 0.0}}