{"deaths": 16731, "totalAttacks": 200002, "damagingAttacks": 397108.25, "damageDone": {"1": 55582.88856015679, "2": 90322.193910234, "3": 146773.56510415452, "4": 224937.00214177085}, "bleedDamage": {"1": 0.0, "2": 0.0, "3": 0.0, "4": 0.0}}