{"deaths": 16376, "totalAttacks": 200002, "damagingAttacks": 233930.25, "damageDone": {"1": 184258.88282800379, "2": 198432.64304547285, "3": 212606.40326304786, "4": 230051.0312231825}, "bleedDamage": {"1": 0.0, "2": 0.0, "3": 0.0, "4": 0.0}}