{"deaths": 243160, "totalAttacks": 100001, "damagingAttacks": 116965.125, "damageDone": {"1": 41875.779832323475, "2": 41875.779832323475, "3": 41875.779832323475, "4": 41875.779832323475}, "bleedDamage": {"1": 0.0, "2": 0.0, "3": 0.0, "4": 0.0}}