{"deaths": {"1": 37610, "2": 72308, "3": 100332}, "totalAttacks": {"1": 18392.0, "2": 6384.0, "3": 8684.0}, "damagingAttacks": {"1": 11361.5, "2": 4015.5, "3": 3258.5625}, "damageDone": {"1": {"1": 11694.666851576601, "2": 2020.886033037529, "3": 1850.8698533037632}, "2": {"1": 11694.666851576601, "2": 2020.886033037529, "3": 1850.8698533037632}, "3": {"1": 11694.666851576601, "2": 2020.886033037529, "3": 1850.8698533037632}, "4": {"1": 11694.666851576601, "2": 2020.886033037529, "3": 1850.8698533037632}}, "bleedDamage": {"1": {"1": 0.0, "2": 0.0, "3": 0.0}, "2": {"1": 0.0, "2": 0.0, "3": 0.0}, "3": {"1": 0.0, "2": 0.0, "3": 0.0}, "4": {"1": 0.0, "2": 0.0, "3": 0.0}}}