{"deaths": 243160, "totalAttacks": 100001, "damagingAttacks": 130230.0, "damageDone": {"1": 26700.939842214448, "2": 26700.939842214448, "3": 26700.939842214448, "4": 26700.939842214448}, "bleedDamage": {"1": 0.0, "2": 0.0, "3": 0.0, "4": 0.0}}