{"deaths": 243160, "totalAttacks": 100001, "damagingAttacks": 130466.875, "damageDone": {"1": 23317.86242604338, "2": 23317.86242604338, "3": 23317.86242604338, "4": 23317.86242604338}, "bleedDamage": {"1": 0.0, "2": 0.0, "3": 0.0, "4": 0.0}}