{"deaths": 243160, "totalAttacks": 1031778, "damagingAttacks": 1210213.125, "damageDone": {"1": 285675.50714998407, "2": 285675.50714998407, "3": 285675.50714998407, "4": 285675.50714998407}, "bleedDamage": {"1": 0.0, "2": 0.0, "3": 0.0, "4": 0.0}, "loadoutDamage": {}}