{"deaths": 243160, "totalAttacks": 100001, "damagingAttacks": 126620.75, "damageDone": {"1": 37172.15557197963, "2": 37172.15557197963, "3": 37172.15557197963, "4": 37172.15557197963}, "bleedDamage": {"1": 0.0, "2": 0.0, "3": 0.0, "4": 0.0}}