{"deaths": 243160, "totalAttacks": 100001, "damagingAttacks": 108403.0, "damageDone": {"1": 29868.487179483833, "2": 29868.487179483833, "3": 29868.487179483833, "4": 29868.487179483833}, "bleedDamage": {"1": 0.0, "2": 0.0, "3": 0.0, "4": 0.0}}