{"deaths": 32166, "totalAttacks": 131778, "damagingAttacks": 194807.25, "damageDone": {"1": 71572.1829388945, "2": 77077.73547259539, "3": 82583.2880064297, "4": 89359.35266330373}, "bleedDamage": {"1": 0.0, "2": 0.0, "3": 0.0, "4": 0.0}}