{"deaths": 32166, "totalAttacks": 100001, "damagingAttacks": 89817.25, "damageDone": {"1": 46327.80726085487, "2": 49891.48474244081, "3": 53455.16222407145, "4": 57841.22681680178}, "bleedDamage": {"1": 0.0, "2": 0.0, "3": 0.0, "4": 0.0}}