{"deaths": 32166, "totalAttacks": 1031778, "damagingAttacks": 1210213.125, "damageDone": {"1": 522485.4670252009, "2": 562676.6567963068, "3": 602867.8465672268, "4": 652333.9262818098}, "bleedDamage": {"1": 0.0, "2": 0.0, "3": 0.0, "4": 0.0}, "loadoutDamage": {}}