{"deaths": 32166, "totalAttacks": 100001, "damagingAttacks": 199657.5, "damageDone": {"1": 94737.41863904354, "2": 94737.41863904354, "3": 94737.41863904354, "4": 94737.41863904354}, "bleedDamage": {"1": 0.0, "2": 0.0, "3": 0.0, "4": 0.0}}