{"deaths": 32166, "totalAttacks": 200002, "damagingAttacks": 363384.25, "damageDone": {"1": 254632.07852561204, "2": 274219.1614890602, "3": 293806.2444526815, "4": 317913.42348455766}, "bleedDamage": {"1": 0.0, "2": 0.0, "3": 0.0, "4": 0.0}}