{"deaths": 32166, "totalAttacks": 100001, "damagingAttacks": 198744.625, "damageDone": {"1": 84020.00554732935, "2": 84020.00554732935, "3": 84020.00554732935, "4": 84020.00554732935}, "bleedDamage": {"1": 0.0, "2": 0.0, "3": 0.0, "4": 0.0}}