{"deaths": 32166, "totalAttacks": 100001, "damagingAttacks": 198554.125, "damageDone": {"1": 120673.37647923418, "2": 120673.37647923418, "3": 120673.37647923418, "4": 120673.37647923418}, "bleedDamage": {"1": 0.0, "2": 0.0, "3": 0.0, "4": 0.0}}