{"deaths": 32166, "totalAttacks": 200002, "damagingAttacks": 260460.0, "damageDone": {"1": 89538.22398910402, "2": 96425.77968067677, "3": 103313.33537207342, "4": 111790.3269924189}, "bleedDamage": {"1": 0.0, "2": 0.0, "3": 0.0, "4": 0.0}}