{"deaths": 32166, "totalAttacks": 131778, "damagingAttacks": 256131.0, "damageDone": {"1": 184483.22633144766, "2": 184483.22633144766, "3": 184483.22633144766, "4": 184483.22633144766}, "bleedDamage": {"1": 0.0, "2": 0.0, "3": 0.0, "4": 0.0}}