{"deaths": 32166, "totalAttacks": 131778, "damagingAttacks": 263292.75, "damageDone": {"1": 126645.63609460063, "2": 126645.63609460063, "3": 126645.63609460063, "4": 126645.63609460063}, "bleedDamage": {"1": 0.0, "2": 0.0, "3": 0.0, "4": 0.0}}