{"deaths": 32166, "totalAttacks": 100001, "damagingAttacks": 130230.0, "damageDone": {"1": 48834.61365882608, "2": 52591.12240174411, "3": 56347.6311447396, "4": 60971.02652068113}, "bleedDamage": {"1": 0.0, "2": 0.0, "3": 0.0, "4": 0.0}}