{"deaths": 32166, "totalAttacks": 131778, "damagingAttacks": 256131.0, "damageDone": {"1": 26196.211538460855, "2": 26196.211538460855, "3": 26196.211538460855, "4": 26196.211538460855}, "bleedDamage": {"1": 0.0, "2": 0.0, "3": 0.0, "4": 0.0}}