{"deaths": 32166, "totalAttacks": 100001, "damagingAttacks": 197585.5, "damageDone": {"1": 154357.21523672825, "2": 154357.21523672825, "3": 154357.21523672825, "4": 154357.21523672825}, "bleedDamage": {"1": 0.0, "2": 0.0, "3": 0.0, "4": 0.0}}