{"deaths": 32166, "totalAttacks": 100001, "damagingAttacks": 116965.125, "damageDone": {"1": 76588.5973249873, "2": 82480.0278883842, "3": 88371.45845192568, "4": 95622.44991457513}, "bleedDamage": {"1": 0.0, "2": 0.0, "3": 0.0, "4": 0.0}}