{"deaths": 32166, "totalAttacks": 100001, "damagingAttacks": 182799.375, "damageDone": {"1": 21364.98477563508, "2": 21364.98477563508, "3": 21364.98477563508, "4": 21364.98477563508}, "bleedDamage": {"1": 0.0, "2": 0.0, "3": 0.0, "4": 0.0}}