{"deaths": {"1": 3348, "2": 7510, "3": 12769}, "totalAttacks": {"1": 18392.0, "2": 6384.0, "3": 8684.0}, "damagingAttacks": {"1": 11361.5, "2": 4015.5, "3": 3258.5625}, "damageDone": {"1": {"1": 15121.476208085858, "2": 2613.052638067007, "3": 2393.217763806716}, "2": {"1": 16284.66668563104, "2": 2814.05668714916, "3": 2577.3114379457193}, "3": {"1": 17447.857163175402, "2": 3015.0607362312367, "3": 2761.405112084587}, "4": {"1": 18879.47621245865, "2": 3262.4503351014387, "3": 2987.981941794084}}, "bleedDamage": {"1": {"1": 0.0, "2": 0.0, "3": 0.0}, "2": {"1": 0.0, "2": 0.0, "3": 0.0}, "3": {"1": 0.0, "2": 0.0, "3": 0.0}, "4": {"1": 0.0, "2": 0.0, "3": 0.0}}}