{"deaths": 32166, "totalAttacks": 131778, "damagingAttacks": 194807.25, "damageDone": {"1": 131856.33900395723, "2": 131856.33900395723, "3": 131856.33900395723, "4": 131856.33900395723}, "bleedDamage": {"1": 0.0, "2": 0.0, "3": 0.0, "4": 0.0}}