{"deaths": 32166, "totalAttacks": 100001, "damagingAttacks": 191273.5, "damageDone": {"1": 19763.685897440428, "2": 19763.685897440428, "3": 19763.685897440428, "4": 19763.685897440428}, "bleedDamage": {"1": 0.0, "2": 0.0, "3": 0.0, "4": 0.0}}