{"deaths": 32166, "totalAttacks": 100001, "damagingAttacks": 175795.375, "damageDone": {"1": 18315.955929482745, "2": 18315.955929482745, "3": 18315.955929482745, "4": 18315.955929482745}, "bleedDamage": {"1": 0.0, "2": 0.0, "3": 0.0, "4": 0.0}}