{"deaths": 32166, "totalAttacks": 100001, "damagingAttacks": 198133.375, "damageDone": {"1": 170215.2265163331, "2": 170215.2265163331, "3": 170215.2265163331, "4": 170215.2265163331}, "bleedDamage": {"1": 0.0, "2": 0.0, "3": 0.0, "4": 0.0}}