{"deaths": 32166, "totalAttacks": 100001, "damagingAttacks": 126620.75, "damageDone": {"1": 67985.9161119722, "2": 73215.60196670362, "3": 78445.28782148578, "4": 84881.82425807815}, "bleedDamage": {"1": 0.0, "2": 0.0, "3": 0.0, "4": 0.0}}