{"deaths": 32166, "totalAttacks": 100001, "damagingAttacks": 197138.125, "damageDone": {"1": 108480.53346885834, "2": 108480.53346885834, "3": 108480.53346885834, "4": 108480.53346885834}, "bleedDamage": {"1": 0.0, "2": 0.0, "3": 0.0, "4": 0.0}}