{"deaths": 32166, "totalAttacks": 100001, "damagingAttacks": 168953.375, "damageDone": {"1": 16537.355769230373, "2": 16537.355769230373, "3": 16537.355769230373, "4": 16537.355769230373}, "bleedDamage": {"1": 0.0, "2": 0.0, "3": 0.0, "4": 0.0}}