{"deaths": 32166, "totalAttacks": 200002, "damagingAttacks": 253241.5, "damageDone": {"1": 103814.78069525571, "2": 111800.53305643897, "3": 119786.28541762124, "4": 129614.90370826851}, "bleedDamage": {"1": 0.0, "2": 0.0, "3": 0.0, "4": 0.0}}