{"deaths": 32166, "totalAttacks": 100001, "damagingAttacks": 196332.875, "damageDone": {"1": 94665.50573225005, "2": 94665.50573225005, "3": 94665.50573225005, "4": 94665.50573225005}, "bleedDamage": {"1": 0.0, "2": 0.0, "3": 0.0, "4": 0.0}}