{"deaths": 32166, "totalAttacks": 100001, "damagingAttacks": 187208.25, "damageDone": {"1": 22903.714743587407, "2": 22903.714743587407, "3": 22903.714743587407, "4": 22903.714743587407}, "bleedDamage": {"1": 0.0, "2": 0.0, "3": 0.0, "4": 0.0}}