{"deaths": 32166, "totalAttacks": 100001, "damagingAttacks": 120642.375, "damageDone": {"1": 37689.33080621225, "2": 40588.51009898941, "3": 43487.68939179205, "4": 47055.91005982628}, "bleedDamage": {"1": 0.0, "2": 0.0, "3": 0.0, "4": 0.0}}