{"deaths": 32166, "totalAttacks": 100001, "damagingAttacks": 177277.0, "damageDone": {"1": 21910.62019230759, "2": 21910.62019230759, "3": 21910.62019230759, "4": 21910.62019230759}, "bleedDamage": {"1": 0.0, "2": 0.0, "3": 0.0, "4": 0.0}}