{"deaths": 32166, "totalAttacks": 100001, "damagingAttacks": 199024.75, "damageDone": {"1": 131720.63701917086, "2": 131720.63701917086, "3": 131720.63701917086, "4": 131720.63701917086}, "bleedDamage": {"1": 0.0, "2": 0.0, "3": 0.0, "4": 0.0}}