{"deaths": 32166, "totalAttacks": 100001, "damagingAttacks": 181692.125, "damageDone": {"1": 194471.75228059708, "2": 194471.75228059708, "3": 194471.75228059708, "4": 194471.75228059708}, "bleedDamage": {"1": 0.0, "2": 0.0, "3": 0.0, "4": 0.0}}