{"deaths": 32166, "totalAttacks": 100001, "damagingAttacks": 186731.375, "damageDone": {"1": 124315.6232741286, "2": 124315.6232741286, "3": 124315.6232741286, "4": 124315.6232741286}, "bleedDamage": {"1": 0.0, "2": 0.0, "3": 0.0, "4": 0.0}}