{"deaths": 32166, "totalAttacks": 100001, "damagingAttacks": 177396.25, "damageDone": {"1": 22464.49038461908, "2": 22464.49038461908, "3": 22464.49038461908, "4": 22464.49038461908}, "bleedDamage": {"1": 0.0, "2": 0.0, "3": 0.0, "4": 0.0}}