{"deaths": 32166, "totalAttacks": 100001, "damagingAttacks": 175795.375, "damageDone": {"1": 130513.15212028936, "2": 130513.15212028936, "3": 130513.15212028936, "4": 130513.15212028936}, "bleedDamage": {"1": 0.0, "2": 0.0, "3": 0.0, "4": 0.0}}