{"deaths": 32166, "totalAttacks": 100001, "damagingAttacks": 186731.375, "damageDone": {"1": 18072.775641021206, "2": 18072.775641021206, "3": 18072.775641021206, "4": 18072.775641021206}, "bleedDamage": {"1": 0.0, "2": 0.0, "3": 0.0, "4": 0.0}}