{"deaths": 32166, "totalAttacks": 100001, "damagingAttacks": 81477.125, "damageDone": {"1": 25693.94951923222, "2": 27670.407174546304, "3": 29646.8648298786, "4": 32079.428097958065}, "bleedDamage": {"1": 0.0, "2": 0.0, "3": 0.0, "4": 0.0}}