{"deaths": {"1": 3348, "2": 7510, "3": 12769}, "totalAttacks": {"1": 36784.0, "2": 12768.0, "3": 17368.0}, "damagingAttacks": {"1": 22723.0, "2": 8031.0, "3": 6517.125}, "damageDone": {"1": {"1": 21436.042776135255, "2": 5074.448224852124, "3": 4251.280510354994}, "2": {"1": 23084.96914353068, "2": 5464.790395994524, "3": 4578.302088074655}, "3": {"1": 24733.895510921655, "2": 5855.132567137207, "3": 4905.323665794405}, "4": {"1": 26763.343347717408, "2": 6335.553700850963, "3": 5307.811761449225}}, "bleedDamage": {"1": {"1": 0.0, "2": 0.0, "3": 0.0}, "2": {"1": 0.0, "2": 0.0, "3": 0.0}, "3": {"1": 0.0, "2": 0.0, "3": 0.0}, "4": {"1": 0.0, "2": 0.0, "3": 0.0}}}