{"deaths": 32166, "totalAttacks": 1031778, "damagingAttacks": 1885241.625, "damageDone": {"1": 212465.52644290403, "2": 212465.52644290403, "3": 212465.52644290403, "4": 212465.52644290403}, "bleedDamage": {"1": 0.0, "2": 0.0, "3": 0.0, "4": 0.0}, "loadoutDamage": {}}