{"deaths": {"1": 3348, "2": 7510, "3": 12769}, "totalAttacks": {"1": 18392.0, "2": 6384.0, "3": 8684.0}, "damagingAttacks": {"1": 18372.5, "2": 6323.0, "3": 8383.6875}, "damageDone": {"1": {"1": 29531.39977810639, "2": 6580.1682692308195, "3": 8709.292714497124}, "2": {"1": 29531.39977810639, "2": 6580.1682692308195, "3": 8709.292714497124}, "3": {"1": 29531.39977810639, "2": 6580.1682692308195, "3": 8709.292714497124}, "4": {"1": 29531.39977810639, "2": 6580.1682692308195, "3": 8709.292714497124}}, "bleedDamage": {"1": {"1": 0.0, "2": 0.0, "3": 0.0}, "2": {"1": 0.0, "2": 0.0, "3": 0.0}, "3": {"1": 0.0, "2": 0.0, "3": 0.0}, "4": {"1": 0.0, "2": 0.0, "3": 0.0}}}