{"deaths": 32166, "totalAttacks": 100001, "damagingAttacks": 177396.25, "damageDone": {"1": 171521.81903358005, "2": 171521.81903358005, "3": 171521.81903358005, "4": 171521.81903358005}, "bleedDamage": {"1": 0.0, "2": 0.0, "3": 0.0, "4": 0.0}}