{"deaths": 32166, "totalAttacks": 200002, "damagingAttacks": 337906.75, "damageDone": {"1": 149735.47435885717, "2": 161253.5877711087, "3": 172771.70118351368, "4": 186947.84076777013}, "bleedDamage": {"1": 0.0, "2": 0.0, "3": 0.0, "4": 0.0}}