{"deaths": 32166, "totalAttacks": 100001, "damagingAttacks": 198028.75, "damageDone": {"1": 136085.38738897716, "2": 136085.38738897716, "3": 136085.38738897716, "4": 136085.38738897716}, "bleedDamage": {"1": 0.0, "2": 0.0, "3": 0.0, "4": 0.0}}