{"deaths": 32166, "totalAttacks": 100001, "damagingAttacks": 108403.0, "damageDone": {"1": 54627.891025662604, "2": 58830.03648913027, "3": 63032.18195266178, "4": 68204.05329237737}, "bleedDamage": {"1": 0.0, "2": 0.0, "3": 0.0, "4": 0.0}}