{"deaths": 32166, "totalAttacks": 100001, "damagingAttacks": 187208.25, "damageDone": {"1": 171488.17424807668, "2": 171488.17424807668, "3": 171488.17424807668, "4": 171488.17424807668}, "bleedDamage": {"1": 0.0, "2": 0.0, "3": 0.0, "4": 0.0}}