{"deaths": 32166, "totalAttacks": 200002, "damagingAttacks": 374416.5, "damageDone": {"1": 224538.47275636857, "2": 241810.6629683672, "3": 259082.8531806133, "4": 280340.933441612}, "bleedDamage": {"1": 0.0, "2": 0.0, "3": 0.0, "4": 0.0}}