{"deaths": 32166, "totalAttacks": 200002, "damagingAttacks": 354554.0, "damageDone": {"1": 215546.22115384936, "2": 232126.69970407957, "3": 248707.17825462978, "4": 269113.9210857852}, "bleedDamage": {"1": 0.0, "2": 0.0, "3": 0.0, "4": 0.0}}