{"deaths": {"1": 3348, "2": 7510, "3": 12769}, "totalAttacks": {"1": 18392.0, "2": 6384.0, "3": 8684.0}, "damagingAttacks": {"1": 11361.5, "2": 4015.5, "3": 3258.5625}, "damageDone": {"1": {"1": 24161.788091713694, "2": 4990.908777120087, "3": 4355.864521696049}, "2": {"1": 24161.788091713694, "2": 4990.908777120087, "3": 4355.864521696049}, "3": {"1": 24161.788091713694, "2": 4990.908777120087, "3": 4355.864521696049}, "4": {"1": 24161.788091713694, "2": 4990.908777120087, "3": 4355.864521696049}}, "bleedDamage": {"1": {"1": 0.0, "2": 0.0, "3": 0.0}, "2": {"1": 0.0, "2": 0.0, "3": 0.0}, "3": {"1": 0.0, "2": 0.0, "3": 0.0}, "4": {"1": 0.0, "2": 0.0, "3": 0.0}}}