{"deaths": 32166, "totalAttacks": 100001, "damagingAttacks": 110790.375, "damageDone": {"1": 50520.70833333971, "2": 54406.916666651916, "3": 58293.12500000431, "4": 63076.15064103639}, "bleedDamage": {"1": 0.0, "2": 0.0, "3": 0.0, "4": 0.0}}