{"deaths": 32166, "totalAttacks": 200002, "damagingAttacks": 365598.75, "damageDone": {"1": 205639.04487178163, "2": 221457.43293881378, "3": 237275.82100607373, "4": 256744.60631937513}, "bleedDamage": {"1": 0.0, "2": 0.0, "3": 0.0, "4": 0.0}}