{"deaths": 32166, "totalAttacks": 263556, "damagingAttacks": 512262.0, "damageDone": {"1": 241553.57692299224, "2": 260134.62130158333, "3": 278715.66568064113, "4": 301584.6433774047}, "bleedDamage": {"1": 0.0, "2": 0.0, "3": 0.0, "4": 0.0}}