{"deaths": {"1": 3348, "2": 7510, "3": 12769}, "totalAttacks": {"1": 18392.0, "2": 6384.0, "3": 8684.0}, "damagingAttacks": {"1": 17676.0, "2": 5847.0, "3": 6829.9375}, "damageDone": {"1": {"1": 4920.740384615445, "2": 1192.2948717948889, "3": 1381.821314102529}, "2": {"1": 4920.740384615445, "2": 1192.2948717948889, "3": 1381.821314102529}, "3": {"1": 4920.740384615445, "2": 1192.2948717948889, "3": 1381.821314102529}, "4": {"1": 4920.740384615445, "2": 1192.2948717948889, "3": 1381.821314102529}}, "bleedDamage": {"1": {"1": 0.0, "2": 0.0, "3": 0.0}, "2": {"1": 0.0, "2": 0.0, "3": 0.0}, "3": {"1": 0.0, "2": 0.0, "3": 0.0}, "4": {"1": 0.0, "2": 0.0, "3": 0.0}}}