{"deaths": 32166, "totalAttacks": 100001, "damagingAttacks": 168953.375, "damageDone": {"1": 114358.41173568899, "2": 114358.41173568899, "3": 114358.41173568899, "4": 114358.41173568899}, "bleedDamage": {"1": 0.0, "2": 0.0, "3": 0.0, "4": 0.0}}