{"deaths": 32166, "totalAttacks": 1031778, "damagingAttacks": 2046474.375, "damageDone": {"1": 1221591.3415364274, "2": 1221591.3415364274, "3": 1221591.3415364274, "4": 1221591.3415364274}, "bleedDamage": {"1": 0.0, "2": 0.0, "3": 0.0, "4": 0.0}, "loadoutDamage": {}}