{"deaths": 32166, "totalAttacks": 100001, "damagingAttacks": 181692.125, "damageDone": {"1": 24937.193108973894, "2": 24937.193108973894, "3": 24937.193108973894, "4": 24937.193108973894}, "bleedDamage": {"1": 0.0, "2": 0.0, "3": 0.0, "4": 0.0}}