{"deaths": 32166, "totalAttacks": 200002, "damagingAttacks": 216806.0, "damageDone": {"1": 85063.29696741636, "2": 91606.62750345177, "3": 98149.95803933313, "4": 106203.2879297727}, "bleedDamage": {"1": 0.0, "2": 0.0, "3": 0.0, "4": 0.0}}