{"deaths": 32166, "totalAttacks": 200002, "damagingAttacks": 179634.5, "damageDone": {"1": 71909.16937865471, "2": 77440.64394632506, "3": 82972.11851384079, "4": 89780.08721246805}, "bleedDamage": {"1": 0.0, "2": 0.0, "3": 0.0, "4": 0.0}}