{"deaths": 32166, "totalAttacks": 200002, "damagingAttacks": 373462.75, "damageDone": {"1": 162772.97435888788, "2": 175293.97238653008, "3": 187814.9704142701, "4": 203225.42952526486}, "bleedDamage": {"1": 0.0, "2": 0.0, "3": 0.0, "4": 0.0}}