{"deaths": 32166, "totalAttacks": 100001, "damagingAttacks": 130466.875, "damageDone": {"1": 42647.143121299676, "2": 45927.69259215599, "3": 49208.24206302918, "4": 53245.8414117969}, "bleedDamage": {"1": 0.0, "2": 0.0, "3": 0.0, "4": 0.0}}