{"deaths": 21651, "totalAttacks": 263556, "damagingAttacks": 389614.5, "damageDone": {"1": 367644.666666475, "2": 395925.0256409523, "3": 424205.3846153386, "4": 459011.9802763171}, "bleedDamage": {"1": 0.0, "2": 0.0, "3": 0.0, "4": 0.0}}