{"deaths": 21651, "totalAttacks": 200002, "damagingAttacks": 241284.75, "damageDone": {"1": 213335.69070517877, "2": 229746.12845176575, "3": 246156.56619817248, "4": 266354.0280402338}, "bleedDamage": {"1": 0.0, "2": 0.0, "3": 0.0, "4": 0.0}}