{"deaths": 21651, "totalAttacks": 200002, "damagingAttacks": 233930.25, "damageDone": {"1": 289672.1041666913, "2": 289672.1041666913, "3": 289672.1041666913, "4": 289672.1041666913}, "bleedDamage": {"1": 0.0, "2": 0.0, "3": 0.0, "4": 0.0}}