{"deaths": 21651, "totalAttacks": 527112, "damagingAttacks": 779229.0, "damageDone": {"1": 202358.76183435315, "2": 217924.8204369482, "3": 233490.87903961437, "4": 252649.1050121303}, "bleedDamage": {"1": 0.0, "2": 0.0, "3": 0.0, "4": 0.0}}