{"deaths": 21651, "totalAttacks": 200002, "damagingAttacks": 253241.5, "damageDone": {"1": 274410.0208333318, "2": 274410.0208333318, "3": 274410.0208333318, "4": 274410.0208333318}, "bleedDamage": {"1": 0.0, "2": 0.0, "3": 0.0, "4": 0.0}}