{"deaths": 21651, "totalAttacks": 200002, "damagingAttacks": 162954.25, "damageDone": {"1": 119232.6666666705, "2": 119232.6666666705, "3": 119232.6666666705, "4": 119232.6666666705}, "bleedDamage": {"1": 0.0, "2": 0.0, "3": 0.0, "4": 0.0}}