{"deaths": {"1": 1571, "2": 4056, "3": 8027}, "totalAttacks": {"1": 73568.0, "2": 25536.0, "3": 34736.0}, "damagingAttacks": {"1": 45446.0, "2": 16062.0, "3": 13034.25}, "damageDone": {"1": {"1": 42753.526257391764, "2": 7387.983357988091, "3": 6766.43583579876}, "2": {"1": 46042.25904643433, "2": 7956.289770141262, "3": 7286.930900091039}, "3": {"1": 49330.99183546348, "2": 8524.596182293846, "3": 7807.425964382924}, "4": {"1": 53378.662960414644, "2": 9224.05022802038, "3": 8448.035274280895}}, "bleedDamage": {"1": {"1": 0.0, "2": 0.0, "3": 0.0}, "2": {"1": 0.0, "2": 0.0, "3": 0.0}, "3": {"1": 0.0, "2": 0.0, "3": 0.0}, "4": {"1": 0.0, "2": 0.0, "3": 0.0}}}