{"deaths": 21651, "totalAttacks": 400004, "damagingAttacks": 521867.5, "damageDone": {"1": 120577.89386095728, "2": 129853.1164655982, "3": 139128.33907034653, "4": 150543.99766067494}, "bleedDamage": {"1": 0.0, "2": 0.0, "3": 0.0, "4": 0.0}}