{"deaths": 21651, "totalAttacks": 400004, "damagingAttacks": 433612.0, "damageDone": {"1": 154451.51923074556, "2": 166332.40532544907, "3": 178213.29142019557, "4": 192835.92045971754}, "bleedDamage": {"1": 0.0, "2": 0.0, "3": 0.0, "4": 0.0}}