{"deaths": {"1": 1571, "2": 4056, "3": 8027}, "totalAttacks": {"1": 36784.0, "2": 12768.0, "3": 17368.0}, "damagingAttacks": {"1": 22723.0, "2": 8031.0, "3": 6517.125}, "damageDone": {"1": {"1": 58753.12500000256, "2": 12136.166666666839, "3": 10591.958333333341}, "2": {"1": 58753.12500000256, "2": 12136.166666666839, "3": 10591.958333333341}, "3": {"1": 58753.12500000256, "2": 12136.166666666839, "3": 10591.958333333341}, "4": {"1": 58753.12500000256, "2": 12136.166666666839, "3": 10591.958333333341}}, "bleedDamage": {"1": {"1": 0.0, "2": 0.0, "3": 0.0}, "2": {"1": 0.0, "2": 0.0, "3": 0.0}, "3": {"1": 0.0, "2": 0.0, "3": 0.0}, "4": {"1": 0.0, "2": 0.0, "3": 0.0}}}