{"deaths": 21651, "totalAttacks": 400004, "damagingAttacks": 325908.5, "damageDone": {"1": 72645.48317308043, "2": 78233.59726331403, "3": 83821.71135357389, "4": 90699.39023382407}, "bleedDamage": {"1": 0.0, "2": 0.0, "3": 0.0, "4": 0.0}}