{"deaths": {"1": 1571, "2": 4056, "3": 8027}, "totalAttacks": {"1": 36784.0, "2": 12768.0, "3": 17368.0}, "damagingAttacks": {"1": 22723.0, "2": 8031.0, "3": 6517.125}, "damageDone": {"1": {"1": 56070.964743588855, "2": 14587.820512820077, "3": 12028.232371794618}, "2": {"1": 60384.1158777066, "2": 15709.960552268265, "3": 12953.481015779114}, "3": {"1": 64697.26701183242, "2": 16832.10059171655, "3": 13878.729659763809}, "4": {"1": 70005.76071536986, "2": 18213.196024882447, "3": 15017.497221590273}}, "bleedDamage": {"1": {"1": 0.0, "2": 0.0, "3": 0.0}, "2": {"1": 0.0, "2": 0.0, "3": 0.0}, "3": {"1": 0.0, "2": 0.0, "3": 0.0}, "4": {"1": 0.0, "2": 0.0, "3": 0.0}}}