{"deaths": 21651, "totalAttacks": 400004, "damagingAttacks": 359269.0, "damageDone": {"1": 130984.37592449627, "2": 141060.09714953447, "3": 151135.81837451042, "4": 163536.70603595162}, "bleedDamage": {"1": 0.0, "2": 0.0, "3": 0.0, "4": 0.0}}