{"deaths": 21651, "totalAttacks": 100001, "damagingAttacks": 168953.375, "damageDone": {"1": 158684.66666662865, "2": 158684.66666662865, "3": 158684.66666662865, "4": 158684.66666662865}, "bleedDamage": {"1": 0.0, "2": 0.0, "3": 0.0, "4": 0.0}}