{"deaths": 21651, "totalAttacks": 400004, "damagingAttacks": 506483.0, "damageDone": {"1": 192219.17289203612, "2": 207005.2631144599, "3": 221791.35333703225, "4": 239989.61822613212}, "bleedDamage": {"1": 0.0, "2": 0.0, "3": 0.0, "4": 0.0}}