{"deaths": 21651, "totalAttacks": 200002, "damagingAttacks": 179634.5, "damageDone": {"1": 194512.6121796419, "2": 209475.12080876125, "3": 224437.6294378646, "4": 242853.02467391515}, "bleedDamage": {"1": 0.0, "2": 0.0, "3": 0.0, "4": 0.0}}