{"deaths": 21651, "totalAttacks": 3095334, "damagingAttacks": 3630639.375, "damageDone": {"1": 1428377.5357503502, "2": 1538252.7308003732, "3": 1648127.9258636984, "4": 1783358.9351602797}, "bleedDamage": {"1": 0.0, "2": 0.0, "3": 0.0, "4": 0.0}, "loadoutDamage": {}}