{"deaths": 21651, "totalAttacks": 263556, "damagingAttacks": 389614.5, "damageDone": {"1": 320629.08333327086, "2": 320629.08333327086, "3": 320629.08333327086, "4": 320629.08333327086}, "bleedDamage": {"1": 0.0, "2": 0.0, "3": 0.0, "4": 0.0}}