{"deaths": 21651, "totalAttacks": 400004, "damagingAttacks": 482569.5, "damageDone": {"1": 106560.48206353822, "2": 114757.44222227471, "3": 122954.40238105852, "4": 133042.96873031047}, "bleedDamage": {"1": 0.0, "2": 0.0, "3": 0.0, "4": 0.0}}