{"deaths": 21651, "totalAttacks": 200002, "damagingAttacks": 216806.0, "damageDone": {"1": 222493.04166668386, "2": 222493.04166668386, "3": 222493.04166668386, "4": 222493.04166668386}, "bleedDamage": {"1": 0.0, "2": 0.0, "3": 0.0, "4": 0.0}}