{"deaths": 21651, "totalAttacks": 400004, "damagingAttacks": 520920.0, "damageDone": {"1": 138071.96523665503, "2": 148692.88563960823, "3": 159313.80604238927, "4": 172385.70807649332}, "bleedDamage": {"1": 0.0, "2": 0.0, "3": 0.0, "4": 0.0}}