{"deaths": 21651, "totalAttacks": 400004, "damagingAttacks": 443161.5, "damageDone": {"1": 142839.12499998836, "2": 153826.7499999601, "3": 164814.3749999975, "4": 178337.6057691985}, "bleedDamage": {"1": 0.0, "2": 0.0, "3": 0.0, "4": 0.0}}