{"deaths": 21651, "totalAttacks": 200002, "damagingAttacks": 260933.75, "damageDone": {"1": 236860.48076926894, "2": 255080.51775159978, "3": 273300.554733734, "4": 295725.2156351587}, "bleedDamage": {"1": 0.0, "2": 0.0, "3": 0.0, "4": 0.0}}