{"deaths": 21651, "totalAttacks": 200002, "damagingAttacks": 260460.0, "damageDone": {"1": 251335.47115400992, "2": 270668.96893483866, "3": 290002.4667160075, "4": 313797.54090819455}, "bleedDamage": {"1": 0.0, "2": 0.0, "3": 0.0, "4": 0.0}}