{"deaths": 21651, "totalAttacks": 200002, "damagingAttacks": 216806.0, "damageDone": {"1": 231144.46474371816, "2": 248924.8081854239, "3": 266705.15162725974, "4": 288588.65124798485}, "bleedDamage": {"1": 0.0, "2": 0.0, "3": 0.0, "4": 0.0}}