{"deaths": 21651, "totalAttacks": 200002, "damagingAttacks": 253241.5, "damageDone": {"1": 279231.4807691832, "2": 300710.8254437933, "3": 322190.170118326, "4": 348626.28664103907}, "bleedDamage": {"1": 0.0, "2": 0.0, "3": 0.0, "4": 0.0}}