{"deaths": 21651, "totalAttacks": 200002, "damagingAttacks": 179634.5, "damageDone": {"1": 188330.70833330404, "2": 188330.70833330404, "3": 188330.70833330404, "4": 188330.70833330404}, "bleedDamage": {"1": 0.0, "2": 0.0, "3": 0.0, "4": 0.0}}