{"deaths": 21651, "totalAttacks": 400004, "damagingAttacks": 467860.5, "damageDone": {"1": 216541.86150143886, "2": 233198.92777084312, "3": 249855.99404027037, "4": 270356.99867939955}, "bleedDamage": {"1": 0.0, "2": 0.0, "3": 0.0, "4": 0.0}}