{"deaths": 21651, "totalAttacks": 200002, "damagingAttacks": 233930.25, "damageDone": {"1": 278562.8125001268, "2": 299990.7211539973, "3": 321418.6298076921, "4": 347791.4404586847}, "bleedDamage": {"1": 0.0, "2": 0.0, "3": 0.0, "4": 0.0}}