{"deaths": 21651, "totalAttacks": 200002, "damagingAttacks": 221580.75, "damageDone": {"1": 230262.02724358876, "2": 247974.4908779073, "3": 265686.95451181196, "4": 287486.90975401184}, "bleedDamage": {"1": 0.0, "2": 0.0, "3": 0.0, "4": 0.0}}