{"deaths": 21651, "totalAttacks": 200002, "damagingAttacks": 162954.25, "damageDone": {"1": 145360.00320515013, "2": 156541.54191328128, "3": 167723.0806213264, "4": 181484.97441590455}, "bleedDamage": {"1": 0.0, "2": 0.0, "3": 0.0, "4": 0.0}}