{"deaths": 21651, "totalAttacks": 100001, "damagingAttacks": 186731.375, "damageDone": {"1": 209336.19791654075, "2": 209336.19791654075, "3": 209336.19791654075, "4": 209336.19791654075}, "bleedDamage": {"1": 0.0, "2": 0.0, "3": 0.0, "4": 0.0}}