{"deaths": 24945, "totalAttacks": 200002, "damagingAttacks": 365598.75, "damageDone": {"1": 100559.75271204925, "2": 108295.1183052464, "3": 116030.48389846041, "4": 125550.9338593889}, "bleedDamage": {"1": 0.0, "2": 0.0, "3": 0.0, "4": 0.0}}