{"deaths": 24945, "totalAttacks": 200002, "damagingAttacks": 351590.75, "damageDone": {"1": 83565.97509865758, "2": 89994.12702925628, "3": 96422.27895991754, "4": 104333.85056693175}, "bleedDamage": {"1": 0.0, "2": 0.0, "3": 0.0, "4": 0.0}}