{"deaths": 24945, "totalAttacks": 200002, "damagingAttacks": 374416.5, "damageDone": {"1": 109801.7806335685, "2": 118248.0714516139, "3": 126694.36226952606, "4": 137089.79712242863}, "bleedDamage": {"1": 0.0, "2": 0.0, "3": 0.0, "4": 0.0}}