{"deaths": 24945, "totalAttacks": 200002, "damagingAttacks": 363384.25, "damageDone": {"1": 124517.884553707, "2": 134096.1833655682, "3": 143674.48217734665, "4": 155463.15763801205}, "bleedDamage": {"1": 0.0, "2": 0.0, "3": 0.0, "4": 0.0}}