{"deaths": {"1": 1692, "2": 3897, "3": 9764}, "totalAttacks": {"1": 36784.0, "2": 12768.0, "3": 17368.0}, "damagingAttacks": {"1": 35352.0, "2": 11694.0, "3": 13659.875}, "damageDone": {"1": {"1": 41680.94082840248, "2": 9164.445759368695, "3": 10798.501972386703}, "2": {"1": 44887.16704597132, "2": 9869.40312547411, "3": 11629.155970262613}, "3": {"1": 48093.39326354372, "2": 10574.360491579135, "3": 12459.809968138201}, "4": {"1": 52039.51783901227, "2": 11442.00032678615, "3": 13482.153350140097}}, "bleedDamage": {"1": {"1": 0.0, "2": 0.0, "3": 0.0}, "2": {"1": 0.0, "2": 0.0, "3": 0.0}, "3": {"1": 0.0, "2": 0.0, "3": 0.0}, "4": {"1": 0.0, "2": 0.0, "3": 0.0}}}