{"deaths": 24945, "totalAttacks": 200002, "damagingAttacks": 337906.75, "damageDone": {"1": 73222.29240634048, "2": 78854.77643755918, "3": 84487.26046879492, "4": 91419.54850725473}, "bleedDamage": {"1": 0.0, "2": 0.0, "3": 0.0, "4": 0.0}}