{"deaths": 24945, "totalAttacks": 200002, "damagingAttacks": 354792.5, "damageDone": {"1": 109823.32297825319, "2": 118271.27089969665, "3": 126719.21882103193, "4": 137116.69318580546}, "bleedDamage": {"1": 0.0, "2": 0.0, "3": 0.0, "4": 0.0}}