{"deaths": 24945, "totalAttacks": 200002, "damagingAttacks": 373462.75, "damageDone": {"1": 79597.77317560285, "2": 85720.67880441785, "3": 91843.58443329338, "4": 99379.46828431528}, "bleedDamage": {"1": 0.0, "2": 0.0, "3": 0.0, "4": 0.0}}