{"deaths": 24945, "totalAttacks": 200002, "damagingAttacks": 382547.0, "damageDone": {"1": 88900.1602564619, "2": 95738.63412235046, "3": 102577.10798813662, "4": 110993.69120768052}, "bleedDamage": {"1": 0.0, "2": 0.0, "3": 0.0, "4": 0.0}}