{"deaths": 24945, "totalAttacks": 263556, "damagingAttacks": 512262.0, "damageDone": {"1": 118122.35355030521, "2": 127208.68843872903, "3": 136295.0233272087, "4": 147478.20472850505}, "bleedDamage": {"1": 0.0, "2": 0.0, "3": 0.0, "4": 0.0}}