{"deaths": 24945, "totalAttacks": 200002, "damagingAttacks": 354554.0, "damageDone": {"1": 105404.47078395913, "2": 113512.50699815669, "3": 121620.54321224056, "4": 131599.66470662993}, "bleedDamage": {"1": 0.0, "2": 0.0, "3": 0.0, "4": 0.0}}