{"deaths": 47165, "totalAttacks": 300003, "damagingAttacks": 350895.375, "damageDone": {"1": 199237.2728381341, "2": 214563.2169027435, "3": 229889.16096689872, "4": 248751.86135399394}, "bleedDamage": {"1": 151156.4112426209, "2": 162783.82749216157, "3": 174411.2437412683, "4": 188721.90989451506}}