{"deaths": 47165, "totalAttacks": 100001, "damagingAttacks": 126620.75, "damageDone": {"1": 83894.64336421917, "2": 90348.07746925423, "3": 96801.51157417535, "4": 104744.19970326574}, "bleedDamage": {"1": 50164.834319521746, "2": 54023.667728767956, "3": 57882.50113798109, "4": 62631.834564628036}}