{"deaths": 47165, "totalAttacks": 100001, "damagingAttacks": 168953.375, "damageDone": {"1": 86319.30840302461, "2": 86319.30840302461, "3": 86319.30840302461, "4": 86319.30840302461}, "bleedDamage": {"1": 72343.17455615762, "2": 72343.17455615762, "3": 72343.17455615762, "4": 72343.17455615762}}