{"deaths": 47165, "totalAttacks": 100001, "damagingAttacks": 177277.0, "damageDone": {"1": 106178.70581694177, "2": 106178.70581694177, "3": 106178.70581694177, "4": 106178.70581694177}, "bleedDamage": {"1": 66245.9171597134, "2": 66245.9171597134, "3": 66245.9171597134, "4": 66245.9171597134}}