{"deaths": 47165, "totalAttacks": 100001, "damagingAttacks": 110790.375, "damageDone": {"1": 68722.69492979626, "2": 74009.05607830515, "3": 79295.41722675567, "4": 85801.70787097246}, "bleedDamage": {"1": 47739.298816553666, "2": 51411.55257172936, "3": 55083.80632687398, "4": 59603.50325621694}}