{"deaths": 47165, "totalAttacks": 131778, "damagingAttacks": 194807.25, "damageDone": {"1": 158495.0163034816, "2": 158495.0163034816, "3": 158495.0163034816, "4": 158495.0163034816}, "bleedDamage": {"1": 83981.23668635733, "2": 83981.23668635733, "3": 83981.23668635733, "4": 83981.23668635733}}