{"deaths": 47165, "totalAttacks": 100001, "damagingAttacks": 81477.125, "damageDone": {"1": 38944.8564087194, "2": 41940.61459405547, "3": 44936.372779337195, "4": 48623.459776587544}, "bleedDamage": {"1": 34737.34023665978, "2": 37409.44333186235, "3": 40081.54642698961, "4": 43370.288697879936}}