{"deaths": {"1": 5012, "2": 11049, "3": 18339}, "totalAttacks": {"1": 18392.0, "2": 6384.0, "3": 8684.0}, "damagingAttacks": {"1": 17676.0, "2": 5847.0, "3": 6829.9375}, "damageDone": {"1": {"1": 22369.62433806289, "2": 5178.299265948627, "3": 5485.730292169544}, "2": {"1": 22369.62433806289, "2": 5178.299265948627, "3": 5485.730292169544}, "3": {"1": 22369.62433806289, "2": 5178.299265948627, "3": 5485.730292169544}, "4": {"1": 22369.62433806289, "2": 5178.299265948627, "3": 5485.730292169544}}, "bleedDamage": {"1": {"1": 15897.940828401921, "2": 4534.816568047131, "3": 5795.505917159711}, "2": {"1": 15897.940828401921, "2": 4534.816568047131, "3": 5795.505917159711}, "3": {"1": 15897.940828401921, "2": 4534.816568047131, "3": 5795.505917159711}, "4": {"1": 15897.940828401921, "2": 4534.816568047131, "3": 5795.505917159711}}}