{"deaths": 47165, "totalAttacks": 100001, "damagingAttacks": 89817.25, "damageDone": {"1": 48413.790766813596, "2": 48413.790766813596, "3": 48413.790766813596, "4": 48413.790766813596}, "bleedDamage": {"1": 30042.934911227374, "2": 30042.934911227374, "3": 30042.934911227374, "4": 30042.934911227374}}