{"deaths": 47165, "totalAttacks": 100001, "damagingAttacks": 130466.875, "damageDone": {"1": 76421.11047636563, "2": 82299.65743620033, "3": 88178.20439590771, "4": 95413.33911553276}, "bleedDamage": {"1": 56208.80177510722, "2": 60532.55575792827, "3": 64856.30974061176, "4": 70177.85310389727}}