{"deaths": {"1": 5012, "2": 11049, "3": 18339}, "totalAttacks": {"1": 55176.0, "2": 19152.0, "3": 26052.0}, "damagingAttacks": {"1": 34084.5, "2": 12046.5, "3": 9775.6875}, "damageDone": {"1": {"1": 29358.18996903562, "2": 6908.152125327108, "3": 5089.8913838493745}, "2": {"1": 31616.512274340057, "2": 7439.548442659942, "3": 5481.42149029921}, "3": {"1": 33874.83457964851, "2": 7970.944759992661, "3": 5872.951596749001}, "4": {"1": 36654.30818618744, "2": 8624.970996710366, "3": 6354.834804687665}}, "bleedDamage": {"1": {"1": 30655.881656811194, "2": 9168.568047337447, "3": 8245.943786982541}, "2": {"1": 33014.02639963326, "2": 9873.842512517143, "3": 8880.247155211619}, "3": {"1": 35372.17114246281, "2": 10579.116977696638, "3": 9514.55052344059}, "4": {"1": 38274.503133645194, "2": 11447.147088687821, "3": 10295.231592031416}}}