{"deaths": 47165, "totalAttacks": 100001, "damagingAttacks": 182799.375, "damageDone": {"1": 118563.95302076242, "2": 118563.95302076242, "3": 118563.95302076242, "4": 118563.95302076242}, "bleedDamage": {"1": 78913.35207096164, "2": 78913.35207096164, "3": 78913.35207096164, "4": 78913.35207096164}}