{"deaths": 47165, "totalAttacks": 1031778, "damagingAttacks": 1210213.125, "damageDone": {"1": 801949.1825361713, "2": 801949.1825361713, "3": 801949.1825361713, "4": 801949.1825361713}, "bleedDamage": {"1": 490800.8609520447, "2": 490800.8609520447, "3": 490800.8609520447, "4": 490800.8609520447}, "loadoutDamage": {}}