{"deaths": 47165, "totalAttacks": 2063556, "damagingAttacks": 2420426.25, "damageDone": {"1": 1782867.9218426798, "2": 1920011.6080978229, "3": 2057155.2943954389, "4": 2225947.523684851}, "bleedDamage": {"1": 1388449.8040131605, "2": 1495253.6350547879, "3": 1602057.4661342038, "4": 1733508.3351557648}, "loadoutDamage": {}}