{"deaths": 47165, "totalAttacks": 300003, "damagingAttacks": 325209.0, "damageDone": {"1": 161976.02509673772, "2": 174435.71933499086, "3": 186895.41357297823, "4": 202230.42186626297}, "bleedDamage": {"1": 140448.00000004438, "2": 151251.69230777465, "3": 162055.3846152362, "4": 175352.23668636335}}