{"deaths": 47165, "totalAttacks": 300003, "damagingAttacks": 361927.125, "damageDone": {"1": 115288.78167966427, "2": 124157.14950114439, "3": 133025.51732267995, "4": 143940.43156457966}, "bleedDamage": {"1": 103974.91420117981, "2": 111972.98452430962, "3": 119971.0548475204, "4": 129814.83370684262}}