{"deaths": 47165, "totalAttacks": 131778, "damagingAttacks": 194807.25, "damageDone": {"1": 125533.89500162461, "2": 135190.34846352707, "3": 144846.80192518467, "4": 156731.66772397785}, "bleedDamage": {"1": 83981.23668635733, "2": 90441.33181625111, "3": 96901.4269459813, "4": 104852.31325931234}}