{"deaths": 47165, "totalAttacks": 1031778, "damagingAttacks": 1885241.625, "damageDone": {"1": 1298777.2022268346, "2": 1298777.2022268346, "3": 1298777.2022268346, "4": 1298777.2022268346}, "bleedDamage": {"1": 773237.5473336185, "2": 773237.5473336185, "3": 773237.5473336185, "4": 773237.5473336185}, "loadoutDamage": {}}