{"deaths": 47165, "totalAttacks": 300003, "damagingAttacks": 269451.75, "damageDone": {"1": 103394.8560282613, "2": 111348.30649204503, "3": 119301.75695567907, "4": 129090.61906496971}, "bleedDamage": {"1": 90128.80473367257, "2": 97061.78971325923, "3": 103994.7746926884, "4": 112527.67928298004}}