{"deaths": 47165, "totalAttacks": 395334, "damagingAttacks": 584421.75, "damageDone": {"1": 306063.6790881079, "2": 329607.0390180336, "3": 353150.39894720586, "4": 382126.84193823684}, "bleedDamage": {"1": 251943.71005937882, "2": 271323.99544857966, "3": 290704.28083711816, "4": 314556.93977805803}}