{"deaths": {"1": 5012, "2": 11049, "3": 18339}, "totalAttacks": {"1": 18392.0, "2": 6384.0, "3": 8684.0}, "damagingAttacks": {"1": 11361.5, "2": 4015.5, "3": 3258.5625}, "damageDone": {"1": {"1": 14194.51302715471, "2": 3175.817966824877, "3": 2444.77419895561}, "2": {"1": 15286.398644625951, "2": 3420.1116565807906, "3": 2632.8337527214853}, "3": {"1": 16378.28426209729, "2": 3664.4053463364826, "3": 2820.89330648729}, "4": {"1": 17722.14348360149, "2": 3965.0745029590175, "3": 3052.3512188143704}}, "bleedDamage": {"1": {"1": 10218.627218936, "2": 3056.1893491122896, "3": 2748.647928993999}, "2": {"1": 11004.675466545586, "2": 3291.28083750575, "3": 2960.082385070574}, "3": {"1": 11790.723714153773, "2": 3526.3723258988744, "3": 3171.516841146978}, "4": {"1": 12758.16771121035, "2": 3815.715696229119, "3": 3431.743864010094}}}