{"deaths": 47165, "totalAttacks": 100001, "damagingAttacks": 175795.375, "damageDone": {"1": 89913.07064568475, "2": 89913.07064568475, "3": 89913.07064568475, "4": 89913.07064568475}, "bleedDamage": {"1": 55196.180473347704, "2": 55196.180473347704, "3": 55196.180473347704, "4": 55196.180473347704}}