{"deaths": 47165, "totalAttacks": 100001, "damagingAttacks": 120642.375, "damageDone": {"1": 70055.7918715594, "2": 70055.7918715594, "3": 70055.7918715594, "4": 70055.7918715594}, "bleedDamage": {"1": 34658.304733749996, "2": 34658.304733749996, "3": 34658.304733749996, "4": 34658.304733749996}}