{"deaths": 47165, "totalAttacks": 100001, "damagingAttacks": 187208.25, "damageDone": {"1": 123454.79138981162, "2": 123454.79138981162, "3": 123454.79138981162, "4": 123454.79138981162}, "bleedDamage": {"1": 71391.09467454907, "2": 71391.09467454907, "3": 71391.09467454907, "4": 71391.09467454907}}