{"deaths": 47165, "totalAttacks": 100001, "damagingAttacks": 191273.5, "damageDone": {"1": 120413.56857984213, "2": 120413.56857984213, "3": 120413.56857984213, "4": 120413.56857984213}, "bleedDamage": {"1": 82611.9999999255, "2": 82611.9999999255, "3": 82611.9999999255, "4": 82611.9999999255}}