{"deaths": 47165, "totalAttacks": 100001, "damagingAttacks": 120642.375, "damageDone": {"1": 51147.09586563337, "2": 55081.48785529362, "3": 59015.87984494576, "4": 63858.20844758034}, "bleedDamage": {"1": 34658.304733749996, "2": 37324.328174784954, "3": 39990.35161586076, "4": 43271.61123558862}}