{"deaths": 47165, "totalAttacks": 300003, "damagingAttacks": 379862.25, "damageDone": {"1": 190710.541039504, "2": 205380.58265788015, "3": 220050.62427623742, "4": 238106.06011436024}, "bleedDamage": {"1": 150494.50295863277, "2": 162071.0031861371, "3": 173647.50341368222, "4": 187895.50369382845}}