{"deaths": 47165, "totalAttacks": 1031778, "damagingAttacks": 1210213.125, "damageDone": {"1": 791618.387285905, "2": 791618.387285905, "3": 791618.387285905, "4": 791618.387285905}, "bleedDamage": {"1": 490800.8609520447, "2": 490800.8609520447, "3": 490800.8609520447, "4": 490800.8609520447}, "loadoutDamage": {}}