{"deaths": 47165, "totalAttacks": 1031778, "damagingAttacks": 1210213.125, "damageDone": {"1": 801949.1825361713, "2": 863637.5811863521, "3": 925325.97983922, "4": 1001250.1628113855}, "bleedDamage": {"1": 490800.8609520447, "2": 528554.7733276982, "3": 566308.6857039201, "4": 612775.0394128123}, "loadoutDamage": {}}