{"deaths": 47165, "totalAttacks": 131778, "damagingAttacks": 256131.0, "damageDone": {"1": 170028.87051309936, "2": 170028.87051309936, "3": 170028.87051309936, "4": 170028.87051309936}, "bleedDamage": {"1": 110688.60355023874, "2": 110688.60355023874, "3": 110688.60355023874, "4": 110688.60355023874}}