{"deaths": 47165, "totalAttacks": 100001, "damagingAttacks": 116965.125, "damageDone": {"1": 86293.66638978056, "2": 86293.66638978056, "3": 86293.66638978056, "4": 86293.66638978056}, "bleedDamage": {"1": 50385.47041417769, "2": 50385.47041417769, "3": 50385.47041417769, "4": 50385.47041417769}}