{"deaths": 47165, "totalAttacks": 300003, "damagingAttacks": 390690.0, "damageDone": {"1": 190538.66514582591, "2": 205195.48554187446, "3": 219852.30593726895, "4": 237891.4695016863}, "bleedDamage": {"1": 168209.3609466837, "2": 181148.54255820697, "3": 194087.7241690314, "4": 210012.87076785654}}