{"deaths": 47165, "totalAttacks": 1031778, "damagingAttacks": 1885241.625, "damageDone": {"1": 1315052.9658141814, "2": 1315052.9658141814, "3": 1315052.9658141814, "4": 1315052.9658141814}, "bleedDamage": {"1": 773237.5473336185, "2": 773237.5473336185, "3": 773237.5473336185, "4": 773237.5473336185}, "loadoutDamage": {}}