{"deaths": 47165, "totalAttacks": 100001, "damagingAttacks": 81477.125, "damageDone": {"1": 38944.8564087194, "2": 38944.8564087194, "3": 38944.8564087194, "4": 38944.8564087194}, "bleedDamage": {"1": 34737.34023665978, "2": 34737.34023665978, "3": 34737.34023665978, "4": 34737.34023665978}}