{"deaths": 47165, "totalAttacks": 100001, "damagingAttacks": 126620.75, "damageDone": {"1": 108424.14928139279, "2": 108424.14928139279, "3": 108424.14928139279, "4": 108424.14928139279}, "bleedDamage": {"1": 50164.834319521746, "2": 50164.834319521746, "3": 50164.834319521746, "4": 50164.834319521746}}