{"deaths": 47165, "totalAttacks": 100001, "damagingAttacks": 130466.875, "damageDone": {"1": 97964.84321797655, "2": 97964.84321797655, "3": 97964.84321797655, "4": 97964.84321797655}, "bleedDamage": {"1": 56208.80177510722, "2": 56208.80177510722, "3": 56208.80177510722, "4": 56208.80177510722}}