{"deaths": 47165, "totalAttacks": 100001, "damagingAttacks": 186731.375, "damageDone": {"1": 112258.28485065672, "2": 112258.28485065672, "3": 112258.28485065672, "4": 112258.28485065672}, "bleedDamage": {"1": 80634.81952656136, "2": 80634.81952656136, "3": 80634.81952656136, "4": 80634.81952656136}}