{"deaths": 47165, "totalAttacks": 100001, "damagingAttacks": 110790.375, "damageDone": {"1": 68722.69492979626, "2": 68722.69492979626, "3": 68722.69492979626, "4": 68722.69492979626}, "bleedDamage": {"1": 47739.298816553666, "2": 47739.298816553666, "3": 47739.298816553666, "4": 47739.298816553666}}