{"deaths": 47165, "totalAttacks": 100001, "damagingAttacks": 130230.0, "damageDone": {"1": 80239.22171523745, "2": 86411.46953963858, "3": 92583.7173638759, "4": 100180.3300706407}, "bleedDamage": {"1": 56069.786982184465, "2": 60382.84751943608, "3": 64695.90805649977, "4": 70004.29025598936}}