{"deaths": 47165, "totalAttacks": 300003, "damagingAttacks": 244431.375, "damageDone": {"1": 92327.33771732818, "2": 99429.44061870669, "3": 106531.5435198783, "4": 115272.59324468425}, "bleedDamage": {"1": 104212.02071007622, "2": 112228.32999552468, "3": 120244.63928069477, "4": 130110.86609360683}}