{"deaths": 47165, "totalAttacks": 100001, "damagingAttacks": 130230.0, "damageDone": {"1": 80239.22171523745, "2": 80239.22171523745, "3": 80239.22171523745, "4": 80239.22171523745}, "bleedDamage": {"1": 56069.786982184465, "2": 56069.786982184465, "3": 56069.786982184465, "4": 56069.786982184465}}