{"deaths": 47165, "totalAttacks": 100001, "damagingAttacks": 177396.25, "damageDone": {"1": 124096.2844058502, "2": 124096.2844058502, "3": 124096.2844058502, "4": 124096.2844058502}, "bleedDamage": {"1": 76726.1597632683, "2": 76726.1597632683, "3": 76726.1597632683, "4": 76726.1597632683}}