{"deaths": 47165, "totalAttacks": 100001, "damagingAttacks": 89817.25, "damageDone": {"1": 48413.790766813596, "2": 52137.92851817877, "3": 55862.0662694393, "4": 60445.62042488696}, "bleedDamage": {"1": 30042.934911227374, "2": 32353.92990444844, "3": 34664.92489760429, "4": 37509.22642765663}}