{"deaths": 47165, "totalAttacks": 2063556, "damagingAttacks": 2420426.25, "damageDone": {"1": 1812093.1978797032, "2": 1951484.9822907762, "3": 2090876.7667451175, "4": 2262435.886073591}, "bleedDamage": {"1": 1388449.8040131605, "2": 1495253.6350547879, "3": 1602057.4661342038, "4": 1733508.3351557648}, "loadoutDamage": {}}