{"deaths": 47165, "totalAttacks": 100001, "damagingAttacks": 89817.25, "damageDone": {"1": 65430.02868594441, "2": 65430.02868594441, "3": 65430.02868594441, "4": 65430.02868594441}, "bleedDamage": {"1": 30042.934911227374, "2": 30042.934911227374, "3": 30042.934911227374, "4": 30042.934911227374}}