{"deaths": 47165, "totalAttacks": 100001, "damagingAttacks": 130230.0, "damageDone": {"1": 103247.98749433289, "2": 103247.98749433289, "3": 103247.98749433289, "4": 103247.98749433289}, "bleedDamage": {"1": 56069.786982184465, "2": 56069.786982184465, "3": 56069.786982184465, "4": 56069.786982184465}}