{"deaths": 47165, "totalAttacks": 100001, "damagingAttacks": 120642.375, "damageDone": {"1": 51147.09586563337, "2": 51147.09586563337, "3": 51147.09586563337, "4": 51147.09586563337}, "bleedDamage": {"1": 34658.304733749996, "2": 34658.304733749996, "3": 34658.304733749996, "4": 34658.304733749996}}