{"deaths": 47165, "totalAttacks": 100001, "damagingAttacks": 108403.0, "damageDone": {"1": 69139.01822748194, "2": 69139.01822748194, "3": 69139.01822748194, "4": 69139.01822748194}, "bleedDamage": {"1": 46815.99999998677, "2": 46815.99999998677, "3": 46815.99999998677, "4": 46815.99999998677}}