{"deaths": 47165, "totalAttacks": 100001, "damagingAttacks": 181692.125, "damageDone": {"1": 138773.76282072987, "2": 138773.76282072987, "3": 138773.76282072987, "4": 138773.76282072987}, "bleedDamage": {"1": 78493.4408283482, "2": 78493.4408283482, "3": 78493.4408283482, "4": 78493.4408283482}}