{"deaths": 47165, "totalAttacks": 100001, "damagingAttacks": 116965.125, "damageDone": {"1": 86293.66638978056, "2": 92931.64072760087, "3": 99569.61506529202, "4": 107739.42963464053}, "bleedDamage": {"1": 50385.47041417769, "2": 54261.27583073587, "3": 58137.08124723907, "4": 62907.30329822617}}