{"deaths": 47165, "totalAttacks": 100001, "damagingAttacks": 108403.0, "damageDone": {"1": 69139.01822748194, "2": 74457.40424506848, "3": 79775.79026256272, "4": 86321.49613019508}, "bleedDamage": {"1": 46815.99999998677, "2": 50417.23076928725, "3": 54018.46153853222, "4": 58450.74556214384}}