{"deaths": {"1": 5012, "2": 11049, "3": 18339}, "totalAttacks": {"1": 18392.0, "2": 6384.0, "3": 8684.0}, "damagingAttacks": {"1": 11361.5, "2": 4015.5, "3": 3258.5625}, "damageDone": {"1": {"1": 14194.51302715471, "2": 3175.817966824877, "3": 2444.77419895561}, "2": {"1": 14194.51302715471, "2": 3175.817966824877, "3": 2444.77419895561}, "3": {"1": 14194.51302715471, "2": 3175.817966824877, "3": 2444.77419895561}, "4": {"1": 14194.51302715471, "2": 3175.817966824877, "3": 2444.77419895561}}, "bleedDamage": {"1": {"1": 10218.627218936, "2": 3056.1893491122896, "3": 2748.647928993999}, "2": {"1": 10218.627218936, "2": 3056.1893491122896, "3": 2748.647928993999}, "3": {"1": 10218.627218936, "2": 3056.1893491122896, "3": 2748.647928993999}, "4": {"1": 10218.627218936, "2": 3056.1893491122896, "3": 2748.647928993999}}}