{"deaths": 47165, "totalAttacks": 100001, "damagingAttacks": 126620.75, "damageDone": {"1": 83894.64336421917, "2": 83894.64336421917, "3": 83894.64336421917, "4": 83894.64336421917}, "bleedDamage": {"1": 50164.834319521746, "2": 50164.834319521746, "3": 50164.834319521746, "4": 50164.834319521746}}