{"deaths": 47165, "totalAttacks": 300003, "damagingAttacks": 332371.125, "damageDone": {"1": 157299.07295509026, "2": 169399.0016439415, "3": 181498.93033273303, "4": 196391.15025756916}, "bleedDamage": {"1": 143217.89644969648, "2": 154234.65771504538, "3": 165251.4189803463, "4": 178810.50976856978}}