{"deaths": 47165, "totalAttacks": 1031778, "damagingAttacks": 1210213.125, "damageDone": {"1": 1016834.9244007405, "2": 1016834.9244007405, "3": 1016834.9244007405, "4": 1016834.9244007405}, "bleedDamage": {"1": 490800.8609520447, "2": 490800.8609520447, "3": 490800.8609520447, "4": 490800.8609520447}, "loadoutDamage": {}}