{"deaths": 47165, "totalAttacks": 100001, "damagingAttacks": 81477.125, "damageDone": {"1": 51706.07805566189, "2": 51706.07805566189, "3": 51706.07805566189, "4": 51706.07805566189}, "bleedDamage": {"1": 34737.34023665978, "2": 34737.34023665978, "3": 34737.34023665978, "4": 34737.34023665978}}