{"deaths": 47165, "totalAttacks": 1031778, "damagingAttacks": 1210213.125, "damageDone": {"1": 791618.387285905, "2": 852512.1093784841, "3": 913405.8314737382, "4": 988351.9509900615}, "bleedDamage": {"1": 490800.8609520447, "2": 528554.7733276982, "3": 566308.6857039201, "4": 612775.0394128123}, "loadoutDamage": {}}