{"deaths": 47165, "totalAttacks": 100001, "damagingAttacks": 108403.0, "damageDone": {"1": 89298.55225116553, "2": 89298.55225116553, "3": 89298.55225116553, "4": 89298.55225116553}, "bleedDamage": {"1": 46815.99999998677, "2": 46815.99999998677, "3": 46815.99999998677, "4": 46815.99999998677}}