{"deaths": 47165, "totalAttacks": 100001, "damagingAttacks": 116965.125, "damageDone": {"1": 109551.25909196898, "2": 109551.25909196898, "3": 109551.25909196898, "4": 109551.25909196898}, "bleedDamage": {"1": 50385.47041417769, "2": 50385.47041417769, "3": 50385.47041417769, "4": 50385.47041417769}}