{"deaths": 47165, "totalAttacks": 100001, "damagingAttacks": 110790.375, "damageDone": {"1": 89463.00311520358, "2": 89463.00311520358, "3": 89463.00311520358, "4": 89463.00311520358}, "bleedDamage": {"1": 47739.298816553666, "2": 47739.298816553666, "3": 47739.298816553666, "4": 47739.298816553666}}