{"deaths": 47165, "totalAttacks": 131778, "damagingAttacks": 194807.25, "damageDone": {"1": 125533.89500162461, "2": 125533.89500162461, "3": 125533.89500162461, "4": 125533.89500162461}, "bleedDamage": {"1": 83981.23668635733, "2": 83981.23668635733, "3": 83981.23668635733, "4": 83981.23668635733}}