{"deaths": 47165, "totalAttacks": 1031778, "damagingAttacks": 1210213.125, "damageDone": {"1": 1006504.1291504743, "2": 1006504.1291504743, "3": 1006504.1291504743, "4": 1006504.1291504743}, "bleedDamage": {"1": 490800.8609520447, "2": 490800.8609520447, "3": 490800.8609520447, "4": 490800.8609520447}, "loadoutDamage": {}}