{"deaths": 47165, "totalAttacks": 100001, "damagingAttacks": 130466.875, "damageDone": {"1": 76421.11047636563, "2": 76421.11047636563, "3": 76421.11047636563, "4": 76421.11047636563}, "bleedDamage": {"1": 56208.80177510722, "2": 56208.80177510722, "3": 56208.80177510722, "4": 56208.80177510722}}