{"deaths": 47165, "totalAttacks": 300003, "damagingAttacks": 391400.625, "damageDone": {"1": 185225.4630859347, "2": 199473.5756311715, "3": 213721.68817592747, "4": 231257.82669317652}, "bleedDamage": {"1": 168626.40532538347, "2": 181597.6672736648, "3": 194568.92922142925, "4": 210533.55931165288}}