{"deaths": 110052, "totalAttacks": 263556, "damagingAttacks": 389614.5, "damageDone": {"1": 84426.00123282139, "2": 90920.30901989278, "3": 97414.61680698552, "4": 105407.61100661734}, "bleedDamage": {"1": 0.0, "2": 0.0, "3": 0.0, "4": 0.0}}