{"deaths": 110052, "totalAttacks": 200002, "damagingAttacks": 241284.75, "damageDone": {"1": 46275.09578402015, "2": 49834.71853664786, "3": 53394.34128925977, "4": 57775.415446322295}, "bleedDamage": {"1": 0.0, "2": 0.0, "3": 0.0, "4": 0.0}}