{"deaths": {"1": 13023, "2": 26492, "3": 44562}, "totalAttacks": {"1": 36784.0, "2": 12768.0, "3": 17368.0}, "damagingAttacks": {"1": 22723.0, "2": 8031.0, "3": 6517.125}, "damageDone": {"1": {"1": 26421.52366863923, "2": 5457.684418145879, "3": 4763.247534516768}, "2": {"1": 28453.94856622836, "2": 5877.506296464834, "3": 5129.6511910180225}, "3": {"1": 30486.37346381293, "2": 6297.328174783578, "3": 5496.054847519272}, "4": {"1": 32987.81949161301, "2": 6814.032025022576, "3": 5947.013193982509}}, "bleedDamage": {"1": {"1": 0.0, "2": 0.0, "3": 0.0}, "2": {"1": 0.0, "2": 0.0, "3": 0.0}, "3": {"1": 0.0, "2": 0.0, "3": 0.0}, "4": {"1": 0.0, "2": 0.0, "3": 0.0}}}