{"deaths": 110052, "totalAttacks": 200002, "damagingAttacks": 260933.75, "damageDone": {"1": 52535.28907794954, "2": 56576.46516080493, "3": 60617.64124372631, "4": 65591.3964227198}, "bleedDamage": {"1": 0.0, "2": 0.0, "3": 0.0, "4": 0.0}}