{"deaths": 110052, "totalAttacks": 200002, "damagingAttacks": 253241.5, "damageDone": {"1": 72255.89305966694, "2": 77814.03867966522, "3": 83372.18429964346, "4": 90212.97890877572}, "bleedDamage": {"1": 0.0, "2": 0.0, "3": 0.0, "4": 0.0}}