{"deaths": 23107, "totalAttacks": 100001, "damagingAttacks": 198028.75, "damageDone": {"1": 160859.19400443163, "2": 160859.19400443163, "3": 160859.19400443163, "4": 160859.19400443163}, "bleedDamage": {"1": 75277.32544373251, "2": 75277.32544373251, "3": 75277.32544373251, "4": 75277.32544373251}}