{"deaths": {"1": 1677, "2": 4325, "3": 8703}, "totalAttacks": {"1": 18392.0, "2": 6384.0, "3": 8684.0}, "damagingAttacks": {"1": 18372.5, "2": 6323.0, "3": 8383.6875}, "damageDone": {"1": {"1": 31305.545198347092, "2": 8087.6296304121115, "3": 9920.89592764217}, "2": {"1": 31305.545198347092, "2": 8087.6296304121115, "3": 9920.89592764217}, "3": {"1": 31305.545198347092, "2": 8087.6296304121115, "3": 9920.89592764217}, "4": {"1": 31305.545198347092, "2": 8087.6296304121115, "3": 9920.89592764217}}, "bleedDamage": {"1": {"1": 16524.378698223878, "2": 4939.100591715736, "3": 7136.748520709788}, "2": {"1": 16524.378698223878, "2": 4939.100591715736, "3": 7136.748520709788}, "3": {"1": 16524.378698223878, "2": 4939.100591715736, "3": 7136.748520709788}, "4": {"1": 16524.378698223878, "2": 4939.100591715736, "3": 7136.748520709788}}}