{"deaths": 23107, "totalAttacks": 200002, "damagingAttacks": 374416.5, "damageDone": {"1": 455705.4535511483, "2": 455705.4535511483, "3": 455705.4535511483, "4": 455705.4535511483}, "bleedDamage": {"1": 201961.64940805876, "2": 201961.64940805876, "3": 201961.64940805876, "4": 201961.64940805876}}