{"deaths": 23107, "totalAttacks": 100001, "damagingAttacks": 198744.625, "damageDone": {"1": 344579.46431666764, "2": 344579.46431666764, "3": 344579.46431666764, "4": 344579.46431666764}, "bleedDamage": {"1": 190976.875, "2": 190976.875, "3": 190976.875, "4": 190976.875}}