{"deaths": 23107, "totalAttacks": 2063556, "damagingAttacks": 3770483.25, "damageDone": {"1": 4694530.967389276, "2": 4694530.967389276, "3": 4694530.967389276, "4": 4694530.967389276}, "bleedDamage": {"1": 2187448.3247421244, "2": 2187448.3247421244, "3": 2187448.3247421244, "4": 2187448.3247421244}, "loadoutDamage": {}}