{"deaths": 23107, "totalAttacks": 200002, "damagingAttacks": 354554.0, "damageDone": {"1": 401838.03085986455, "2": 401838.03085986455, "3": 401838.03085986455, "4": 401838.03085986455}, "bleedDamage": {"1": 187406.21301754194, "2": 187406.21301754194, "3": 187406.21301754194, "4": 187406.21301754194}}