{"deaths": 23107, "totalAttacks": 100001, "damagingAttacks": 198133.375, "damageDone": {"1": 434431.35077775817, "2": 434431.35077775817, "3": 434431.35077775817, "4": 434431.35077775817}, "bleedDamage": {"1": 190560.625, "2": 190560.625, "3": 190560.625, "4": 190560.625}}