{"deaths": 23107, "totalAttacks": 300003, "damagingAttacks": 391400.625, "damageDone": {"1": 231103.11967795575, "2": 248880.28273026732, "3": 266657.445782098, "4": 288537.03107727296}, "bleedDamage": {"1": 168626.40532538347, "2": 181597.6672736648, "3": 194568.92922142925, "4": 210533.55931165288}}