{"deaths": 23107, "totalAttacks": 100001, "damagingAttacks": 199657.5, "damageDone": {"1": 163028.32072434103, "2": 163028.32072434103, "3": 163028.32072434103, "4": 163028.32072434103}, "bleedDamage": {"1": 86315.98816560156, "2": 86315.98816560156, "3": 86315.98816560156, "4": 86315.98816560156}}