{"deaths": {"1": 1677, "2": 4325, "3": 8703}, "totalAttacks": {"1": 18392.0, "2": 6384.0, "3": 8684.0}, "damagingAttacks": {"1": 18372.5, "2": 6323.0, "3": 8383.6875}, "damageDone": {"1": {"1": 69613.64655948104, "2": 17984.334309732425, "3": 22060.939628572298}, "2": {"1": 69613.64655948104, "2": 17984.334309732425, "3": 22060.939628572298}, "3": {"1": 69613.64655948104, "2": 17984.334309732425, "3": 22060.939628572298}, "4": {"1": 69613.64655948104, "2": 17984.334309732425, "3": 22060.939628572298}}, "bleedDamage": {"1": {"1": 36745.0, "2": 10983.0, "3": 15869.875}, "2": {"1": 36745.0, "2": 10983.0, "3": 15869.875}, "3": {"1": 36745.0, "2": 10983.0, "3": 15869.875}, "4": {"1": 36745.0, "2": 10983.0, "3": 15869.875}}}