{"deaths": 23107, "totalAttacks": 100001, "damagingAttacks": 186731.375, "damageDone": {"1": 182715.7089190805, "2": 196770.76345161904, "3": 210825.81798374502, "4": 228124.34663875378}, "bleedDamage": {"1": 80634.81952656136, "2": 86837.49795187236, "3": 93040.17637700739, "4": 100674.24213101844}}