{"deaths": 23107, "totalAttacks": 200002, "damagingAttacks": 337906.75, "damageDone": {"1": 327204.8902650194, "2": 327204.8902650194, "3": 327204.8902650194, "4": 327204.8902650194}, "bleedDamage": {"1": 204655.0332837984, "2": 204655.0332837984, "3": 204655.0332837984, "4": 204655.0332837984}}