{"deaths": 23107, "totalAttacks": 2063556, "damagingAttacks": 2420426.25, "damageDone": {"1": 2268672.0295500862, "2": 2443185.2625503866, "3": 2617698.495595852, "4": 2832484.0131816044}, "bleedDamage": {"1": 1388449.8040131605, "2": 1495253.6350547879, "3": 1602057.4661342038, "4": 1733508.3351557648}, "loadoutDamage": {}}