{"deaths": 23107, "totalAttacks": 100001, "damagingAttacks": 168953.375, "damageDone": {"1": 149816.14865558338, "2": 161340.46778310812, "3": 172864.78691028818, "4": 187048.56429775996}, "bleedDamage": {"1": 72343.17455615762, "2": 77908.0341375561, "3": 83472.8937187233, "4": 90321.9516648384}}