{"deaths": 23107, "totalAttacks": 100001, "damagingAttacks": 181692.125, "damageDone": {"1": 215988.42937183724, "2": 232602.92393922317, "3": 249217.418505912, "4": 269666.02720395883}, "bleedDamage": {"1": 78493.4408283482, "2": 84531.39781531603, "3": 90569.35480209299, "4": 98000.68647817406}}