{"deaths": 23107, "totalAttacks": 263556, "damagingAttacks": 512262.0, "damageDone": {"1": 610196.2164719744, "2": 610196.2164719744, "3": 610196.2164719744, "4": 610196.2164719744}, "bleedDamage": {"1": 313132.23372762016, "2": 313132.23372762016, "3": 313132.23372762016, "4": 313132.23372762016}}