{"deaths": 23107, "totalAttacks": 100001, "damagingAttacks": 187208.25, "damageDone": {"1": 201221.90067534917, "2": 216700.50841991146, "3": 232179.11616392492, "4": 251229.71031071525}, "bleedDamage": {"1": 71391.09467454907, "2": 76882.71734192422, "3": 82374.3400091145, "4": 89133.26021494328}}