{"deaths": 23107, "totalAttacks": 100001, "damagingAttacks": 198554.125, "damageDone": {"1": 169139.59081915027, "2": 169139.59081915027, "3": 169139.59081915027, "4": 169139.59081915027}, "bleedDamage": {"1": 85807.3165679627, "2": 85807.3165679627, "3": 85807.3165679627, "4": 85807.3165679627}}