{"deaths": {"1": 1677, "2": 4325, "3": 8703}, "totalAttacks": {"1": 18392.0, "2": 6384.0, "3": 8684.0}, "damagingAttacks": {"1": 17676.0, "2": 5847.0, "3": 6829.9375}, "damageDone": {"1": {"1": 38112.989279944384, "2": 9594.832571063287, "3": 10537.965669942947}, "2": {"1": 41044.7576860976, "2": 10332.896614991238, "3": 11348.578413784331}, "3": {"1": 43976.52609224424, "2": 11070.960658919435, "3": 12159.191157626072}, "4": {"1": 47584.85643827112, "2": 11979.347174522898, "3": 13156.868380816459}}, "bleedDamage": {"1": {"1": 15897.940828401921, "2": 4534.816568047131, "3": 5795.505917159711}, "2": {"1": 17120.859353666725, "2": 4883.6486117433105, "3": 6241.314064633469}, "3": {"1": 18343.777878922574, "2": 5232.4806554394245, "3": 6687.122212107304}, "4": {"1": 19848.90837154903, "2": 5661.812401526942, "3": 7235.809162844944}}}