{"deaths": 23107, "totalAttacks": 131778, "damagingAttacks": 256131.0, "damageDone": {"1": 267975.8234310957, "2": 288589.3483108485, "3": 309202.8731900003, "4": 334573.365349215}, "bleedDamage": {"1": 110688.60355023874, "2": 119203.1115159044, "3": 127717.61948140866, "4": 138197.0139002936}}