{"deaths": 23107, "totalAttacks": 100001, "damagingAttacks": 198554.125, "damageDone": {"1": 376113.03747962636, "2": 376113.03747962636, "3": 376113.03747962636, "4": 376113.03747962636}, "bleedDamage": {"1": 190808.375, "2": 190808.375, "3": 190808.375, "4": 190808.375}}