{"deaths": 23107, "totalAttacks": 300003, "damagingAttacks": 361927.125, "damageDone": {"1": 154648.86338002878, "2": 166544.92979385314, "3": 178440.9962077845, "4": 193082.30871718435}, "bleedDamage": {"1": 103974.91420117981, "2": 111972.98452430962, "3": 119971.0548475204, "4": 129814.83370684262}}