{"deaths": 23107, "totalAttacks": 100001, "damagingAttacks": 198028.75, "damageDone": {"1": 357700.0498257716, "2": 357700.0498257716, "3": 357700.0498257716, "4": 357700.0498257716}, "bleedDamage": {"1": 167393.0, "2": 167393.0, "3": 167393.0, "4": 167393.0}}