{"deaths": 23107, "totalAttacks": 100001, "damagingAttacks": 199024.75, "damageDone": {"1": 171255.16093910806, "2": 171255.16093910806, "3": 171255.16093910806, "4": 171255.16093910806}, "bleedDamage": {"1": 75667.5562129691, "2": 75667.5562129691, "3": 75667.5562129691, "4": 75667.5562129691}}