{"deaths": 23107, "totalAttacks": 100001, "damagingAttacks": 175795.375, "damageDone": {"1": 156356.36217348947, "2": 168383.77464861612, "3": 180411.18712325863, "4": 195214.15632314511}, "bleedDamage": {"1": 55196.180473347704, "2": 59442.040509831175, "3": 63687.90054617878, "4": 68913.57443713526}}