{"deaths": 23107, "totalAttacks": 300003, "damagingAttacks": 332371.125, "damageDone": {"1": 208173.13594352157, "2": 224186.4540929991, "3": 240199.77224242032, "4": 259908.47150338494}, "bleedDamage": {"1": 143217.89644969648, "2": 154234.65771504538, "3": 165251.4189803463, "4": 178810.50976856978}}