{"deaths": 23107, "totalAttacks": 395334, "damagingAttacks": 584421.75, "damageDone": {"1": 378766.2535216098, "2": 407902.1191771107, "3": 437037.984831835, "4": 472897.5117929061}, "bleedDamage": {"1": 251943.71005937882, "2": 271323.99544857966, "3": 290704.28083711816, "4": 314556.93977805803}}