{"deaths": 23107, "totalAttacks": 300003, "damagingAttacks": 244431.375, "damageDone": {"1": 118689.4321578784, "2": 127819.38847777303, "3": 136949.34479745608, "4": 148186.21411426258}, "bleedDamage": {"1": 104212.02071007622, "2": 112228.32999552468, "3": 120244.63928069477, "4": 130110.86609360683}}