{"deaths": 23107, "totalAttacks": 200002, "damagingAttacks": 363384.25, "damageDone": {"1": 499398.7209960988, "2": 499398.7209960988, "3": 499398.7209960988, "4": 499398.7209960988}, "bleedDamage": {"1": 222053.81286957106, "2": 222053.81286957106, "3": 222053.81286957106, "4": 222053.81286957106}}