{"deaths": 23107, "totalAttacks": 131778, "damagingAttacks": 263292.75, "damageDone": {"1": 222605.78926502797, "2": 222605.78926502797, "3": 222605.78926502797, "4": 222605.78926502797}, "bleedDamage": {"1": 113854.63313595821, "2": 113854.63313595821, "3": 113854.63313595821, "4": 113854.63313595821}}