{"deaths": 23107, "totalAttacks": 100001, "damagingAttacks": 182799.375, "damageDone": {"1": 193946.09703778493, "2": 208865.02757952263, "3": 223783.95812075376, "4": 242145.71878702735}, "bleedDamage": {"1": 78913.35207096164, "2": 84983.60992273042, "3": 91053.86777435128, "4": 98524.95436094489}}