{"deaths": 23107, "totalAttacks": 100001, "damagingAttacks": 196332.875, "damageDone": {"1": 138913.99254540136, "2": 138913.99254540136, "3": 138913.99254540136, "4": 138913.99254540136}, "bleedDamage": {"1": 84316.88461531822, "2": 84316.88461531822, "3": 84316.88461531822, "4": 84316.88461531822}}