{"deaths": {"1": 1677, "2": 4325, "3": 8703}, "totalAttacks": {"1": 55176.0, "2": 19152.0, "3": 26052.0}, "damagingAttacks": {"1": 34084.5, "2": 12046.5, "3": 9775.6875}, "damageDone": {"1": {"1": 42824.592868625274, "2": 9592.4028119674, "3": 7425.162823487101}, "2": {"1": 46118.79232005388, "2": 10330.279951349557, "3": 7996.329194524464}, "3": {"1": 49412.99177148496, "2": 11068.157090731602, "3": 8567.495565561721}, "4": {"1": 53467.391096328385, "2": 11976.313569971542, "3": 9270.469560685106}}, "bleedDamage": {"1": {"1": 30655.881656811194, "2": 9168.568047337447, "3": 8245.943786982541}, "2": {"1": 33014.02639963326, "2": 9873.842512517143, "3": 8880.247155211619}, "3": {"1": 35372.17114246281, "2": 10579.116977696638, "3": 9514.55052344059}, "4": {"1": 38274.503133645194, "2": 11447.147088687821, "3": 10295.231592031416}}}