{"deaths": 23107, "totalAttacks": 100001, "damagingAttacks": 177396.25, "damageDone": {"1": 196757.58712729687, "2": 211892.7861373864, "3": 227027.98514697037, "4": 245655.92238967103}, "bleedDamage": {"1": 76726.1597632683, "2": 82628.17205290591, "3": 88530.18434232344, "4": 95794.19946778951}}