{"deaths": 23107, "totalAttacks": 100001, "damagingAttacks": 197138.125, "damageDone": {"1": 141934.02201880407, "2": 141934.02201880407, "3": 141934.02201880407, "4": 141934.02201880407}, "bleedDamage": {"1": 64296.84319522671, "2": 64296.84319522671, "3": 64296.84319522671, "4": 64296.84319522671}}