{"deaths": 23107, "totalAttacks": 100001, "damagingAttacks": 199024.75, "damageDone": {"1": 380817.3973515809, "2": 380817.3973515809, "3": 380817.3973515809, "4": 380817.3973515809}, "bleedDamage": {"1": 168260.75, "2": 168260.75, "3": 168260.75, "4": 168260.75}}