{"deaths": 23107, "totalAttacks": 1031778, "damagingAttacks": 2046474.375, "damageDone": {"1": 4060994.4789079265, "2": 4060994.4789079265, "3": 4060994.4789079265, "4": 4060994.4789079265}, "bleedDamage": {"1": 1873753.875, "2": 1873753.875, "3": 1873753.875, "4": 1873753.875}, "loadoutDamage": {}}