{"deaths": 23107, "totalAttacks": 1031778, "damagingAttacks": 2046474.375, "damageDone": {"1": 1828748.523666095, "2": 1828748.523666095, "3": 1828748.523666095, "4": 1828748.523666095}, "bleedDamage": {"1": 842634.8786953117, "2": 842634.8786953117, "3": 842634.8786953117, "4": 842634.8786953117}, "loadoutDamage": {}}