{"deaths": 23107, "totalAttacks": 100001, "damagingAttacks": 197585.5, "damageDone": {"1": 405575.0915996518, "2": 405575.0915996518, "3": 405575.0915996518, "4": 405575.0915996518}, "bleedDamage": {"1": 190186.0, "2": 190186.0, "3": 190186.0, "4": 190186.0}}