{"deaths": 23107, "totalAttacks": 200002, "damagingAttacks": 354792.5, "damageDone": {"1": 450392.2811508723, "2": 450392.2811508723, "3": 450392.2811508723, "4": 450392.2811508723}, "bleedDamage": {"1": 217054.26775123482, "2": 217054.26775123482, "3": 217054.26775123482, "4": 217054.26775123482}}