{"deaths": 23107, "totalAttacks": 200002, "damagingAttacks": 351590.75, "damageDone": {"1": 341279.0478197483, "2": 341279.0478197483, "3": 341279.0478197483, "4": 341279.0478197483}, "bleedDamage": {"1": 156147.08949687815, "2": 156147.08949687815, "3": 156147.08949687815, "4": 156147.08949687815}}