{"deaths": 23107, "totalAttacks": 300003, "damagingAttacks": 379862.25, "damageDone": {"1": 253435.85726686864, "2": 272930.92321037996, "3": 292425.9891538824, "4": 316419.9164691413}, "bleedDamage": {"1": 150494.50295863277, "2": 162071.0031861371, "3": 173647.50341368222, "4": 187895.50369382845}}