{"deaths": 23107, "totalAttacks": 1031778, "damagingAttacks": 1885241.625, "damageDone": {"1": 2055475.1240948802, "2": 2213588.5951699475, "3": 2371702.0662848847, "4": 2566303.261469234}, "bleedDamage": {"1": 773237.5473336185, "2": 832717.3586689458, "3": 892197.1700148233, "4": 965403.0916572689}, "loadoutDamage": {}}