{"deaths": 23107, "totalAttacks": 100001, "damagingAttacks": 197138.125, "damageDone": {"1": 315616.4436998249, "2": 315616.4436998249, "3": 315616.4436998249, "4": 315616.4436998249}, "bleedDamage": {"1": 142975.875, "2": 142975.875, "3": 142975.875, "4": 142975.875}}