{"deaths": 23107, "totalAttacks": 100001, "damagingAttacks": 198744.625, "damageDone": {"1": 154958.8123553812, "2": 154958.8123553812, "3": 154958.8123553812, "4": 154958.8123553812}, "bleedDamage": {"1": 85883.09171589818, "2": 85883.09171589818, "3": 85883.09171589818, "4": 85883.09171589818}}