{"deaths": 23107, "totalAttacks": 300003, "damagingAttacks": 350895.375, "damageDone": {"1": 260816.296556864, "2": 280879.0885998183, "3": 300941.8806421758, "4": 325634.54777192}, "bleedDamage": {"1": 151156.4112426209, "2": 162783.82749216157, "3": 174411.2437412683, "4": 188721.90989451506}}