{"deaths": 23107, "totalAttacks": 100001, "damagingAttacks": 197585.5, "damageDone": {"1": 182388.79858910793, "2": 182388.79858910793, "3": 182388.79858910793, "4": 182388.79858910793}, "bleedDamage": {"1": 85527.43195259207, "2": 85527.43195259207, "3": 85527.43195259207, "4": 85527.43195259207}}