{"deaths": 23107, "totalAttacks": 100001, "damagingAttacks": 199657.5, "damageDone": {"1": 362523.5026633082, "2": 362523.5026633082, "3": 362523.5026633082, "4": 362523.5026633082}, "bleedDamage": {"1": 191939.5, "2": 191939.5, "3": 191939.5, "4": 191939.5}}