{"deaths": 23107, "totalAttacks": 131778, "damagingAttacks": 263292.75, "damageDone": {"1": 495004.9787607456, "2": 495004.9787607456, "3": 495004.9787607456, "4": 495004.9787607456}, "bleedDamage": {"1": 253176.75, "2": 253176.75, "3": 253176.75, "4": 253176.75}}