{"deaths": 23107, "totalAttacks": 2063556, "damagingAttacks": 3770483.25, "damageDone": {"1": 4701027.3260595985, "2": 4701027.3260595985, "3": 4701027.3260595985, "4": 4701027.3260595985}, "bleedDamage": {"1": 2187448.3247421244, "2": 2187448.3247421244, "3": 2187448.3247421244, "4": 2187448.3247421244}, "loadoutDamage": {}}