{"deaths": 23107, "totalAttacks": 2063556, "damagingAttacks": 2420426.25, "damageDone": {"1": 2264548.563948369, "2": 2438744.6072871066, "3": 2612940.650670897, "4": 2827335.7809807397}, "bleedDamage": {"1": 1388449.8040131605, "2": 1495253.6350547879, "3": 1602057.4661342038, "4": 1733508.3351557648}, "loadoutDamage": {}}