{"deaths": 23107, "totalAttacks": 300003, "damagingAttacks": 269451.75, "damageDone": {"1": 146787.91626383638, "2": 158079.29443809966, "3": 169370.672612122, "4": 183267.7534418865}, "bleedDamage": {"1": 90128.80473367257, "2": 97061.78971325923, "3": 103994.7746926884, "4": 112527.67928298004}}