{"deaths": 23107, "totalAttacks": 1031778, "damagingAttacks": 2046474.375, "damageDone": {"1": 1826246.0378527334, "2": 1826246.0378527334, "3": 1826246.0378527334, "4": 1826246.0378527334}, "bleedDamage": {"1": 842634.8786953117, "2": 842634.8786953117, "3": 842634.8786953117, "4": 842634.8786953117}, "loadoutDamage": {}}