{"deaths": 23107, "totalAttacks": 200002, "damagingAttacks": 373462.75, "damageDone": {"1": 410283.9745072836, "2": 410283.9745072836, "3": 410283.9745072836, "4": 410283.9745072836}, "bleedDamage": {"1": 228111.66050269335, "2": 228111.66050269335, "3": 228111.66050269335, "4": 228111.66050269335}}