{"deaths": 23107, "totalAttacks": 200002, "damagingAttacks": 382547.0, "damageDone": {"1": 440574.21864605206, "2": 440574.21864605206, "3": 440574.21864605206, "4": 440574.21864605206}, "bleedDamage": {"1": 233704.9999997301, "2": 233704.9999997301, "3": 233704.9999997301, "4": 233704.9999997301}}