{"deaths": 23107, "totalAttacks": 1031778, "damagingAttacks": 2046474.375, "damageDone": {"1": 4066559.2170981835, "2": 4066559.2170981835, "3": 4066559.2170981835, "4": 4066559.2170981835}, "bleedDamage": {"1": 1873753.875, "2": 1873753.875, "3": 1873753.875, "4": 1873753.875}, "loadoutDamage": {}}