{"deaths": 23107, "totalAttacks": 300003, "damagingAttacks": 390690.0, "damageDone": {"1": 242633.63782427914, "2": 261297.7638110346, "3": 279961.889797032, "4": 302933.1217806104}, "bleedDamage": {"1": 168209.3609466837, "2": 181148.54255820697, "3": 194087.7241690314, "4": 210012.87076785654}}