{"deaths": 23107, "totalAttacks": 100001, "damagingAttacks": 196332.875, "damageDone": {"1": 308900.8518443047, "2": 308900.8518443047, "3": 308900.8518443047, "4": 308900.8518443047}, "bleedDamage": {"1": 187494.125, "2": 187494.125, "3": 187494.125, "4": 187494.125}}