{"deaths": {"1": 1677, "2": 4325, "3": 8703}, "totalAttacks": {"1": 36784.0, "2": 12768.0, "3": 17368.0}, "damagingAttacks": {"1": 35352.0, "2": 11694.0, "3": 13659.875}, "damageDone": {"1": {"1": 85394.75906934807, "2": 20387.42082966825, "3": 22232.348463020564}, "2": {"1": 85394.75906934807, "2": 20387.42082966825, "3": 22232.348463020564}, "3": {"1": 85394.75906934807, "2": 20387.42082966825, "3": 22232.348463020564}, "4": {"1": 85394.75906934807, "2": 20387.42082966825, "3": 22232.348463020564}}, "bleedDamage": {"1": {"1": 44974.43786980869, "2": 12828.757396450028, "3": 16395.18121301754}, "2": {"1": 44974.43786980869, "2": 12828.757396450028, "3": 16395.18121301754}, "3": {"1": 44974.43786980869, "2": 12828.757396450028, "3": 16395.18121301754}, "4": {"1": 44974.43786980869, "2": 12828.757396450028, "3": 16395.18121301754}}}