{"deaths": 23107, "totalAttacks": 100001, "damagingAttacks": 177277.0, "damageDone": {"1": 180129.61575243785, "2": 193985.74004144152, "3": 207841.86432986613, "4": 224895.55576207387}, "bleedDamage": {"1": 66245.9171597134, "2": 71341.75694136001, "3": 76437.59672281519, "4": 82709.39953085856}}