{"deaths": 23107, "totalAttacks": 200002, "damagingAttacks": 365598.75, "damageDone": {"1": 438244.567164253, "2": 438244.567164253, "3": 438244.567164253, "4": 438244.567164253}, "bleedDamage": {"1": 223241.71967430142, "2": 223241.71967430142, "3": 223241.71967430142, "4": 223241.71967430142}}