{"deaths": 23107, "totalAttacks": 100001, "damagingAttacks": 191273.5, "damageDone": {"1": 195364.66806921887, "2": 210392.71945941052, "3": 225420.7708492558, "4": 243916.83409842744}, "bleedDamage": {"1": 82611.9999999255, "2": 88966.769230894, "3": 95321.53846168524, "4": 103142.79289957818}}