{"deaths": 23107, "totalAttacks": 300003, "damagingAttacks": 325209.0, "damageDone": {"1": 209369.72493854776, "2": 225475.08839536292, "3": 241580.45185190224, "4": 261402.437644961}, "bleedDamage": {"1": 140448.00000004438, "2": 151251.69230777465, "3": 162055.3846152362, "4": 175352.23668636335}}