{"deaths": 23107, "totalAttacks": 1031778, "damagingAttacks": 1885241.625, "damageDone": {"1": 2053178.7368440263, "2": 2211115.5627459455, "3": 2369052.3886877024, "4": 2563436.1744281794}, "bleedDamage": {"1": 773237.5473336185, "2": 832717.3586689458, "3": 892197.1700148233, "4": 965403.0916572689}, "loadoutDamage": {}}