{"deaths": 23107, "totalAttacks": 100001, "damagingAttacks": 198133.375, "damageDone": {"1": 195365.5778644395, "2": 195365.5778644395, "3": 195365.5778644395, "4": 195365.5778644395}, "bleedDamage": {"1": 85695.9023667998, "2": 85695.9023667998, "3": 85695.9023667998, "4": 85695.9023667998}}