{"deaths": {"1": 4603, "2": 10189, "3": 17212}, "totalAttacks": {"1": 36784.0, "2": 12768.0, "3": 17368.0}, "damagingAttacks": {"1": 35352.0, "2": 11694.0, "3": 13659.875}, "damageDone": {"1": {"1": 53288.25246548759, "2": 10479.82149901405, "3": 12522.428747534452}, "2": {"1": 53288.25246548759, "2": 10479.82149901405, "3": 12522.428747534452}, "3": {"1": 53288.25246548759, "2": 10479.82149901405, "3": 12522.428747534452}, "4": {"1": 53288.25246548759, "2": 10479.82149901405, "3": 12522.428747534452}}, "bleedDamage": {"1": {"1": 0.0, "2": 0.0, "3": 0.0}, "2": {"1": 0.0, "2": 0.0, "3": 0.0}, "3": {"1": 0.0, "2": 0.0, "3": 0.0}, "4": {"1": 0.0, "2": 0.0, "3": 0.0}}}