{"deaths": 43231, "totalAttacks": 200002, "damagingAttacks": 351590.75, "damageDone": {"1": 167275.03920122978, "2": 167275.03920122978, "3": 167275.03920122978, "4": 167275.03920122978}, "bleedDamage": {"1": 0.0, "2": 0.0, "3": 0.0, "4": 0.0}}