{"deaths": 43231, "totalAttacks": 300003, "damagingAttacks": 595662.375, "damageDone": {"1": 65090.4879190908, "2": 70097.44852824885, "3": 75104.40913744384, "4": 81266.82219491644}, "bleedDamage": {"1": 0.0, "2": 0.0, "3": 0.0, "4": 0.0}}