{"deaths": {"1": 4603, "2": 10189, "3": 17212}, "totalAttacks": {"1": 18392.0, "2": 6384.0, "3": 8684.0}, "damagingAttacks": {"1": 18372.5, "2": 6323.0, "3": 8383.6875}, "damageDone": {"1": {"1": 46876.7400147962, "2": 11352.78106508888, "3": 14962.990014792815}, "2": {"1": 46876.7400147962, "2": 11352.78106508888, "3": 14962.990014792815}, "3": {"1": 46876.7400147962, "2": 11352.78106508888, "3": 14962.990014792815}, "4": {"1": 46876.7400147962, "2": 11352.78106508888, "3": 14962.990014792815}}, "bleedDamage": {"1": {"1": 0.0, "2": 0.0, "3": 0.0}, "2": {"1": 0.0, "2": 0.0, "3": 0.0}, "3": {"1": 0.0, "2": 0.0, "3": 0.0}, "4": {"1": 0.0, "2": 0.0, "3": 0.0}}}