{"deaths": 43231, "totalAttacks": 200002, "damagingAttacks": 374416.5, "damageDone": {"1": 230848.44896457382, "2": 230848.44896457382, "3": 230848.44896457382, "4": 230848.44896457382}, "bleedDamage": {"1": 0.0, "2": 0.0, "3": 0.0, "4": 0.0}}