{"deaths": 43231, "totalAttacks": 100001, "damagingAttacks": 168953.375, "damageDone": {"1": 124233.28125001746, "2": 124233.28125001746, "3": 124233.28125001746, "4": 124233.28125001746}, "bleedDamage": {"1": 0.0, "2": 0.0, "3": 0.0, "4": 0.0}}