{"deaths": 43231, "totalAttacks": 200002, "damagingAttacks": 365598.75, "damageDone": {"1": 205167.0315583119, "2": 205167.0315583119, "3": 205167.0315583119, "4": 205167.0315583119}, "bleedDamage": {"1": 0.0, "2": 0.0, "3": 0.0, "4": 0.0}}