{"deaths": 43231, "totalAttacks": 263556, "damagingAttacks": 512262.0, "damageDone": {"1": 227559.75542415332, "2": 227559.75542415332, "3": 227559.75542415332, "4": 227559.75542415332}, "bleedDamage": {"1": 0.0, "2": 0.0, "3": 0.0, "4": 0.0}}