{"deaths": 43231, "totalAttacks": 100001, "damagingAttacks": 182799.375, "damageDone": {"1": 155490.9895833208, "2": 155490.9895833208, "3": 155490.9895833208, "4": 155490.9895833208}, "bleedDamage": {"1": 0.0, "2": 0.0, "3": 0.0, "4": 0.0}}