{"deaths": 43231, "totalAttacks": 100001, "damagingAttacks": 177277.0, "damageDone": {"1": 144744.01041664727, "2": 144744.01041664727, "3": 144744.01041664727, "4": 144744.01041664727}, "bleedDamage": {"1": 0.0, "2": 0.0, "3": 0.0, "4": 0.0}}