{"deaths": 43231, "totalAttacks": 300003, "damagingAttacks": 594086.25, "damageDone": {"1": 73403.6331977142, "2": 79050.06652064643, "3": 84696.4998434737, "4": 91645.95624092096}, "bleedDamage": {"1": 0.0, "2": 0.0, "3": 0.0, "4": 0.0}}