{"deaths": 43231, "totalAttacks": 100001, "damagingAttacks": 175795.375, "damageDone": {"1": 119487.68749999495, "2": 119487.68749999495, "3": 119487.68749999495, "4": 119487.68749999495}, "bleedDamage": {"1": 0.0, "2": 0.0, "3": 0.0, "4": 0.0}}