{"deaths": 43231, "totalAttacks": 100001, "damagingAttacks": 186731.375, "damageDone": {"1": 153384.81249996138, "2": 153384.81249996138, "3": 153384.81249996138, "4": 153384.81249996138}, "bleedDamage": {"1": 0.0, "2": 0.0, "3": 0.0, "4": 0.0}}