{"deaths": 43231, "totalAttacks": 100001, "damagingAttacks": 198554.125, "damageDone": {"1": 204219.61723369692, "2": 204219.61723369692, "3": 204219.61723369692, "4": 204219.61723369692}, "bleedDamage": {"1": 0.0, "2": 0.0, "3": 0.0, "4": 0.0}}