{"deaths": 43231, "totalAttacks": 395334, "damagingAttacks": 789878.25, "damageDone": {"1": 68311.88856012643, "2": 73566.64921858166, "3": 78821.40987707683, "4": 85288.80761064215}, "bleedDamage": {"1": 0.0, "2": 0.0, "3": 0.0, "4": 0.0}}