{"deaths": 43231, "totalAttacks": 300003, "damagingAttacks": 573820.5, "damageDone": {"1": 181795.83333314187, "2": 195780.12820502813, "3": 209764.4230770338, "4": 226975.86291914392}, "bleedDamage": {"1": 0.0, "2": 0.0, "3": 0.0, "4": 0.0}}