{"deaths": 43231, "totalAttacks": 100001, "damagingAttacks": 187208.25, "damageDone": {"1": 118160.25000002902, "2": 118160.25000002902, "3": 118160.25000002902, "4": 118160.25000002902}, "bleedDamage": {"1": 0.0, "2": 0.0, "3": 0.0, "4": 0.0}}