{"deaths": 43231, "totalAttacks": 300003, "damagingAttacks": 532188.75, "damageDone": {"1": 224582.52564097807, "2": 241858.1045363525, "3": 259133.68343214056, "4": 280395.9343801815}, "bleedDamage": {"1": 0.0, "2": 0.0, "3": 0.0, "4": 0.0}}