{"deaths": {"1": 4603, "2": 10189, "3": 17212}, "totalAttacks": {"1": 55176.0, "2": 19152.0, "3": 26052.0}, "damagingAttacks": {"1": 53028.0, "2": 17541.0, "3": 20489.8125}, "damageDone": {"1": {"1": 49907.44230769325, "2": 10973.217948717891, "3": 12929.785256410192}, "2": {"1": 53746.47633135961, "2": 11817.311637081362, "3": 13924.384122288118}, "3": {"1": 57585.5103550388, "2": 12661.405325444202, "3": 14918.982988166235}, "4": {"1": 62310.47530725123, "2": 13700.289864967091, "3": 16143.104669245971}}, "bleedDamage": {"1": {"1": 0.0, "2": 0.0, "3": 0.0}, "2": {"1": 0.0, "2": 0.0, "3": 0.0}, "3": {"1": 0.0, "2": 0.0, "3": 0.0}, "4": {"1": 0.0, "2": 0.0, "3": 0.0}}}