{"deaths": 43231, "totalAttacks": 2063556, "damagingAttacks": 4092948.75, "damageDone": {"1": 562672.3754918189, "2": 562672.3754918189, "3": 562672.3754918189, "4": 562672.3754918189}, "bleedDamage": {"1": 0.0, "2": 0.0, "3": 0.0, "4": 0.0}, "loadoutDamage": {}}