{"deaths": 43231, "totalAttacks": 100001, "damagingAttacks": 196332.875, "damageDone": {"1": 167134.26035512268, "2": 167134.26035512268, "3": 167134.26035512268, "4": 167134.26035512268}, "bleedDamage": {"1": 0.0, "2": 0.0, "3": 0.0, "4": 0.0}}