{"deaths": 43231, "totalAttacks": 300003, "damagingAttacks": 560194.125, "damageDone": {"1": 162772.97435888788, "2": 175293.97238653008, "3": 187814.9704142701, "4": 203225.42952526486}, "bleedDamage": {"1": 0.0, "2": 0.0, "3": 0.0, "4": 0.0}}