{"deaths": 43231, "totalAttacks": 200002, "damagingAttacks": 373462.75, "damageDone": {"1": 146213.1282052245, "2": 146213.1282052245, "3": 146213.1282052245, "4": 146213.1282052245}, "bleedDamage": {"1": 0.0, "2": 0.0, "3": 0.0, "4": 0.0}}