{"deaths": {"1": 4603, "2": 10189, "3": 17212}, "totalAttacks": {"1": 18392.0, "2": 6384.0, "3": 8684.0}, "damagingAttacks": {"1": 17676.0, "2": 5847.0, "3": 6829.9375}, "damageDone": {"1": {"1": 34517.416666670055, "2": 9069.916666666784, "3": 10105.645833333378}, "2": {"1": 34517.416666670055, "2": 9069.916666666784, "3": 10105.645833333378}, "3": {"1": 34517.416666670055, "2": 9069.916666666784, "3": 10105.645833333378}, "4": {"1": 34517.416666670055, "2": 9069.916666666784, "3": 10105.645833333378}}, "bleedDamage": {"1": {"1": 0.0, "2": 0.0, "3": 0.0}, "2": {"1": 0.0, "2": 0.0, "3": 0.0}, "3": {"1": 0.0, "2": 0.0, "3": 0.0}, "4": {"1": 0.0, "2": 0.0, "3": 0.0}}}