{"deaths": 43231, "totalAttacks": 2063556, "damagingAttacks": 3770483.25, "damageDone": {"1": 2033140.4060688706, "2": 2033140.4060688706, "3": 2033140.4060688706, "4": 2033140.4060688706}, "bleedDamage": {"1": 0.0, "2": 0.0, "3": 0.0, "4": 0.0}, "loadoutDamage": {}}