{"deaths": 43231, "totalAttacks": 100001, "damagingAttacks": 198028.75, "damageDone": {"1": 220857.23927516834, "2": 220857.23927516834, "3": 220857.23927516834, "4": 220857.23927516834}, "bleedDamage": {"1": 0.0, "2": 0.0, "3": 0.0, "4": 0.0}}