{"deaths": 43231, "totalAttacks": 300003, "damagingAttacks": 591414.375, "damageDone": {"1": 58513.74229530857, "2": 63014.79939499179, "3": 67515.85649460835, "4": 73055.61907886363}, "bleedDamage": {"1": 0.0, "2": 0.0, "3": 0.0, "4": 0.0}}