{"deaths": 43231, "totalAttacks": 131778, "damagingAttacks": 263292.75, "damageDone": {"1": 226858.93121310996, "2": 226858.93121310996, "3": 226858.93121310996, "4": 226858.93121310996}, "bleedDamage": {"1": 0.0, "2": 0.0, "3": 0.0, "4": 0.0}}