{"deaths": 43231, "totalAttacks": 100001, "damagingAttacks": 181692.125, "damageDone": {"1": 170606.51041664797, "2": 170606.51041664797, "3": 170606.51041664797, "4": 170606.51041664797}, "bleedDamage": {"1": 0.0, "2": 0.0, "3": 0.0, "4": 0.0}}