{"deaths": 43231, "totalAttacks": 131778, "damagingAttacks": 256131.0, "damageDone": {"1": 189390.58333330747, "2": 189390.58333330747, "3": 189390.58333330747, "4": 189390.58333330747}, "bleedDamage": {"1": 0.0, "2": 0.0, "3": 0.0, "4": 0.0}}