{"deaths": 43231, "totalAttacks": 300003, "damagingAttacks": 596233.875, "damageDone": {"1": 45319.88178006649, "2": 48806.02653237483, "3": 52292.17128468598, "4": 56582.81097986372}, "bleedDamage": {"1": 0.0, "2": 0.0, "3": 0.0, "4": 0.0}}