{"deaths": 43231, "totalAttacks": 200002, "damagingAttacks": 382547.0, "damageDone": {"1": 168311.59664689336, "2": 168311.59664689336, "3": 168311.59664689336, "4": 168311.59664689336}, "bleedDamage": {"1": 0.0, "2": 0.0, "3": 0.0, "4": 0.0}}