{"deaths": 43231, "totalAttacks": 200002, "damagingAttacks": 363384.25, "damageDone": {"1": 281969.842455794, "2": 281969.842455794, "3": 281969.842455794, "4": 281969.842455794}, "bleedDamage": {"1": 0.0, "2": 0.0, "3": 0.0, "4": 0.0}}