{"deaths": 43231, "totalAttacks": 300003, "damagingAttacks": 597074.25, "damageDone": {"1": 71049.31330124557, "2": 76514.64509366344, "3": 81979.97688606787, "4": 88706.53909216239}, "bleedDamage": {"1": 0.0, "2": 0.0, "3": 0.0, "4": 0.0}}