{"deaths": 43231, "totalAttacks": 300003, "damagingAttacks": 588998.625, "damageDone": {"1": 51062.0000616357, "2": 54989.84622024141, "3": 58917.69237879226, "4": 63751.96457401751}, "bleedDamage": {"1": 0.0, "2": 0.0, "3": 0.0, "4": 0.0}}