{"deaths": {"1": 4603, "2": 10189, "3": 17212}, "totalAttacks": {"1": 55176.0, "2": 19152.0, "3": 26052.0}, "damagingAttacks": {"1": 55117.5, "2": 18969.0, "3": 25151.0625}, "damageDone": {"1": {"1": 15929.058062132155, "2": 3549.302884615381, "3": 4697.739706607574}, "2": {"1": 17154.370220758687, "2": 3822.326183431925, "3": 5059.104299423297}, "3": {"1": 18379.68237938237, "2": 4095.349482248679, "3": 5420.468892239556}, "4": {"1": 19887.75888230465, "2": 4431.378157715127, "3": 5865.22531416677}}, "bleedDamage": {"1": {"1": 0.0, "2": 0.0, "3": 0.0}, "2": {"1": 0.0, "2": 0.0, "3": 0.0}, "3": {"1": 0.0, "2": 0.0, "3": 0.0}, "4": {"1": 0.0, "2": 0.0, "3": 0.0}}}