{"deaths": 43231, "totalAttacks": 300003, "damagingAttacks": 527386.125, "damageDone": {"1": 170887.7243589774, "2": 184032.93392496774, "3": 197178.14349109717, "4": 213356.862957168}, "bleedDamage": {"1": 0.0, "2": 0.0, "3": 0.0, "4": 0.0}}