{"deaths": 43231, "totalAttacks": 200002, "damagingAttacks": 354792.5, "damageDone": {"1": 242089.2149902618, "2": 242089.2149902618, "3": 242089.2149902618, "4": 242089.2149902618}, "bleedDamage": {"1": 0.0, "2": 0.0, "3": 0.0, "4": 0.0}}