{"deaths": 43231, "totalAttacks": 200002, "damagingAttacks": 354554.0, "damageDone": {"1": 224024.11513825002, "2": 224024.11513825002, "3": 224024.11513825002, "4": 224024.11513825002}, "bleedDamage": {"1": 0.0, "2": 0.0, "3": 0.0, "4": 0.0}}