{"deaths": 43231, "totalAttacks": 200002, "damagingAttacks": 337906.75, "damageDone": {"1": 139697.1171104513, "2": 139697.1171104513, "3": 139697.1171104513, "4": 139697.1171104513}, "bleedDamage": {"1": 0.0, "2": 0.0, "3": 0.0, "4": 0.0}}