{"deaths": 43231, "totalAttacks": 100001, "damagingAttacks": 191273.5, "damageDone": {"1": 147255.20833334705, "2": 147255.20833334705, "3": 147255.20833334705, "4": 147255.20833334705}, "bleedDamage": {"1": 0.0, "2": 0.0, "3": 0.0, "4": 0.0}}