{"deaths": 43231, "totalAttacks": 300003, "damagingAttacks": 592756.5, "damageDone": {"1": 83259.3464003662, "2": 89663.91150813298, "3": 96068.47661579774, "4": 103951.01828689448}, "bleedDamage": {"1": 0.0, "2": 0.0, "3": 0.0, "4": 0.0}}