{"deaths": 43231, "totalAttacks": 100001, "damagingAttacks": 197138.125, "damageDone": {"1": 183520.3753698101, "2": 183520.3753698101, "3": 183520.3753698101, "4": 183520.3753698101}, "bleedDamage": {"1": 0.0, "2": 0.0, "3": 0.0, "4": 0.0}}