{"deaths": 43231, "totalAttacks": 100001, "damagingAttacks": 177396.25, "damageDone": {"1": 178838.8958333712, "2": 178838.8958333712, "3": 178838.8958333712, "4": 178838.8958333712}, "bleedDamage": {"1": 0.0, "2": 0.0, "3": 0.0, "4": 0.0}}