{"deaths": 43231, "totalAttacks": 300003, "damagingAttacks": 598972.5, "damageDone": {"1": 51100.78944768998, "2": 55031.61940521895, "3": 58962.44936268488, "4": 63800.39392588832}, "bleedDamage": {"1": 0.0, "2": 0.0, "3": 0.0, "4": 0.0}}