{"deaths": 43231, "totalAttacks": 300003, "damagingAttacks": 594400.125, "damageDone": {"1": 91813.06157542039, "2": 98875.60477354316, "3": 105938.14797162099, "4": 114630.50883084189}, "bleedDamage": {"1": 0.0, "2": 0.0, "3": 0.0, "4": 0.0}}