{"deaths": 34091, "totalAttacks": 100001, "damagingAttacks": 177396.25, "damageDone": {"1": 109254.54832347443, "2": 117658.74434828866, "3": 126062.94037323924, "4": 136406.56625012332}, "bleedDamage": {"1": 0.0, "2": 0.0, "3": 0.0, "4": 0.0}}