{"deaths": 46498, "totalAttacks": 100001, "damagingAttacks": 182799.375, "damageDone": {"1": 92591.61489151491, "2": 99714.04680620482, "3": 106836.47872100968, "4": 115602.5487698812}, "bleedDamage": {"1": 0.0, "2": 0.0, "3": 0.0, "4": 0.0}}