{"deaths": 37308, "totalAttacks": 200002, "damagingAttacks": 216806.0, "damageDone": {"1": 58585.44588260531, "2": 63092.018642843555, "3": 67598.59140303677, "4": 73145.14249249251}, "bleedDamage": {"1": 0.0, "2": 0.0, "3": 0.0, "4": 0.0}}