{"deaths": 37308, "totalAttacks": 200002, "damagingAttacks": 260460.0, "damageDone": {"1": 58212.6815828092, "2": 62690.580166151805, "3": 67168.4787494247, "4": 72679.73854424804}, "bleedDamage": {"1": 0.0, "2": 0.0, "3": 0.0, "4": 0.0}}