{"deaths": {"1": 2210, "2": 5462, "3": 9530}, "totalAttacks": {"1": 18392.0, "2": 6384.0, "3": 8684.0}, "damagingAttacks": {"1": 17676.0, "2": 5847.0, "3": 6829.9375}, "damageDone": {"1": {"1": 24048.919132146933, "2": 4729.529832347149, "3": 5651.355830867957}, "2": {"1": 25898.83598846784, "2": 5093.339819450779, "3": 6086.075510165304}, "3": {"1": 27748.75284478894, "2": 5457.149806554239, "3": 6520.795189462714}, "4": {"1": 30025.573591017474, "2": 5904.915944528032, "3": 7055.8347947520015}}, "bleedDamage": {"1": {"1": 0.0, "2": 0.0, "3": 0.0}, "2": {"1": 0.0, "2": 0.0, "3": 0.0}, "3": {"1": 0.0, "2": 0.0, "3": 0.0}, "4": {"1": 0.0, "2": 0.0, "3": 0.0}}}