{"deaths": 37308, "totalAttacks": 200002, "damagingAttacks": 179634.5, "damageDone": {"1": 49590.03858481469, "2": 53404.65693749182, "3": 57219.27529016097, "4": 61914.19018575656}, "bleedDamage": {"1": 0.0, "2": 0.0, "3": 0.0, "4": 0.0}}