{"deaths": 37308, "totalAttacks": 200002, "damagingAttacks": 233930.25, "damageDone": {"1": 76274.60731016971, "2": 82141.88479556584, "3": 88009.16228093878, "4": 95230.4268783428}, "bleedDamage": {"1": 0.0, "2": 0.0, "3": 0.0, "4": 0.0}}