{"deaths": 34091, "totalAttacks": 131778, "damagingAttacks": 256131.0, "damageDone": {"1": 102697.42209078501, "2": 110597.22379000571, "3": 118497.025489346, "4": 128219.85835006225}, "bleedDamage": {"1": 0.0, "2": 0.0, "3": 0.0, "4": 0.0}}