{"deaths": {"1": 4694, "2": 10003, "3": 16752}, "totalAttacks": {"1": 18392.0, "2": 6384.0, "3": 8684.0}, "damagingAttacks": {"1": 11361.5, "2": 4015.5, "3": 3258.5625}, "damageDone": {"1": {"1": 24161.788091713694, "2": 4990.908777120087, "3": 4355.864521696049}, "2": {"1": 26020.387175692984, "2": 5374.824836898863, "3": 4690.931023365256}, "3": {"1": 27878.986259667454, "2": 5758.740896677163, "3": 5025.997525033906}, "4": {"1": 30166.49282456765, "2": 6231.252970250621, "3": 5438.38706554952}}, "bleedDamage": {"1": {"1": 0.0, "2": 0.0, "3": 0.0}, "2": {"1": 0.0, "2": 0.0, "3": 0.0}, "3": {"1": 0.0, "2": 0.0, "3": 0.0}, "4": {"1": 0.0, "2": 0.0, "3": 0.0}}}