{"deaths": 46498, "totalAttacks": 100001, "damagingAttacks": 186731.375, "damageDone": {"1": 65985.79487181605, "2": 71061.62524652261, "3": 76137.45562128988, "4": 82384.63146710696}, "bleedDamage": {"1": 0.0, "2": 0.0, "3": 0.0, "4": 0.0}}