{"deaths": 34091, "totalAttacks": 100001, "damagingAttacks": 168953.375, "damageDone": {"1": 63045.12752713652, "2": 67894.7527214957, "3": 72744.37791590182, "4": 78713.14738595205}, "bleedDamage": {"1": 0.0, "2": 0.0, "3": 0.0, "4": 0.0}}