{"deaths": 46498, "totalAttacks": 1031778, "damagingAttacks": 1885241.625, "damageDone": {"1": 917553.6248145184, "2": 988134.6728740521, "3": 1058715.720942497, "4": 1145584.7031702478}, "bleedDamage": {"1": 0.0, "2": 0.0, "3": 0.0, "4": 0.0}, "loadoutDamage": {}}