{"deaths": {"1": 3780, "2": 8013, "3": 14343}, "totalAttacks": {"1": 36784.0, "2": 12768.0, "3": 17368.0}, "damagingAttacks": {"1": 22723.0, "2": 8031.0, "3": 6517.125}, "damageDone": {"1": {"1": 15470.497411242231, "2": 3195.6178500986116, "3": 2789.006780078977}, "2": {"1": 16660.535673648446, "2": 3441.4346077984487, "3": 3003.545763161921}, "3": {"1": 17850.573936048208, "2": 3687.2513654985046, "3": 3218.0847462450906}, "4": {"1": 19315.236412853465, "2": 3989.795067282772, "3": 3482.132725423971}}, "bleedDamage": {"1": {"1": 0.0, "2": 0.0, "3": 0.0}, "2": {"1": 0.0, "2": 0.0, "3": 0.0}, "3": {"1": 0.0, "2": 0.0, "3": 0.0}, "4": {"1": 0.0, "2": 0.0, "3": 0.0}}}