{"deaths": 34091, "totalAttacks": 100001, "damagingAttacks": 175795.375, "damageDone": {"1": 75491.00795120471, "2": 81298.00856278541, "3": 87105.00917445177, "4": 94252.08685028997}, "bleedDamage": {"1": 0.0, "2": 0.0, "3": 0.0, "4": 0.0}}