{"deaths": 34091, "totalAttacks": 100001, "damagingAttacks": 191273.5, "damageDone": {"1": 75958.80498035357, "2": 81801.78997871731, "3": 87644.77497725168, "4": 94836.14112926972}, "bleedDamage": {"1": 0.0, "2": 0.0, "3": 0.0, "4": 0.0}}