{"deaths": 37308, "totalAttacks": 200002, "damagingAttacks": 162954.25, "damageDone": {"1": 31395.583826436607, "2": 33810.628736154766, "3": 36225.67364587851, "4": 39198.03661169448}, "bleedDamage": {"1": 0.0, "2": 0.0, "3": 0.0, "4": 0.0}}