{"deaths": 46498, "totalAttacks": 100001, "damagingAttacks": 187208.25, "damageDone": {"1": 104181.60521453056, "2": 112195.57484637626, "3": 120209.54447829451, "4": 130072.89171751608}, "bleedDamage": {"1": 0.0, "2": 0.0, "3": 0.0, "4": 0.0}}