{"deaths": 37308, "totalAttacks": 200002, "damagingAttacks": 221580.75, "damageDone": {"1": 56635.78414695703, "2": 60992.38292748271, "3": 65348.98170798999, "4": 70710.94943790078}, "bleedDamage": {"1": 0.0, "2": 0.0, "3": 0.0, "4": 0.0}}