{"deaths": 46498, "totalAttacks": 100001, "damagingAttacks": 177277.0, "damageDone": {"1": 101101.79222139978, "2": 108878.85316149145, "3": 116655.9141016473, "4": 126227.68141250502}, "bleedDamage": {"1": 0.0, "2": 0.0, "3": 0.0, "4": 0.0}}