{"deaths": 34091, "totalAttacks": 100001, "damagingAttacks": 181692.125, "damageDone": {"1": 127252.62370560532, "2": 137041.2870675478, "3": 146829.95042966012, "4": 158877.53610582522}, "bleedDamage": {"1": 0.0, "2": 0.0, "3": 0.0, "4": 0.0}}