{"deaths": 5128, "totalAttacks": 100001, "damagingAttacks": 177396.25, "damageDone": {"1": 187658.42413322467, "2": 202093.68752821724, "3": 216528.95092289467, "4": 234295.42894741526}, "bleedDamage": {"1": 0.0, "2": 0.0, "3": 0.0, "4": 0.0}}