{"deaths": 5128, "totalAttacks": 100001, "damagingAttacks": 177396.25, "damageDone": {"1": 164943.27419994478, "2": 235633.24885708105, "3": 336618.92693874193, "4": 467900.30844473455}, "bleedDamage": {"1": 0.0, "2": 0.0, "3": 0.0, "4": 0.0}}