{"deaths": 5128, "totalAttacks": 2063556, "damagingAttacks": 3770483.25, "damageDone": {"1": 2411775.506104649, "2": 3445393.580139611, "3": 4921990.828805109, "4": 6841567.252005769}, "bleedDamage": {"1": 0.0, "2": 0.0, "3": 0.0, "4": 0.0}, "loadoutDamage": {}}