{"deaths": 5128, "totalAttacks": 200002, "damagingAttacks": 374416.5, "damageDone": {"1": 141730.547233303, "2": 202472.2103333385, "3": 289246.0147618921, "4": 402051.96051893424}, "bleedDamage": {"1": 0.0, "2": 0.0, "3": 0.0, "4": 0.0}}