{"deaths": 5128, "totalAttacks": 100001, "damagingAttacks": 177277.0, "damageDone": {"1": 158861.3195331873, "2": 171081.42103592213, "3": 183301.5225382318, "4": 198341.64746462274}, "bleedDamage": {"1": 0.0, "2": 0.0, "3": 0.0, "4": 0.0}}