{"deaths": 3201, "totalAttacks": 200002, "damagingAttacks": 233930.25, "damageDone": {"1": 269012.08749992977, "2": 289705.32499990315, "3": 310398.5624999723, "4": 335867.1624998895}, "bleedDamage": {"1": 0.0, "2": 0.0, "3": 0.0, "4": 0.0}}