{"deaths": {"1": 550, "2": 1048, "3": 2060}, "totalAttacks": {"1": 18392.0, "2": 6384.0, "3": 8684.0}, "damagingAttacks": {"1": 17676.0, "2": 5847.0, "3": 6829.9375}, "damageDone": {"1": {"1": 27732.644866668208, "2": 7108.408066666986, "3": 7370.257583333839}, "2": {"1": 31694.45127619039, "2": 8123.894933333347, "3": 8423.151523809782}, "3": {"1": 36222.230029933184, "2": 9284.451352381046, "3": 9626.45888435378}, "4": {"1": 41315.98112789725, "2": 10590.077323809508, "3": 10980.179664965824}}, "bleedDamage": {"1": {"1": 0.0, "2": 0.0, "3": 0.0}, "2": {"1": 0.0, "2": 0.0, "3": 0.0}, "3": {"1": 0.0, "2": 0.0, "3": 0.0}, "4": {"1": 0.0, "2": 0.0, "3": 0.0}}}