{"deaths": 3201, "totalAttacks": 263556, "damagingAttacks": 389614.5, "damageDone": {"1": 355039.70666668826, "2": 382350.453333346, "3": 409661.20000006974, "4": 443274.4266666765}, "bleedDamage": {"1": 0.0, "2": 0.0, "3": 0.0, "4": 0.0}}