{"deaths": 5128, "totalAttacks": 200002, "damagingAttacks": 392665.75, "damageDone": {"1": 157140.30353344133, "2": 173976.76462614056, "3": 192617.1322647761, "4": 213061.40644895856}, "bleedDamage": {"1": 0.0, "2": 0.0, "3": 0.0, "4": 0.0}}