{"deaths": 3201, "totalAttacks": 200002, "damagingAttacks": 221580.75, "damageDone": {"1": 222367.32916655525, "2": 239472.50833329558, "3": 256577.68749993862, "4": 277630.21570520103}, "bleedDamage": {"1": 0.0, "2": 0.0, "3": 0.0, "4": 0.0}}