{"deaths": {"1": 550, "2": 1048, "3": 2060}, "totalAttacks": {"1": 18392.0, "2": 6384.0, "3": 8684.0}, "damagingAttacks": {"1": 17676.0, "2": 5847.0, "3": 6829.9375}, "damageDone": {"1": {"1": 36130.04420000177, "2": 8754.30586666666, "3": 10145.884816666996}, "2": {"1": 51614.34885714671, "2": 12506.151238095574, "3": 14494.121166666308}, "3": {"1": 73734.78408161296, "2": 17865.930340136507, "3": 20705.887380952256}, "4": {"1": 102491.34987347461, "2": 24833.643172790507, "3": 28781.18345952457}}, "bleedDamage": {"1": {"1": 0.0, "2": 0.0, "3": 0.0}, "2": {"1": 0.0, "2": 0.0, "3": 0.0}, "3": {"1": 0.0, "2": 0.0, "3": 0.0}, "4": {"1": 0.0, "2": 0.0, "3": 0.0}}}