{"deaths": 5128, "totalAttacks": 263556, "damagingAttacks": 389614.5, "damageDone": {"1": 310515.7047667368, "2": 543402.4833413109, "3": 950954.3458476351, "4": 1533171.2922862305}, "bleedDamage": {"1": 0.0, "2": 0.0, "3": 0.0, "4": 0.0}}