{"deaths": 5128, "totalAttacks": 1031778, "damagingAttacks": 1885241.625, "damageDone": {"1": 2411775.506104649, "2": 2597296.698873445, "3": 2782817.8916557087, "4": 3011151.6673810626}, "bleedDamage": {"1": 0.0, "2": 0.0, "3": 0.0, "4": 0.0}, "loadoutDamage": {}}