{"deaths": 3201, "totalAttacks": 100001, "damagingAttacks": 196332.875, "damageDone": {"1": 92244.70851665521, "2": 171311.60153102363, "3": 318150.1171290939, "4": 532760.2553103295}, "bleedDamage": {"1": 0.0, "2": 0.0, "3": 0.0, "4": 0.0}}