{"deaths": 5128, "totalAttacks": 200002, "damagingAttacks": 399315.0, "damageDone": {"1": 72786.22130001112, "2": 85783.76081787825, "3": 101102.28953531908, "4": 118741.80745243547}, "bleedDamage": {"1": 0.0, "2": 0.0, "3": 0.0, "4": 0.0}}