{"deaths": 5128, "totalAttacks": 263556, "damagingAttacks": 526585.5, "damageDone": {"1": 225924.251799909, "2": 250130.42163576008, "3": 276930.1096679833, "4": 306323.315896965}, "bleedDamage": {"1": 0.0, "2": 0.0, "3": 0.0, "4": 0.0}}