{"deaths": 5128, "totalAttacks": 100001, "damagingAttacks": 182799.375, "damageDone": {"1": 156870.26421662234, "2": 224100.37745239888, "3": 320143.3963605634, "4": 444999.3209411906}, "bleedDamage": {"1": 0.0, "2": 0.0, "3": 0.0, "4": 0.0}}