{"deaths": 3201, "totalAttacks": 200002, "damagingAttacks": 260933.75, "damageDone": {"1": 228739.5499999119, "2": 246334.89999996708, "3": 263930.2500000397, "4": 285586.06538458454}, "bleedDamage": {"1": 0.0, "2": 0.0, "3": 0.0, "4": 0.0}}