{"deaths": 5128, "totalAttacks": 200002, "damagingAttacks": 382547.0, "damageDone": {"1": 69473.30866666403, "2": 86841.63583329656, "3": 108552.04479161816, "4": 134604.53554172345}, "bleedDamage": {"1": 0.0, "2": 0.0, "3": 0.0, "4": 0.0}}