{"deaths": 5128, "totalAttacks": 100001, "damagingAttacks": 187208.25, "damageDone": {"1": 141730.547233303, "2": 152632.89702043624, "3": 163535.24680762907, "4": 176953.52346878365}, "bleedDamage": {"1": 0.0, "2": 0.0, "3": 0.0, "4": 0.0}}