{"deaths": 5128, "totalAttacks": 200002, "damagingAttacks": 392665.75, "damageDone": {"1": 70385.03549999821, "2": 82953.79183932631, "3": 97766.96895343141, "4": 114824.56684244232}, "bleedDamage": {"1": 0.0, "2": 0.0, "3": 0.0, "4": 0.0}}