{"deaths": 5128, "totalAttacks": 200002, "damagingAttacks": 394276.25, "damageDone": {"1": 75132.75531662084, "2": 83182.69338631266, "3": 92095.12482057416, "4": 101870.0496194031}, "bleedDamage": {"1": 0.0, "2": 0.0, "3": 0.0, "4": 0.0}}