{"deaths": 5128, "totalAttacks": 200002, "damagingAttacks": 363384.25, "damageDone": {"1": 185262.3307332818, "2": 264660.47247613285, "3": 378086.389251466, "4": 525540.0810597615}, "bleedDamage": {"1": 0.0, "2": 0.0, "3": 0.0, "4": 0.0}}