{"deaths": 3201, "totalAttacks": 1031778, "damagingAttacks": 1210213.125, "damageDone": {"1": 2254792.3020830536, "2": 2428237.863776254, "3": 2601683.425484619, "4": 2815154.886027583}, "bleedDamage": {"1": 0.0, "2": 0.0, "3": 0.0, "4": 0.0}, "loadoutDamage": {}}