{"deaths": 3201, "totalAttacks": 200002, "damagingAttacks": 241284.75, "damageDone": {"1": 206021.32416668464, "2": 221869.1183333679, "3": 237716.91249987888, "4": 257221.88993584728}, "bleedDamage": {"1": 0.0, "2": 0.0, "3": 0.0, "4": 0.0}}