{"deaths": 3201, "totalAttacks": 200002, "damagingAttacks": 179634.5, "damageDone": {"1": 187843.60833334195, "2": 202293.11666665834, "3": 216742.62499992433, "4": 234526.63525633642}, "bleedDamage": {"1": 0.0, "2": 0.0, "3": 0.0, "4": 0.0}}