{"deaths": 3201, "totalAttacks": 100001, "damagingAttacks": 198554.125, "damageDone": {"1": 123666.37481679523, "2": 229666.12465989072, "3": 426522.8029390339, "4": 714236.4096554689}, "bleedDamage": {"1": 0.0, "2": 0.0, "3": 0.0, "4": 0.0}}