{"deaths": {"1": 550, "2": 1048, "3": 2060}, "totalAttacks": {"1": 36784.0, "2": 12768.0, "3": 17368.0}, "damagingAttacks": {"1": 36745.0, "2": 12646.0, "3": 16767.375}, "damageDone": {"1": {"1": 17936.978366667616, "2": 4707.75413333332, "3": 6143.006349999964}, "2": {"1": 19858.797477381326, "2": 5212.15636190471, "3": 6801.185601785739}, "3": {"1": 21986.52577852672, "2": 5770.601686394743, "3": 7529.8840591200615}, "4": {"1": 24320.163270110206, "2": 6383.090106802685, "3": 8329.101722002702}}, "bleedDamage": {"1": {"1": 0.0, "2": 0.0, "3": 0.0}, "2": {"1": 0.0, "2": 0.0, "3": 0.0}, "3": {"1": 0.0, "2": 0.0, "3": 0.0}, "4": {"1": 0.0, "2": 0.0, "3": 0.0}}}