{"deaths": 5128, "totalAttacks": 200002, "damagingAttacks": 395171.0, "damageDone": {"1": 91080.40369996778, "2": 107344.76150357368, "3": 126513.46891493758, "4": 148586.52593402477}, "bleedDamage": {"1": 0.0, "2": 0.0, "3": 0.0, "4": 0.0}}