{"deaths": 5128, "totalAttacks": 200002, "damagingAttacks": 373462.75, "damageDone": {"1": 63529.420933295856, "2": 79411.77616664431, "3": 99264.7202083574, "4": 123088.25305835769}, "bleedDamage": {"1": 0.0, "2": 0.0, "3": 0.0, "4": 0.0}}