{"deaths": {"1": 550, "2": 1048, "3": 2060}, "totalAttacks": {"1": 18392.0, "2": 6384.0, "3": 8684.0}, "damagingAttacks": {"1": 17676.0, "2": 5847.0, "3": 6829.9375}, "damageDone": {"1": {"1": 37648.57960000258, "2": 10142.113599999715, "3": 10886.255250000266}, "2": {"1": 40544.62418462183, "2": 10922.276184615486, "3": 11723.659500000704}, "3": {"1": 43440.668769227734, "2": 11702.438769231561, "3": 12561.063750000892}, "4": {"1": 47005.03133491355, "2": 12662.638873372525, "3": 13591.71513461569}}, "bleedDamage": {"1": {"1": 0.0, "2": 0.0, "3": 0.0}, "2": {"1": 0.0, "2": 0.0, "3": 0.0}, "3": {"1": 0.0, "2": 0.0, "3": 0.0}, "4": {"1": 0.0, "2": 0.0, "3": 0.0}}}