{"deaths": 3201, "totalAttacks": 2063556, "damagingAttacks": 4092948.75, "damageDone": {"1": 1371380.3276598994, "2": 1518313.934196521, "3": 1680990.4271480616, "4": 1859409.8065322838}, "bleedDamage": {"1": 0.0, "2": 0.0, "3": 0.0, "4": 0.0}, "loadoutDamage": {}}