{"deaths": 5128, "totalAttacks": 100001, "damagingAttacks": 191273.5, "damageDone": {"1": 168691.2869999424, "2": 181667.5398462193, "3": 194643.79269228954, "4": 210614.56542595246}, "bleedDamage": {"1": 0.0, "2": 0.0, "3": 0.0, "4": 0.0}}