{"deaths": {"1": 550, "2": 1048, "3": 2060}, "totalAttacks": {"1": 36784.0, "2": 12768.0, "3": 17368.0}, "damagingAttacks": {"1": 36745.0, "2": 12646.0, "3": 16767.375}, "damageDone": {"1": {"1": 42679.60796666337, "2": 11737.504799999808, "3": 13777.141650000394}, "2": {"1": 47252.423105955175, "2": 12995.094599999737, "3": 15253.263969642703}, "3": {"1": 52315.18272444299, "2": 14387.42616428588, "3": 16887.54225210435}, "4": {"1": 57867.886822147884, "2": 15914.499492856998, "3": 18679.97649738526}}, "bleedDamage": {"1": {"1": 0.0, "2": 0.0, "3": 0.0}, "2": {"1": 0.0, "2": 0.0, "3": 0.0}, "3": {"1": 0.0, "2": 0.0, "3": 0.0}, "4": {"1": 0.0, "2": 0.0, "3": 0.0}}}