{"deaths": 5128, "totalAttacks": 100001, "damagingAttacks": 187208.25, "damageDone": {"1": 220223.33306657174, "2": 237163.58945626093, "3": 254103.84584602283, "4": 274953.3921721307}, "bleedDamage": {"1": 0.0, "2": 0.0, "3": 0.0, "4": 0.0}}