{"deaths": {"1": 204, "2": 402, "3": 1206}, "totalAttacks": {"1": 36784.0, "2": 12768.0, "3": 17368.0}, "damagingAttacks": {"1": 22723.0, "2": 8031.0, "3": 6517.125}, "damageDone": {"1": {"1": 54148.53166667333, "2": 14087.66666666648, "3": 11615.83583333354}, "2": {"1": 58313.80333333929, "2": 15171.333333333037, "3": 12509.361666666458}, "3": {"1": 62479.07500000043, "2": 16254.999999999704, "3": 13402.887499999932}, "4": {"1": 67605.56320513583, "2": 17588.743589743957, "3": 14502.611602564299}}, "bleedDamage": {"1": {"1": 0.0, "2": 0.0, "3": 0.0}, "2": {"1": 0.0, "2": 0.0, "3": 0.0}, "3": {"1": 0.0, "2": 0.0, "3": 0.0}, "4": {"1": 0.0, "2": 0.0, "3": 0.0}}}