{"deaths": 3201, "totalAttacks": 1031778, "damagingAttacks": 2046474.375, "damageDone": {"1": 1351846.3322913349, "2": 2510571.759960401, "3": 4662490.411359806, "4": 7807602.2864594385}, "bleedDamage": {"1": 0.0, "2": 0.0, "3": 0.0, "4": 0.0}, "loadoutDamage": {}}