{"deaths": 5128, "totalAttacks": 200002, "damagingAttacks": 396266.75, "damageDone": {"1": 223558.35606665403, "2": 247511.03707375575, "3": 274030.0767603415, "4": 303115.4751261816}, "bleedDamage": {"1": 0.0, "2": 0.0, "3": 0.0, "4": 0.0}}