{"deaths": 5128, "totalAttacks": 100001, "damagingAttacks": 177396.25, "damageDone": {"1": 214209.0837999366, "2": 230686.70563064454, "3": 247164.327461497, "4": 267444.47740713414}, "bleedDamage": {"1": 0.0, "2": 0.0, "3": 0.0, "4": 0.0}}