{"deaths": 5128, "totalAttacks": 600006, "damagingAttacks": 759724.5, "damageDone": {"1": 288679.3419166355, "2": 329919.2479046779, "3": 377050.5690340981, "4": 430073.3053044824}, "bleedDamage": {"1": 0.0, "2": 0.0, "3": 0.0, "4": 0.0}}