{"deaths": 5128, "totalAttacks": 200002, "damagingAttacks": 337906.75, "damageDone": {"1": 133098.85003329386, "2": 190141.21433329317, "3": 271630.3061904677, "4": 377566.12560478476}, "bleedDamage": {"1": 0.0, "2": 0.0, "3": 0.0, "4": 0.0}}