{"deaths": 3201, "totalAttacks": 100001, "damagingAttacks": 198133.375, "damageDone": {"1": 147803.01100013737, "2": 274491.30614305165, "3": 509769.56855072326, "4": 853637.7982249528}, "bleedDamage": {"1": 0.0, "2": 0.0, "3": 0.0, "4": 0.0}}