{"deaths": 3201, "totalAttacks": 100001, "damagingAttacks": 199024.75, "damageDone": {"1": 76637.32859998864, "2": 142326.46740009208, "3": 264320.5823144014, "4": 442619.6733425421}, "bleedDamage": {"1": 0.0, "2": 0.0, "3": 0.0, "4": 0.0}}