{"deaths": 5128, "totalAttacks": 263556, "damagingAttacks": 526585.5, "damageDone": {"1": 95202.15033342407, "2": 105402.38072622968, "3": 116695.49294687838, "4": 129081.4869952585}, "bleedDamage": {"1": 0.0, "2": 0.0, "3": 0.0, "4": 0.0}}