{"deaths": 5128, "totalAttacks": 100001, "damagingAttacks": 177277.0, "damageDone": {"1": 160876.53769992248, "2": 229823.6252856719, "3": 328319.4646939621, "4": 456364.055924609}, "bleedDamage": {"1": 0.0, "2": 0.0, "3": 0.0, "4": 0.0}}