{"deaths": {"1": 550, "2": 1048, "3": 2060}, "totalAttacks": {"1": 110352.0, "2": 38304.0, "3": 52104.0}, "damagingAttacks": {"1": 68169.0, "2": 24093.0, "3": 19551.375}, "damageDone": {"1": {"1": 61808.287499990445, "2": 12767.247333333333, "3": 11142.740166666234}, "2": {"1": 70638.04285714672, "2": 14591.139809523524, "3": 12734.560190476284}, "3": {"1": 80729.19183672626, "2": 16675.588353741758, "3": 14553.78307483017}, "4": {"1": 92081.73443876645, "2": 19020.592965985496, "3": 16600.408819727454}}, "bleedDamage": {"1": {"1": 0.0, "2": 0.0, "3": 0.0}, "2": {"1": 0.0, "2": 0.0, "3": 0.0}, "3": {"1": 0.0, "2": 0.0, "3": 0.0}, "4": {"1": 0.0, "2": 0.0, "3": 0.0}}}