{"deaths": 5128, "totalAttacks": 200002, "damagingAttacks": 354554.0, "damageDone": {"1": 158861.3195331873, "2": 226944.74219045733, "3": 324206.7745577313, "4": 450647.4166354766}, "bleedDamage": {"1": 0.0, "2": 0.0, "3": 0.0, "4": 0.0}}