{"deaths": 5128, "totalAttacks": 100001, "damagingAttacks": 182799.375, "damageDone": {"1": 121136.86846667244, "2": 138442.13539051817, "3": 158219.5833035174, "4": 180469.21220562357}, "bleedDamage": {"1": 0.0, "2": 0.0, "3": 0.0, "4": 0.0}}