{"deaths": 5128, "totalAttacks": 200002, "damagingAttacks": 351590.75, "damageDone": {"1": 127491.6568332559, "2": 182130.93833344046, "3": 260187.05476181072, "4": 361660.00611902657}, "bleedDamage": {"1": 0.0, "2": 0.0, "3": 0.0, "4": 0.0}}