{"deaths": 5128, "totalAttacks": 131778, "damagingAttacks": 256131.0, "damageDone": {"1": 192343.06359999435, "2": 274775.8051428841, "3": 392536.8644896571, "4": 545626.2416406338}, "bleedDamage": {"1": 0.0, "2": 0.0, "3": 0.0, "4": 0.0}}