{"deaths": {"1": 550, "2": 1048, "3": 2060}, "totalAttacks": {"1": 36784.0, "2": 12768.0, "3": 17368.0}, "damagingAttacks": {"1": 36745.0, "2": 12646.0, "3": 16767.375}, "damageDone": {"1": {"1": 17936.978366667616, "2": 4707.75413333332, "3": 6143.006349999964}, "2": {"1": 21140.010217853924, "2": 5548.424514285338, "3": 7239.971769642621}, "3": {"1": 24915.012042478113, "2": 6539.214606122507, "3": 8532.82387136437}, "4": {"1": 29261.983840522844, "2": 7680.124408843612, "3": 10021.562655165879}}, "bleedDamage": {"1": {"1": 0.0, "2": 0.0, "3": 0.0}, "2": {"1": 0.0, "2": 0.0, "3": 0.0}, "3": {"1": 0.0, "2": 0.0, "3": 0.0}, "4": {"1": 0.0, "2": 0.0, "3": 0.0}}}