{"deaths": 3201, "totalAttacks": 100001, "damagingAttacks": 198028.75, "damageDone": {"1": 115965.3956666984, "2": 215364.3062382861, "3": 399962.283013957, "4": 669759.3259929811}, "bleedDamage": {"1": 0.0, "2": 0.0, "3": 0.0, "4": 0.0}}