{"deaths": 5128, "totalAttacks": 100001, "damagingAttacks": 187208.25, "damageDone": {"1": 168168.2351332634, "2": 240240.33590474233, "3": 343200.47986391315, "4": 477048.6670110044}, "bleedDamage": {"1": 0.0, "2": 0.0, "3": 0.0, "4": 0.0}}