{"deaths": 5128, "totalAttacks": 100001, "damagingAttacks": 191273.5, "damageDone": {"1": 145112.88733332514, "2": 207304.12476187618, "3": 296148.7496597289, "4": 411646.76202683744}, "bleedDamage": {"1": 0.0, "2": 0.0, "3": 0.0, "4": 0.0}}