{"deaths": {"1": 550, "2": 1048, "3": 2060}, "totalAttacks": {"1": 18392.0, "2": 6384.0, "3": 8684.0}, "damagingAttacks": {"1": 17676.0, "2": 5847.0, "3": 6829.9375}, "damageDone": {"1": {"1": 46113.448999998545, "2": 11989.292000000041, "3": 13839.970983333447}, "2": {"1": 49660.637384619164, "2": 12911.545230769409, "3": 14904.58413589825}, "3": {"1": 53207.82576922441, "2": 13833.798461539469, "3": 15969.197288462463}, "4": {"1": 57573.59608875983, "2": 14968.87936094688, "3": 17279.490399309736}}, "bleedDamage": {"1": {"1": 0.0, "2": 0.0, "3": 0.0}, "2": {"1": 0.0, "2": 0.0, "3": 0.0}, "3": {"1": 0.0, "2": 0.0, "3": 0.0}, "4": {"1": 0.0, "2": 0.0, "3": 0.0}}}