{"deaths": 5128, "totalAttacks": 100001, "damagingAttacks": 191273.5, "damageDone": {"1": 117440.60546668306, "2": 134217.83481906573, "3": 153391.81122184522, "4": 174962.53467492072}, "bleedDamage": {"1": 0.0, "2": 0.0, "3": 0.0, "4": 0.0}}