{"deaths": 5128, "totalAttacks": 200002, "damagingAttacks": 397108.25, "damageDone": {"1": 82105.82488335927, "2": 96767.5793267999, "3": 114047.50420662061, "4": 133945.59952276418}, "bleedDamage": {"1": 0.0, "2": 0.0, "3": 0.0, "4": 0.0}}