{"deaths": 5128, "totalAttacks": 200002, "damagingAttacks": 233930.25, "damageDone": {"1": 217932.73700004336, "2": 381382.2897498959, "3": 667419.0070624194, "4": 1076042.8889371452}, "bleedDamage": {"1": 0.0, "2": 0.0, "3": 0.0, "4": 0.0}}