{"deaths": 5128, "totalAttacks": 100001, "damagingAttacks": 177277.0, "damageDone": {"1": 111703.36706664228, "2": 127660.99093337513, "3": 145898.2753525492, "4": 166415.2203239071}, "bleedDamage": {"1": 0.0, "2": 0.0, "3": 0.0, "4": 0.0}}