{"deaths": 5128, "totalAttacks": 200002, "damagingAttacks": 373462.75, "damageDone": {"1": 167722.5961666622, "2": 239603.70880951354, "3": 342291.0125850945, "4": 475784.5074934169}, "bleedDamage": {"1": 0.0, "2": 0.0, "3": 0.0, "4": 0.0}}