{"deaths": 5128, "totalAttacks": 600006, "damagingAttacks": 538903.5, "damageDone": {"1": 198123.90516665703, "2": 226427.32019051173, "3": 258774.08021788296, "4": 295164.1852482175}, "bleedDamage": {"1": 0.0, "2": 0.0, "3": 0.0, "4": 0.0}}