{"deaths": 5128, "totalAttacks": 600006, "damagingAttacks": 701790.75, "damageDone": {"1": 304735.0535832648, "2": 348268.63266666024, "3": 398021.29447626206, "4": 453993.0390120686}, "bleedDamage": {"1": 0.0, "2": 0.0, "3": 0.0, "4": 0.0}}