{"deaths": 3201, "totalAttacks": 100001, "damagingAttacks": 197585.5, "damageDone": {"1": 160685.03123337697, "2": 298415.05800501397, "3": 554199.3934373643, "4": 928038.0375313697}, "bleedDamage": {"1": 0.0, "2": 0.0, "3": 0.0, "4": 0.0}}