{"deaths": 5128, "totalAttacks": 200002, "damagingAttacks": 397108.25, "damageDone": {"1": 195797.14893333102, "2": 216775.41489051044, "3": 240001.35220014738, "4": 265474.96086256905}, "bleedDamage": {"1": 0.0, "2": 0.0, "3": 0.0, "4": 0.0}}