{"deaths": 5128, "totalAttacks": 100001, "damagingAttacks": 186731.375, "damageDone": {"1": 167722.5961666622, "2": 180624.33433334465, "3": 193526.07249987783, "4": 209405.13485903782}, "bleedDamage": {"1": 0.0, "2": 0.0, "3": 0.0, "4": 0.0}}