{"deaths": 5128, "totalAttacks": 200002, "damagingAttacks": 392665.75, "damageDone": {"1": 70385.03549999821, "2": 77926.28930363288, "3": 86275.53458608207, "4": 95432.77134754711}, "bleedDamage": {"1": 0.0, "2": 0.0, "3": 0.0, "4": 0.0}}