{"deaths": 5128, "totalAttacks": 790668, "damagingAttacks": 1168843.5, "damageDone": {"1": 337301.7956666289, "2": 385487.7664761362, "3": 440557.44740164524, "4": 502510.838442211}, "bleedDamage": {"1": 0.0, "2": 0.0, "3": 0.0, "4": 0.0}}