{"deaths": 5128, "totalAttacks": 200002, "damagingAttacks": 398049.5, "damageDone": {"1": 85759.08943335192, "2": 101073.21254645316, "3": 119122.0005011966, "4": 139905.45329756054}, "bleedDamage": {"1": 0.0, "2": 0.0, "3": 0.0, "4": 0.0}}