{"deaths": 5128, "totalAttacks": 600006, "damagingAttacks": 488862.75, "damageDone": {"1": 125432.7653333295, "2": 143351.7318095557, "3": 163830.5506395956, "4": 186869.22182305896}, "bleedDamage": {"1": 0.0, "2": 0.0, "3": 0.0, "4": 0.0}}