{"deaths": {"1": 550, "2": 1048, "3": 2060}, "totalAttacks": {"1": 36784.0, "2": 12768.0, "3": 17368.0}, "damagingAttacks": {"1": 22723.0, "2": 8031.0, "3": 6517.125}, "damageDone": {"1": {"1": 44510.99243333853, "2": 12822.990933333871, "3": 9860.567566667061}, "2": {"1": 77894.23675833466, "2": 22440.23413333355, "3": 17255.993241666918}, "3": {"1": 136314.91432709392, "2": 39270.40973333201, "3": 30197.98817291633}, "4": {"1": 219773.02513954788, "2": 63313.51773333501, "3": 48686.55236041817}}, "bleedDamage": {"1": {"1": 0.0, "2": 0.0, "3": 0.0}, "2": {"1": 0.0, "2": 0.0, "3": 0.0}, "3": {"1": 0.0, "2": 0.0, "3": 0.0}, "4": {"1": 0.0, "2": 0.0, "3": 0.0}}}