{"deaths": 5128, "totalAttacks": 100001, "damagingAttacks": 182799.375, "damageDone": {"1": 170068.25174994586, "2": 183150.4249615367, "3": 196232.5981731086, "4": 212333.7344334014}, "bleedDamage": {"1": 0.0, "2": 0.0, "3": 0.0, "4": 0.0}}