{"deaths": 5128, "totalAttacks": 200002, "damagingAttacks": 396057.5, "damageDone": {"1": 86813.29453328694, "2": 96114.71894758163, "3": 106412.72454915018, "4": 117707.31133794991}, "bleedDamage": {"1": 0.0, "2": 0.0, "3": 0.0, "4": 0.0}}