{"deaths": 5128, "totalAttacks": 100001, "damagingAttacks": 168953.375, "damageDone": {"1": 121423.88099994494, "2": 173462.68714291367, "3": 247803.83877544245, "4": 344447.3358978198}, "bleedDamage": {"1": 0.0, "2": 0.0, "3": 0.0, "4": 0.0}}