{"deaths": 5128, "totalAttacks": 2063556, "damagingAttacks": 4092948.75, "damageDone": {"1": 2199912.791230232, "2": 2435617.7331597866, "3": 2696576.7759855795, "4": 2982789.919751286}, "bleedDamage": {"1": 0.0, "2": 0.0, "3": 0.0, "4": 0.0}, "loadoutDamage": {}}