{"deaths": 3201, "totalAttacks": 200002, "damagingAttacks": 162954.25, "damageDone": {"1": 140376.23166670825, "2": 151174.40333337736, "3": 161972.5749999781, "4": 175262.63243590665}, "bleedDamage": {"1": 0.0, "2": 0.0, "3": 0.0, "4": 0.0}}