{"deaths": 5128, "totalAttacks": 200002, "damagingAttacks": 354554.0, "damageDone": {"1": 77020.21209995552, "2": 96275.26512496086, "3": 120344.08140627675, "4": 149226.66094374325}, "bleedDamage": {"1": 0.0, "2": 0.0, "3": 0.0, "4": 0.0}}