{"deaths": 5128, "totalAttacks": 100001, "damagingAttacks": 187208.25, "damageDone": {"1": 92677.46720000319, "2": 105917.10537140188, "3": 121048.12042452859, "4": 138070.5123592467}, "bleedDamage": {"1": 0.0, "2": 0.0, "3": 0.0, "4": 0.0}}