{"deaths": 5128, "totalAttacks": 2063556, "damagingAttacks": 4092948.75, "damageDone": {"1": 1371380.3276598994, "2": 1616269.6718915915, "3": 1904889.2561547924, "4": 2237239.0804306134}, "bleedDamage": {"1": 0.0, "2": 0.0, "3": 0.0, "4": 0.0}, "loadoutDamage": {}}