{"deaths": 5128, "totalAttacks": 200002, "damagingAttacks": 397108.25, "damageDone": {"1": 82105.82488335927, "2": 90902.8775493987, "3": 100642.47157258698, "4": 111324.60695277182}, "bleedDamage": {"1": 0.0, "2": 0.0, "3": 0.0, "4": 0.0}}