{"deaths": 5128, "totalAttacks": 100001, "damagingAttacks": 182799.375, "damageDone": {"1": 207696.88684988, "2": 223673.5704536919, "3": 239650.25405757938, "4": 259313.86464720307}, "bleedDamage": {"1": 0.0, "2": 0.0, "3": 0.0, "4": 0.0}}