{"deaths": 5128, "totalAttacks": 200002, "damagingAttacks": 162954.25, "damageDone": {"1": 122026.8572833466, "2": 213547.00024573083, "3": 373707.2504301224, "4": 602507.6078358965}, "bleedDamage": {"1": 0.0, "2": 0.0, "3": 0.0, "4": 0.0}}