{"deaths": 5128, "totalAttacks": 100001, "damagingAttacks": 186731.375, "damageDone": {"1": 118233.08458343985, "2": 135123.5252380909, "3": 154426.88598653942, "4": 176143.16682812836}, "bleedDamage": {"1": 0.0, "2": 0.0, "3": 0.0, "4": 0.0}}