{"deaths": 5128, "totalAttacks": 600006, "damagingAttacks": 782801.25, "damageDone": {"1": 209890.87583335687, "2": 239875.28666669273, "3": 274143.18476215936, "4": 312694.57011890796}, "bleedDamage": {"1": 0.0, "2": 0.0, "3": 0.0, "4": 0.0}}