{"deaths": 5128, "totalAttacks": 100001, "damagingAttacks": 186731.375, "damageDone": {"1": 132697.54786661227, "2": 189567.92552383326, "3": 270811.3221768346, "4": 376427.7378259822}, "bleedDamage": {"1": 0.0, "2": 0.0, "3": 0.0, "4": 0.0}}