{"deaths": 5128, "totalAttacks": 200002, "damagingAttacks": 397489.25, "damageDone": {"1": 183385.04465011077, "2": 203033.44229096564, "3": 224787.02539386685, "4": 248645.79395809534}, "bleedDamage": {"1": 0.0, "2": 0.0, "3": 0.0, "4": 0.0}}