{"deaths": 3201, "totalAttacks": 200002, "damagingAttacks": 260460.0, "damageDone": {"1": 242718.2550000464, "2": 261388.88999996608, "3": 280059.52500003047, "4": 303038.76807684684}, "bleedDamage": {"1": 0.0, "2": 0.0, "3": 0.0, "4": 0.0}}