{"deaths": 3201, "totalAttacks": 200002, "damagingAttacks": 216806.0, "damageDone": {"1": 223219.51166662067, "2": 240390.2433332457, "3": 257560.97499999512, "4": 278694.1832050158}, "bleedDamage": {"1": 0.0, "2": 0.0, "3": 0.0, "4": 0.0}}