{"deaths": 5128, "totalAttacks": 263556, "damagingAttacks": 512262.0, "damageDone": {"1": 215594.1381333048, "2": 307991.62590477086, "3": 439988.0370066777, "4": 611583.3714390448}, "bleedDamage": {"1": 0.0, "2": 0.0, "3": 0.0, "4": 0.0}}