{"deaths": 5128, "totalAttacks": 200002, "damagingAttacks": 365598.75, "damageDone": {"1": 170068.25174994586, "2": 242954.6453571379, "3": 347078.06479603285, "4": 482438.5100662656}, "bleedDamage": {"1": 0.0, "2": 0.0, "3": 0.0, "4": 0.0}}