{"deaths": 5128, "totalAttacks": 200002, "damagingAttacks": 253241.5, "damageDone": {"1": 191706.12668348697, "2": 335485.7216959686, "3": 587100.0129674891, "4": 946549.000498416}, "bleedDamage": {"1": 0.0, "2": 0.0, "3": 0.0, "4": 0.0}}