{"deaths": 3201, "totalAttacks": 100001, "damagingAttacks": 199657.5, "damageDone": {"1": 109530.24680006, "2": 203413.31548591887, "3": 377767.58590194775, "4": 632593.0580489243}, "bleedDamage": {"1": 0.0, "2": 0.0, "3": 0.0, "4": 0.0}}