{"deaths": 5128, "totalAttacks": 200002, "damagingAttacks": 396266.75, "damageDone": {"1": 97314.87848329863, "2": 114692.53535536077, "3": 135173.34524030422, "4": 158757.30813789144}, "bleedDamage": {"1": 0.0, "2": 0.0, "3": 0.0, "4": 0.0}}