{"deaths": 5128, "totalAttacks": 200002, "damagingAttacks": 396057.5, "damageDone": {"1": 86813.29453328694, "2": 102315.66855714437, "3": 120586.32365667929, "4": 141625.25983189535}, "bleedDamage": {"1": 0.0, "2": 0.0, "3": 0.0, "4": 0.0}}