{"deaths": 5128, "totalAttacks": 600006, "damagingAttacks": 650418.0, "damageDone": {"1": 234062.6798332698, "2": 267500.2055237673, "3": 305714.52059875434, "4": 348705.62505808054}, "bleedDamage": {"1": 0.0, "2": 0.0, "3": 0.0, "4": 0.0}}