{"deaths": 5128, "totalAttacks": 263556, "damagingAttacks": 526585.5, "damageDone": {"1": 95202.15033342407, "2": 112202.53432142001, "3": 132238.70116460812, "4": 155310.65086260482}, "bleedDamage": {"1": 0.0, "2": 0.0, "3": 0.0, "4": 0.0}}