{"deaths": 5128, "totalAttacks": 200002, "damagingAttacks": 399315.0, "damageDone": {"1": 181394.34706667057, "2": 200829.45568086527, "3": 222346.8973609818, "4": 245946.67210719726}, "bleedDamage": {"1": 0.0, "2": 0.0, "3": 0.0, "4": 0.0}}