{"deaths": 5128, "totalAttacks": 200002, "damagingAttacks": 396057.5, "damageDone": {"1": 186367.04893341762, "2": 206334.9470331576, "3": 228442.2627869862, "4": 252688.99619422236}, "bleedDamage": {"1": 0.0, "2": 0.0, "3": 0.0, "4": 0.0}}