{"deaths": 5128, "totalAttacks": 200002, "damagingAttacks": 354792.5, "damageDone": {"1": 187658.42413322467, "2": 268083.46304761234, "3": 382976.37578236434, "4": 532337.1623374783}, "bleedDamage": {"1": 0.0, "2": 0.0, "3": 0.0, "4": 0.0}}