{"deaths": 5128, "totalAttacks": 600006, "damagingAttacks": 664742.25, "damageDone": {"1": 226273.32116660627, "2": 258598.08133338118, "3": 295540.66438117326, "4": 337101.07030948275}, "bleedDamage": {"1": 0.0, "2": 0.0, "3": 0.0, "4": 0.0}}