{"deaths": 5128, "totalAttacks": 100001, "damagingAttacks": 181692.125, "damageDone": {"1": 183098.84668325915, "2": 261569.7809761537, "3": 373671.1156802386, "4": 519402.8507956972}, "bleedDamage": {"1": 0.0, "2": 0.0, "3": 0.0, "4": 0.0}}