{"deaths": 5128, "totalAttacks": 200002, "damagingAttacks": 398049.5, "damageDone": {"1": 144718.17000004472, "2": 160223.68821418704, "3": 177390.51195145017, "4": 196218.64121188296}, "bleedDamage": {"1": 0.0, "2": 0.0, "3": 0.0, "4": 0.0}}