{"deaths": 5128, "totalAttacks": 200002, "damagingAttacks": 221580.75, "damageDone": {"1": 188354.79418330954, "2": 329620.88982061023, "3": 576836.557186219, "4": 930001.7962795728}, "bleedDamage": {"1": 0.0, "2": 0.0, "3": 0.0, "4": 0.0}}