{"deaths": 5128, "totalAttacks": 100001, "damagingAttacks": 175795.375, "damageDone": {"1": 127491.6568332559, "2": 137298.70735895477, "3": 147105.75788446073, "4": 159175.97391604286}, "bleedDamage": {"1": 0.0, "2": 0.0, "3": 0.0, "4": 0.0}}