{"deaths": 5128, "totalAttacks": 100001, "damagingAttacks": 175795.375, "damageDone": {"1": 134483.07481658336, "2": 192118.67830961163, "3": 274455.2547278131, "4": 381492.8040717148}, "bleedDamage": {"1": 0.0, "2": 0.0, "3": 0.0, "4": 0.0}}