{"deaths": 5128, "totalAttacks": 200002, "damagingAttacks": 399315.0, "damageDone": {"1": 72786.22130001112, "2": 80584.74501080843, "3": 89218.82483329494, "4": 98688.46076768676}, "bleedDamage": {"1": 0.0, "2": 0.0, "3": 0.0, "4": 0.0}}