{"deaths": 5128, "totalAttacks": 100001, "damagingAttacks": 181692.125, "damageDone": {"1": 135515.60569999332, "2": 154874.9779428993, "3": 176999.9747918114, "4": 201890.59624700568}, "bleedDamage": {"1": 0.0, "2": 0.0, "3": 0.0, "4": 0.0}}