{"deaths": 5128, "totalAttacks": 200002, "damagingAttacks": 382547.0, "damageDone": {"1": 168691.2869999424, "2": 240987.55285715417, "3": 344267.9326530766, "4": 478532.4263876496}, "bleedDamage": {"1": 0.0, "2": 0.0, "3": 0.0, "4": 0.0}}