{"deaths": 5128, "totalAttacks": 6190668, "damagingAttacks": 7261278.75, "damageDone": {"1": 2700396.2117810478, "2": 3086167.09918402, "3": 3527048.1133560627, "4": 4023039.254288077}, "bleedDamage": {"1": 0.0, "2": 0.0, "3": 0.0, "4": 0.0}, "loadoutDamage": {}}