{"deaths": 5128, "totalAttacks": 200002, "damagingAttacks": 260460.0, "damageDone": {"1": 220166.2639999261, "2": 385290.9619998063, "3": 674259.1834998816, "4": 1087070.9284995345}, "bleedDamage": {"1": 0.0, "2": 0.0, "3": 0.0, "4": 0.0}}