{"deaths": 5128, "totalAttacks": 100001, "damagingAttacks": 177396.25, "damageDone": {"1": 139199.87846667698, "2": 159085.57539056262, "3": 181812.08616069783, "4": 207379.41077703628}, "bleedDamage": {"1": 0.0, "2": 0.0, "3": 0.0, "4": 0.0}}