{"deaths": 5128, "totalAttacks": 100001, "damagingAttacks": 168953.375, "damageDone": {"1": 89625.09973337199, "2": 102428.68540951307, "3": 117061.35475380937, "4": 133523.1077660482}, "bleedDamage": {"1": 0.0, "2": 0.0, "3": 0.0, "4": 0.0}}