{"deaths": 5128, "totalAttacks": 600006, "damagingAttacks": 723854.25, "damageDone": {"1": 184879.92649988193, "2": 211291.3445714671, "3": 241475.82236757717, "4": 275433.3598877681}, "bleedDamage": {"1": 0.0, "2": 0.0, "3": 0.0, "4": 0.0}}