{"deaths": 5128, "totalAttacks": 100001, "damagingAttacks": 175795.375, "damageDone": {"1": 83252.69666666679, "2": 95145.93904765636, "3": 108738.21605448073, "4": 124029.52768711443}, "bleedDamage": {"1": 0.0, "2": 0.0, "3": 0.0, "4": 0.0}}