{"deaths": 5128, "totalAttacks": 100001, "damagingAttacks": 168953.375, "damageDone": {"1": 133098.85003329386, "2": 143337.22311281264, "3": 153575.5961921904, "4": 166176.67075165705}, "bleedDamage": {"1": 0.0, "2": 0.0, "3": 0.0, "4": 0.0}}