{"deaths": 5128, "totalAttacks": 200002, "damagingAttacks": 397489.25, "damageDone": {"1": 68015.72309996358, "2": 75303.12200357024, "3": 83371.31364679376, "4": 92220.29802973245}, "bleedDamage": {"1": 0.0, "2": 0.0, "3": 0.0, "4": 0.0}}