{"deaths": 5128, "totalAttacks": 200002, "damagingAttacks": 394276.25, "damageDone": {"1": 75132.75531662084, "2": 88549.31876612436, "3": 104361.6971171734, "4": 122569.89036998857}, "bleedDamage": {"1": 0.0, "2": 0.0, "3": 0.0, "4": 0.0}}