{"deaths": 5128, "totalAttacks": 200002, "damagingAttacks": 395171.0, "damageDone": {"1": 91080.40369996778, "2": 100839.01838215446, "3": 111643.19892309904, "4": 123492.9453228001}, "bleedDamage": {"1": 0.0, "2": 0.0, "3": 0.0, "4": 0.0}}