{"deaths": 5128, "totalAttacks": 200002, "damagingAttacks": 395171.0, "damageDone": {"1": 236520.83606667054, "2": 261862.3542166764, "3": 289919.0350257006, "4": 320690.8784932752}, "bleedDamage": {"1": 0.0, "2": 0.0, "3": 0.0, "4": 0.0}}