{"deaths": 5128, "totalAttacks": 200002, "damagingAttacks": 397489.25, "damageDone": {"1": 68015.72309996358, "2": 80161.38793932485, "3": 94475.92149992519, "4": 110959.32378174155}, "bleedDamage": {"1": 0.0, "2": 0.0, "3": 0.0, "4": 0.0}}