{"deaths": 5128, "totalAttacks": 600006, "damagingAttacks": 781380.0, "damageDone": {"1": 232573.3984999556, "2": 265798.16971437813, "3": 303769.3368165548, "4": 346486.8998058599}, "bleedDamage": {"1": 0.0, "2": 0.0, "3": 0.0, "4": 0.0}}