{"deaths": 5128, "totalAttacks": 200002, "damagingAttacks": 363384.25, "damageDone": {"1": 87659.22121664327, "2": 109574.02652074936, "3": 136967.5331510226, "4": 169839.74110728005}, "bleedDamage": {"1": 0.0, "2": 0.0, "3": 0.0, "4": 0.0}}