{"deaths": 5128, "totalAttacks": 200002, "damagingAttacks": 398049.5, "damageDone": {"1": 85759.08943335192, "2": 94947.56330117998, "3": 105120.51651206882, "4": 116277.9490658786}, "bleedDamage": {"1": 0.0, "2": 0.0, "3": 0.0, "4": 0.0}}