{"deaths": 5128, "totalAttacks": 100001, "damagingAttacks": 181692.125, "damageDone": {"1": 185262.3307332818, "2": 199513.27925127515, "3": 213764.22776918678, "4": 231303.85671437244}, "bleedDamage": {"1": 0.0, "2": 0.0, "3": 0.0, "4": 0.0}}