{"deaths": {"1": 204, "2": 402, "3": 1206}, "totalAttacks": {"1": 18392.0, "2": 6384.0, "3": 8684.0}, "damagingAttacks": {"1": 18372.5, "2": 6323.0, "3": 8383.6875}, "damageDone": {"1": {"1": 27935.446899995957, "2": 7375.658066666824, "3": 8207.78189999995}, "2": {"1": 51880.11567142789, "2": 13697.650695237342, "3": 15243.023528571488}, "3": {"1": 96348.78624692843, "2": 25438.49414830038, "3": 28308.47226734808}, "4": {"1": 161341.4586265479, "2": 42598.18842585126, "3": 47404.12811632573}}, "bleedDamage": {"1": {"1": 0.0, "2": 0.0, "3": 0.0}, "2": {"1": 0.0, "2": 0.0, "3": 0.0}, "3": {"1": 0.0, "2": 0.0, "3": 0.0}, "4": {"1": 0.0, "2": 0.0, "3": 0.0}}}