{"deaths": 5128, "totalAttacks": 200002, "damagingAttacks": 241284.75, "damageDone": {"1": 162993.58223341816, "2": 285238.7689081679, "3": 499167.84558952285, "4": 804780.812277325}, "bleedDamage": {"1": 0.0, "2": 0.0, "3": 0.0, "4": 0.0}}