{"deaths": 5128, "totalAttacks": 200002, "damagingAttacks": 260933.75, "damageDone": {"1": 232869.0081334222, "2": 407520.76423333597, "3": 713161.3374082013, "4": 1149790.7276578688}, "bleedDamage": {"1": 0.0, "2": 0.0, "3": 0.0, "4": 0.0}}