{"deaths": {"1": 550, "2": 1048, "3": 2060}, "totalAttacks": {"1": 36784.0, "2": 12768.0, "3": 17368.0}, "damagingAttacks": {"1": 35352.0, "2": 11694.0, "3": 13659.875}, "damageDone": {"1": {"1": 37648.57960000258, "2": 10142.113599999715, "3": 10886.255250000266}, "2": {"1": 53783.68514286165, "2": 14488.733714285714, "3": 15551.793214286026}, "3": {"1": 76833.83591834782, "2": 20698.191020408743, "3": 22216.84744897981}, "4": {"1": 106799.0319265332, "2": 28770.48551836852, "3": 30881.41795408286}}, "bleedDamage": {"1": {"1": 0.0, "2": 0.0, "3": 0.0}, "2": {"1": 0.0, "2": 0.0, "3": 0.0}, "3": {"1": 0.0, "2": 0.0, "3": 0.0}, "4": {"1": 0.0, "2": 0.0, "3": 0.0}}}