{"deaths": 5128, "totalAttacks": 200002, "damagingAttacks": 179634.5, "damageDone": {"1": 148375.69419996755, "2": 259657.46484985691, "3": 454400.5634873143, "4": 732604.9901122438}, "bleedDamage": {"1": 0.0, "2": 0.0, "3": 0.0, "4": 0.0}}