{"deaths": 5128, "totalAttacks": 131778, "damagingAttacks": 256131.0, "damageDone": {"1": 147800.69993329435, "2": 168915.08563816606, "3": 193045.81215777405, "4": 220192.87949253616}, "bleedDamage": {"1": 0.0, "2": 0.0, "3": 0.0, "4": 0.0}}