{"deaths": 3201, "totalAttacks": 100001, "damagingAttacks": 198744.625, "damageDone": {"1": 112583.40231662965, "2": 209083.46144526868, "3": 388297.85697019077, "4": 650226.5888902054}, "bleedDamage": {"1": 0.0, "2": 0.0, "3": 0.0, "4": 0.0}}