{"deaths": 3201, "totalAttacks": 100001, "damagingAttacks": 197138.125, "damageDone": {"1": 81728.95739998811, "2": 151782.34945718484, "3": 281881.50613465375, "4": 472026.4274324092}, "bleedDamage": {"1": 0.0, "2": 0.0, "3": 0.0, "4": 0.0}}