{"deaths": 3201, "totalAttacks": 1031778, "damagingAttacks": 1885241.625, "damageDone": {"1": 2271746.7827356327, "2": 3245352.546748347, "3": 4636217.923953742, "4": 6444342.914277801}, "bleedDamage": {"1": 0.0, "2": 0.0, "3": 0.0, "4": 0.0}, "loadoutDamage": {}}