{"deaths": 3201, "totalAttacks": 131778, "damagingAttacks": 263292.75, "damageDone": {"1": 133385.3606334685, "2": 247715.6697478097, "3": 460043.3866741646, "4": 770368.5114132983}, "bleedDamage": {"1": 0.0, "2": 0.0, "3": 0.0, "4": 0.0}}