{"deaths": 5128, "totalAttacks": 200002, "damagingAttacks": 216806.0, "damageDone": {"1": 202314.39003329256, "2": 354050.1825583458, "3": 619587.8194771574, "4": 998927.3007894563}, "bleedDamage": {"1": 0.0, "2": 0.0, "3": 0.0, "4": 0.0}}