{"deaths": 5128, "totalAttacks": 200002, "damagingAttacks": 351590.75, "damageDone": {"1": 64384.24828330885, "2": 80480.31035415355, "3": 100600.38794270251, "4": 124744.48104892556}, "bleedDamage": {"1": 0.0, "2": 0.0, "3": 0.0, "4": 0.0}}