{"deaths": 5128, "totalAttacks": 1031778, "damagingAttacks": 1885241.625, "damageDone": {"1": 1684251.699394831, "2": 1924859.085023326, "3": 2199838.9543116437, "4": 2509191.3072661767}, "bleedDamage": {"1": 0.0, "2": 0.0, "3": 0.0, "4": 0.0}, "loadoutDamage": {}}