{"deaths": 5128, "totalAttacks": 200002, "damagingAttacks": 396266.75, "damageDone": {"1": 97314.87848329863, "2": 107741.47260652026, "3": 119285.20181437914, "4": 131946.06610688166}, "bleedDamage": {"1": 0.0, "2": 0.0, "3": 0.0, "4": 0.0}}