{"deaths": 5128, "totalAttacks": 200002, "damagingAttacks": 394276.25, "damageDone": {"1": 143517.1781667013, "2": 158894.01868440982, "3": 175918.3778292745, "4": 194590.25560104512}, "bleedDamage": {"1": 0.0, "2": 0.0, "3": 0.0, "4": 0.0}}