{"deaths": 3201, "totalAttacks": 2063556, "damagingAttacks": 2420426.25, "damageDone": {"1": 2339216.421044781, "2": 4093628.73683484, "3": 7163850.289464158, "4": 11549881.078918673}, "bleedDamage": {"1": 0.0, "2": 0.0, "3": 0.0, "4": 0.0}, "loadoutDamage": {}}