{"deaths": 3201, "totalAttacks": 200002, "damagingAttacks": 253241.5, "damageDone": {"1": 269657.82999993593, "2": 290400.7399999153, "3": 311143.64999998716, "4": 336673.3853845573}, "bleedDamage": {"1": 0.0, "2": 0.0, "3": 0.0, "4": 0.0}}