{"deaths": 5128, "totalAttacks": 131778, "damagingAttacks": 256131.0, "damageDone": {"1": 215594.1381333048, "2": 232178.30260509002, "3": 248762.4670770024, "4": 269173.7464268656}, "bleedDamage": {"1": 0.0, "2": 0.0, "3": 0.0, "4": 0.0}}