{"deaths": 29774, "totalAttacks": 200002, "damagingAttacks": 221580.75, "damageDone": {"1": 215088.70833334452, "2": 215088.70833334452, "3": 215088.70833334452, "4": 215088.70833334452}, "bleedDamage": {"1": 0.0, "2": 0.0, "3": 0.0, "4": 0.0}}