{"deaths": 29774, "totalAttacks": 200002, "damagingAttacks": 392665.75, "damageDone": {"1": 76983.05325451295, "2": 82904.82658173924, "3": 88826.59990896628, "4": 96114.93631170478}, "bleedDamage": {"1": 0.0, "2": 0.0, "3": 0.0, "4": 0.0}}