{"deaths": 29774, "totalAttacks": 600006, "damagingAttacks": 650418.0, "damageDone": {"1": 605966.5232433553, "2": 605966.5232433553, "3": 605966.5232433553, "4": 605966.5232433553}, "bleedDamage": {"1": 603680.0000004756, "2": 603680.0000004756, "3": 603680.0000004756, "4": 603680.0000004756}}