{"deaths": 29774, "totalAttacks": 100001, "damagingAttacks": 199842.625, "damageDone": {"1": 176135.49999998798, "2": 176135.49999998798, "3": 176135.49999998798, "4": 176135.49999998798}, "bleedDamage": {"1": 0.0, "2": 0.0, "3": 0.0, "4": 0.0}}