{"deaths": 29774, "totalAttacks": 200002, "damagingAttacks": 397108.25, "damageDone": {"1": 94064.79339248006, "2": 101300.54673052013, "3": 108536.3000682884, "4": 117441.84263800507}, "bleedDamage": {"1": 0.0, "2": 0.0, "3": 0.0, "4": 0.0}}