{"deaths": 29774, "totalAttacks": 200002, "damagingAttacks": 397489.25, "damageDone": {"1": 72883.76577911516, "2": 78490.20930061754, "3": 84096.6528220281, "4": 90996.89100229373}, "bleedDamage": {"1": 0.0, "2": 0.0, "3": 0.0, "4": 0.0}}