{"deaths": 29774, "totalAttacks": 263556, "damagingAttacks": 526585.5, "damageDone": {"1": 104492.59861932693, "2": 112530.49082096957, "3": 120568.38302234298, "4": 130461.17342416097}, "bleedDamage": {"1": 0.0, "2": 0.0, "3": 0.0, "4": 0.0}}