{"deaths": 29774, "totalAttacks": 600006, "damagingAttacks": 488862.75, "damageDone": {"1": 364814.69770416146, "2": 364814.69770416146, "3": 364814.69770416146, "4": 364814.69770416146}, "bleedDamage": {"1": 447928.860947002, "2": 447928.860947002, "3": 447928.860947002, "4": 447928.860947002}}