{"deaths": 29774, "totalAttacks": 4127112, "damagingAttacks": 7540966.5, "damageDone": {"1": 8903967.753878718, "2": 8903967.753878718, "3": 8903967.753878718, "4": 8903967.753878718}, "bleedDamage": {"1": 6531822.439397905, "2": 6531822.439397905, "3": 6531822.439397905, "4": 6531822.439397905}, "loadoutDamage": {}}