{"deaths": 29774, "totalAttacks": 527112, "damagingAttacks": 1024524.0, "damageDone": {"1": 1195930.9125815646, "2": 1195930.9125815646, "3": 1195930.9125815646, "4": 1195930.9125815646}, "bleedDamage": {"1": 935027.4142008435, "2": 935027.4142008435, "3": 935027.4142008435, "4": 935027.4142008435}}