{"deaths": 29774, "totalAttacks": 400004, "damagingAttacks": 709108.0, "damageDone": {"1": 662043.6009812084, "2": 662043.6009812084, "3": 662043.6009812084, "4": 662043.6009812084}, "bleedDamage": {"1": 559603.6686390418, "2": 559603.6686390418, "3": 559603.6686390418, "4": 559603.6686390418}}