{"deaths": 29774, "totalAttacks": 400004, "damagingAttacks": 703181.5, "damageDone": {"1": 582921.1334800621, "2": 582921.1334800621, "3": 582921.1334800621, "4": 582921.1334800621}, "bleedDamage": {"1": 466262.47189332533, "2": 466262.47189332533, "3": 466262.47189332533, "4": 466262.47189332533}}