{"deaths": {"1": 3110, "2": 7095, "3": 11729}, "totalAttacks": {"1": 18392.0, "2": 6384.0, "3": 8684.0}, "damagingAttacks": {"1": 18392.0, "2": 6381.5, "3": 8666.8125}, "damageDone": {"1": {"1": 48054.66666666543, "2": 11834.416666666648, "3": 15977.895833333356}, "2": {"1": 48054.66666666543, "2": 11834.416666666648, "3": 15977.895833333356}, "3": {"1": 48054.66666666543, "2": 11834.416666666648, "3": 15977.895833333356}, "4": {"1": 48054.66666666543, "2": 11834.416666666648, "3": 15977.895833333356}}, "bleedDamage": {"1": {"1": 0.0, "2": 0.0, "3": 0.0}, "2": {"1": 0.0, "2": 0.0, "3": 0.0}, "3": {"1": 0.0, "2": 0.0, "3": 0.0}, "4": {"1": 0.0, "2": 0.0, "3": 0.0}}}