{"deaths": 29774, "totalAttacks": 200002, "damagingAttacks": 260460.0, "damageDone": {"1": 221077.37500001874, "2": 221077.37500001874, "3": 221077.37500001874, "4": 221077.37500001874}, "bleedDamage": {"1": 0.0, "2": 0.0, "3": 0.0, "4": 0.0}}