{"deaths": 29774, "totalAttacks": 200002, "damagingAttacks": 396057.5, "damageDone": {"1": 101728.18293884251, "2": 109553.42778044051, "3": 117378.67262183035, "4": 127009.74319588784}, "bleedDamage": {"1": 0.0, "2": 0.0, "3": 0.0, "4": 0.0}}