{"deaths": 29774, "totalAttacks": 1031778, "damagingAttacks": 2062957.875, "damageDone": {"1": 2118698.062500476, "2": 2118698.062500476, "3": 2118698.062500476, "4": 2118698.062500476}, "bleedDamage": {"1": 0.0, "2": 0.0, "3": 0.0, "4": 0.0}, "loadoutDamage": {}}