{"deaths": 29774, "totalAttacks": 200002, "damagingAttacks": 394276.25, "damageDone": {"1": 84530.59714002883, "2": 91032.95076628549, "3": 97535.30439237793, "4": 105538.20116301047}, "bleedDamage": {"1": 0.0, "2": 0.0, "3": 0.0, "4": 0.0}}