{"deaths": 29774, "totalAttacks": 400004, "damagingAttacks": 748833.0, "damageDone": {"1": 798319.6642443272, "2": 798319.6642443272, "3": 798319.6642443272, "4": 798319.6642443272}, "bleedDamage": {"1": 603066.8786983358, "2": 603066.8786983358, "3": 603066.8786983358, "4": 603066.8786983358}}