{"deaths": 29774, "totalAttacks": 100001, "damagingAttacks": 199977.25, "damageDone": {"1": 223152.8229166785, "2": 223152.8229166785, "3": 223152.8229166785, "4": 223152.8229166785}, "bleedDamage": {"1": 0.0, "2": 0.0, "3": 0.0, "4": 0.0}}