{"deaths": 29774, "totalAttacks": 100001, "damagingAttacks": 199894.125, "damageDone": {"1": 191692.83333335363, "2": 191692.83333335363, "3": 191692.83333335363, "4": 191692.83333335363}, "bleedDamage": {"1": 0.0, "2": 0.0, "3": 0.0, "4": 0.0}}