{"deaths": 29774, "totalAttacks": 400004, "damagingAttacks": 765094.0, "damageDone": {"1": 841049.771904917, "2": 841049.771904917, "3": 841049.771904917, "4": 841049.771904917}, "bleedDamage": {"1": 697853.9999997887, "2": 697853.9999997887, "3": 697853.9999997887, "4": 697853.9999997887}}