{"deaths": 29774, "totalAttacks": 600006, "damagingAttacks": 759724.5, "damageDone": {"1": 714423.1117895632, "2": 714423.1117895632, "3": 714423.1117895632, "4": 714423.1117895632}, "bleedDamage": {"1": 646862.3372783869, "2": 646862.3372783869, "3": 646862.3372783869, "4": 646862.3372783869}}