{"deaths": 29774, "totalAttacks": 790668, "damagingAttacks": 1168843.5, "damageDone": {"1": 1219571.582851529, "2": 1219571.582851529, "3": 1219571.582851529, "4": 1219571.582851529}, "bleedDamage": {"1": 1082915.9467464974, "2": 1082915.9467464974, "3": 1082915.9467464974, "4": 1082915.9467464974}}