{"deaths": 29774, "totalAttacks": 200002, "damagingAttacks": 241284.75, "damageDone": {"1": 175741.37500001636, "2": 175741.37500001636, "3": 175741.37500001636, "4": 175741.37500001636}, "bleedDamage": {"1": 0.0, "2": 0.0, "3": 0.0, "4": 0.0}}