{"deaths": 29774, "totalAttacks": 200002, "damagingAttacks": 399315.0, "damageDone": {"1": 79626.25493104091, "2": 85751.35146418355, "3": 91876.44799728409, "4": 99415.02834571364}, "bleedDamage": {"1": 0.0, "2": 0.0, "3": 0.0, "4": 0.0}}