{"deaths": 29774, "totalAttacks": 400004, "damagingAttacks": 726768.5, "damageDone": {"1": 873667.9968288324, "2": 873667.9968288324, "3": 873667.9968288324, "4": 873667.9968288324}, "bleedDamage": {"1": 663063.0133136782, "2": 663063.0133136782, "3": 663063.0133136782, "4": 663063.0133136782}}