{"deaths": 29774, "totalAttacks": 100001, "damagingAttacks": 199914.25, "damageDone": {"1": 247769.66666668284, "2": 247769.66666668284, "3": 247769.66666668284, "4": 247769.66666668284}, "bleedDamage": {"1": 0.0, "2": 0.0, "3": 0.0, "4": 0.0}}