{"deaths": 29774, "totalAttacks": 100001, "damagingAttacks": 199958.125, "damageDone": {"1": 163105.9166666496, "2": 163105.9166666496, "3": 163105.9166666496, "4": 163105.9166666496}, "bleedDamage": {"1": 0.0, "2": 0.0, "3": 0.0, "4": 0.0}}