{"deaths": 29774, "totalAttacks": 2063556, "damagingAttacks": 4092948.75, "damageDone": {"1": 942380.4659802128, "2": 1014871.2710418208, "3": 1087362.076125424, "4": 1176581.5285268486}, "bleedDamage": {"1": 0.0, "2": 0.0, "3": 0.0, "4": 0.0}, "loadoutDamage": {}}