{"deaths": 29774, "totalAttacks": 400004, "damagingAttacks": 731197.5, "damageDone": {"1": 786834.1284383129, "2": 786834.1284383129, "3": 786834.1284383129, "4": 786834.1284383129}, "bleedDamage": {"1": 666610.1582837148, "2": 666610.1582837148, "3": 666610.1582837148, "4": 666610.1582837148}}