{"deaths": 29774, "totalAttacks": 100001, "damagingAttacks": 199939.0, "damageDone": {"1": 228682.89583333465, "2": 228682.89583333465, "3": 228682.89583333465, "4": 228682.89583333465}, "bleedDamage": {"1": 0.0, "2": 0.0, "3": 0.0, "4": 0.0}}