{"deaths": {"1": 3110, "2": 7095, "3": 11729}, "totalAttacks": {"1": 73568.0, "2": 25536.0, "3": 34736.0}, "damagingAttacks": {"1": 70704.0, "2": 23388.0, "3": 27319.75}, "damageDone": {"1": {"1": 132017.08593569556, "2": 32608.330167186396, "3": 33246.90443210983}, "2": {"1": 132017.08593569556, "2": 32608.330167186396, "3": 33246.90443210983}, "3": {"1": 132017.08593569556, "2": 32608.330167186396, "3": 33246.90443210983}, "4": {"1": 132017.08593569556, "2": 32608.330167186396, "3": 33246.90443210983}}, "bleedDamage": {"1": {"1": 134295.76331365053, "2": 38307.26627218958, "3": 48956.77366864269}, "2": {"1": 134295.76331365053, "2": 38307.26627218958, "3": 48956.77366864269}, "3": {"1": 134295.76331365053, "2": 38307.26627218958, "3": 48956.77366864269}, "4": {"1": 134295.76331365053, "2": 38307.26627218958, "3": 48956.77366864269}}}