{"deaths": 29774, "totalAttacks": 600006, "damagingAttacks": 782801.25, "damageDone": {"1": 745543.8245931905, "2": 745543.8245931905, "3": 745543.8245931905, "4": 745543.8245931905}, "bleedDamage": {"1": 724797.7071008533, "2": 724797.7071008533, "3": 724797.7071008533, "4": 724797.7071008533}}