{"deaths": 29774, "totalAttacks": 400004, "damagingAttacks": 709585.0, "damageDone": {"1": 793477.655512155, "2": 793477.655512155, "3": 793477.655512155, "4": 793477.655512155}, "bleedDamage": {"1": 648134.1390533955, "2": 648134.1390533955, "3": 648134.1390533955, "4": 648134.1390533955}}