{"deaths": 29774, "totalAttacks": 2063556, "damagingAttacks": 2420426.25, "damageDone": {"1": 2226180.291666702, "2": 2226180.291666702, "3": 2226180.291666702, "4": 2226180.291666702}, "bleedDamage": {"1": 0.0, "2": 0.0, "3": 0.0, "4": 0.0}, "loadoutDamage": {}}