{"deaths": 29774, "totalAttacks": 600006, "damagingAttacks": 538903.5, "damageDone": {"1": 374660.61417700467, "2": 374660.61417700467, "3": 374660.61417700467, "4": 374660.61417700467}, "bleedDamage": {"1": 387395.7396449951, "2": 387395.7396449951, "3": 387395.7396449951, "4": 387395.7396449951}}