{"deaths": 29774, "totalAttacks": 4127112, "damagingAttacks": 7540966.5, "damageDone": {"1": 8856938.328784268, "2": 8856938.328784268, "3": 8856938.328784268, "4": 8856938.328784268}, "bleedDamage": {"1": 6531822.439397905, "2": 6531822.439397905, "3": 6531822.439397905, "4": 6531822.439397905}, "loadoutDamage": {}}