{"deaths": 29774, "totalAttacks": 6190668, "damagingAttacks": 7261278.75, "damageDone": {"1": 7437234.959226137, "2": 7437234.959226137, "3": 7437234.959226137, "4": 7437234.959226137}, "bleedDamage": {"1": 6328747.9438442895, "2": 6328747.9438442895, "3": 6328747.9438442895, "4": 6328747.9438442895}, "loadoutDamage": {}}