{"deaths": 29774, "totalAttacks": 200002, "damagingAttacks": 260933.75, "damageDone": {"1": 199516.04166670764, "2": 199516.04166670764, "3": 199516.04166670764, "4": 199516.04166670764}, "bleedDamage": {"1": 0.0, "2": 0.0, "3": 0.0, "4": 0.0}}