{"deaths": 29774, "totalAttacks": 100001, "damagingAttacks": 200002.0, "damageDone": {"1": 177404.9999999687, "2": 177404.9999999687, "3": 177404.9999999687, "4": 177404.9999999687}, "bleedDamage": {"1": 0.0, "2": 0.0, "3": 0.0, "4": 0.0}}