{"deaths": 29774, "totalAttacks": 100001, "damagingAttacks": 199934.375, "damageDone": {"1": 267378.052083343, "2": 267378.052083343, "3": 267378.052083343, "4": 267378.052083343}, "bleedDamage": {"1": 0.0, "2": 0.0, "3": 0.0, "4": 0.0}}