{"deaths": {"1": 3110, "2": 7095, "3": 11729}, "totalAttacks": {"1": 36784.0, "2": 12768.0, "3": 17368.0}, "damagingAttacks": {"1": 36745.0, "2": 12646.0, "3": 16767.375}, "damageDone": {"1": {"1": 21591.710552268865, "2": 5229.159763313649, "3": 6892.04388560186}, "2": {"1": 23252.611363980748, "2": 5631.402822030175, "3": 7422.201107570928}, "3": {"1": 24913.512175695654, "2": 6033.645880746327, "3": 7952.358329540064}, "4": {"1": 26957.6977901109, "2": 6528.714260705149, "3": 8604.859525810054}}, "bleedDamage": {"1": {"1": 0.0, "2": 0.0, "3": 0.0}, "2": {"1": 0.0, "2": 0.0, "3": 0.0}, "3": {"1": 0.0, "2": 0.0, "3": 0.0}, "4": {"1": 0.0, "2": 0.0, "3": 0.0}}}