{"deaths": 29774, "totalAttacks": 200002, "damagingAttacks": 398049.5, "damageDone": {"1": 99899.10971399478, "2": 107583.65661517426, "3": 115268.20351618262, "4": 124726.10739442172}, "bleedDamage": {"1": 0.0, "2": 0.0, "3": 0.0, "4": 0.0}}