{"deaths": 29774, "totalAttacks": 400004, "damagingAttacks": 675813.5, "damageDone": {"1": 587069.7767989894, "2": 587069.7767989894, "3": 587069.7767989894, "4": 587069.7767989894}, "bleedDamage": {"1": 611109.4482250132, "2": 611109.4482250132, "3": 611109.4482250132, "4": 611109.4482250132}}