{"deaths": 29774, "totalAttacks": 600006, "damagingAttacks": 781380.0, "damageDone": {"1": 759587.9115624019, "2": 759587.9115624019, "3": 759587.9115624019, "4": 759587.9115624019}, "bleedDamage": {"1": 723005.14792925, "2": 723005.14792925, "3": 723005.14792925, "4": 723005.14792925}}