{"deaths": 29774, "totalAttacks": 600006, "damagingAttacks": 664742.25, "damageDone": {"1": 608274.95425202, "2": 608274.95425202, "3": 608274.95425202, "4": 608274.95425202}, "bleedDamage": {"1": 615585.6952665336, "2": 615585.6952665336, "3": 615585.6952665336, "4": 615585.6952665336}}