{"deaths": 29774, "totalAttacks": 600006, "damagingAttacks": 701790.75, "damageDone": {"1": 717824.6413869907, "2": 717824.6413869907, "3": 717824.6413869907, "4": 717824.6413869907}, "bleedDamage": {"1": 649707.3816572267, "2": 649707.3816572267, "3": 649707.3816572267, "4": 649707.3816572267}}