{"deaths": 29774, "totalAttacks": 200002, "damagingAttacks": 395171.0, "damageDone": {"1": 109456.96696250224, "2": 117876.73365207594, "3": 126296.5003414509, "4": 136659.29011291}, "bleedDamage": {"1": 0.0, "2": 0.0, "3": 0.0, "4": 0.0}}