{"deaths": 29774, "totalAttacks": 131778, "damagingAttacks": 263556.0, "damageDone": {"1": 232668.6666667004, "2": 232668.6666667004, "3": 232668.6666667004, "4": 232668.6666667004}, "bleedDamage": {"1": 0.0, "2": 0.0, "3": 0.0, "4": 0.0}}