{"deaths": {"1": 3110, "2": 7095, "3": 11729}, "totalAttacks": {"1": 110352.0, "2": 38304.0, "3": 52104.0}, "damagingAttacks": {"1": 68169.0, "2": 24093.0, "3": 19551.375}, "damageDone": {"1": {"1": 101468.95886717174, "2": 26252.033386346757, "3": 18520.948399766217}, "2": {"1": 101468.95886717174, "2": 26252.033386346757, "3": 18520.948399766217}, "3": {"1": 101468.95886717174, "2": 26252.033386346757, "3": 18520.948399766217}, "4": {"1": 101468.95886717174, "2": 26252.033386346757, "3": 18520.948399766217}}, "bleedDamage": {"1": {"1": 131766.508875735, "2": 39408.75739645095, "3": 35443.09171597772}, "2": {"1": 131766.508875735, "2": 39408.75739645095, "3": 35443.09171597772}, "3": {"1": 131766.508875735, "2": 39408.75739645095, "3": 35443.09171597772}, "4": {"1": 131766.508875735, "2": 39408.75739645095, "3": 35443.09171597772}}}