{"deaths": 29774, "totalAttacks": 600006, "damagingAttacks": 723854.25, "damageDone": {"1": 447911.9413813741, "2": 447911.9413813741, "3": 447911.9413813741, "4": 447911.9413813741}, "bleedDamage": {"1": 446909.7189348945, "2": 446909.7189348945, "3": 446909.7189348945, "4": 446909.7189348945}}