{"deaths": 29774, "totalAttacks": 200002, "damagingAttacks": 396266.75, "damageDone": {"1": 118722.18860941457, "2": 127854.6646564795, "3": 136987.14070332347, "4": 148227.1112223797}, "bleedDamage": {"1": 0.0, "2": 0.0, "3": 0.0, "4": 0.0}}