{"deaths": 29774, "totalAttacks": 400004, "damagingAttacks": 746925.5, "damageDone": {"1": 795908.487707523, "2": 795908.487707523, "3": 795908.487707523, "4": 795908.487707523}, "bleedDamage": {"1": 681152.0281062522, "2": 681152.0281062522, "3": 681152.0281062522, "4": 681152.0281062522}}