{"deaths": 29774, "totalAttacks": 6190668, "damagingAttacks": 7261278.75, "damageDone": {"1": 7391667.679936452, "2": 7391667.679936452, "3": 7391667.679936452, "4": 7391667.679936452}, "bleedDamage": {"1": 6328747.9438442895, "2": 6328747.9438442895, "3": 6328747.9438442895, "4": 6328747.9438442895}, "loadoutDamage": {}}