{"deaths": 29774, "totalAttacks": 100001, "damagingAttacks": 199958.125, "damageDone": {"1": 210722.37499998222, "2": 210722.37499998222, "3": 210722.37499998222, "4": 210722.37499998222}, "bleedDamage": {"1": 0.0, "2": 0.0, "3": 0.0, "4": 0.0}}