{"deaths": 41933, "totalAttacks": 600006, "damagingAttacks": 759724.5, "damageDone": {"1": 77809.73798077097, "2": 77809.73798077097, "3": 77809.73798077097, "4": 77809.73798077097}, "bleedDamage": {"1": 0.0, "2": 0.0, "3": 0.0, "4": 0.0}}