{"deaths": 41933, "totalAttacks": 200002, "damagingAttacks": 363384.25, "damageDone": {"1": 106386.60903595334, "2": 106386.60903595334, "3": 106386.60903595334, "4": 106386.60903595334}, "bleedDamage": {"1": 0.0, "2": 0.0, "3": 0.0, "4": 0.0}}