{"deaths": {"1": 5301, "2": 10890, "3": 16773}, "totalAttacks": {"1": 36784.0, "2": 12768.0, "3": 17368.0}, "damagingAttacks": {"1": 22723.0, "2": 8031.0, "3": 6517.125}, "damageDone": {"1": {"1": 23389.333703153203, "2": 4041.772066075058, "3": 3701.7397066075264}, "2": {"1": 25188.513218782675, "2": 4352.6776096191925, "3": 3986.4889148081215}, "3": {"1": 26987.692734411587, "2": 4663.583153163545, "3": 4271.238123008667}, "4": {"1": 29202.067522875564, "2": 5046.236129833221, "3": 4621.698686947753}}, "bleedDamage": {"1": {"1": 0.0, "2": 0.0, "3": 0.0}, "2": {"1": 0.0, "2": 0.0, "3": 0.0}, "3": {"1": 0.0, "2": 0.0, "3": 0.0}, "4": {"1": 0.0, "2": 0.0, "3": 0.0}}}