{"deaths": 41933, "totalAttacks": 200002, "damagingAttacks": 162954.25, "damageDone": {"1": 39742.439903825136, "2": 42799.550665679526, "3": 45856.66142752226, "4": 49619.25928823853}, "bleedDamage": {"1": 0.0, "2": 0.0, "3": 0.0, "4": 0.0}}