{"deaths": 41933, "totalAttacks": 400004, "damagingAttacks": 359269.0, "damageDone": {"1": 29663.128390031477, "2": 29663.128390031477, "3": 29663.128390031477, "4": 29663.128390031477}, "bleedDamage": {"1": 0.0, "2": 0.0, "3": 0.0, "4": 0.0}}