{"deaths": 41933, "totalAttacks": 200002, "damagingAttacks": 233930.25, "damageDone": {"1": 118464.37715728435, "2": 127577.02155400196, "3": 136689.66595070518, "4": 147905.22828529778}, "bleedDamage": {"1": 0.0, "2": 0.0, "3": 0.0, "4": 0.0}}