{"deaths": 41933, "totalAttacks": 400004, "damagingAttacks": 506483.0, "damageDone": {"1": 43530.550604061915, "2": 43530.550604061915, "3": 43530.550604061915, "4": 43530.550604061915}, "bleedDamage": {"1": 0.0, "2": 0.0, "3": 0.0, "4": 0.0}}