{"deaths": 41933, "totalAttacks": 400004, "damagingAttacks": 433612.0, "damageDone": {"1": 34977.57051281168, "2": 34977.57051281168, "3": 34977.57051281168, "4": 34977.57051281168}, "bleedDamage": {"1": 0.0, "2": 0.0, "3": 0.0, "4": 0.0}}