{"deaths": 41933, "totalAttacks": 200002, "damagingAttacks": 241284.75, "damageDone": {"1": 58296.44693043056, "2": 62780.78900205313, "3": 67265.13107365301, "4": 72784.32131560254}, "bleedDamage": {"1": 0.0, "2": 0.0, "3": 0.0, "4": 0.0}}