{"deaths": 41933, "totalAttacks": 600006, "damagingAttacks": 781380.0, "damageDone": {"1": 46066.93269231622, "2": 46066.93269231622, "3": 46066.93269231622, "4": 46066.93269231622}, "bleedDamage": {"1": 0.0, "2": 0.0, "3": 0.0, "4": 0.0}}