{"deaths": 41933, "totalAttacks": 200002, "damagingAttacks": 260460.0, "damageDone": {"1": 75535.55350092171, "2": 81345.98069337415, "3": 87156.40788571052, "4": 94307.7028917705}, "bleedDamage": {"1": 0.0, "2": 0.0, "3": 0.0, "4": 0.0}}