{"deaths": 41933, "totalAttacks": 200002, "damagingAttacks": 365598.75, "damageDone": {"1": 62327.895710018136, "2": 62327.895710018136, "3": 62327.895710018136, "4": 62327.895710018136}, "bleedDamage": {"1": 0.0, "2": 0.0, "3": 0.0, "4": 0.0}}