{"deaths": 41933, "totalAttacks": 263556, "damagingAttacks": 389614.5, "damageDone": {"1": 110705.1750492665, "2": 119220.95774542377, "3": 127736.74044148413, "4": 138217.70375985937}, "bleedDamage": {"1": 0.0, "2": 0.0, "3": 0.0, "4": 0.0}}