{"deaths": 41933, "totalAttacks": 400004, "damagingAttacks": 467860.5, "damageDone": {"1": 49038.74217210672, "2": 49038.74217210672, "3": 49038.74217210672, "4": 49038.74217210672}, "bleedDamage": {"1": 0.0, "2": 0.0, "3": 0.0, "4": 0.0}}