{"deaths": {"1": 5301, "2": 10890, "3": 16773}, "totalAttacks": {"1": 110352.0, "2": 38304.0, "3": 52104.0}, "damagingAttacks": {"1": 68169.0, "2": 24093.0, "3": 19551.375}, "damageDone": {"1": {"1": 17824.370192308354, "2": 2566.081730769221, "3": 2588.062499999986}, "2": {"1": 17824.370192308354, "2": 2566.081730769221, "3": 2588.062499999986}, "3": {"1": 17824.370192308354, "2": 2566.081730769221, "3": 2588.062499999986}, "4": {"1": 17824.370192308354, "2": 2566.081730769221, "3": 2588.062499999986}}, "bleedDamage": {"1": {"1": 0.0, "2": 0.0, "3": 0.0}, "2": {"1": 0.0, "2": 0.0, "3": 0.0}, "3": {"1": 0.0, "2": 0.0, "3": 0.0}, "4": {"1": 0.0, "2": 0.0, "3": 0.0}}}