{"deaths": 41933, "totalAttacks": 200002, "damagingAttacks": 260933.75, "damageDone": {"1": 65965.00554731899, "2": 71039.2367432991, "3": 76113.46793923757, "4": 82358.67556504665}, "bleedDamage": {"1": 0.0, "2": 0.0, "3": 0.0, "4": 0.0}}