{"deaths": 41933, "totalAttacks": 600006, "damagingAttacks": 650418.0, "damageDone": {"1": 67989.98076920891, "2": 67989.98076920891, "3": 67989.98076920891, "4": 67989.98076920891}, "bleedDamage": {"1": 0.0, "2": 0.0, "3": 0.0, "4": 0.0}}