{"deaths": 30768, "totalAttacks": 100001, "damagingAttacks": 186731.375, "damageDone": {"1": 67971.13214990286, "2": 73199.68077686559, "3": 78428.22940373141, "4": 84863.36617531456}, "bleedDamage": {"1": 0.0, "2": 0.0, "3": 0.0, "4": 0.0}}