{"deaths": 30768, "totalAttacks": 100001, "damagingAttacks": 177277.0, "damageDone": {"1": 90008.31213017, "2": 96932.02844799102, "3": 103855.74476566284, "4": 112377.24177202163}, "bleedDamage": {"1": 0.0, "2": 0.0, "3": 0.0, "4": 0.0}}