{"deaths": 41933, "totalAttacks": 200002, "damagingAttacks": 354554.0, "damageDone": {"1": 73741.03766020897, "2": 73741.03766020897, "3": 73741.03766020897, "4": 73741.03766020897}, "bleedDamage": {"1": 0.0, "2": 0.0, "3": 0.0, "4": 0.0}}