{"deaths": 41933, "totalAttacks": 600006, "damagingAttacks": 488862.75, "damageDone": {"1": 27153.60576923096, "2": 27153.60576923096, "3": 27153.60576923096, "4": 27153.60576923096}, "bleedDamage": {"1": 0.0, "2": 0.0, "3": 0.0, "4": 0.0}}