{"deaths": 41933, "totalAttacks": 600006, "damagingAttacks": 664742.25, "damageDone": {"1": 52341.31730768722, "2": 52341.31730768722, "3": 52341.31730768722, "4": 52341.31730768722}, "bleedDamage": {"1": 0.0, "2": 0.0, "3": 0.0, "4": 0.0}}