{"deaths": 30768, "totalAttacks": 131778, "damagingAttacks": 256131.0, "damageDone": {"1": 100868.52662722983, "2": 108627.64406023089, "3": 116386.76149300007, "4": 125936.44448728101}, "bleedDamage": {"1": 0.0, "2": 0.0, "3": 0.0, "4": 0.0}}