{"deaths": 41933, "totalAttacks": 400004, "damagingAttacks": 482569.5, "damageDone": {"1": 24132.01756657023, "2": 24132.01756657023, "3": 24132.01756657023, "4": 24132.01756657023}, "bleedDamage": {"1": 0.0, "2": 0.0, "3": 0.0, "4": 0.0}}