{"deaths": 41933, "totalAttacks": 200002, "damagingAttacks": 354792.5, "damageDone": {"1": 92286.57667650066, "2": 92286.57667650066, "3": 92286.57667650066, "4": 92286.57667650066}, "bleedDamage": {"1": 0.0, "2": 0.0, "3": 0.0, "4": 0.0}}