{"deaths": 41933, "totalAttacks": 790668, "damagingAttacks": 1168843.5, "damageDone": {"1": 72141.23076922154, "2": 72141.23076922154, "3": 72141.23076922154, "4": 72141.23076922154}, "bleedDamage": {"1": 0.0, "2": 0.0, "3": 0.0, "4": 0.0}}