{"deaths": 41933, "totalAttacks": 2063556, "damagingAttacks": 3770483.25, "damageDone": {"1": 655108.2334845486, "2": 655108.2334845486, "3": 655108.2334845486, "4": 655108.2334845486}, "bleedDamage": {"1": 0.0, "2": 0.0, "3": 0.0, "4": 0.0}, "loadoutDamage": {}}