{"deaths": 41933, "totalAttacks": 6190668, "damagingAttacks": 7261278.75, "damageDone": {"1": 573978.2884619106, "2": 573978.2884619106, "3": 573978.2884619106, "4": 573978.2884619106}, "bleedDamage": {"1": 0.0, "2": 0.0, "3": 0.0, "4": 0.0}, "loadoutDamage": {}}