{"deaths": 41933, "totalAttacks": 527112, "damagingAttacks": 779229.0, "damageDone": {"1": 45826.79339251769, "2": 45826.79339251769, "3": 45826.79339251769, "4": 45826.79339251769}, "bleedDamage": {"1": 0.0, "2": 0.0, "3": 0.0, "4": 0.0}}