{"deaths": 41933, "totalAttacks": 400004, "damagingAttacks": 521867.5, "damageDone": {"1": 27306.4441568179, "2": 27306.4441568179, "3": 27306.4441568179, "4": 27306.4441568179}, "bleedDamage": {"1": 0.0, "2": 0.0, "3": 0.0, "4": 0.0}}