{"deaths": 41933, "totalAttacks": 200002, "damagingAttacks": 373462.75, "damageDone": {"1": 38463.637820509386, "2": 38463.637820509386, "3": 38463.637820509386, "4": 38463.637820509386}, "bleedDamage": {"1": 0.0, "2": 0.0, "3": 0.0, "4": 0.0}}