{"deaths": 41933, "totalAttacks": 200002, "damagingAttacks": 179634.5, "damageDone": {"1": 71658.11914442424, "2": 77170.282155596, "3": 82682.44516671238, "4": 89466.64579585555}, "bleedDamage": {"1": 0.0, "2": 0.0, "3": 0.0, "4": 0.0}}