{"deaths": 41933, "totalAttacks": 200002, "damagingAttacks": 382547.0, "damageDone": {"1": 45009.90014791068, "2": 45009.90014791068, "3": 45009.90014791068, "4": 45009.90014791068}, "bleedDamage": {"1": 0.0, "2": 0.0, "3": 0.0, "4": 0.0}}