{"deaths": 41933, "totalAttacks": 4127112, "damagingAttacks": 4840852.5, "damageDone": {"1": 334541.05442574696, "2": 334541.05442574696, "3": 334541.05442574696, "4": 334541.05442574696}, "bleedDamage": {"1": 0.0, "2": 0.0, "3": 0.0, "4": 0.0}, "loadoutDamage": {}}