{"deaths": 41933, "totalAttacks": 600006, "damagingAttacks": 538903.5, "damageDone": {"1": 52564.43509613991, "2": 52564.43509613991, "3": 52564.43509613991, "4": 52564.43509613991}, "bleedDamage": {"1": 0.0, "2": 0.0, "3": 0.0, "4": 0.0}}