{"deaths": 41933, "totalAttacks": 200002, "damagingAttacks": 374416.5, "damageDone": {"1": 73806.21086042722, "2": 73806.21086042722, "3": 73806.21086042722, "4": 73806.21086042722}, "bleedDamage": {"1": 0.0, "2": 0.0, "3": 0.0, "4": 0.0}}