{"deaths": 30768, "totalAttacks": 100001, "damagingAttacks": 187208.25, "damageDone": {"1": 93763.3182938942, "2": 100975.88123965576, "3": 108188.44418531256, "4": 117065.44473379225}, "bleedDamage": {"1": 0.0, "2": 0.0, "3": 0.0, "4": 0.0}}