{"deaths": 41933, "totalAttacks": 400004, "damagingAttacks": 443161.5, "damageDone": {"1": 32347.79166667127, "2": 32347.79166667127, "3": 32347.79166667127, "4": 32347.79166667127}, "bleedDamage": {"1": 0.0, "2": 0.0, "3": 0.0, "4": 0.0}}