{"deaths": 41933, "totalAttacks": 200002, "damagingAttacks": 337906.75, "damageDone": {"1": 43881.73323470744, "2": 43881.73323470744, "3": 43881.73323470744, "4": 43881.73323470744}, "bleedDamage": {"1": 0.0, "2": 0.0, "3": 0.0, "4": 0.0}}