{"deaths": 41933, "totalAttacks": 200002, "damagingAttacks": 253241.5, "damageDone": {"1": 105158.07168392005, "2": 113247.15412115431, "3": 121336.23655835593, "4": 131292.03032735924}, "bleedDamage": {"1": 0.0, "2": 0.0, "3": 0.0, "4": 0.0}}