{"deaths": 41933, "totalAttacks": 600006, "damagingAttacks": 701790.75, "damageDone": {"1": 101580.0360576534, "2": 101580.0360576534, "3": 101580.0360576534, "4": 101580.0360576534}, "bleedDamage": {"1": 0.0, "2": 0.0, "3": 0.0, "4": 0.0}}