{"deaths": 41933, "totalAttacks": 400004, "damagingAttacks": 520920.0, "damageDone": {"1": 31268.20586782513, "2": 31268.20586782513, "3": 31268.20586782513, "4": 31268.20586782513}, "bleedDamage": {"1": 0.0, "2": 0.0, "3": 0.0, "4": 0.0}}