{"deaths": 41933, "totalAttacks": 263556, "damagingAttacks": 512262.0, "damageDone": {"1": 66017.29783034003, "2": 66017.29783034003, "3": 66017.29783034003, "4": 66017.29783034003}, "bleedDamage": {"1": 0.0, "2": 0.0, "3": 0.0, "4": 0.0}}