{"deaths": 30768, "totalAttacks": 100001, "damagingAttacks": 191273.5, "damageDone": {"1": 75914.74358978393, "2": 81754.3392505699, "3": 87593.93491122147, "4": 94781.12957057578}, "bleedDamage": {"1": 0.0, "2": 0.0, "3": 0.0, "4": 0.0}}