{"deaths": {"1": 3500, "2": 7561, "3": 12085}, "totalAttacks": {"1": 18392.0, "2": 6384.0, "3": 8684.0}, "damagingAttacks": {"1": 17676.0, "2": 5847.0, "3": 6829.9375}, "damageDone": {"1": {"1": 20840.47041420124, "2": 4582.222879684347, "3": 5399.250986193351}, "2": {"1": 22443.58352298566, "2": 4934.701562737055, "3": 5814.577985131306}, "3": {"1": 24046.69663177186, "2": 5287.180245789567, "3": 6229.9049840691005}, "4": {"1": 26019.758919506134, "2": 5721.000163393075, "3": 6741.076675070049}}, "bleedDamage": {"1": {"1": 0.0, "2": 0.0, "3": 0.0}, "2": {"1": 0.0, "2": 0.0, "3": 0.0}, "3": {"1": 0.0, "2": 0.0, "3": 0.0}, "4": {"1": 0.0, "2": 0.0, "3": 0.0}}}