{"deaths": 41933, "totalAttacks": 200002, "damagingAttacks": 221580.75, "damageDone": {"1": 78143.54166663681, "2": 84154.58333335808, "3": 90165.62499996502, "4": 97563.83012826538}, "bleedDamage": {"1": 0.0, "2": 0.0, "3": 0.0, "4": 0.0}}