{"deaths": 41933, "totalAttacks": 600006, "damagingAttacks": 723854.25, "damageDone": {"1": 36437.56009615434, "2": 36437.56009615434, "3": 36437.56009615434, "4": 36437.56009615434}, "bleedDamage": {"1": 0.0, "2": 0.0, "3": 0.0, "4": 0.0}}