{"deaths": 41933, "totalAttacks": 400004, "damagingAttacks": 325908.5, "damageDone": {"1": 16451.521634613066, "2": 16451.521634613066, "3": 16451.521634613066, "4": 16451.521634613066}, "bleedDamage": {"1": 0.0, "2": 0.0, "3": 0.0, "4": 0.0}}