{"deaths": {"1": 5301, "2": 10890, "3": 16773}, "totalAttacks": {"1": 73568.0, "2": 25536.0, "3": 34736.0}, "damagingAttacks": {"1": 45446.0, "2": 16062.0, "3": 13034.25}, "damageDone": {"1": {"1": 9682.096277120214, "2": 1673.1056459565875, "3": 1532.3480645956924}, "2": {"1": 9682.096277120214, "2": 1673.1056459565875, "3": 1532.3480645956924}, "3": {"1": 9682.096277120214, "2": 1673.1056459565875, "3": 1532.3480645956924}, "4": {"1": 9682.096277120214, "2": 1673.1056459565875, "3": 1532.3480645956924}}, "bleedDamage": {"1": {"1": 0.0, "2": 0.0, "3": 0.0}, "2": {"1": 0.0, "2": 0.0, "3": 0.0}, "3": {"1": 0.0, "2": 0.0, "3": 0.0}, "4": {"1": 0.0, "2": 0.0, "3": 0.0}}}