{"deaths": 41933, "totalAttacks": 200002, "damagingAttacks": 351590.75, "damageDone": {"1": 53192.317246044506, "2": 53192.317246044506, "3": 53192.317246044506, "4": 53192.317246044506}, "bleedDamage": {"1": 0.0, "2": 0.0, "3": 0.0, "4": 0.0}}