{"deaths": 41933, "totalAttacks": 200002, "damagingAttacks": 216806.0, "damageDone": {"1": 84496.37820508516, "2": 90996.09960553967, "3": 97495.82100589664, "4": 105495.47811419144}, "bleedDamage": {"1": 0.0, "2": 0.0, "3": 0.0, "4": 0.0}}