{"deaths": {"1": 5301, "2": 10890, "3": 16773}, "totalAttacks": {"1": 36784.0, "2": 12768.0, "3": 17368.0}, "damagingAttacks": {"1": 35352.0, "2": 11694.0, "3": 13659.875}, "damageDone": {"1": {"1": 17692.814349112912, "2": 3296.5076429980777, "3": 4009.278229783052}, "2": {"1": 17692.814349112912, "2": 3296.5076429980777, "3": 4009.278229783052}, "3": {"1": 17692.814349112912, "2": 3296.5076429980777, "3": 4009.278229783052}, "4": {"1": 17692.814349112912, "2": 3296.5076429980777, "3": 4009.278229783052}}, "bleedDamage": {"1": {"1": 0.0, "2": 0.0, "3": 0.0}, "2": {"1": 0.0, "2": 0.0, "3": 0.0}, "3": {"1": 0.0, "2": 0.0, "3": 0.0}, "4": {"1": 0.0, "2": 0.0, "3": 0.0}}}