{"deaths": 41933, "totalAttacks": 600006, "damagingAttacks": 782801.25, "damageDone": {"1": 39896.56730769535, "2": 39896.56730769535, "3": 39896.56730769535, "4": 39896.56730769535}, "bleedDamage": {"1": 0.0, "2": 0.0, "3": 0.0, "4": 0.0}}