{"deaths": 100540, "totalAttacks": 131778, "damagingAttacks": 256131.0, "damageDone": {"1": 332490.3772189496, "2": 332490.3772189496, "3": 332490.3772189496, "4": 332490.3772189496}, "bleedDamage": {"1": 0.0, "2": 0.0, "3": 0.0, "4": 0.0}}