{"deaths": 100540, "totalAttacks": 100001, "damagingAttacks": 181692.125, "damageDone": {"1": 316510.527921703, "2": 316510.527921703, "3": 316510.527921703, "4": 316510.527921703}, "bleedDamage": {"1": 0.0, "2": 0.0, "3": 0.0, "4": 0.0}}