{"deaths": 100540, "totalAttacks": 100001, "damagingAttacks": 177277.0, "damageDone": {"1": 278096.3332101731, "2": 278096.3332101731, "3": 278096.3332101731, "4": 278096.3332101731}, "bleedDamage": {"1": 0.0, "2": 0.0, "3": 0.0, "4": 0.0}}