{"deaths": 100540, "totalAttacks": 100001, "damagingAttacks": 177396.25, "damageDone": {"1": 285126.224112501, "2": 285126.224112501, "3": 285126.224112501, "4": 285126.224112501}, "bleedDamage": {"1": 0.0, "2": 0.0, "3": 0.0, "4": 0.0}}