{"deaths": 100540, "totalAttacks": 100001, "damagingAttacks": 182799.375, "damageDone": {"1": 271170.96061396337, "2": 271170.96061396337, "3": 271170.96061396337, "4": 271170.96061396337}, "bleedDamage": {"1": 0.0, "2": 0.0, "3": 0.0, "4": 0.0}}