{"deaths": 100540, "totalAttacks": 100001, "damagingAttacks": 168953.375, "damageDone": {"1": 209897.20784024452, "2": 209897.20784024452, "3": 209897.20784024452, "4": 209897.20784024452}, "bleedDamage": {"1": 0.0, "2": 0.0, "3": 0.0, "4": 0.0}}