{"deaths": 100540, "totalAttacks": 100001, "damagingAttacks": 187208.25, "damageDone": {"1": 290700.99482261005, "2": 290700.99482261005, "3": 290700.99482261005, "4": 290700.99482261005}, "bleedDamage": {"1": 0.0, "2": 0.0, "3": 0.0, "4": 0.0}}