{"deaths": 100540, "totalAttacks": 100001, "damagingAttacks": 191273.5, "damageDone": {"1": 250846.78254445133, "2": 250846.78254445133, "3": 250846.78254445133, "4": 250846.78254445133}, "bleedDamage": {"1": 0.0, "2": 0.0, "3": 0.0, "4": 0.0}}