{"deaths": {"1": 11256, "2": 24465, "3": 39922}, "totalAttacks": {"1": 18392.0, "2": 6384.0, "3": 8684.0}, "damagingAttacks": {"1": 17676.0, "2": 5847.0, "3": 6829.9375}, "damageDone": {"1": {"1": 63212.588017754715, "2": 15316.403353056945, "3": 17751.089188855807}, "2": {"1": 63212.588017754715, "2": 15316.403353056945, "3": 17751.089188855807}, "3": {"1": 63212.588017754715, "2": 15316.403353056945, "3": 17751.089188855807}, "4": {"1": 63212.588017754715, "2": 15316.403353056945, "3": 17751.089188855807}}, "bleedDamage": {"1": {"1": 0.0, "2": 0.0, "3": 0.0}, "2": {"1": 0.0, "2": 0.0, "3": 0.0}, "3": {"1": 0.0, "2": 0.0, "3": 0.0}, "4": {"1": 0.0, "2": 0.0, "3": 0.0}}}