{"deaths": 100540, "totalAttacks": 1031778, "damagingAttacks": 1885241.625, "damageDone": {"1": 2696677.835611862, "2": 2696677.835611862, "3": 2696677.835611862, "4": 2696677.835611862}, "bleedDamage": {"1": 0.0, "2": 0.0, "3": 0.0, "4": 0.0}, "loadoutDamage": {}}