{"deaths": 100540, "totalAttacks": 100001, "damagingAttacks": 175795.375, "damageDone": {"1": 232471.74833575886, "2": 232471.74833575886, "3": 232471.74833575886, "4": 232471.74833575886}, "bleedDamage": {"1": 0.0, "2": 0.0, "3": 0.0, "4": 0.0}}