{"deaths": 100540, "totalAttacks": 100001, "damagingAttacks": 186731.375, "damageDone": {"1": 229385.2292900133, "2": 229385.2292900133, "3": 229385.2292900133, "4": 229385.2292900133}, "bleedDamage": {"1": 0.0, "2": 0.0, "3": 0.0, "4": 0.0}}