{"deaths": 90742, "totalAttacks": 100001, "damagingAttacks": 110790.375, "damageDone": {"1": 48363.14151874499, "2": 48363.14151874499, "3": 48363.14151874499, "4": 48363.14151874499}, "bleedDamage": {"1": 0.0, "2": 0.0, "3": 0.0, "4": 0.0}}