{"deaths": 90742, "totalAttacks": 1031778, "damagingAttacks": 1210213.125, "damageDone": {"1": 500561.2490145534, "2": 500561.2490145534, "3": 500561.2490145534, "4": 500561.2490145534}, "bleedDamage": {"1": 0.0, "2": 0.0, "3": 0.0, "4": 0.0}, "loadoutDamage": {}}