{"deaths": 90742, "totalAttacks": 100001, "damagingAttacks": 130230.0, "damageDone": {"1": 49709.70562130989, "2": 49709.70562130989, "3": 49709.70562130989, "4": 49709.70562130989}, "bleedDamage": {"1": 0.0, "2": 0.0, "3": 0.0, "4": 0.0}}