{"deaths": 40011, "totalAttacks": 263556, "damagingAttacks": 389614.5, "damageDone": {"1": 130352.89768237011, "2": 140380.0436580324, "3": 150407.18963355987, "4": 162748.2923726602}, "bleedDamage": {"1": 0.0, "2": 0.0, "3": 0.0, "4": 0.0}}