{"deaths": 90742, "totalAttacks": 131778, "damagingAttacks": 194807.25, "damageDone": {"1": 72094.11341228166, "2": 72094.11341228166, "3": 72094.11341228166, "4": 72094.11341228166}, "bleedDamage": {"1": 0.0, "2": 0.0, "3": 0.0, "4": 0.0}}