{"deaths": 90742, "totalAttacks": 100001, "damagingAttacks": 81477.125, "damageDone": {"1": 26809.712031565494, "2": 26809.712031565494, "3": 26809.712031565494, "4": 26809.712031565494}, "bleedDamage": {"1": 0.0, "2": 0.0, "3": 0.0, "4": 0.0}}