{"deaths": 90742, "totalAttacks": 100001, "damagingAttacks": 108403.0, "damageDone": {"1": 50028.02120316743, "2": 50028.02120316743, "3": 50028.02120316743, "4": 50028.02120316743}, "bleedDamage": {"1": 0.0, "2": 0.0, "3": 0.0, "4": 0.0}}