{"deaths": 90742, "totalAttacks": 100001, "damagingAttacks": 116965.125, "damageDone": {"1": 65133.3725345119, "2": 65133.3725345119, "3": 65133.3725345119, "4": 65133.3725345119}, "bleedDamage": {"1": 0.0, "2": 0.0, "3": 0.0, "4": 0.0}}