{"deaths": 40011, "totalAttacks": 200002, "damagingAttacks": 233930.25, "damageDone": {"1": 105813.02927754792, "2": 113952.49306821973, "3": 122091.95685880032, "4": 132109.7584471358}, "bleedDamage": {"1": 0.0, "2": 0.0, "3": 0.0, "4": 0.0}}