{"deaths": 90742, "totalAttacks": 100001, "damagingAttacks": 126620.75, "damageDone": {"1": 61701.66148915326, "2": 61701.66148915326, "3": 61701.66148915326, "4": 61701.66148915326}, "bleedDamage": {"1": 0.0, "2": 0.0, "3": 0.0, "4": 0.0}}