{"deaths": 90742, "totalAttacks": 100001, "damagingAttacks": 130466.875, "damageDone": {"1": 44861.5951676543, "2": 44861.5951676543, "3": 44861.5951676543, "4": 44861.5951676543}, "bleedDamage": {"1": 0.0, "2": 0.0, "3": 0.0, "4": 0.0}}