{"deaths": 90742, "totalAttacks": 100001, "damagingAttacks": 89817.25, "damageDone": {"1": 42346.54980275463, "2": 42346.54980275463, "3": 42346.54980275463, "4": 42346.54980275463}, "bleedDamage": {"1": 0.0, "2": 0.0, "3": 0.0, "4": 0.0}}