{"deaths": 40011, "totalAttacks": 200002, "damagingAttacks": 162954.25, "damageDone": {"1": 50236.166296819916, "2": 54100.48678123007, "3": 57964.8072655815, "4": 62720.894015574835}, "bleedDamage": {"1": 0.0, "2": 0.0, "3": 0.0, "4": 0.0}}