{"deaths": 40011, "totalAttacks": 200002, "damagingAttacks": 241284.75, "damageDone": {"1": 74041.77373026991, "2": 79737.2947864702, "3": 85432.81584259044, "4": 92442.68791174801}, "bleedDamage": {"1": 0.0, "2": 0.0, "3": 0.0, "4": 0.0}}