{"deaths": 40011, "totalAttacks": 1031778, "damagingAttacks": 1210213.125, "damageDone": {"1": 749458.583577814, "2": 807109.2438465431, "3": 864759.9041301365, "4": 935714.5629322937}, "bleedDamage": {"1": 0.0, "2": 0.0, "3": 0.0, "4": 0.0}, "loadoutDamage": {}}