{"deaths": 40011, "totalAttacks": 200002, "damagingAttacks": 260933.75, "damageDone": {"1": 82887.20747038061, "2": 89263.14650658422, "3": 95639.08554277169, "4": 103486.3951257286}, "bleedDamage": {"1": 0.0, "2": 0.0, "3": 0.0, "4": 0.0}}