{"deaths": 90742, "totalAttacks": 100001, "damagingAttacks": 120642.375, "damageDone": {"1": 39515.81213019338, "2": 39515.81213019338, "3": 39515.81213019338, "4": 39515.81213019338}, "bleedDamage": {"1": 0.0, "2": 0.0, "3": 0.0, "4": 0.0}}