{"deaths": {"1": 9910, "2": 22118, "3": 36254}, "totalAttacks": {"1": 18392.0, "2": 6384.0, "3": 8684.0}, "damagingAttacks": {"1": 11361.5, "2": 4015.5, "3": 3258.5625}, "damageDone": {"1": {"1": 18686.274963014595, "2": 3859.8754930966993, "3": 3368.744144477251}, "2": {"1": 18686.274963014595, "2": 3859.8754930966993, "3": 3368.744144477251}, "3": {"1": 18686.274963014595, "2": 3859.8754930966993, "3": 3368.744144477251}, "4": {"1": 18686.274963014595, "2": 3859.8754930966993, "3": 3368.744144477251}}, "bleedDamage": {"1": {"1": 0.0, "2": 0.0, "3": 0.0}, "2": {"1": 0.0, "2": 0.0, "3": 0.0}, "3": {"1": 0.0, "2": 0.0, "3": 0.0}, "4": {"1": 0.0, "2": 0.0, "3": 0.0}}}