{"deaths": 40011, "totalAttacks": 200002, "damagingAttacks": 221580.75, "damageDone": {"1": 84003.02631901747, "2": 90464.79757433153, "3": 96926.56882963772, "4": 104879.51806692641}, "bleedDamage": {"1": 0.0, "2": 0.0, "3": 0.0, "4": 0.0}}