{"deaths": {"1": 3864, "2": 9080, "3": 16428}, "totalAttacks": {"1": 36784.0, "2": 12768.0, "3": 17368.0}, "damagingAttacks": {"1": 22723.0, "2": 8031.0, "3": 6517.125}, "damageDone": {"1": {"1": 36609.87080867848, "2": 8666.473372780913, "3": 7260.613905325661}, "2": {"1": 39426.014717034566, "2": 9333.125170687497, "3": 7819.122667273556}, "3": {"1": 42242.158625399905, "2": 9999.776968593811, "3": 8377.631429221634}, "4": {"1": 45708.18189722669, "2": 10820.271489093646, "3": 9065.026828542337}}, "bleedDamage": {"1": {"1": 0.0, "2": 0.0, "3": 0.0}, "2": {"1": 0.0, "2": 0.0, "3": 0.0}, "3": {"1": 0.0, "2": 0.0, "3": 0.0}, "4": {"1": 0.0, "2": 0.0, "3": 0.0}}}