{"deaths": 90742, "totalAttacks": 100001, "damagingAttacks": 116965.125, "damageDone": {"1": 48779.989583328366, "2": 52532.29647436661, "3": 56284.60336540104, "4": 60902.82723125832}, "bleedDamage": {"1": 0.0, "2": 0.0, "3": 0.0, "4": 0.0}}