{"deaths": 90742, "totalAttacks": 100001, "damagingAttacks": 110790.375, "damageDone": {"1": 37100.94791666411, "2": 39954.86698717842, "3": 42808.78605770127, "4": 46321.301836769155}, "bleedDamage": {"1": 0.0, "2": 0.0, "3": 0.0, "4": 0.0}}