{"deaths": {"1": 9910, "2": 22118, "3": 36254}, "totalAttacks": {"1": 18392.0, "2": 6384.0, "3": 8684.0}, "damagingAttacks": {"1": 11361.5, "2": 4015.5, "3": 3258.5625}, "damageDone": {"1": {"1": 10225.70833333306, "2": 2334.7083333333535, "3": 1457.2291666666683}, "2": {"1": 11012.301282051894, "2": 2514.30128205132, "3": 1569.3237179487178}, "3": {"1": 11798.894230768527, "2": 2693.894230769285, "3": 1681.4182692307788}, "4": {"1": 12767.008629191761, "2": 2914.9317061144307, "3": 1819.3807938856273}}, "bleedDamage": {"1": {"1": 0.0, "2": 0.0, "3": 0.0}, "2": {"1": 0.0, "2": 0.0, "3": 0.0}, "3": {"1": 0.0, "2": 0.0, "3": 0.0}, "4": {"1": 0.0, "2": 0.0, "3": 0.0}}}