{"deaths": 90742, "totalAttacks": 100001, "damagingAttacks": 130230.0, "damageDone": {"1": 37249.645833328024, "2": 40115.00320513931, "3": 42980.360576937965, "4": 46506.95426527633}, "bleedDamage": {"1": 0.0, "2": 0.0, "3": 0.0, "4": 0.0}}