{"deaths": 90742, "totalAttacks": 131778, "damagingAttacks": 194807.25, "damageDone": {"1": 45728.72916666691, "2": 49246.32371793921, "3": 52763.91826924065, "4": 57093.26540926231}, "bleedDamage": {"1": 0.0, "2": 0.0, "3": 0.0, "4": 0.0}}