{"deaths": 90742, "totalAttacks": 100001, "damagingAttacks": 120642.375, "damageDone": {"1": 15425.333333332503, "2": 16611.89743589614, "3": 17798.461538454587, "4": 19258.84812622674}, "bleedDamage": {"1": 0.0, "2": 0.0, "3": 0.0, "4": 0.0}}