{"deaths": 90742, "totalAttacks": 1031778, "damagingAttacks": 1210213.125, "damageDone": {"1": 346206.04166672967, "2": 372837.27564150497, "3": 399468.5096149461, "4": 432245.4129694023}, "bleedDamage": {"1": 0.0, "2": 0.0, "3": 0.0, "4": 0.0}, "loadoutDamage": {}}