{"deaths": 90742, "totalAttacks": 100001, "damagingAttacks": 130466.875, "damageDone": {"1": 50271.729166660836, "2": 54138.78525642515, "3": 58005.84134617916, "4": 62765.2949950822}, "bleedDamage": {"1": 0.0, "2": 0.0, "3": 0.0, "4": 0.0}}