{"deaths": 90742, "totalAttacks": 100001, "damagingAttacks": 89817.25, "damageDone": {"1": 26547.92708333494, "2": 28590.075320506447, "3": 30632.22355768758, "4": 33145.63677267739}, "bleedDamage": {"1": 0.0, "2": 0.0, "3": 0.0, "4": 0.0}}