{"deaths": 90742, "totalAttacks": 100001, "damagingAttacks": 108403.0, "damageDone": {"1": 47568.10416666719, "2": 51227.189102551, "3": 54886.27403844266, "4": 59389.76319034339}, "bleedDamage": {"1": 0.0, "2": 0.0, "3": 0.0, "4": 0.0}}