{"deaths": 90742, "totalAttacks": 100001, "damagingAttacks": 81477.125, "damageDone": {"1": 17756.30208333317, "2": 19122.171474362876, "3": 20488.040865385632, "4": 22169.11088510976}, "bleedDamage": {"1": 0.0, "2": 0.0, "3": 0.0, "4": 0.0}}