{"deaths": 90742, "totalAttacks": 100001, "damagingAttacks": 126620.75, "damageDone": {"1": 19780.249999995132, "2": 21301.807692302853, "3": 22823.365384628094, "4": 24696.05177514721}, "bleedDamage": {"1": 0.0, "2": 0.0, "3": 0.0, "4": 0.0}}