{"deaths": 21170, "totalAttacks": 100001, "damagingAttacks": 186731.375, "damageDone": {"1": 147568.90532549281, "2": 147568.90532549281, "3": 147568.90532549281, "4": 147568.90532549281}, "bleedDamage": {"1": 0.0, "2": 0.0, "3": 0.0, "4": 0.0}}