{"deaths": 4077, "totalAttacks": 100001, "damagingAttacks": 198554.125, "damageDone": {"1": 213084.77339170533, "2": 229475.90980664614, "3": 245867.04622122282, "4": 266040.75257769774}, "bleedDamage": {"1": 0.0, "2": 0.0, "3": 0.0, "4": 0.0}}