{"deaths": 16348, "totalAttacks": 100001, "damagingAttacks": 110790.375, "damageDone": {"1": 74260.98958333973, "2": 129956.73177083918, "3": 227424.28059896416, "4": 366663.6360677286}, "bleedDamage": {"1": 0.0, "2": 0.0, "3": 0.0, "4": 0.0}}