{"deaths": 21170, "totalAttacks": 300003, "damagingAttacks": 332371.125, "damageDone": {"1": 82868.50000004984, "2": 89243.00000004035, "3": 95617.50000001659, "4": 103463.03846152352}, "bleedDamage": {"1": 0.0, "2": 0.0, "3": 0.0, "4": 0.0}}