{"deaths": 4135, "totalAttacks": 100001, "damagingAttacks": 186731.375, "damageDone": {"1": 74193.49999996895, "2": 84792.57142862682, "3": 96905.79591834004, "4": 110533.17346943557}, "bleedDamage": {"1": 0.0, "2": 0.0, "3": 0.0, "4": 0.0}}