{"deaths": 21170, "totalAttacks": 300003, "damagingAttacks": 390690.0, "damageDone": {"1": 80102.81952664316, "2": 86264.57487488713, "3": 92426.33022304825, "4": 100010.02911304776}, "bleedDamage": {"1": 0.0, "2": 0.0, "3": 0.0, "4": 0.0}}