{"deaths": 4135, "totalAttacks": 100001, "damagingAttacks": 175795.375, "damageDone": {"1": 75191.81907892902, "2": 91304.35173867122, "3": 110869.56996847216, "4": 133887.47376819784}, "bleedDamage": {"1": 0.0, "2": 0.0, "3": 0.0, "4": 0.0}}