{"deaths": 5624, "totalAttacks": 100001, "damagingAttacks": 130466.875, "damageDone": {"1": 215282.99999998987, "2": 231843.23076921853, "3": 248403.46153841552, "4": 268785.2840235313}, "bleedDamage": {"1": 0.0, "2": 0.0, "3": 0.0, "4": 0.0}}