{"deaths": 21170, "totalAttacks": 200002, "damagingAttacks": 382547.0, "damageDone": {"1": 240729.64743597424, "2": 240729.64743597424, "3": 240729.64743597424, "4": 240729.64743597424}, "bleedDamage": {"1": 0.0, "2": 0.0, "3": 0.0, "4": 0.0}}