{"deaths": 16348, "totalAttacks": 100001, "damagingAttacks": 120642.375, "damageDone": {"1": 43208.58333332315, "2": 75615.02083334498, "3": 132326.28645830846, "4": 213342.38020837982}, "bleedDamage": {"1": 0.0, "2": 0.0, "3": 0.0, "4": 0.0}}