{"deaths": 4077, "totalAttacks": 100001, "damagingAttacks": 198744.625, "damageDone": {"1": 176517.49999996304, "2": 190095.76923078462, "3": 203674.03846144557, "4": 220385.75443770533}, "bleedDamage": {"1": 0.0, "2": 0.0, "3": 0.0, "4": 0.0}}