{"deaths": 5624, "totalAttacks": 1031778, "damagingAttacks": 1210213.125, "damageDone": {"1": 1805308.3645834194, "2": 1944178.2387826515, "3": 2083048.1129869989, "4": 2253964.8812287035}, "bleedDamage": {"1": 0.0, "2": 0.0, "3": 0.0, "4": 0.0}, "loadoutDamage": {}}