{"deaths": 21170, "totalAttacks": 100001, "damagingAttacks": 181692.125, "damageDone": {"1": 230847.76349852848, "2": 230847.76349852848, "3": 230847.76349852848, "4": 230847.76349852848}, "bleedDamage": {"1": 0.0, "2": 0.0, "3": 0.0, "4": 0.0}}