{"deaths": 21170, "totalAttacks": 200002, "damagingAttacks": 351590.75, "damageDone": {"1": 226285.3932445588, "2": 226285.3932445588, "3": 226285.3932445588, "4": 226285.3932445588}, "bleedDamage": {"1": 0.0, "2": 0.0, "3": 0.0, "4": 0.0}}