{"deaths": 3474, "totalAttacks": 1031778, "damagingAttacks": 1210213.125, "damageDone": {"1": 915500.1791175993, "2": 1438643.138616198, "3": 2260724.9320959323, "4": 3381745.5596069237}, "bleedDamage": {"1": 0.0, "2": 0.0, "3": 0.0, "4": 0.0}, "loadoutDamage": {}}