{"deaths": 4135, "totalAttacks": 131778, "damagingAttacks": 256131.0, "damageDone": {"1": 107542.34210530171, "2": 122905.53383458084, "3": 140463.46723953736, "4": 160216.14232018296}, "bleedDamage": {"1": 0.0, "2": 0.0, "3": 0.0, "4": 0.0}}