{"deaths": 21170, "totalAttacks": 100001, "damagingAttacks": 130230.0, "damageDone": {"1": 138870.24999999045, "2": 190946.59375000998, "3": 262551.5664062356, "4": 353685.16796873754}, "bleedDamage": {"1": 0.0, "2": 0.0, "3": 0.0, "4": 0.0}}