{"deaths": 5624, "totalAttacks": 100001, "damagingAttacks": 198744.625, "damageDone": {"1": 313202.8333333913, "2": 337295.3589743564, "3": 361387.88461534964, "4": 391040.22386597755}, "bleedDamage": {"1": 0.0, "2": 0.0, "3": 0.0, "4": 0.0}}