{"deaths": 3474, "totalAttacks": 100001, "damagingAttacks": 81477.125, "damageDone": {"1": 30123.874999997355, "2": 38730.69642854294, "3": 49796.60969386073, "4": 63321.614795924535}, "bleedDamage": {"1": 0.0, "2": 0.0, "3": 0.0, "4": 0.0}}