{"deaths": 4077, "totalAttacks": 100001, "damagingAttacks": 197138.125, "damageDone": {"1": 194987.9459064142, "2": 209987.01866842865, "3": 224986.09143033787, "4": 243446.4886758355}, "bleedDamage": {"1": 0.0, "2": 0.0, "3": 0.0, "4": 0.0}}