{"deaths": 3474, "totalAttacks": 100001, "damagingAttacks": 89817.25, "damageDone": {"1": 43119.986842093764, "2": 55439.98308267895, "3": 71279.97824916674, "4": 90639.97234156363}, "bleedDamage": {"1": 0.0, "2": 0.0, "3": 0.0, "4": 0.0}}