{"deaths": 3474, "totalAttacks": 100001, "damagingAttacks": 126620.75, "damageDone": {"1": 62252.032894759686, "2": 80038.32800746759, "3": 102906.421723882, "4": 130856.31404407178}, "bleedDamage": {"1": 0.0, "2": 0.0, "3": 0.0, "4": 0.0}}