{"deaths": 16348, "totalAttacks": 100001, "damagingAttacks": 126620.75, "damageDone": {"1": 58413.666666680794, "2": 102223.91666663701, "3": 178891.85416671456, "4": 288417.47916664626}, "bleedDamage": {"1": 0.0, "2": 0.0, "3": 0.0, "4": 0.0}}