{"deaths": {"1": 2013, "2": 4621, "3": 8204}, "totalAttacks": {"1": 36784.0, "2": 12768.0, "3": 17368.0}, "damagingAttacks": {"1": 35352.0, "2": 11694.0, "3": 13659.875}, "damageDone": {"1": {"1": 38116.123520705834, "2": 8380.644477317512, "3": 9874.945882642593}, "2": {"1": 71467.73160133045, "2": 15713.70839497031, "3": 18515.523529955342}, "3": {"1": 134001.99675248188, "2": 29463.203240569022, "3": 34716.60661866723}, "4": {"1": 225718.91897422998, "2": 49629.12901411512, "3": 58478.195148774816}}, "bleedDamage": {"1": {"1": 0.0, "2": 0.0, "3": 0.0}, "2": {"1": 0.0, "2": 0.0, "3": 0.0}, "3": {"1": 0.0, "2": 0.0, "3": 0.0}, "4": {"1": 0.0, "2": 0.0, "3": 0.0}}}