{"deaths": 5624, "totalAttacks": 1031778, "damagingAttacks": 1210213.125, "damageDone": {"1": 811854.6491596793, "2": 1053478.0566399812, "3": 1367013.192532667, "4": 1752460.0568433676}, "bleedDamage": {"1": 0.0, "2": 0.0, "3": 0.0, "4": 0.0}, "loadoutDamage": {}}