{"deaths": 16348, "totalAttacks": 100001, "damagingAttacks": 116965.125, "damageDone": {"1": 94406.20833334733, "2": 165210.86458330954, "3": 289119.01302082563, "4": 466130.6536459376}, "bleedDamage": {"1": 0.0, "2": 0.0, "3": 0.0, "4": 0.0}}