{"deaths": 21170, "totalAttacks": 200002, "damagingAttacks": 382547.0, "damageDone": {"1": 138844.07051286357, "2": 260332.6322116533, "3": 488123.68539681734, "4": 822217.2300675443}, "bleedDamage": {"1": 0.0, "2": 0.0, "3": 0.0, "4": 0.0}}