{"deaths": {"1": 225, "2": 437, "3": 1316}, "totalAttacks": {"1": 18392.0, "2": 6384.0, "3": 8684.0}, "damagingAttacks": {"1": 11361.5, "2": 4015.5, "3": 3258.5625}, "damageDone": {"1": {"1": 12854.01973684391, "2": 3042.8684210526358, "3": 2549.259868421102}, "2": {"1": 16526.596804513876, "2": 3912.2593984962264, "3": 3277.6198308271205}, "3": {"1": 21248.48160579929, "2": 5030.047798066704, "3": 4214.0826396348375}, "4": {"1": 27019.674140706025, "2": 6396.233619763753, "3": 5358.6482948442035}}, "bleedDamage": {"1": {"1": 0.0, "2": 0.0, "3": 0.0}, "2": {"1": 0.0, "2": 0.0, "3": 0.0}, "3": {"1": 0.0, "2": 0.0, "3": 0.0}, "4": {"1": 0.0, "2": 0.0, "3": 0.0}}}