{"deaths": {"1": 598, "2": 1147, "3": 2240}, "totalAttacks": {"1": 18392.0, "2": 6384.0, "3": 8684.0}, "damagingAttacks": {"1": 18372.5, "2": 6323.0, "3": 8383.6875}, "damageDone": {"1": {"1": 69450.97916665983, "2": 19920.583333333194, "3": 24212.302083333125}, "2": {"1": 74793.36217947834, "2": 21452.93589743692, "3": 26074.786858975087}, "3": {"1": 80135.7451922944, "2": 22985.288461538083, "3": 27937.271634615852}, "4": {"1": 86710.98582346248, "2": 24871.260848126636, "3": 30229.560589251825}}, "bleedDamage": {"1": {"1": 0.0, "2": 0.0, "3": 0.0}, "2": {"1": 0.0, "2": 0.0, "3": 0.0}, "3": {"1": 0.0, "2": 0.0, "3": 0.0}, "4": {"1": 0.0, "2": 0.0, "3": 0.0}}}