{"deaths": 5624, "totalAttacks": 100001, "damagingAttacks": 168953.375, "damageDone": {"1": 100461.38486842714, "2": 130360.60655430259, "3": 169158.40612240325, "4": 216854.78357291094}, "bleedDamage": {"1": 0.0, "2": 0.0, "3": 0.0, "4": 0.0}}