{"deaths": 21170, "totalAttacks": 100001, "damagingAttacks": 120642.375, "damageDone": {"1": 85647.47916668619, "2": 117765.2838541542, "3": 161927.26529944057, "4": 218133.42350262706}, "bleedDamage": {"1": 0.0, "2": 0.0, "3": 0.0, "4": 0.0}}