{"deaths": 21170, "totalAttacks": 200002, "damagingAttacks": 363384.25, "damageDone": {"1": 127252.62370560532, "2": 174972.3575951359, "3": 240586.99169334854, "4": 324096.5260003154}, "bleedDamage": {"1": 0.0, "2": 0.0, "3": 0.0, "4": 0.0}}