{"deaths": 21170, "totalAttacks": 100001, "damagingAttacks": 199024.75, "damageDone": {"1": 89759.38979291434, "2": 89759.38979291434, "3": 89759.38979291434, "4": 89759.38979291434}, "bleedDamage": {"1": 0.0, "2": 0.0, "3": 0.0, "4": 0.0}}