{"deaths": 5624, "totalAttacks": 131778, "damagingAttacks": 194807.25, "damageDone": {"1": 112501.43274848846, "2": 176787.96574755947, "3": 277809.6604608718, "4": 415566.5168878473}, "bleedDamage": {"1": 0.0, "2": 0.0, "3": 0.0, "4": 0.0}}