{"deaths": 21170, "totalAttacks": 395334, "damagingAttacks": 584421.75, "damageDone": {"1": 117398.9763314615, "2": 126429.66681847094, "3": 135460.3573053909, "4": 146575.05328945766}, "bleedDamage": {"1": 0.0, "2": 0.0, "3": 0.0, "4": 0.0}}