{"deaths": 21170, "totalAttacks": 100001, "damagingAttacks": 130466.875, "damageDone": {"1": 153817.63541665152, "2": 211499.24869790507, "3": 290811.4669596413, "4": 391754.2902018959}, "bleedDamage": {"1": 0.0, "2": 0.0, "3": 0.0, "4": 0.0}}