{"deaths": 21170, "totalAttacks": 263556, "damagingAttacks": 512262.0, "damageDone": {"1": 102697.42209078501, "2": 141208.95537468255, "3": 194162.31364029515, "4": 261557.49688748058}, "bleedDamage": {"1": 0.0, "2": 0.0, "3": 0.0, "4": 0.0}}