{"deaths": 4135, "totalAttacks": 100001, "damagingAttacks": 187208.25, "damageDone": {"1": 94025.77631582618, "2": 107458.0300751852, "3": 122809.17722876782, "4": 140079.2177766162}, "bleedDamage": {"1": 0.0, "2": 0.0, "3": 0.0, "4": 0.0}}