{"deaths": 4077, "totalAttacks": 100001, "damagingAttacks": 199657.5, "damageDone": {"1": 188898.11403501607, "2": 203428.73819155895, "3": 217959.36234794217, "4": 235843.2074637439}, "bleedDamage": {"1": 0.0, "2": 0.0, "3": 0.0, "4": 0.0}}