{"deaths": 5624, "totalAttacks": 1031778, "damagingAttacks": 2046474.375, "damageDone": {"1": 3215237.3437516796, "2": 3462563.293266115, "3": 3709889.242799894, "4": 4014290.4114112053}, "bleedDamage": {"1": 0.0, "2": 0.0, "3": 0.0, "4": 0.0}, "loadoutDamage": {}}