{"deaths": 21170, "totalAttacks": 200002, "damagingAttacks": 337906.75, "damageDone": {"1": 63045.12752713652, "2": 86687.05034972646, "3": 119194.69423096198, "4": 160568.05917060815}, "bleedDamage": {"1": 0.0, "2": 0.0, "3": 0.0, "4": 0.0}}