{"deaths": 4135, "totalAttacks": 100001, "damagingAttacks": 181692.125, "damageDone": {"1": 102373.74013160872, "2": 116998.56015039941, "3": 133712.64017186445, "4": 152515.9801961776}, "bleedDamage": {"1": 0.0, "2": 0.0, "3": 0.0, "4": 0.0}}