{"deaths": 21170, "totalAttacks": 300003, "damagingAttacks": 379862.25, "damageDone": {"1": 111516.4667160529, "2": 120094.65646342574, "3": 128672.8462107512, "4": 139230.61820755294}, "bleedDamage": {"1": 0.0, "2": 0.0, "3": 0.0, "4": 0.0}}