{"deaths": 5624, "totalAttacks": 100001, "damagingAttacks": 116965.125, "damageDone": {"1": 101639.33479528468, "2": 159718.95467827906, "3": 250986.9287802723, "4": 375443.2571013612}, "bleedDamage": {"1": 0.0, "2": 0.0, "3": 0.0, "4": 0.0}}