{"deaths": 16348, "totalAttacks": 100001, "damagingAttacks": 130466.875, "damageDone": {"1": 97128.67708335283, "2": 169975.18489579938, "3": 297456.5735677337, "4": 479572.8430989488}, "bleedDamage": {"1": 0.0, "2": 0.0, "3": 0.0, "4": 0.0}}