{"deaths": 4135, "totalAttacks": 1031778, "damagingAttacks": 1885241.625, "damageDone": {"1": 1242106.1545821445, "2": 1419549.8909568377, "3": 1622342.7325242946, "4": 1850484.679298094}, "bleedDamage": {"1": 0.0, "2": 0.0, "3": 0.0, "4": 0.0}, "loadoutDamage": {}}