{"deaths": 3474, "totalAttacks": 100001, "damagingAttacks": 110790.375, "damageDone": {"1": 50372.00986842718, "2": 64764.01268794057, "3": 83268.01631307516, "4": 105884.02074385225}, "bleedDamage": {"1": 0.0, "2": 0.0, "3": 0.0, "4": 0.0}}