{"deaths": 5624, "totalAttacks": 100001, "damagingAttacks": 108403.0, "damageDone": {"1": 78067.73391816388, "2": 122677.867585593, "3": 192779.50620593817, "4": 288372.6497795679}, "bleedDamage": {"1": 0.0, "2": 0.0, "3": 0.0, "4": 0.0}}