{"deaths": {"1": 1186, "2": 3046, "3": 6114}, "totalAttacks": {"1": 18392.0, "2": 6384.0, "3": 8684.0}, "damagingAttacks": {"1": 11361.5, "2": 4015.5, "3": 3258.5625}, "damageDone": {"1": {"1": 19903.64583333377, "2": 4785.083333333311, "3": 3245.5624999999973}, "2": {"1": 34831.38020833279, "2": 8373.895833333378, "3": 5679.734375000005}, "3": {"1": 60954.91536458198, "2": 14654.317708333318, "3": 9939.535156249964}, "4": {"1": 98274.25130208794, "2": 23626.348958333358, "3": 16024.964843750018}}, "bleedDamage": {"1": {"1": 0.0, "2": 0.0, "3": 0.0}, "2": {"1": 0.0, "2": 0.0, "3": 0.0}, "3": {"1": 0.0, "2": 0.0, "3": 0.0}, "4": {"1": 0.0, "2": 0.0, "3": 0.0}}}