{"deaths": 21170, "totalAttacks": 200002, "damagingAttacks": 337906.75, "damageDone": {"1": 114358.41173568899, "2": 214422.0220044816, "3": 402041.2912583381, "4": 677216.2194969973}, "bleedDamage": {"1": 0.0, "2": 0.0, "3": 0.0, "4": 0.0}}