{"deaths": 4135, "totalAttacks": 131778, "damagingAttacks": 256131.0, "damageDone": {"1": 107542.34210530171, "2": 130587.12969915886, "3": 158570.08606347066, "4": 191491.2111976931}, "bleedDamage": {"1": 0.0, "2": 0.0, "3": 0.0, "4": 0.0}}