{"deaths": 3474, "totalAttacks": 1031778, "damagingAttacks": 1210213.125, "damageDone": {"1": 749458.583577814, "2": 1017122.3634274327, "3": 1380380.3503676057, "4": 1839232.5443949318}, "bleedDamage": {"1": 0.0, "2": 0.0, "3": 0.0, "4": 0.0}, "loadoutDamage": {}}