{"deaths": 3474, "totalAttacks": 100001, "damagingAttacks": 108403.0, "damageDone": {"1": 51007.79605264326, "2": 65581.45206763406, "3": 84319.00980125977, "4": 107220.46925348221}, "bleedDamage": {"1": 0.0, "2": 0.0, "3": 0.0, "4": 0.0}}