{"deaths": 5624, "totalAttacks": 100001, "damagingAttacks": 187208.25, "damageDone": {"1": 164089.00000000192, "2": 248086.94047629795, "3": 375083.82667208347, "4": 545079.6585881065}, "bleedDamage": {"1": 0.0, "2": 0.0, "3": 0.0, "4": 0.0}}