{"deaths": {"1": 2013, "2": 4621, "3": 8204}, "totalAttacks": {"1": 18392.0, "2": 6384.0, "3": 8684.0}, "damagingAttacks": {"1": 17676.0, "2": 5847.0, "3": 6829.9375}, "damageDone": {"1": {"1": 45245.75813609808, "2": 9948.24704142009, "3": 11722.058062130003}, "2": {"1": 45245.75813609808, "2": 9948.24704142009, "3": 11722.058062130003}, "3": {"1": 45245.75813609808, "2": 9948.24704142009, "3": 11722.058062130003}, "4": {"1": 45245.75813609808, "2": 9948.24704142009, "3": 11722.058062130003}}, "bleedDamage": {"1": {"1": 0.0, "2": 0.0, "3": 0.0}, "2": {"1": 0.0, "2": 0.0, "3": 0.0}, "3": {"1": 0.0, "2": 0.0, "3": 0.0}, "4": {"1": 0.0, "2": 0.0, "3": 0.0}}}