{"deaths": 21170, "totalAttacks": 1031778, "damagingAttacks": 1210213.125, "damageDone": {"1": 1243875.1145833079, "2": 1710328.2825525503, "3": 2351701.388508936, "4": 3167994.432452908}, "bleedDamage": {"1": 0.0, "2": 0.0, "3": 0.0, "4": 0.0}, "loadoutDamage": {}}