{"deaths": 7284, "totalAttacks": 2063556, "damagingAttacks": 3770483.25, "damageDone": {"1": 1551659.7930248526, "2": 6136800.401481986, "3": 8682492.249420902, "4": 12416173.626382636}, "bleedDamage": {"1": 0.0, "2": 1031778.0, "3": 1031778.0, "4": 1031778.0}, "loadoutDamage": {}}