{"deaths": 5624, "totalAttacks": 131778, "damagingAttacks": 194807.25, "damageDone": {"1": 277543.4791666109, "2": 298892.9775639831, "3": 320242.4759614193, "4": 346518.78168126795}, "bleedDamage": {"1": 0.0, "2": 0.0, "3": 0.0, "4": 0.0}}