{"deaths": 5624, "totalAttacks": 100001, "damagingAttacks": 116965.125, "damageDone": {"1": 64267.763157909234, "2": 83395.07362075441, "3": 108215.0360069295, "4": 138727.6503163007}, "bleedDamage": {"1": 0.0, "2": 0.0, "3": 0.0, "4": 0.0}}