{"deaths": 21170, "totalAttacks": 263556, "damagingAttacks": 512262.0, "damageDone": {"1": 319859.4068048731, "2": 319859.4068048731, "3": 319859.4068048731, "4": 319859.4068048731}, "bleedDamage": {"1": 0.0, "2": 0.0, "3": 0.0, "4": 0.0}}