{"deaths": 4135, "totalAttacks": 100001, "damagingAttacks": 182799.375, "damageDone": {"1": 87708.884868414, "2": 100238.72556395565, "3": 114558.54350161021, "4": 130668.33868155019}, "bleedDamage": {"1": 0.0, "2": 0.0, "3": 0.0, "4": 0.0}}