{"deaths": 3474, "totalAttacks": 1031778, "damagingAttacks": 1885241.625, "damageDone": {"1": 2047759.260417671, "2": 2779101.8534157495, "3": 3771638.2296230793, "4": 5025368.3890544055}, "bleedDamage": {"1": 0.0, "2": 0.0, "3": 0.0, "4": 0.0}, "loadoutDamage": {}}