{"deaths": 21170, "totalAttacks": 100001, "damagingAttacks": 197585.5, "damageDone": {"1": 188197.97892004502, "2": 188197.97892004502, "3": 188197.97892004502, "4": 188197.97892004502}, "bleedDamage": {"1": 0.0, "2": 0.0, "3": 0.0, "4": 0.0}}