{"deaths": 21170, "totalAttacks": 263556, "damagingAttacks": 512262.0, "damageDone": {"1": 184483.22633144766, "2": 345906.04937137634, "3": 648573.8425712001, "4": 1092486.605930404}, "bleedDamage": {"1": 0.0, "2": 0.0, "3": 0.0, "4": 0.0}}