{"deaths": 4135, "totalAttacks": 1031778, "damagingAttacks": 1885241.625, "damageDone": {"1": 1242106.1545821445, "2": 1596993.6273128667, "3": 2053277.5208426705, "4": 2610957.835152632}, "bleedDamage": {"1": 0.0, "2": 0.0, "3": 0.0, "4": 0.0}, "loadoutDamage": {}}