{"deaths": 21170, "totalAttacks": 2063556, "damagingAttacks": 3770483.25, "damageDone": {"1": 1551659.7930248526, "2": 2909362.1119131004, "3": 5455053.959851494, "4": 9188735.336805131}, "bleedDamage": {"1": 0.0, "2": 0.0, "3": 0.0, "4": 0.0}, "loadoutDamage": {}}