{"deaths": 4135, "totalAttacks": 100001, "damagingAttacks": 177277.0, "damageDone": {"1": 89948.86184210666, "2": 102798.6992481322, "3": 117484.2277121004, "4": 134005.44723420954}, "bleedDamage": {"1": 0.0, "2": 0.0, "3": 0.0, "4": 0.0}}