{"deaths": 21170, "totalAttacks": 100001, "damagingAttacks": 108403.0, "damageDone": {"1": 137230.8333333558, "2": 188692.3958333289, "3": 259452.04427079493, "4": 349509.7786458165}, "bleedDamage": {"1": 0.0, "2": 0.0, "3": 0.0, "4": 0.0}}