{"deaths": 5624, "totalAttacks": 100001, "damagingAttacks": 197585.5, "damageDone": {"1": 379557.18749991833, "2": 408753.8942309815, "3": 437950.60096158093, "4": 473885.0092454288}, "bleedDamage": {"1": 0.0, "2": 0.0, "3": 0.0, "4": 0.0}}