{"deaths": 5624, "totalAttacks": 100001, "damagingAttacks": 168953.375, "damageDone": {"1": 158684.66666662865, "2": 239916.10317465925, "3": 362730.29884733364, "4": 527127.253684874}, "bleedDamage": {"1": 0.0, "2": 0.0, "3": 0.0, "4": 0.0}}