{"deaths": 5624, "totalAttacks": 100001, "damagingAttacks": 81477.125, "damageDone": {"1": 106937.08333331735, "2": 115163.0128204857, "3": 123388.94230770532, "4": 133513.16321496162}, "bleedDamage": {"1": 0.0, "2": 0.0, "3": 0.0, "4": 0.0}}