{"deaths": 4077, "totalAttacks": 100001, "damagingAttacks": 198133.375, "damageDone": {"1": 252556.00146191014, "2": 271983.38618988416, "3": 291410.7709176014, "4": 315321.398274653}, "bleedDamage": {"1": 0.0, "2": 0.0, "3": 0.0, "4": 0.0}}