{"deaths": 21170, "totalAttacks": 300003, "damagingAttacks": 361927.125, "damageDone": {"1": 61821.34837276606, "2": 66576.83670914249, "3": 71332.3250455536, "4": 77185.23376724886}, "bleedDamage": {"1": 0.0, "2": 0.0, "3": 0.0, "4": 0.0}}