{"deaths": 5624, "totalAttacks": 100001, "damagingAttacks": 182799.375, "damageDone": {"1": 214477.45833339638, "2": 324269.49057547224, "3": 490264.5869412787, "4": 712462.7474309982}, "bleedDamage": {"1": 0.0, "2": 0.0, "3": 0.0, "4": 0.0}}