{"deaths": 5624, "totalAttacks": 100001, "damagingAttacks": 130230.0, "damageDone": {"1": 63245.67763157795, "2": 82068.79597354059, "3": 106494.03286943347, "4": 136521.38831927907}, "bleedDamage": {"1": 0.0, "2": 0.0, "3": 0.0, "4": 0.0}}