{"deaths": 5624, "totalAttacks": 100001, "damagingAttacks": 177277.0, "damageDone": {"1": 197775.08333336122, "2": 299017.09027780395, "3": 452085.36268200935, "4": 656979.9005457006}, "bleedDamage": {"1": 0.0, "2": 0.0, "3": 0.0, "4": 0.0}}