{"deaths": 16348, "totalAttacks": 100001, "damagingAttacks": 108403.0, "damageDone": {"1": 88744.06249999863, "2": 155302.10937500666, "3": 271778.6914061996, "4": 438173.8085937902}, "bleedDamage": {"1": 0.0, "2": 0.0, "3": 0.0, "4": 0.0}}