{"deaths": 21170, "totalAttacks": 300003, "damagingAttacks": 350895.375, "damageDone": {"1": 125627.33949712572, "2": 135290.98099692637, "3": 144954.62249651834, "4": 156848.33511164243}, "bleedDamage": {"1": 0.0, "2": 0.0, "3": 0.0, "4": 0.0}}