{"deaths": {"1": 598, "2": 1147, "3": 2240}, "totalAttacks": {"1": 18392.0, "2": 6384.0, "3": 8684.0}, "damagingAttacks": {"1": 11361.5, "2": 4015.5, "3": 3258.5625}, "damageDone": {"1": {"1": 20615.131578948185, "2": 4258.3040935673, "3": 3716.476608187126}, "2": {"1": 32395.206766914383, "2": 6691.620718462945, "3": 5840.177527151435}, "3": {"1": 50906.75349087604, "2": 10515.403986156016, "3": 9177.421828380695}, "4": {"1": 76149.77175080663, "2": 15729.653896645366, "3": 13728.209511874104}}, "bleedDamage": {"1": {"1": 0.0, "2": 0.0, "3": 0.0}, "2": {"1": 0.0, "2": 0.0, "3": 0.0}, "3": {"1": 0.0, "2": 0.0, "3": 0.0}, "4": {"1": 0.0, "2": 0.0, "3": 0.0}}}