{"deaths": 21170, "totalAttacks": 200002, "damagingAttacks": 354792.5, "damageDone": {"1": 297386.75098614057, "2": 297386.75098614057, "3": 297386.75098614057, "4": 297386.75098614057}, "bleedDamage": {"1": 0.0, "2": 0.0, "3": 0.0, "4": 0.0}}