{"deaths": 21170, "totalAttacks": 100001, "damagingAttacks": 110790.375, "damageDone": {"1": 120322.29166666948, "2": 165443.15104164853, "3": 227484.3326822945, "4": 306445.8365885872}, "bleedDamage": {"1": 0.0, "2": 0.0, "3": 0.0, "4": 0.0}}