{"deaths": 3474, "totalAttacks": 263556, "damagingAttacks": 512262.0, "damageDone": {"1": 346525.3245610832, "2": 420780.75125278794, "3": 510948.0550933159, "4": 617027.2360809556}, "bleedDamage": {"1": 0.0, "2": 0.0, "3": 0.0, "4": 0.0}}