{"deaths": 5624, "totalAttacks": 100001, "damagingAttacks": 186731.375, "damageDone": {"1": 209336.19791654075, "2": 316496.3944693054, "3": 478512.4059238095, "4": 695384.2322803998}, "bleedDamage": {"1": 0.0, "2": 0.0, "3": 0.0, "4": 0.0}}