{"deaths": 5624, "totalAttacks": 100001, "damagingAttacks": 199024.75, "damageDone": {"1": 265957.4166665877, "2": 286415.67948716215, "3": 306873.9423076877, "4": 332053.3427022199}, "bleedDamage": {"1": 0.0, "2": 0.0, "3": 0.0, "4": 0.0}}