{"deaths": 5624, "totalAttacks": 100001, "damagingAttacks": 130230.0, "damageDone": {"1": 200277.9791666658, "2": 215683.9775640882, "3": 231089.97596163803, "4": 250051.20475843482}, "bleedDamage": {"1": 0.0, "2": 0.0, "3": 0.0, "4": 0.0}}