{"deaths": 21170, "totalAttacks": 100001, "damagingAttacks": 197138.125, "damageDone": {"1": 95722.82174552591, "2": 95722.82174552591, "3": 95722.82174552591, "4": 95722.82174552591}, "bleedDamage": {"1": 0.0, "2": 0.0, "3": 0.0, "4": 0.0}}