{"deaths": 21170, "totalAttacks": 100001, "damagingAttacks": 198554.125, "damageDone": {"1": 144840.88295107175, "2": 144840.88295107175, "3": 144840.88295107175, "4": 144840.88295107175}, "bleedDamage": {"1": 0.0, "2": 0.0, "3": 0.0, "4": 0.0}}