{"deaths": 21170, "totalAttacks": 1031778, "damagingAttacks": 1885241.625, "damageDone": {"1": 1841898.3154568945, "2": 1841898.3154568945, "3": 1841898.3154568945, "4": 1841898.3154568945}, "bleedDamage": {"1": 0.0, "2": 0.0, "3": 0.0, "4": 0.0}, "loadoutDamage": {}}