{"deaths": 21170, "totalAttacks": 200002, "damagingAttacks": 363384.25, "damageDone": {"1": 337177.64244329545, "2": 337177.64244329545, "3": 337177.64244329545, "4": 337177.64244329545}, "bleedDamage": {"1": 0.0, "2": 0.0, "3": 0.0, "4": 0.0}}