{"deaths": 21170, "totalAttacks": 100001, "damagingAttacks": 116965.125, "damageDone": {"1": 147149.95833333913, "2": 202331.19270831373, "3": 278205.38997392816, "4": 374772.5501302495}, "bleedDamage": {"1": 0.0, "2": 0.0, "3": 0.0, "4": 0.0}}