{"deaths": 21170, "totalAttacks": 300003, "damagingAttacks": 244431.375, "damageDone": {"1": 42145.471153844584, "2": 45387.43047338633, "3": 48629.389792920985, "4": 52619.493570793114}, "bleedDamage": {"1": 0.0, "2": 0.0, "3": 0.0, "4": 0.0}}