{"deaths": 3474, "totalAttacks": 200002, "damagingAttacks": 354554.0, "damageDone": {"1": 289835.22149131825, "2": 351942.76895376365, "3": 427359.0765867815, "4": 516084.144390175}, "bleedDamage": {"1": 0.0, "2": 0.0, "3": 0.0, "4": 0.0}}