{"deaths": 21170, "totalAttacks": 200002, "damagingAttacks": 365598.75, "damageDone": {"1": 272302.25172577467, "2": 272302.25172577467, "3": 272302.25172577467, "4": 272302.25172577467}, "bleedDamage": {"1": 0.0, "2": 0.0, "3": 0.0, "4": 0.0}}