{"deaths": 21170, "totalAttacks": 100001, "damagingAttacks": 175795.375, "damageDone": {"1": 154925.6841715698, "2": 154925.6841715698, "3": 154925.6841715698, "4": 154925.6841715698}, "bleedDamage": {"1": 0.0, "2": 0.0, "3": 0.0, "4": 0.0}}