{"deaths": 21170, "totalAttacks": 300003, "damagingAttacks": 325209.0, "damageDone": {"1": 89605.46153853677, "2": 96498.18934916779, "3": 103390.91715975209, "4": 111874.27446513607}, "bleedDamage": {"1": 0.0, "2": 0.0, "3": 0.0, "4": 0.0}}