{"deaths": {"1": 2013, "2": 4621, "3": 8204}, "totalAttacks": {"1": 18392.0, "2": 6384.0, "3": 8684.0}, "damagingAttacks": {"1": 11361.5, "2": 4015.5, "3": 3258.5625}, "damageDone": {"1": {"1": 30773.39583333423, "2": 7932.8750000000255, "3": 5737.9687499999945}, "2": {"1": 42313.41927083238, "2": 10907.703125000004, "3": 7889.707031249999}, "3": {"1": 58180.951497393886, "2": 14998.091796874976, "3": 10848.347167968757}, "4": {"1": 78375.99251302217, "2": 20204.041015625, "3": 14613.889160156268}}, "bleedDamage": {"1": {"1": 0.0, "2": 0.0, "3": 0.0}, "2": {"1": 0.0, "2": 0.0, "3": 0.0}, "3": {"1": 0.0, "2": 0.0, "3": 0.0}, "4": {"1": 0.0, "2": 0.0, "3": 0.0}}}