{"deaths": 5624, "totalAttacks": 100001, "damagingAttacks": 130466.875, "damageDone": {"1": 67984.10526316808, "2": 88217.46992404062, "3": 114472.6693051224, "4": 146749.70340637612}, "bleedDamage": {"1": 0.0, "2": 0.0, "3": 0.0, "4": 0.0}}