{"deaths": 21170, "totalAttacks": 200002, "damagingAttacks": 373462.75, "damageDone": {"1": 215540.03747530037, "2": 215540.03747530037, "3": 215540.03747530037, "4": 215540.03747530037}, "bleedDamage": {"1": 0.0, "2": 0.0, "3": 0.0, "4": 0.0}}