{"deaths": 5624, "totalAttacks": 100001, "damagingAttacks": 199657.5, "damageDone": {"1": 312400.81249993725, "2": 336431.6442307116, "3": 360462.47596153273, "4": 390038.8842457745}, "bleedDamage": {"1": 0.0, "2": 0.0, "3": 0.0, "4": 0.0}}