{"deaths": 5624, "totalAttacks": 100001, "damagingAttacks": 182799.375, "damageDone": {"1": 123464.35197368482, "2": 160209.69482161588, "3": 207891.1516118548, "4": 266508.7223442008}, "bleedDamage": {"1": 0.0, "2": 0.0, "3": 0.0, "4": 0.0}}