{"deaths": 21170, "totalAttacks": 100001, "damagingAttacks": 177277.0, "damageDone": {"1": 195412.78291419803, "2": 195412.78291419803, "3": 195412.78291419803, "4": 195412.78291419803}, "bleedDamage": {"1": 0.0, "2": 0.0, "3": 0.0, "4": 0.0}}