{"deaths": 5624, "totalAttacks": 100001, "damagingAttacks": 130230.0, "damageDone": {"1": 77571.00877193447, "2": 121897.29949869927, "3": 191552.89921236856, "4": 286537.80791273725}, "bleedDamage": {"1": 0.0, "2": 0.0, "3": 0.0, "4": 0.0}}