{"deaths": 21170, "totalAttacks": 100001, "damagingAttacks": 199657.5, "damageDone": {"1": 128284.32692304108, "2": 128284.32692304108, "3": 128284.32692304108, "4": 128284.32692304108}, "bleedDamage": {"1": 0.0, "2": 0.0, "3": 0.0, "4": 0.0}}