{"deaths": 4135, "totalAttacks": 100001, "damagingAttacks": 187208.25, "damageDone": {"1": 94025.77631582618, "2": 114174.15695479357, "3": 138640.0477309104, "4": 167423.448644016}, "bleedDamage": {"1": 0.0, "2": 0.0, "3": 0.0, "4": 0.0}}