{"deaths": {"1": 2013, "2": 4621, "3": 8204}, "totalAttacks": {"1": 36784.0, "2": 12768.0, "3": 17368.0}, "damagingAttacks": {"1": 35352.0, "2": 11694.0, "3": 13659.875}, "damageDone": {"1": {"1": 66086.22855029376, "2": 14530.46992110416, "3": 17121.309048322506}, "2": {"1": 66086.22855029376, "2": 14530.46992110416, "3": 17121.309048322506}, "3": {"1": 66086.22855029376, "2": 14530.46992110416, "3": 17121.309048322506}, "4": {"1": 66086.22855029376, "2": 14530.46992110416, "3": 17121.309048322506}}, "bleedDamage": {"1": {"1": 0.0, "2": 0.0, "3": 0.0}, "2": {"1": 0.0, "2": 0.0, "3": 0.0}, "3": {"1": 0.0, "2": 0.0, "3": 0.0}, "4": {"1": 0.0, "2": 0.0, "3": 0.0}}}