{"deaths": 21170, "totalAttacks": 100001, "damagingAttacks": 182799.375, "damageDone": {"1": 186431.00221890607, "2": 186431.00221890607, "3": 186431.00221890607, "4": 186431.00221890607}, "bleedDamage": {"1": 0.0, "2": 0.0, "3": 0.0, "4": 0.0}}