{"deaths": 4135, "totalAttacks": 100001, "damagingAttacks": 177277.0, "damageDone": {"1": 89948.86184210666, "2": 109223.61795106342, "3": 132628.67894062155, "4": 160164.0448107942}, "bleedDamage": {"1": 0.0, "2": 0.0, "3": 0.0, "4": 0.0}}