{"deaths": 5624, "totalAttacks": 100001, "damagingAttacks": 110790.375, "damageDone": {"1": 171866.2187499873, "2": 185086.6971153416, "3": 198307.17548087813, "4": 214578.5334689812}, "bleedDamage": {"1": 0.0, "2": 0.0, "3": 0.0, "4": 0.0}}