{"deaths": {"1": 598, "2": 1147, "3": 2240}, "totalAttacks": {"1": 18392.0, "2": 6384.0, "3": 8684.0}, "damagingAttacks": {"1": 11361.5, "2": 4015.5, "3": 3258.5625}, "damageDone": {"1": {"1": 13276.901315790281, "2": 3640.8157894737064, "3": 2736.75986842107}, "2": {"1": 17228.360040569438, "2": 4724.39191725002, "3": 3551.271733989983}, "3": {"1": 22355.848147679135, "2": 6130.460940184829, "3": 4608.197845254421}, "4": {"1": 28659.365637111252, "2": 7859.022858278133, "3": 5907.538202213924}}, "bleedDamage": {"1": {"1": 0.0, "2": 0.0, "3": 0.0}, "2": {"1": 0.0, "2": 0.0, "3": 0.0}, "3": {"1": 0.0, "2": 0.0, "3": 0.0}, "4": {"1": 0.0, "2": 0.0, "3": 0.0}}}