{"deaths": 21170, "totalAttacks": 200002, "damagingAttacks": 351590.75, "damageDone": {"1": 75491.00795120471, "2": 103800.13593282779, "3": 142725.18690779057, "4": 192266.16087575903}, "bleedDamage": {"1": 0.0, "2": 0.0, "3": 0.0, "4": 0.0}}