{"deaths": 5624, "totalAttacks": 100001, "damagingAttacks": 120642.375, "damageDone": {"1": 43639.105263164536, "2": 56626.93421001878, "3": 73480.1884384795, "4": 94198.86794863228}, "bleedDamage": {"1": 0.0, "2": 0.0, "3": 0.0, "4": 0.0}}