{"deaths": 3474, "totalAttacks": 200002, "damagingAttacks": 351590.75, "damageDone": {"1": 242284.75036561777, "2": 294202.91115815577, "3": 357246.3921206948, "4": 431415.1932528162}, "bleedDamage": {"1": 0.0, "2": 0.0, "3": 0.0, "4": 0.0}}