{"deaths": 3474, "totalAttacks": 100001, "damagingAttacks": 120642.375, "damageDone": {"1": 44398.79276315862, "2": 57084.16212400907, "3": 73393.9227308907, "4": 93328.07458380515}, "bleedDamage": {"1": 0.0, "2": 0.0, "3": 0.0, "4": 0.0}}