{"deaths": 3474, "totalAttacks": 200002, "damagingAttacks": 382547.0, "damageDone": {"1": 261435.42397672642, "2": 317457.3005428212, "3": 385483.8649450016, "4": 465515.11718290165}, "bleedDamage": {"1": 0.0, "2": 0.0, "3": 0.0, "4": 0.0}}