{"deaths": 16348, "totalAttacks": 131778, "damagingAttacks": 194807.25, "damageDone": {"1": 107713.81249999671, "2": 188499.17187500704, "3": 329873.55078121845, "4": 531836.9492187253}, "bleedDamage": {"1": 0.0, "2": 0.0, "3": 0.0, "4": 0.0}}