{"deaths": 3474, "totalAttacks": 200002, "damagingAttacks": 354792.5, "damageDone": {"1": 297161.8552632177, "2": 360839.3956767725, "3": 438162.12332187366, "4": 529130.0381982997}, "bleedDamage": {"1": 0.0, "2": 0.0, "3": 0.0, "4": 0.0}}