{"deaths": 5624, "totalAttacks": 100001, "damagingAttacks": 126620.75, "damageDone": {"1": 168244.91666671762, "2": 181186.8333332296, "3": 194128.7499999201, "4": 210057.26282047562}, "bleedDamage": {"1": 0.0, "2": 0.0, "3": 0.0, "4": 0.0}}