{"deaths": 21170, "totalAttacks": 131778, "damagingAttacks": 194807.25, "damageDone": {"1": 187377.74999998708, "2": 257644.4062500086, "3": 354261.0585937499, "4": 477227.7070312318}, "bleedDamage": {"1": 0.0, "2": 0.0, "3": 0.0, "4": 0.0}}