{"deaths": {"1": 2013, "2": 4621, "3": 8204}, "totalAttacks": {"1": 18392.0, "2": 6384.0, "3": 8684.0}, "damagingAttacks": {"1": 18372.5, "2": 6323.0, "3": 8383.6875}, "damageDone": {"1": {"1": 32718.633505915506, "2": 8638.539201183525, "3": 9613.141642011815}, "2": {"1": 32718.633505915506, "2": 8638.539201183525, "3": 9613.141642011815}, "3": {"1": 32718.633505915506, "2": 8638.539201183525, "3": 9613.141642011815}, "4": {"1": 32718.633505915506, "2": 8638.539201183525, "3": 9613.141642011815}}, "bleedDamage": {"1": {"1": 0.0, "2": 0.0, "3": 0.0}, "2": {"1": 0.0, "2": 0.0, "3": 0.0}, "3": {"1": 0.0, "2": 0.0, "3": 0.0}, "4": {"1": 0.0, "2": 0.0, "3": 0.0}}}