{"deaths": 16348, "totalAttacks": 1031778, "damagingAttacks": 1210213.125, "damageDone": {"1": 743624.6354167345, "2": 1301343.1119789665, "3": 2277350.445963403, "4": 3671646.637370933}, "bleedDamage": {"1": 0.0, "2": 0.0, "3": 0.0, "4": 0.0}, "loadoutDamage": {}}