{"deaths": 5624, "totalAttacks": 100001, "damagingAttacks": 89817.25, "damageDone": {"1": 134332.87500001202, "2": 144666.17307691427, "3": 154999.4711538492, "4": 167717.37647931385}, "bleedDamage": {"1": 0.0, "2": 0.0, "3": 0.0, "4": 0.0}}