{"deaths": 21170, "totalAttacks": 100001, "damagingAttacks": 198744.625, "damageDone": {"1": 131860.25240391277, "2": 131860.25240391277, "3": 131860.25240391277, "4": 131860.25240391277}, "bleedDamage": {"1": 0.0, "2": 0.0, "3": 0.0, "4": 0.0}}