{"deaths": 5624, "totalAttacks": 100001, "damagingAttacks": 197138.125, "damageDone": {"1": 260374.6666667493, "2": 280403.48717953, "3": 300432.30769236246, "4": 325083.16370812216}, "bleedDamage": {"1": 0.0, "2": 0.0, "3": 0.0, "4": 0.0}}