{"deaths": 5624, "totalAttacks": 100001, "damagingAttacks": 177396.25, "damageDone": {"1": 132695.89473683978, "2": 172188.72054999377, "3": 223435.36356854963, "4": 286435.8237929671}, "bleedDamage": {"1": 0.0, "2": 0.0, "3": 0.0, "4": 0.0}}