{"deaths": 5624, "totalAttacks": 100001, "damagingAttacks": 198554.125, "damageDone": {"1": 329245.4479166479, "2": 354572.02083308273, "3": 379898.5937503411, "4": 411069.76041669137}, "bleedDamage": {"1": 0.0, "2": 0.0, "3": 0.0, "4": 0.0}}