{"deaths": 3474, "totalAttacks": 200002, "damagingAttacks": 337906.75, "damageDone": {"1": 218757.30263163292, "2": 265633.8674811995, "3": 322555.41051294934, "4": 389521.93172673235}, "bleedDamage": {"1": 0.0, "2": 0.0, "3": 0.0, "4": 0.0}}