{"deaths": 4135, "totalAttacks": 100001, "damagingAttacks": 191273.5, "damageDone": {"1": 81135.13157893292, "2": 98521.23120290588, "3": 119632.92360366324, "4": 144470.20878081303}, "bleedDamage": {"1": 0.0, "2": 0.0, "3": 0.0, "4": 0.0}}