{"deaths": 5624, "totalAttacks": 100001, "damagingAttacks": 196332.875, "damageDone": {"1": 278414.91666671325, "2": 299831.4487178751, "3": 321247.98076949164, "4": 347606.789447778}, "bleedDamage": {"1": 0.0, "2": 0.0, "3": 0.0, "4": 0.0}}