{"deaths": 5624, "totalAttacks": 131778, "damagingAttacks": 263292.75, "damageDone": {"1": 394581.60416669096, "2": 424934.03525633435, "3": 455286.4663460786, "4": 492643.30461037677}, "bleedDamage": {"1": 0.0, "2": 0.0, "3": 0.0, "4": 0.0}}