{"deaths": 4077, "totalAttacks": 100001, "damagingAttacks": 199024.75, "damageDone": {"1": 222565.8918128259, "2": 239686.3450292999, "3": 256806.79824552027, "4": 277878.125280836}, "bleedDamage": {"1": 0.0, "2": 0.0, "3": 0.0, "4": 0.0}}