{"deaths": 4135, "totalAttacks": 100001, "damagingAttacks": 182799.375, "damageDone": {"1": 87708.884868414, "2": 106503.64591159052, "3": 129325.85574981905, "4": 156175.5143830659}, "bleedDamage": {"1": 0.0, "2": 0.0, "3": 0.0, "4": 0.0}}