{"deaths": 4135, "totalAttacks": 100001, "damagingAttacks": 177396.25, "damageDone": {"1": 92222.64473683632, "2": 105397.3082706689, "3": 120454.06659505339, "4": 137392.91971005715}, "bleedDamage": {"1": 0.0, "2": 0.0, "3": 0.0, "4": 0.0}}