{"deaths": 5624, "totalAttacks": 100001, "damagingAttacks": 89817.25, "damageDone": {"1": 66080.95029239908, "2": 103841.49331657469, "3": 163179.48949751107, "4": 244094.93883535935}, "bleedDamage": {"1": 0.0, "2": 0.0, "3": 0.0, "4": 0.0}}