{"deaths": {"1": 598, "2": 1147, "3": 2240}, "totalAttacks": {"1": 18392.0, "2": 6384.0, "3": 8684.0}, "damagingAttacks": {"1": 17676.0, "2": 5847.0, "3": 6829.9375}, "damageDone": {"1": {"1": 49101.70833333299, "2": 12585.708333333234, "3": 13049.322916666746}, "2": {"1": 74237.10664682876, "2": 19028.392361111117, "3": 19729.333457341174}, "3": {"1": 112239.4350493691, "2": 28769.11702215525, "3": 29828.873203360974}, "4": {"1": 163108.69354096247, "2": 41807.88231647024, "3": 43347.942154728975}}, "bleedDamage": {"1": {"1": 0.0, "2": 0.0, "3": 0.0}, "2": {"1": 0.0, "2": 0.0, "3": 0.0}, "3": {"1": 0.0, "2": 0.0, "3": 0.0}, "4": {"1": 0.0, "2": 0.0, "3": 0.0}}}