{"deaths": 3474, "totalAttacks": 100001, "damagingAttacks": 130466.875, "damageDone": {"1": 49702.91447368755, "2": 63903.747180433726, "3": 82161.96066054552, "4": 104477.55491410993}, "bleedDamage": {"1": 0.0, "2": 0.0, "3": 0.0, "4": 0.0}}