{"deaths": 21170, "totalAttacks": 200002, "damagingAttacks": 374416.5, "damageDone": {"1": 297328.4172213665, "2": 297328.4172213665, "3": 297328.4172213665, "4": 297328.4172213665}, "bleedDamage": {"1": 0.0, "2": 0.0, "3": 0.0, "4": 0.0}}