{"deaths": 5624, "totalAttacks": 100001, "damagingAttacks": 177396.25, "damageDone": {"1": 246458.708333378, "2": 372622.09474207094, "3": 563369.1194313242, "4": 818699.7824014416}, "bleedDamage": {"1": 0.0, "2": 0.0, "3": 0.0, "4": 0.0}}