{"deaths": 5624, "totalAttacks": 100001, "damagingAttacks": 89817.25, "damageDone": {"1": 42420.907894740434, "2": 55046.17810099785, "3": 71428.96920178796, "4": 91569.28119727608}, "bleedDamage": {"1": 0.0, "2": 0.0, "3": 0.0, "4": 0.0}}