{"deaths": 21170, "totalAttacks": 100001, "damagingAttacks": 187208.25, "damageDone": {"1": 203565.09892747516, "2": 203565.09892747516, "3": 203565.09892747516, "4": 203565.09892747516}, "bleedDamage": {"1": 0.0, "2": 0.0, "3": 0.0, "4": 0.0}}