{"deaths": 21170, "totalAttacks": 100001, "damagingAttacks": 177396.25, "damageDone": {"1": 203605.0369822659, "2": 203605.0369822659, "3": 203605.0369822659, "4": 203605.0369822659}, "bleedDamage": {"1": 0.0, "2": 0.0, "3": 0.0, "4": 0.0}}