{"deaths": 4135, "totalAttacks": 100001, "damagingAttacks": 186731.375, "damageDone": {"1": 74193.49999996895, "2": 90092.10714285095, "3": 109397.55867344966, "4": 132109.85459181402}, "bleedDamage": {"1": 0.0, "2": 0.0, "3": 0.0, "4": 0.0}}