{"deaths": 5624, "totalAttacks": 100001, "damagingAttacks": 81477.125, "damageDone": {"1": 33769.60526315918, "2": 43820.08301964837, "3": 56861.77439402096, "4": 72894.679386262}, "bleedDamage": {"1": 0.0, "2": 0.0, "3": 0.0, "4": 0.0}}