{"deaths": 21170, "totalAttacks": 200002, "damagingAttacks": 374416.5, "damageDone": {"1": 104181.60521453056, "2": 143249.70716997125, "3": 196968.34735859037, "4": 265337.5257808142}, "bleedDamage": {"1": 0.0, "2": 0.0, "3": 0.0, "4": 0.0}}