{"deaths": 21170, "totalAttacks": 200002, "damagingAttacks": 354554.0, "damageDone": {"1": 164620.46560651276, "2": 308663.37301226764, "3": 578743.8243979812, "4": 974861.8197626538}, "bleedDamage": {"1": 0.0, "2": 0.0, "3": 0.0, "4": 0.0}}