{"deaths": {"1": 598, "2": 1147, "3": 2240}, "totalAttacks": {"1": 18392.0, "2": 6384.0, "3": 8684.0}, "damagingAttacks": {"1": 11361.5, "2": 4015.5, "3": 3258.5625}, "damageDone": {"1": {"1": 42043.520833332565, "2": 11529.249999999982, "3": 8666.40625}, "2": {"1": 45277.637820509204, "2": 12416.11538461555, "3": 9333.05288461536}, "3": {"1": 48511.75480768919, "2": 13302.980769230815, "3": 9999.699519230664}, "4": {"1": 52492.20648421891, "2": 14394.507396449939, "3": 10820.187684911352}}, "bleedDamage": {"1": {"1": 0.0, "2": 0.0, "3": 0.0}, "2": {"1": 0.0, "2": 0.0, "3": 0.0}, "3": {"1": 0.0, "2": 0.0, "3": 0.0}, "4": {"1": 0.0, "2": 0.0, "3": 0.0}}}