{"deaths": 16348, "totalAttacks": 100001, "damagingAttacks": 81477.125, "damageDone": {"1": 40297.63541667354, "2": 70520.86197916513, "3": 123411.5084635305, "4": 198969.5748698291}, "bleedDamage": {"1": 0.0, "2": 0.0, "3": 0.0, "4": 0.0}}