{"deaths": 5624, "totalAttacks": 100001, "damagingAttacks": 126620.75, "damageDone": {"1": 96284.21783620254, "2": 151303.77088543755, "3": 237763.068534426, "4": 355662.11078331596}, "bleedDamage": {"1": 0.0, "2": 0.0, "3": 0.0, "4": 0.0}}