{"deaths": 5624, "totalAttacks": 131778, "damagingAttacks": 256131.0, "damageDone": {"1": 160152.88157890408, "2": 207817.42966604506, "3": 269667.855159607, "4": 345704.1580588116}, "bleedDamage": {"1": 0.0, "2": 0.0, "3": 0.0, "4": 0.0}}