{"deaths": {"1": 394, "2": 824, "3": 1690}, "totalAttacks": {"1": 18392.0, "2": 6384.0, "3": 8684.0}, "damagingAttacks": {"1": 17676.0, "2": 5847.0, "3": 6829.9375}, "damageDone": {"1": {"1": 20200.93421052756, "2": 4894.684210526287, "3": 5672.740131579101}, "2": {"1": 23086.78195488574, "2": 5593.9248120300435, "3": 6483.131578947227}, "3": {"1": 26384.893662727187, "2": 6393.056928034245, "3": 7409.293233082635}, "4": {"1": 30095.26933405468, "2": 7292.080558539057, "3": 8451.225093984938}}, "bleedDamage": {"1": {"1": 0.0, "2": 0.0, "3": 0.0}, "2": {"1": 0.0, "2": 0.0, "3": 0.0}, "3": {"1": 0.0, "2": 0.0, "3": 0.0}, "4": {"1": 0.0, "2": 0.0, "3": 0.0}}}