{"deaths": {"1": 2013, "2": 4621, "3": 8204}, "totalAttacks": {"1": 55176.0, "2": 19152.0, "3": 26052.0}, "damagingAttacks": {"1": 34084.5, "2": 12046.5, "3": 9775.6875}, "damageDone": {"1": {"1": 24803.57248520753, "2": 4286.158284023545, "3": 3925.5658284023284}, "2": {"1": 26711.53959945577, "2": 4615.862767410084, "3": 4227.5324305871645}, "3": {"1": 28619.506713702096, "2": 4945.567250796625, "3": 4529.499032771941}, "4": {"1": 30967.77393123676, "2": 5351.357384195349, "3": 4901.150235460939}}, "bleedDamage": {"1": {"1": 0.0, "2": 0.0, "3": 0.0}, "2": {"1": 0.0, "2": 0.0, "3": 0.0}, "3": {"1": 0.0, "2": 0.0, "3": 0.0}, "4": {"1": 0.0, "2": 0.0, "3": 0.0}}}