{"deaths": 4135, "totalAttacks": 100001, "damagingAttacks": 168953.375, "damageDone": {"1": 67890.19736840622, "2": 82438.09680446937, "3": 100103.4032625999, "4": 120886.11674279498}, "bleedDamage": {"1": 0.0, "2": 0.0, "3": 0.0, "4": 0.0}}