{"deaths": 5624, "totalAttacks": 100001, "damagingAttacks": 110790.375, "damageDone": {"1": 54273.54276317436, "2": 70426.38287057876, "3": 91386.61586691471, "4": 117154.24175226595}, "bleedDamage": {"1": 0.0, "2": 0.0, "3": 0.0, "4": 0.0}}