{"deaths": 16348, "totalAttacks": 100001, "damagingAttacks": 89817.25, "damageDone": {"1": 56135.12499999719, "2": 98236.46875000728, "3": 171913.82031249965, "4": 277167.179687478}, "bleedDamage": {"1": 0.0, "2": 0.0, "3": 0.0, "4": 0.0}}