{"deaths": 4077, "totalAttacks": 100001, "damagingAttacks": 197585.5, "damageDone": {"1": 236376.00877185966, "2": 254558.7786774554, "3": 272741.5485828233, "4": 295120.3423126317}, "bleedDamage": {"1": 0.0, "2": 0.0, "3": 0.0, "4": 0.0}}