{"deaths": 5624, "totalAttacks": 100001, "damagingAttacks": 108403.0, "damageDone": {"1": 59724.95394737263, "2": 77500.23785954037, "3": 100565.78484058607, "4": 128921.5948906578}, "bleedDamage": {"1": 0.0, "2": 0.0, "3": 0.0, "4": 0.0}}