{"deaths": 5624, "totalAttacks": 100001, "damagingAttacks": 187208.25, "damageDone": {"1": 108152.773026293, "2": 140341.09833050982, "3": 182109.2823558499, "4": 233457.32510200498}, "bleedDamage": {"1": 0.0, "2": 0.0, "3": 0.0, "4": 0.0}}