{"deaths": 21170, "totalAttacks": 200002, "damagingAttacks": 337906.75, "damageDone": {"1": 198276.09516757375, "2": 198276.09516757375, "3": 198276.09516757375, "4": 198276.09516757375}, "bleedDamage": {"1": 0.0, "2": 0.0, "3": 0.0, "4": 0.0}}