{"deaths": 5624, "totalAttacks": 100001, "damagingAttacks": 181692.125, "damageDone": {"1": 239935.56250000675, "2": 362759.71949398646, "3": 548458.1473303643, "4": 797030.8460086846}, "bleedDamage": {"1": 0.0, "2": 0.0, "3": 0.0, "4": 0.0}}