{"deaths": {"1": 312, "2": 664, "3": 1367}, "totalAttacks": {"1": 18392.0, "2": 6384.0, "3": 8684.0}, "damagingAttacks": {"1": 18372.5, "2": 6323.0, "3": 8383.6875}, "damageDone": {"1": {"1": 46550.86257310217, "2": 12217.777777777997, "3": 15942.609649122896}, "2": {"1": 50131.69815565152, "2": 13157.606837606132, "3": 17168.964237516353}, "3": {"1": 53712.53373820204, "2": 14097.43589743594, "3": 18395.318825911494}, "4": {"1": 58119.71599363765, "2": 15254.148586456899, "3": 19904.67831931991}}, "bleedDamage": {"1": {"1": 0.0, "2": 0.0, "3": 0.0}, "2": {"1": 0.0, "2": 0.0, "3": 0.0}, "3": {"1": 0.0, "2": 0.0, "3": 0.0}, "4": {"1": 0.0, "2": 0.0, "3": 0.0}}}