{"deaths": 5624, "totalAttacks": 100001, "damagingAttacks": 191273.5, "damageDone": {"1": 124005.77631576343, "2": 160912.2573607799, "3": 208802.81014481685, "4": 267677.43466769345}, "bleedDamage": {"1": 0.0, "2": 0.0, "3": 0.0, "4": 0.0}}