{"deaths": 4135, "totalAttacks": 100001, "damagingAttacks": 175795.375, "damageDone": {"1": 75191.81907892902, "2": 85933.50751881477, "3": 98209.72287867221, "4": 112020.46515847364}, "bleedDamage": {"1": 0.0, "2": 0.0, "3": 0.0, "4": 0.0}}