{"deaths": 21170, "totalAttacks": 200002, "damagingAttacks": 354554.0, "damageDone": {"1": 285421.09504423954, "2": 285421.09504423954, "3": 285421.09504423954, "4": 285421.09504423954}, "bleedDamage": {"1": 0.0, "2": 0.0, "3": 0.0, "4": 0.0}}