{"deaths": 21170, "totalAttacks": 300003, "damagingAttacks": 269451.75, "damageDone": {"1": 75990.93565088032, "2": 81836.39223947396, "3": 87681.84882795035, "4": 94876.25693686624}, "bleedDamage": {"1": 0.0, "2": 0.0, "3": 0.0, "4": 0.0}}