{"deaths": 5624, "totalAttacks": 131778, "damagingAttacks": 256131.0, "damageDone": {"1": 261686.7916667114, "2": 395645.50644821604, "3": 598178.3252253144, "4": 869285.2479980976}, "bleedDamage": {"1": 0.0, "2": 0.0, "3": 0.0, "4": 0.0}}