{"deaths": 3474, "totalAttacks": 200002, "damagingAttacks": 373462.75, "damageDone": {"1": 239067.94444447657, "2": 290296.78968254937, "3": 352503.2446148007, "4": 425687.30924037297}, "bleedDamage": {"1": 0.0, "2": 0.0, "3": 0.0, "4": 0.0}}