{"deaths": 5624, "totalAttacks": 100001, "damagingAttacks": 198028.75, "damageDone": {"1": 317126.0416666546, "2": 341520.35256422317, "3": 365914.6634617263, "4": 395938.43071996525}, "bleedDamage": {"1": 0.0, "2": 0.0, "3": 0.0, "4": 0.0}}