{"deaths": {"1": 394, "2": 824, "3": 1690}, "totalAttacks": {"1": 18392.0, "2": 6384.0, "3": 8684.0}, "damagingAttacks": {"1": 17676.0, "2": 5847.0, "3": 6829.9375}, "damageDone": {"1": {"1": 20200.93421052756, "2": 4894.684210526287, "3": 5672.740131579101}, "2": {"1": 24529.705827066806, "2": 5943.5451127817505, "3": 6888.327302631318}, "3": {"1": 29786.07136143891, "2": 7217.161922663689, "3": 8364.397438909718}, "4": {"1": 35970.030813643294, "2": 8715.534640171516, "3": 10100.950540413207}}, "bleedDamage": {"1": {"1": 0.0, "2": 0.0, "3": 0.0}, "2": {"1": 0.0, "2": 0.0, "3": 0.0}, "3": {"1": 0.0, "2": 0.0, "3": 0.0}, "4": {"1": 0.0, "2": 0.0, "3": 0.0}}}