{"deaths": 5624, "totalAttacks": 100001, "damagingAttacks": 191273.5, "damageDone": {"1": 207933.08333330508, "2": 314375.01884936815, "3": 475305.08802189876, "4": 690723.2908518418}, "bleedDamage": {"1": 0.0, "2": 0.0, "3": 0.0, "4": 0.0}}