{"deaths": 3474, "totalAttacks": 100001, "damagingAttacks": 116965.125, "damageDone": {"1": 63450.27302633364, "2": 81578.92246235482, "3": 104887.18602306345, "4": 133375.06370836258}, "bleedDamage": {"1": 0.0, "2": 0.0, "3": 0.0, "4": 0.0}}