{"deaths": 5624, "totalAttacks": 100001, "damagingAttacks": 186731.375, "damageDone": {"1": 122714.75657895868, "2": 159237.00555948942, "3": 206628.97149773105, "4": 264890.65439433494}, "bleedDamage": {"1": 0.0, "2": 0.0, "3": 0.0, "4": 0.0}}