{"deaths": 21170, "totalAttacks": 100001, "damagingAttacks": 126620.75, "damageDone": {"1": 109945.49999997544, "2": 151175.06250002867, "3": 207865.71093755146, "4": 280017.4453124915}, "bleedDamage": {"1": 0.0, "2": 0.0, "3": 0.0, "4": 0.0}}