{"deaths": 5624, "totalAttacks": 100001, "damagingAttacks": 175795.375, "damageDone": {"1": 147402.0833332884, "2": 222857.91170636966, "3": 336939.93793687026, "4": 489648.16202522063}, "bleedDamage": {"1": 0.0, "2": 0.0, "3": 0.0, "4": 0.0}}