{"deaths": 21170, "totalAttacks": 200002, "damagingAttacks": 365598.75, "damageDone": {"1": 157053.99580867856, "2": 294476.2421413556, "3": 552142.9540148233, "4": 930054.1314285437}, "bleedDamage": {"1": 0.0, "2": 0.0, "3": 0.0, "4": 0.0}}