{"deaths": 4077, "totalAttacks": 100001, "damagingAttacks": 198028.75, "damageDone": {"1": 225301.8128654261, "2": 242632.7215475292, "3": 259963.6302293112, "4": 281293.9793761316}, "bleedDamage": {"1": 0.0, "2": 0.0, "3": 0.0, "4": 0.0}}