{"deaths": 16348, "totalAttacks": 1031778, "damagingAttacks": 2046474.375, "damageDone": {"1": 1351846.3322913349, "2": 1351846.3322913349, "3": 1351846.3322913349, "4": 1351846.3322913349}, "bleedDamage": {"1": 0.0, "2": 0.0, "3": 0.0, "4": 0.0}, "loadoutDamage": {}}