{"deaths": 5624, "totalAttacks": 100001, "damagingAttacks": 120642.375, "damageDone": {"1": 138190.49999999252, "2": 148820.53846151876, "3": 159450.57692307935, "4": 172533.70118338562}, "bleedDamage": {"1": 0.0, "2": 0.0, "3": 0.0, "4": 0.0}}