{"deaths": 5624, "totalAttacks": 100001, "damagingAttacks": 181692.125, "damageDone": {"1": 132045.55921046346, "2": 171344.83278346158, "3": 222340.31872903786, "4": 285032.0170466963}, "bleedDamage": {"1": 0.0, "2": 0.0, "3": 0.0, "4": 0.0}}