{"deaths": 3474, "totalAttacks": 100001, "damagingAttacks": 130230.0, "damageDone": {"1": 53691.1644736736, "2": 69031.49718042632, "3": 88754.78208907667, "4": 112861.01919977179}, "bleedDamage": {"1": 0.0, "2": 0.0, "3": 0.0, "4": 0.0}}