{"deaths": 3474, "totalAttacks": 200002, "damagingAttacks": 363384.25, "damageDone": {"1": 329870.9404238551, "2": 400557.5705147603, "3": 486391.3356253993, "4": 587372.2357550929}, "bleedDamage": {"1": 0.0, "2": 0.0, "3": 0.0, "4": 0.0}}