{"deaths": 21170, "totalAttacks": 300003, "damagingAttacks": 391400.625, "damageDone": {"1": 69953.58727812042, "2": 75334.63245335442, "3": 80715.67762860151, "4": 87338.50245965115}, "bleedDamage": {"1": 0.0, "2": 0.0, "3": 0.0, "4": 0.0}}