{"deaths": {"1": 225, "2": 437, "3": 1316}, "totalAttacks": {"1": 36784.0, "2": 12768.0, "3": 17368.0}, "damagingAttacks": {"1": 35352.0, "2": 11694.0, "3": 13659.875}, "damageDone": {"1": {"1": 65091.89912280017, "2": 15771.760233917834, "3": 18278.829312865182}, "2": {"1": 79040.16322054983, "2": 19151.423141186595, "3": 22195.721308479293}, "3": {"1": 95977.34105353922, "2": 23255.299528583033, "3": 26951.947303154317}, "4": {"1": 115903.43262172745, "2": 28083.389396108723, "3": 32547.507296887692}}, "bleedDamage": {"1": {"1": 0.0, "2": 0.0, "3": 0.0}, "2": {"1": 0.0, "2": 0.0, "3": 0.0}, "3": {"1": 0.0, "2": 0.0, "3": 0.0}, "4": {"1": 0.0, "2": 0.0, "3": 0.0}}}