{"deaths": 21170, "totalAttacks": 100001, "damagingAttacks": 168953.375, "damageDone": {"1": 135749.19378701807, "2": 135749.19378701807, "3": 135749.19378701807, "4": 135749.19378701807}, "bleedDamage": {"1": 0.0, "2": 0.0, "3": 0.0, "4": 0.0}}