{"deaths": 21170, "totalAttacks": 131778, "damagingAttacks": 256131.0, "damageDone": {"1": 218990.88017754833, "2": 218990.88017754833, "3": 218990.88017754833, "4": 218990.88017754833}, "bleedDamage": {"1": 0.0, "2": 0.0, "3": 0.0, "4": 0.0}}