{"deaths": 16348, "totalAttacks": 100001, "damagingAttacks": 130230.0, "damageDone": {"1": 83321.20833333548, "2": 145812.11458331297, "3": 255171.20052081734, "4": 411398.4661458365}, "bleedDamage": {"1": 0.0, "2": 0.0, "3": 0.0, "4": 0.0}}