{"deaths": 5624, "totalAttacks": 100001, "damagingAttacks": 120642.375, "damageDone": {"1": 61663.64035088018, "2": 96900.00626558058, "3": 152271.43841747817, "4": 227777.93680647275}, "bleedDamage": {"1": 0.0, "2": 0.0, "3": 0.0, "4": 0.0}}