{"deaths": 4077, "totalAttacks": 100001, "damagingAttacks": 196332.875, "damageDone": {"1": 182666.4473684282, "2": 196717.7125505887, "3": 210768.97773260667, "4": 228062.84257216463}, "bleedDamage": {"1": 0.0, "2": 0.0, "3": 0.0, "4": 0.0}}