{"deaths": 21170, "totalAttacks": 100001, "damagingAttacks": 89817.25, "damageDone": {"1": 92795.04166666836, "2": 127593.18229167764, "3": 175440.62565103974, "4": 236337.37174477582}, "bleedDamage": {"1": 0.0, "2": 0.0, "3": 0.0, "4": 0.0}}