{"deaths": 4135, "totalAttacks": 100001, "damagingAttacks": 168953.375, "damageDone": {"1": 67890.19736840622, "2": 77588.79699247426, "3": 88672.91084858142, "4": 101142.53893662941}, "bleedDamage": {"1": 0.0, "2": 0.0, "3": 0.0, "4": 0.0}}