{"deaths": 5624, "totalAttacks": 100001, "damagingAttacks": 108403.0, "damageDone": {"1": 189129.02083332377, "2": 203677.40705121684, "3": 218225.79326926047, "4": 236131.49938355465}, "bleedDamage": {"1": 0.0, "2": 0.0, "3": 0.0, "4": 0.0}}