{"deaths": 5624, "totalAttacks": 100001, "damagingAttacks": 177277.0, "damageDone": {"1": 116264.5526315544, "2": 150867.09805647697, "3": 195768.02009494597, "4": 250967.31874789938}, "bleedDamage": {"1": 0.0, "2": 0.0, "3": 0.0, "4": 0.0}}