{"deaths": 3474, "totalAttacks": 200002, "damagingAttacks": 365598.75, "damageDone": {"1": 282617.51790945046, "2": 343178.41460419924, "3": 416716.6463053571, "4": 503232.2130121377}, "bleedDamage": {"1": 0.0, "2": 0.0, "3": 0.0, "4": 0.0}}