{"deaths": 5624, "totalAttacks": 100001, "damagingAttacks": 116965.125, "damageDone": {"1": 203514.58333331335, "2": 219169.55128195367, "3": 234824.5192307269, "4": 254092.17209064352}, "bleedDamage": {"1": 0.0, "2": 0.0, "3": 0.0, "4": 0.0}}