{"deaths": 21170, "totalAttacks": 2063556, "damagingAttacks": 3770483.25, "damageDone": {"1": 2690287.842579842, "2": 2690287.842579842, "3": 2690287.842579842, "4": 2690287.842579842}, "bleedDamage": {"1": 0.0, "2": 0.0, "3": 0.0, "4": 0.0}, "loadoutDamage": {}}