{"deaths": 5624, "totalAttacks": 131778, "damagingAttacks": 194807.25, "damageDone": {"1": 87645.30921054236, "2": 113730.22266495219, "3": 147578.50321865195, "4": 189190.15087151394}, "bleedDamage": {"1": 0.0, "2": 0.0, "3": 0.0, "4": 0.0}}