{"deaths": 4135, "totalAttacks": 100001, "damagingAttacks": 181692.125, "damageDone": {"1": 102373.74013160872, "2": 124310.97015967609, "3": 150949.03519398635, "4": 182287.93523442952}, "bleedDamage": {"1": 0.0, "2": 0.0, "3": 0.0, "4": 0.0}}