{"deaths": 5624, "totalAttacks": 100001, "damagingAttacks": 198133.375, "damageDone": {"1": 364406.58333333785, "2": 392437.8589742688, "3": 420469.1346152083, "4": 454969.16617359075}, "bleedDamage": {"1": 0.0, "2": 0.0, "3": 0.0, "4": 0.0}}