{"deaths": 4135, "totalAttacks": 100001, "damagingAttacks": 177396.25, "damageDone": {"1": 92222.64473683632, "2": 111984.64003752873, "3": 135981.3486170479, "4": 164212.7704753741}, "bleedDamage": {"1": 0.0, "2": 0.0, "3": 0.0, "4": 0.0}}