{"deaths": 3474, "totalAttacks": 131778, "damagingAttacks": 194807.25, "damageDone": {"1": 78165.48684210666, "2": 100498.48308263572, "3": 129212.33539198797, "4": 164307.04377023125}, "bleedDamage": {"1": 0.0, "2": 0.0, "3": 0.0, "4": 0.0}}