{"deaths": 21170, "totalAttacks": 100001, "damagingAttacks": 191273.5, "damageDone": {"1": 164814.9038462628, "2": 164814.9038462628, "3": 164814.9038462628, "4": 164814.9038462628}, "bleedDamage": {"1": 0.0, "2": 0.0, "3": 0.0, "4": 0.0}}