{"deaths": 21170, "totalAttacks": 100001, "damagingAttacks": 198133.375, "damageDone": {"1": 173110.26257396475, "2": 173110.26257396475, "3": 173110.26257396475, "4": 173110.26257396475}, "bleedDamage": {"1": 0.0, "2": 0.0, "3": 0.0, "4": 0.0}}