{"deaths": 4135, "totalAttacks": 100001, "damagingAttacks": 191273.5, "damageDone": {"1": 81135.13157893292, "2": 92725.86466160005, "3": 105972.41675620216, "4": 120874.78786257705}, "bleedDamage": {"1": 0.0, "2": 0.0, "3": 0.0, "4": 0.0}}