{"deaths": 3474, "totalAttacks": 2063556, "damagingAttacks": 3770483.25, "damageDone": {"1": 3513852.9373155087, "2": 4392316.171637489, "3": 5490395.214549056, "4": 6808090.066063444}, "bleedDamage": {"1": 0.0, "2": 0.0, "3": 0.0, "4": 0.0}, "loadoutDamage": {}}