{"deaths": 21170, "totalAttacks": 131778, "damagingAttacks": 263292.75, "damageDone": {"1": 156223.98113890324, "2": 156223.98113890324, "3": 156223.98113890324, "4": 156223.98113890324}, "bleedDamage": {"1": 0.0, "2": 0.0, "3": 0.0, "4": 0.0}}