{"deaths": 5624, "totalAttacks": 1031778, "damagingAttacks": 1885241.625, "damageDone": {"1": 1734326.872039193, "2": 2250495.5839505373, "3": 2920285.9362751353, "4": 3743697.929027614}, "bleedDamage": {"1": 0.0, "2": 0.0, "3": 0.0, "4": 0.0}, "loadoutDamage": {}}