{"deaths": 5624, "totalAttacks": 100001, "damagingAttacks": 175795.375, "damageDone": {"1": 97925.11842104585, "2": 127069.49890250417, "3": 164887.802145607, "4": 211380.028150652}, "bleedDamage": {"1": 0.0, "2": 0.0, "3": 0.0, "4": 0.0}}