{"deaths": 21170, "totalAttacks": 200002, "damagingAttacks": 354792.5, "damageDone": {"1": 171521.81903358005, "2": 321603.41068805446, "3": 603006.3950396221, "4": 1015730.7720885905}, "bleedDamage": {"1": 0.0, "2": 0.0, "3": 0.0, "4": 0.0}}