{"deaths": 5624, "totalAttacks": 100001, "damagingAttacks": 130466.875, "damageDone": {"1": 70005.62865494912, "2": 110008.84502915089, "3": 172871.0421888657, "4": 258592.22013386263}, "bleedDamage": {"1": 0.0, "2": 0.0, "3": 0.0, "4": 0.0}}