{"deaths": 5624, "totalAttacks": 100001, "damagingAttacks": 126620.75, "damageDone": {"1": 53129.973684183016, "2": 68942.46585155823, "3": 89461.05687784903, "4": 114685.74676339478}, "bleedDamage": {"1": 0.0, "2": 0.0, "3": 0.0, "4": 0.0}}