{"deaths": 3474, "totalAttacks": 200002, "damagingAttacks": 374416.5, "damageDone": {"1": 302971.94590653456, "2": 367894.50574349664, "3": 446729.0426888117, "4": 539475.5567417478}, "bleedDamage": {"1": 0.0, "2": 0.0, "3": 0.0, "4": 0.0}}