{"deaths": 21170, "totalAttacks": 2063556, "damagingAttacks": 2420426.25, "damageDone": {"1": 808160.9741769686, "2": 870327.2029559909, "3": 932493.4317404281, "4": 1009005.7133118279}, "bleedDamage": {"1": 0.0, "2": 0.0, "3": 0.0, "4": 0.0}, "loadoutDamage": {}}