{"deaths": 21170, "totalAttacks": 100001, "damagingAttacks": 81477.125, "damageDone": {"1": 70726.66666666455, "2": 97249.1666666463, "3": 133717.60416665897, "4": 180131.97916670985}, "bleedDamage": {"1": 0.0, "2": 0.0, "3": 0.0, "4": 0.0}}