{"deaths": 5624, "totalAttacks": 100001, "damagingAttacks": 110790.375, "damageDone": {"1": 75469.72222220941, "2": 118595.27777769945, "3": 186364.00793653756, "4": 278775.912698601}, "bleedDamage": {"1": 0.0, "2": 0.0, "3": 0.0, "4": 0.0}}