{"deaths": 4077, "totalAttacks": 131778, "damagingAttacks": 263292.75, "damageDone": {"1": 247072.95321632153, "2": 266078.5650021965, "3": 285084.1767879565, "4": 308475.69898588874}, "bleedDamage": {"1": 0.0, "2": 0.0, "3": 0.0, "4": 0.0}}