{"deaths": 4077, "totalAttacks": 1031778, "damagingAttacks": 2046474.375, "damageDone": {"1": 2508182.441390874, "2": 2701119.5522609404, "3": 2894056.6631303956, "4": 3131517.722676238}, "bleedDamage": {"1": 0.0, "2": 0.0, "3": 0.0, "4": 0.0}, "loadoutDamage": {}}