{"deaths": 21170, "totalAttacks": 100001, "damagingAttacks": 196332.875, "damageDone": {"1": 108039.10965235367, "2": 108039.10965235367, "3": 108039.10965235367, "4": 108039.10965235367}, "bleedDamage": {"1": 0.0, "2": 0.0, "3": 0.0, "4": 0.0}}