{"deaths": {"1": 598, "2": 1147, "3": 2240}, "totalAttacks": {"1": 18392.0, "2": 6384.0, "3": 8684.0}, "damagingAttacks": {"1": 17676.0, "2": 5847.0, "3": 6829.9375}, "damageDone": {"1": {"1": 26628.500000000782, "2": 7462.578947368603, "3": 8191.322368421242}, "2": {"1": 34553.64880920757, "2": 9683.584586377252, "3": 10629.215930353444}, "3": {"1": 44837.47285914558, "2": 12565.603808398198, "3": 13792.673052356486}, "4": {"1": 57479.9721498432, "2": 16108.636613430803, "3": 17681.693734428405}}, "bleedDamage": {"1": {"1": 0.0, "2": 0.0, "3": 0.0}, "2": {"1": 0.0, "2": 0.0, "3": 0.0}, "3": {"1": 0.0, "2": 0.0, "3": 0.0}, "4": {"1": 0.0, "2": 0.0, "3": 0.0}}}