{"deaths": 5624, "totalAttacks": 100001, "damagingAttacks": 81477.125, "damageDone": {"1": 41836.023391815004, "2": 65742.32247282268, "3": 103309.36388596256, "4": 154537.14763105946}, "bleedDamage": {"1": 0.0, "2": 0.0, "3": 0.0, "4": 0.0}}