{"deaths": 21170, "totalAttacks": 100001, "damagingAttacks": 198028.75, "damageDone": {"1": 135821.32026621234, "2": 135821.32026621234, "3": 135821.32026621234, "4": 135821.32026621234}, "bleedDamage": {"1": 0.0, "2": 0.0, "3": 0.0, "4": 0.0}}