{"deaths": 41901, "totalAttacks": 200002, "damagingAttacks": 382547.0, "damageDone": {"1": 117490.23791906785, "2": 117490.23791906785, "3": 117490.23791906785, "4": 117490.23791906785}, "bleedDamage": {"1": 0.0, "2": 0.0, "3": 0.0, "4": 0.0}}