{"deaths": 33596, "totalAttacks": 300003, "damagingAttacks": 269451.75, "damageDone": {"1": 127039.64940823002, "2": 136811.93013210644, "3": 146584.21085576594, "4": 158611.63328489385}, "bleedDamage": {"1": 0.0, "2": 0.0, "3": 0.0, "4": 0.0}}