{"deaths": 41901, "totalAttacks": 200002, "damagingAttacks": 354554.0, "damageDone": {"1": 55278.67776135024, "2": 55278.67776135024, "3": 55278.67776135024, "4": 55278.67776135024}, "bleedDamage": {"1": 0.0, "2": 0.0, "3": 0.0, "4": 0.0}}