{"deaths": 41901, "totalAttacks": 300003, "damagingAttacks": 325209.0, "damageDone": {"1": 149342.435897364, "2": 160830.31558186194, "3": 172318.19526619258, "4": 186457.12410882046}, "bleedDamage": {"1": 0.0, "2": 0.0, "3": 0.0, "4": 0.0}}