{"deaths": 41901, "totalAttacks": 200002, "damagingAttacks": 373462.75, "damageDone": {"1": 36078.56410257484, "2": 36078.56410257484, "3": 36078.56410257484, "4": 36078.56410257484}, "bleedDamage": {"1": 0.0, "2": 0.0, "3": 0.0, "4": 0.0}}