{"deaths": 41901, "totalAttacks": 395334, "damagingAttacks": 584421.75, "damageDone": {"1": 195664.96055218234, "2": 210716.1113641646, "3": 225767.2621756289, "4": 244291.7554827105}, "bleedDamage": {"1": 0.0, "2": 0.0, "3": 0.0, "4": 0.0}}