{"deaths": 33596, "totalAttacks": 100001, "damagingAttacks": 126620.75, "damageDone": {"1": 112849.0914078356, "2": 112849.0914078356, "3": 112849.0914078356, "4": 112849.0914078356}, "bleedDamage": {"1": 0.0, "2": 0.0, "3": 0.0, "4": 0.0}}