{"deaths": {"1": 4670, "2": 9865, "3": 16518}, "totalAttacks": {"1": 36784.0, "2": 12768.0, "3": 17368.0}, "damagingAttacks": {"1": 35352.0, "2": 11694.0, "3": 13659.875}, "damageDone": {"1": {"1": 13149.049309668397, "2": 2585.9299802760497, "3": 3089.949950690285}, "2": {"1": 13149.049309668397, "2": 2585.9299802760497, "3": 3089.949950690285}, "3": {"1": 13149.049309668397, "2": 2585.9299802760497, "3": 3089.949950690285}, "4": {"1": 13149.049309668397, "2": 2585.9299802760497, "3": 3089.949950690285}}, "bleedDamage": {"1": {"1": 0.0, "2": 0.0, "3": 0.0}, "2": {"1": 0.0, "2": 0.0, "3": 0.0}, "3": {"1": 0.0, "2": 0.0, "3": 0.0}, "4": {"1": 0.0, "2": 0.0, "3": 0.0}}}