{"deaths": 33596, "totalAttacks": 300003, "damagingAttacks": 379862.25, "damageDone": {"1": 185104.9844675911, "2": 199343.82942654061, "3": 213582.67438555337, "4": 231107.4066428752}, "bleedDamage": {"1": 0.0, "2": 0.0, "3": 0.0, "4": 0.0}}