{"deaths": 41901, "totalAttacks": 200002, "damagingAttacks": 363384.25, "damageDone": {"1": 69576.97411243212, "2": 69576.97411243212, "3": 69576.97411243212, "4": 69576.97411243212}, "bleedDamage": {"1": 0.0, "2": 0.0, "3": 0.0, "4": 0.0}}