{"deaths": 41901, "totalAttacks": 200002, "damagingAttacks": 354792.5, "damageDone": {"1": 59736.29980276702, "2": 59736.29980276702, "3": 59736.29980276702, "4": 59736.29980276702}, "bleedDamage": {"1": 0.0, "2": 0.0, "3": 0.0, "4": 0.0}}