{"deaths": 33596, "totalAttacks": 300003, "damagingAttacks": 325209.0, "damageDone": {"1": 150084.0636094973, "2": 161628.99157946193, "3": 173173.91954940255, "4": 187383.06166628626}, "bleedDamage": {"1": 0.0, "2": 0.0, "3": 0.0, "4": 0.0}}