{"deaths": 41901, "totalAttacks": 200002, "damagingAttacks": 351590.75, "damageDone": {"1": 116766.66697479224, "2": 116766.66697479224, "3": 116766.66697479224, "4": 116766.66697479224}, "bleedDamage": {"1": 0.0, "2": 0.0, "3": 0.0, "4": 0.0}}