{"deaths": 41901, "totalAttacks": 200002, "damagingAttacks": 337906.75, "damageDone": {"1": 34470.717209089744, "2": 34470.717209089744, "3": 34470.717209089744, "4": 34470.717209089744}, "bleedDamage": {"1": 0.0, "2": 0.0, "3": 0.0, "4": 0.0}}