{"deaths": 41901, "totalAttacks": 100001, "damagingAttacks": 199024.75, "damageDone": {"1": 60671.32371796617, "2": 60671.32371796617, "3": 60671.32371796617, "4": 60671.32371796617}, "bleedDamage": {"1": 0.0, "2": 0.0, "3": 0.0, "4": 0.0}}