{"deaths": 41901, "totalAttacks": 300003, "damagingAttacks": 390690.0, "damageDone": {"1": 133504.69921102357, "2": 143774.29145813393, "3": 154043.88370501462, "4": 166683.3818552038}, "bleedDamage": {"1": 0.0, "2": 0.0, "3": 0.0, "4": 0.0}}