{"deaths": 41901, "totalAttacks": 100001, "damagingAttacks": 198744.625, "damageDone": {"1": 38700.12376726802, "2": 38700.12376726802, "3": 38700.12376726802, "4": 38700.12376726802}, "bleedDamage": {"1": 0.0, "2": 0.0, "3": 0.0, "4": 0.0}}