{"deaths": 41901, "totalAttacks": 2063556, "damagingAttacks": 3770483.25, "damageDone": {"1": 501683.9963014456, "2": 501683.9963014456, "3": 501683.9963014456, "4": 501683.9963014456}, "bleedDamage": {"1": 0.0, "2": 0.0, "3": 0.0, "4": 0.0}, "loadoutDamage": {}}