{"deaths": 41901, "totalAttacks": 300003, "damagingAttacks": 573820.5, "damageDone": {"1": 48635.49383625515, "2": 48635.49383625515, "3": 48635.49383625515, "4": 48635.49383625515}, "bleedDamage": {"1": 0.0, "2": 0.0, "3": 0.0, "4": 0.0}}