{"deaths": 41901, "totalAttacks": 100001, "damagingAttacks": 197585.5, "damageDone": {"1": 71097.86883631173, "2": 71097.86883631173, "3": 71097.86883631173, "4": 71097.86883631173}, "bleedDamage": {"1": 0.0, "2": 0.0, "3": 0.0, "4": 0.0}}