{"deaths": 41901, "totalAttacks": 300003, "damagingAttacks": 391400.625, "damageDone": {"1": 116589.31213013198, "2": 125557.72075562704, "3": 134526.12938097943, "4": 145564.17076615692}, "bleedDamage": {"1": 0.0, "2": 0.0, "3": 0.0, "4": 0.0}}