{"deaths": 41901, "totalAttacks": 395334, "damagingAttacks": 768393.0, "damageDone": {"1": 65755.90335302785, "2": 65755.90335302785, "3": 65755.90335302785, "4": 65755.90335302785}, "bleedDamage": {"1": 0.0, "2": 0.0, "3": 0.0, "4": 0.0}}