{"deaths": 41901, "totalAttacks": 300003, "damagingAttacks": 350895.375, "damageDone": {"1": 209378.89916167725, "2": 225484.96832812703, "3": 241591.037494179, "4": 261413.89185316488}, "bleedDamage": {"1": 0.0, "2": 0.0, "3": 0.0, "4": 0.0}}