{"deaths": 41901, "totalAttacks": 100001, "damagingAttacks": 196332.875, "damageDone": {"1": 43603.505670624385, "2": 43603.505670624385, "3": 43603.505670624385, "4": 43603.505670624385}, "bleedDamage": {"1": 0.0, "2": 0.0, "3": 0.0, "4": 0.0}}