{"deaths": 41901, "totalAttacks": 300003, "damagingAttacks": 361927.125, "damageDone": {"1": 103035.58062127612, "2": 110961.39451530352, "3": 118887.20840916462, "4": 128642.05627867785}, "bleedDamage": {"1": 0.0, "2": 0.0, "3": 0.0, "4": 0.0}}