{"deaths": 41901, "totalAttacks": 100001, "damagingAttacks": 198554.125, "damageDone": {"1": 55582.88856015679, "2": 55582.88856015679, "3": 55582.88856015679, "4": 55582.88856015679}, "bleedDamage": {"1": 0.0, "2": 0.0, "3": 0.0, "4": 0.0}}