{"deaths": 41901, "totalAttacks": 200002, "damagingAttacks": 354792.5, "damageDone": {"1": 168990.8481261843, "2": 168990.8481261843, "3": 168990.8481261843, "4": 168990.8481261843}, "bleedDamage": {"1": 0.0, "2": 0.0, "3": 0.0, "4": 0.0}}