{"deaths": 41901, "totalAttacks": 300003, "damagingAttacks": 527386.125, "damageDone": {"1": 48335.96911983636, "2": 48335.96911983636, "3": 48335.96911983636, "4": 48335.96911983636}, "bleedDamage": {"1": 0.0, "2": 0.0, "3": 0.0, "4": 0.0}}