{"deaths": 41901, "totalAttacks": 300003, "damagingAttacks": 244431.375, "damageDone": {"1": 70242.4519230588, "2": 75645.71745566599, "3": 81048.98298814883, "4": 87699.155951309}, "bleedDamage": {"1": 0.0, "2": 0.0, "3": 0.0, "4": 0.0}}