{"deaths": 41901, "totalAttacks": 300003, "damagingAttacks": 561624.75, "damageDone": {"1": 66706.20765527904, "2": 66706.20765527904, "3": 66706.20765527904, "4": 66706.20765527904}, "bleedDamage": {"1": 0.0, "2": 0.0, "3": 0.0, "4": 0.0}}