{"deaths": 41901, "totalAttacks": 200002, "damagingAttacks": 373462.75, "damageDone": {"1": 102064.35897430513, "2": 102064.35897430513, "3": 102064.35897430513, "4": 102064.35897430513}, "bleedDamage": {"1": 0.0, "2": 0.0, "3": 0.0, "4": 0.0}}