{"deaths": 41901, "totalAttacks": 300003, "damagingAttacks": 379862.25, "damageDone": {"1": 185860.77785988085, "2": 200157.76077235525, "3": 214454.74368448174, "4": 232051.0303460596}, "bleedDamage": {"1": 0.0, "2": 0.0, "3": 0.0, "4": 0.0}}