{"deaths": 33596, "totalAttacks": 395334, "damagingAttacks": 584421.75, "damageDone": {"1": 216282.34023670864, "2": 232919.44333197657, "3": 249556.54642708544, "4": 270032.98100585403}, "bleedDamage": {"1": 0.0, "2": 0.0, "3": 0.0, "4": 0.0}}