{"deaths": {"1": 3119, "2": 6864, "3": 12780}, "totalAttacks": {"1": 55176.0, "2": 19152.0, "3": 26052.0}, "damagingAttacks": {"1": 34084.5, "2": 12046.5, "3": 9775.6875}, "damageDone": {"1": {"1": 39632.28550295244, "2": 8186.5266272188355, "3": 7144.871301774989}, "2": {"1": 42680.92284933673, "2": 8816.259444697207, "3": 7694.476786527076}, "3": {"1": 45729.5601957247, "2": 9445.992262175843, "3": 8244.082271278983}, "4": {"1": 49481.72923741443, "2": 10221.048037533761, "3": 8920.519790973818}}, "bleedDamage": {"1": {"1": 0.0, "2": 0.0, "3": 0.0}, "2": {"1": 0.0, "2": 0.0, "3": 0.0}, "3": {"1": 0.0, "2": 0.0, "3": 0.0}, "4": {"1": 0.0, "2": 0.0, "3": 0.0}}}