{"deaths": 41901, "totalAttacks": 200002, "damagingAttacks": 354554.0, "damageDone": {"1": 156380.46998267373, "2": 156380.46998267373, "3": 156380.46998267373, "4": 156380.46998267373}, "bleedDamage": {"1": 0.0, "2": 0.0, "3": 0.0, "4": 0.0}}