{"deaths": 41901, "totalAttacks": 200002, "damagingAttacks": 365598.75, "damageDone": {"1": 143217.24605513833, "2": 143217.24605513833, "3": 143217.24605513833, "4": 143217.24605513833}, "bleedDamage": {"1": 0.0, "2": 0.0, "3": 0.0, "4": 0.0}}