{"deaths": 33596, "totalAttacks": 300003, "damagingAttacks": 244431.375, "damageDone": {"1": 80429.13609463593, "2": 86615.99271740192, "3": 92802.84933998351, "4": 100417.44210643947}, "bleedDamage": {"1": 0.0, "2": 0.0, "3": 0.0, "4": 0.0}}