{"deaths": 33596, "totalAttacks": 100001, "damagingAttacks": 108403.0, "damageDone": {"1": 91498.6177268809, "2": 91498.6177268809, "3": 91498.6177268809, "4": 91498.6177268809}, "bleedDamage": {"1": 0.0, "2": 0.0, "3": 0.0, "4": 0.0}}