{"deaths": 41901, "totalAttacks": 200002, "damagingAttacks": 363384.25, "damageDone": {"1": 196829.59781800097, "2": 196829.59781800097, "3": 196829.59781800097, "4": 196829.59781800097}, "bleedDamage": {"1": 0.0, "2": 0.0, "3": 0.0, "4": 0.0}}