{"deaths": 41901, "totalAttacks": 100001, "damagingAttacks": 198028.75, "damageDone": {"1": 62681.754191326065, "2": 62681.754191326065, "3": 62681.754191326065, "4": 62681.754191326065}, "bleedDamage": {"1": 0.0, "2": 0.0, "3": 0.0, "4": 0.0}}