{"deaths": {"1": 4670, "2": 9865, "3": 16518}, "totalAttacks": {"1": 18392.0, "2": 6384.0, "3": 8684.0}, "damagingAttacks": {"1": 18372.5, "2": 6323.0, "3": 8383.6875}, "damageDone": {"1": {"1": 13602.341715980787, "2": 3030.865384615288, "3": 4011.5530078893566}, "2": {"1": 13602.341715980787, "2": 3030.865384615288, "3": 4011.5530078893566}, "3": {"1": 13602.341715980787, "2": 3030.865384615288, "3": 4011.5530078893566}, "4": {"1": 13602.341715980787, "2": 3030.865384615288, "3": 4011.5530078893566}}, "bleedDamage": {"1": {"1": 0.0, "2": 0.0, "3": 0.0}, "2": {"1": 0.0, "2": 0.0, "3": 0.0}, "3": {"1": 0.0, "2": 0.0, "3": 0.0}, "4": {"1": 0.0, "2": 0.0, "3": 0.0}}}