{"deaths": 41901, "totalAttacks": 263556, "damagingAttacks": 512262.0, "damageDone": {"1": 158848.53057190776, "2": 158848.53057190776, "3": 158848.53057190776, "4": 158848.53057190776}, "bleedDamage": {"1": 0.0, "2": 0.0, "3": 0.0, "4": 0.0}}