{"deaths": 41901, "totalAttacks": 300003, "damagingAttacks": 548398.125, "damageDone": {"1": 59285.278599580204, "2": 59285.278599580204, "3": 59285.278599580204, "4": 59285.278599580204}, "bleedDamage": {"1": 0.0, "2": 0.0, "3": 0.0, "4": 0.0}}