{"deaths": {"1": 4670, "2": 9865, "3": 16518}, "totalAttacks": {"1": 55176.0, "2": 19152.0, "3": 26052.0}, "damagingAttacks": {"1": 34084.5, "2": 12046.5, "3": 9775.6875}, "damageDone": {"1": {"1": 41339.28747534884, "2": 7143.5971400395165, "3": 6542.609714004143}, "2": {"1": 44519.2326657565, "2": 7693.104612350143, "3": 7045.887384311854}, "3": {"1": 47699.17785617345, "2": 8242.612084660714, "3": 7549.165054619843}, "4": {"1": 51612.95655205916, "2": 8918.92897365887, "3": 8168.583725768429}}, "bleedDamage": {"1": {"1": 0.0, "2": 0.0, "3": 0.0}, "2": {"1": 0.0, "2": 0.0, "3": 0.0}, "3": {"1": 0.0, "2": 0.0, "3": 0.0}, "4": {"1": 0.0, "2": 0.0, "3": 0.0}}}