{"deaths": 41901, "totalAttacks": 300003, "damagingAttacks": 531831.0, "damageDone": {"1": 64734.24106257446, "2": 64734.24106257446, "3": 64734.24106257446, "4": 64734.24106257446}, "bleedDamage": {"1": 0.0, "2": 0.0, "3": 0.0, "4": 0.0}}