{"deaths": 41901, "totalAttacks": 100001, "damagingAttacks": 197138.125, "damageDone": {"1": 49966.791173597136, "2": 49966.791173597136, "3": 49966.791173597136, "4": 49966.791173597136}, "bleedDamage": {"1": 0.0, "2": 0.0, "3": 0.0, "4": 0.0}}