{"deaths": 33596, "totalAttacks": 300003, "damagingAttacks": 390690.0, "damageDone": {"1": 149129.1168638635, "2": 160600.58739207406, "3": 172072.0579198555, "4": 186190.79087752057}, "bleedDamage": {"1": 0.0, "2": 0.0, "3": 0.0, "4": 0.0}}