{"deaths": 41901, "totalAttacks": 300003, "damagingAttacks": 560194.125, "damageDone": {"1": 42249.89743589242, "2": 42249.89743589242, "3": 42249.89743589242, "4": 42249.89743589242}, "bleedDamage": {"1": 0.0, "2": 0.0, "3": 0.0, "4": 0.0}}