{"deaths": 33596, "totalAttacks": 300003, "damagingAttacks": 391400.625, "damageDone": {"1": 134584.78550292537, "2": 144937.46131094702, "3": 155290.13711880962, "4": 168031.89195940594}, "bleedDamage": {"1": 0.0, "2": 0.0, "3": 0.0, "4": 0.0}}