{"deaths": 41901, "totalAttacks": 200002, "damagingAttacks": 365598.75, "damageDone": {"1": 50625.63116370772, "2": 50625.63116370772, "3": 50625.63116370772, "4": 50625.63116370772}, "bleedDamage": {"1": 0.0, "2": 0.0, "3": 0.0, "4": 0.0}}