{"deaths": 41901, "totalAttacks": 100001, "damagingAttacks": 199657.5, "damageDone": {"1": 43636.629191314176, "2": 43636.629191314176, "3": 43636.629191314176, "4": 43636.629191314176}, "bleedDamage": {"1": 0.0, "2": 0.0, "3": 0.0, "4": 0.0}}