{"deaths": 33596, "totalAttacks": 300003, "damagingAttacks": 350895.375, "damageDone": {"1": 195400.1176035628, "2": 210430.89588079645, "3": 225461.67415799227, "4": 243961.0935761045}, "bleedDamage": {"1": 0.0, "2": 0.0, "3": 0.0, "4": 0.0}}