{"deaths": 41901, "totalAttacks": 263556, "damagingAttacks": 512262.0, "damageDone": {"1": 56151.108481282325, "2": 56151.108481282325, "3": 56151.108481282325, "4": 56151.108481282325}, "bleedDamage": {"1": 0.0, "2": 0.0, "3": 0.0, "4": 0.0}}