{"deaths": 41901, "totalAttacks": 200002, "damagingAttacks": 382547.0, "damageDone": {"1": 41531.432938850405, "2": 41531.432938850405, "3": 41531.432938850405, "4": 41531.432938850405}, "bleedDamage": {"1": 0.0, "2": 0.0, "3": 0.0, "4": 0.0}}