{"deaths": 41901, "totalAttacks": 300003, "damagingAttacks": 506860.125, "damageDone": {"1": 40367.024100100054, "2": 40367.024100100054, "3": 40367.024100100054, "4": 40367.024100100054}, "bleedDamage": {"1": 0.0, "2": 0.0, "3": 0.0, "4": 0.0}}