{"deaths": 33596, "totalAttacks": 300003, "damagingAttacks": 332371.125, "damageDone": {"1": 145089.42455620482, "2": 156250.14952216423, "3": 167410.87448798274, "4": 181147.1513690704}, "bleedDamage": {"1": 0.0, "2": 0.0, "3": 0.0, "4": 0.0}}