{"deaths": 41901, "totalAttacks": 131778, "damagingAttacks": 263292.75, "damageDone": {"1": 58333.74753452447, "2": 58333.74753452447, "3": 58333.74753452447, "4": 58333.74753452447}, "bleedDamage": {"1": 0.0, "2": 0.0, "3": 0.0, "4": 0.0}}