{"deaths": 33596, "totalAttacks": 100001, "damagingAttacks": 89817.25, "damageDone": {"1": 77449.61082347704, "2": 77449.61082347704, "3": 77449.61082347704, "4": 77449.61082347704}, "bleedDamage": {"1": 0.0, "2": 0.0, "3": 0.0, "4": 0.0}}