{"deaths": 41901, "totalAttacks": 300003, "damagingAttacks": 532188.75, "damageDone": {"1": 69954.35108478735, "2": 69954.35108478735, "3": 69954.35108478735, "4": 69954.35108478735}, "bleedDamage": {"1": 0.0, "2": 0.0, "3": 0.0, "4": 0.0}}