{"deaths": 41901, "totalAttacks": 200002, "damagingAttacks": 374416.5, "damageDone": {"1": 161144.2095044245, "2": 161144.2095044245, "3": 161144.2095044245, "4": 161144.2095044245}, "bleedDamage": {"1": 0.0, "2": 0.0, "3": 0.0, "4": 0.0}}