{"deaths": 41901, "totalAttacks": 200002, "damagingAttacks": 374416.5, "damageDone": {"1": 56962.604289969226, "2": 56962.604289969226, "3": 56962.604289969226, "4": 56962.604289969226}, "bleedDamage": {"1": 0.0, "2": 0.0, "3": 0.0, "4": 0.0}}