{"deaths": 41901, "totalAttacks": 100001, "damagingAttacks": 198133.375, "damageDone": {"1": 78402.16494079963, "2": 78402.16494079963, "3": 78402.16494079963, "4": 78402.16494079963}, "bleedDamage": {"1": 0.0, "2": 0.0, "3": 0.0, "4": 0.0}}