{"deaths": 33596, "totalAttacks": 300003, "damagingAttacks": 361927.125, "damageDone": {"1": 118547.4363905311, "2": 127666.46995911766, "3": 136785.50352755183, "4": 148008.92945804415}, "bleedDamage": {"1": 0.0, "2": 0.0, "3": 0.0, "4": 0.0}}