{"deaths": 41901, "totalAttacks": 300003, "damagingAttacks": 545076.375, "damageDone": {"1": 81478.2986316187, "2": 81478.2986316187, "3": 81478.2986316187, "4": 81478.2986316187}, "bleedDamage": {"1": 0.0, "2": 0.0, "3": 0.0, "4": 0.0}}