{"deaths": {"1": 4670, "2": 9865, "3": 16518}, "totalAttacks": {"1": 55176.0, "2": 19152.0, "3": 26052.0}, "damagingAttacks": {"1": 53028.0, "2": 17541.0, "3": 20489.8125}, "damageDone": {"1": {"1": 15398.228796845215, "2": 3028.2601084812804, "3": 3618.4940212031665}, "2": {"1": 15398.228796845215, "2": 3028.2601084812804, "3": 3618.4940212031665}, "3": {"1": 15398.228796845215, "2": 3028.2601084812804, "3": 3618.4940212031665}, "4": {"1": 15398.228796845215, "2": 3028.2601084812804, "3": 3618.4940212031665}}, "bleedDamage": {"1": {"1": 0.0, "2": 0.0, "3": 0.0}, "2": {"1": 0.0, "2": 0.0, "3": 0.0}, "3": {"1": 0.0, "2": 0.0, "3": 0.0}, "4": {"1": 0.0, "2": 0.0, "3": 0.0}}}