{"deaths": 41901, "totalAttacks": 300003, "damagingAttacks": 332371.125, "damageDone": {"1": 138114.166666669, "2": 148738.33333339042, "3": 159362.49999993452, "4": 172438.397436019}, "bleedDamage": {"1": 0.0, "2": 0.0, "3": 0.0, "4": 0.0}}