{"deaths": 41901, "totalAttacks": 300003, "damagingAttacks": 269451.75, "damageDone": {"1": 126651.5594181318, "2": 136393.98706576196, "3": 146136.4147132185, "4": 158127.09489492953}, "bleedDamage": {"1": 0.0, "2": 0.0, "3": 0.0, "4": 0.0}}