{"deaths": 41901, "totalAttacks": 200002, "damagingAttacks": 337906.75, "damageDone": {"1": 97515.84473616495, "2": 97515.84473616495, "3": 97515.84473616495, "4": 97515.84473616495}, "bleedDamage": {"1": 0.0, "2": 0.0, "3": 0.0, "4": 0.0}}