{"deaths": 41901, "totalAttacks": 200002, "damagingAttacks": 351590.75, "damageDone": {"1": 41275.65902366423, "2": 41275.65902366423, "3": 41275.65902366423, "4": 41275.65902366423}, "bleedDamage": {"1": 0.0, "2": 0.0, "3": 0.0, "4": 0.0}}