{"deaths": 19158, "totalAttacks": 200002, "damagingAttacks": 162954.25, "damageDone": {"1": 42898.299309676055, "2": 46198.16848737482, "3": 49498.037664991454, "4": 53559.41511443211}, "bleedDamage": {"1": 0.0, "2": 0.0, "3": 0.0, "4": 0.0}}