{"deaths": 23881, "totalAttacks": 131778, "damagingAttacks": 256131.0, "damageDone": {"1": 117681.63412230702, "2": 126734.06751647001, "3": 135786.50091039363, "4": 146927.95739536468}, "bleedDamage": {"1": 0.0, "2": 0.0, "3": 0.0, "4": 0.0}}