{"deaths": 23881, "totalAttacks": 100001, "damagingAttacks": 175795.375, "damageDone": {"1": 66287.3274161824, "2": 71386.3526020803, "3": 76485.37778786922, "4": 82761.10109358879}, "bleedDamage": {"1": 0.0, "2": 0.0, "3": 0.0, "4": 0.0}}