{"deaths": 19158, "totalAttacks": 100001, "damagingAttacks": 108403.0, "damageDone": {"1": 132851.66605031426, "2": 143071.02497732834, "3": 153290.3839042722, "4": 165868.05642967162}, "bleedDamage": {"1": 0.0, "2": 0.0, "3": 0.0, "4": 0.0}}