{"deaths": {"1": 1937, "2": 4553, "3": 9155}, "totalAttacks": {"1": 18392.0, "2": 6384.0, "3": 8684.0}, "damagingAttacks": {"1": 17676.0, "2": 5847.0, "3": 6829.9375}, "damageDone": {"1": {"1": 22081.24161735879, "2": 5659.845167652924, "3": 5868.334566074938}, "2": {"1": 23779.7986648446, "2": 6095.2178728570425, "3": 6319.744917311557}, "3": {"1": 25478.35571233508, "2": 6530.590578060891, "3": 6771.1552685478555}, "4": {"1": 27568.887463091374, "2": 7066.43390754305, "3": 7326.73723930106}}, "bleedDamage": {"1": {"1": 0.0, "2": 0.0, "3": 0.0}, "2": {"1": 0.0, "2": 0.0, "3": 0.0}, "3": {"1": 0.0, "2": 0.0, "3": 0.0}, "4": {"1": 0.0, "2": 0.0, "3": 0.0}}}