{"deaths": 23881, "totalAttacks": 100001, "damagingAttacks": 197138.125, "damageDone": {"1": 84530.59714002883, "2": 84530.59714002883, "3": 84530.59714002883, "4": 84530.59714002883}, "bleedDamage": {"1": 0.0, "2": 0.0, "3": 0.0, "4": 0.0}}