{"deaths": 19158, "totalAttacks": 200002, "damagingAttacks": 179634.5, "damageDone": {"1": 61405.5828402183, "2": 66129.08921261408, "3": 70852.59558490125, "4": 76666.14188931018}, "bleedDamage": {"1": 0.0, "2": 0.0, "3": 0.0, "4": 0.0}}