{"deaths": 23881, "totalAttacks": 100001, "damagingAttacks": 198744.625, "damageDone": {"1": 72883.76577911516, "2": 72883.76577911516, "3": 72883.76577911516, "4": 72883.76577911516}, "bleedDamage": {"1": 0.0, "2": 0.0, "3": 0.0, "4": 0.0}}