{"deaths": 23881, "totalAttacks": 2063556, "damagingAttacks": 3770483.25, "damageDone": {"1": 1419237.6211186007, "2": 1419237.6211186007, "3": 1419237.6211186007, "4": 1419237.6211186007}, "bleedDamage": {"1": 0.0, "2": 0.0, "3": 0.0, "4": 0.0}, "loadoutDamage": {}}