{"deaths": 19158, "totalAttacks": 200002, "damagingAttacks": 233930.25, "damageDone": {"1": 90357.19354043933, "2": 97307.74688977672, "3": 104258.30023888248, "4": 112812.82743807504}, "bleedDamage": {"1": 0.0, "2": 0.0, "3": 0.0, "4": 0.0}}