{"deaths": 19158, "totalAttacks": 263556, "damagingAttacks": 389614.5, "damageDone": {"1": 111312.58678497677, "2": 119875.09346090324, "3": 128437.60013647359, "4": 138976.06989132683}, "bleedDamage": {"1": 0.0, "2": 0.0, "3": 0.0, "4": 0.0}}