{"deaths": {"1": 1336, "2": 3271, "3": 7086}, "totalAttacks": {"1": 18392.0, "2": 6384.0, "3": 8684.0}, "damagingAttacks": {"1": 11361.5, "2": 4015.5, "3": 3258.5625}, "damageDone": {"1": {"1": 33478.763436885754, "2": 7925.261834319603, "3": 6639.640347633137}, "2": {"1": 36054.05293202857, "2": 8534.897360036302, "3": 7150.3819128355435}, "3": {"1": 38629.34242717639, "2": 9144.532885753184, "3": 7661.123478038089}, "4": {"1": 41798.92949811379, "2": 9894.853532789113, "3": 8289.728481363905}}, "bleedDamage": {"1": {"1": 0.0, "2": 0.0, "3": 0.0}, "2": {"1": 0.0, "2": 0.0, "3": 0.0}, "3": {"1": 0.0, "2": 0.0, "3": 0.0}, "4": {"1": 0.0, "2": 0.0, "3": 0.0}}}