{"deaths": 23881, "totalAttacks": 395334, "damagingAttacks": 768393.0, "damageDone": {"1": 168453.32544389713, "2": 181411.27355497968, "3": 194369.22166590235, "4": 210317.46549497722}, "bleedDamage": {"1": 0.0, "2": 0.0, "3": 0.0, "4": 0.0}}