{"deaths": 19158, "totalAttacks": 200002, "damagingAttacks": 216806.0, "damageDone": {"1": 72638.32100593198, "2": 78225.88416026818, "3": 83813.4473145211, "4": 90690.44811980045}, "bleedDamage": {"1": 0.0, "2": 0.0, "3": 0.0, "4": 0.0}}