{"deaths": 19158, "totalAttacks": 131778, "damagingAttacks": 194807.25, "damageDone": {"1": 203584.86267244082, "2": 219245.23672429365, "3": 234905.61077613416, "4": 254179.91730122553}, "bleedDamage": {"1": 0.0, "2": 0.0, "3": 0.0, "4": 0.0}}