{"deaths": 19158, "totalAttacks": 100001, "damagingAttacks": 130230.0, "damageDone": {"1": 139840.59701676734, "2": 150597.5660181135, "3": 161354.5350193981, "4": 174593.88148247064}, "bleedDamage": {"1": 0.0, "2": 0.0, "3": 0.0, "4": 0.0}}