{"deaths": 19158, "totalAttacks": 200002, "damagingAttacks": 253241.5, "damageDone": {"1": 88650.82396444435, "2": 95470.11811566775, "3": 102289.41226665823, "4": 110682.38968349631}, "bleedDamage": {"1": 0.0, "2": 0.0, "3": 0.0, "4": 0.0}}