{"deaths": 23881, "totalAttacks": 100001, "damagingAttacks": 187208.25, "damageDone": {"1": 73791.5029586185, "2": 79467.77241697695, "3": 85144.04187530621, "4": 92130.21967012573}, "bleedDamage": {"1": 0.0, "2": 0.0, "3": 0.0, "4": 0.0}}