{"deaths": 23881, "totalAttacks": 300003, "damagingAttacks": 506860.125, "damageDone": {"1": 103412.1516272266, "2": 111366.93252163604, "3": 119321.71341604892, "4": 129112.21297834233}, "bleedDamage": {"1": 0.0, "2": 0.0, "3": 0.0, "4": 0.0}}