{"deaths": 23881, "totalAttacks": 100001, "damagingAttacks": 177396.25, "damageDone": {"1": 110833.50197238124, "2": 119359.1559704354, "3": 127884.80996814684, "4": 138377.92258094827}, "bleedDamage": {"1": 0.0, "2": 0.0, "3": 0.0, "4": 0.0}}