{"deaths": 19158, "totalAttacks": 200002, "damagingAttacks": 260460.0, "damageDone": {"1": 76459.6070020019, "2": 82341.11523298727, "3": 88222.62346379462, "4": 95461.40282491353}, "bleedDamage": {"1": 0.0, "2": 0.0, "3": 0.0, "4": 0.0}}