{"deaths": 23881, "totalAttacks": 100001, "damagingAttacks": 186731.375, "damageDone": {"1": 94139.35527615446, "2": 101380.84414360845, "3": 108622.33301092453, "4": 117534.93469386986}, "bleedDamage": {"1": 0.0, "2": 0.0, "3": 0.0, "4": 0.0}}