{"deaths": 23881, "totalAttacks": 100001, "damagingAttacks": 198028.75, "damageDone": {"1": 101728.18293884251, "2": 101728.18293884251, "3": 101728.18293884251, "4": 101728.18293884251}, "bleedDamage": {"1": 0.0, "2": 0.0, "3": 0.0, "4": 0.0}}