{"deaths": 19158, "totalAttacks": 200002, "damagingAttacks": 241284.75, "damageDone": {"1": 63226.68318539835, "2": 68090.2741997162, "3": 72953.86521395195, "4": 78939.82338533117}, "bleedDamage": {"1": 0.0, "2": 0.0, "3": 0.0, "4": 0.0}}