{"deaths": 23881, "totalAttacks": 100001, "damagingAttacks": 181692.125, "damageDone": {"1": 107900.01627226922, "2": 116200.01752402254, "3": 124500.01877562278, "4": 134715.40493160114}, "bleedDamage": {"1": 0.0, "2": 0.0, "3": 0.0, "4": 0.0}}