{"deaths": 19158, "totalAttacks": 100001, "damagingAttacks": 116965.125, "damageDone": {"1": 165258.5513436918, "2": 177970.7476009534, "3": 190682.94385818616, "4": 206328.72386695637}, "bleedDamage": {"1": 0.0, "2": 0.0, "3": 0.0, "4": 0.0}}