{"deaths": 23881, "totalAttacks": 131778, "damagingAttacks": 263292.75, "damageDone": {"1": 104492.59861932693, "2": 104492.59861932693, "3": 104492.59861932693, "4": 104492.59861932693}, "bleedDamage": {"1": 0.0, "2": 0.0, "3": 0.0, "4": 0.0}}