{"deaths": {"1": 1526, "2": 3687, "3": 7829}, "totalAttacks": {"1": 36784.0, "2": 12768.0, "3": 17368.0}, "damagingAttacks": {"1": 22723.0, "2": 8031.0, "3": 6517.125}, "damageDone": {"1": {"1": 18304.93540433924, "2": 4333.236686390456, "3": 3630.3069526628306}, "2": {"1": 19713.007358517283, "2": 4666.562585343749, "3": 3909.561333636778}, "3": {"1": 21121.079312699952, "2": 4999.8884842969055, "3": 4188.815714610817}, "4": {"1": 22854.090948613346, "2": 5410.135744546823, "3": 4532.513414271169}}, "bleedDamage": {"1": {"1": 0.0, "2": 0.0, "3": 0.0}, "2": {"1": 0.0, "2": 0.0, "3": 0.0}, "3": {"1": 0.0, "2": 0.0, "3": 0.0}, "4": {"1": 0.0, "2": 0.0, "3": 0.0}}}