{"deaths": 23881, "totalAttacks": 1031778, "damagingAttacks": 1210213.125, "damageDone": {"1": 1370720.3041835763, "2": 1476160.3275793458, "3": 1581600.3509725372, "4": 1711372.6874688272}, "bleedDamage": {"1": 0.0, "2": 0.0, "3": 0.0, "4": 0.0}, "loadoutDamage": {}}