{"deaths": 23881, "totalAttacks": 1031778, "damagingAttacks": 2046474.375, "damageDone": {"1": 942380.4659802128, "2": 942380.4659802128, "3": 942380.4659802128, "4": 942380.4659802128}, "bleedDamage": {"1": 0.0, "2": 0.0, "3": 0.0, "4": 0.0}, "loadoutDamage": {}}