{"deaths": 23881, "totalAttacks": 100001, "damagingAttacks": 198133.375, "damageDone": {"1": 118722.18860941457, "2": 118722.18860941457, "3": 118722.18860941457, "4": 118722.18860941457}, "bleedDamage": {"1": 0.0, "2": 0.0, "3": 0.0, "4": 0.0}}