{"deaths": 23881, "totalAttacks": 100001, "damagingAttacks": 198554.125, "damageDone": {"1": 94064.79339248006, "2": 94064.79339248006, "3": 94064.79339248006, "4": 94064.79339248006}, "bleedDamage": {"1": 0.0, "2": 0.0, "3": 0.0, "4": 0.0}}