{"deaths": 23881, "totalAttacks": 100001, "damagingAttacks": 191273.5, "damageDone": {"1": 93508.36883629786, "2": 100701.32028534646, "3": 107894.27173421053, "4": 116747.13505596088}, "bleedDamage": {"1": 0.0, "2": 0.0, "3": 0.0, "4": 0.0}}