{"deaths": 23881, "totalAttacks": 300003, "damagingAttacks": 561624.75, "damageDone": {"1": 170887.81286990768, "2": 184033.02924446526, "3": 197178.24561911382, "4": 213356.97346474102}, "bleedDamage": {"1": 0.0, "2": 0.0, "3": 0.0, "4": 0.0}}