{"deaths": 23881, "totalAttacks": 100001, "damagingAttacks": 199657.5, "damageDone": {"1": 79626.25493104091, "2": 79626.25493104091, "3": 79626.25493104091, "4": 79626.25493104091}, "bleedDamage": {"1": 0.0, "2": 0.0, "3": 0.0, "4": 0.0}}