{"deaths": 23881, "totalAttacks": 100001, "damagingAttacks": 196332.875, "damageDone": {"1": 76983.05325451295, "2": 76983.05325451295, "3": 76983.05325451295, "4": 76983.05325451295}, "bleedDamage": {"1": 0.0, "2": 0.0, "3": 0.0, "4": 0.0}}