{"deaths": 23881, "totalAttacks": 100001, "damagingAttacks": 168953.375, "damageDone": {"1": 71361.1518737555, "2": 76850.4712487583, "3": 82339.79062359335, "4": 89095.87600805073}, "bleedDamage": {"1": 0.0, "2": 0.0, "3": 0.0, "4": 0.0}}