{"deaths": 23881, "totalAttacks": 100001, "damagingAttacks": 182799.375, "damageDone": {"1": 96451.40138067458, "2": 103870.7399485517, "3": 111290.0785161833, "4": 120421.57213806917}, "bleedDamage": {"1": 0.0, "2": 0.0, "3": 0.0, "4": 0.0}}