{"deaths": 19158, "totalAttacks": 100001, "damagingAttacks": 126620.75, "damageDone": {"1": 162137.69119822685, "2": 174609.82129046455, "3": 187081.95138257075, "4": 202432.26534212538}, "bleedDamage": {"1": 0.0, "2": 0.0, "3": 0.0, "4": 0.0}}