{"deaths": 23881, "totalAttacks": 100001, "damagingAttacks": 199024.75, "damageDone": {"1": 99899.10971399478, "2": 99899.10971399478, "3": 99899.10971399478, "4": 99899.10971399478}, "bleedDamage": {"1": 0.0, "2": 0.0, "3": 0.0, "4": 0.0}}