{"deaths": 19158, "totalAttacks": 200002, "damagingAttacks": 221580.75, "damageDone": {"1": 71732.92135106397, "2": 77250.8383781384, "3": 82768.75540506476, "4": 89560.03789988707}, "bleedDamage": {"1": 0.0, "2": 0.0, "3": 0.0, "4": 0.0}}