{"deaths": 23881, "totalAttacks": 100001, "damagingAttacks": 197585.5, "damageDone": {"1": 109456.96696250224, "2": 109456.96696250224, "3": 109456.96696250224, "4": 109456.96696250224}, "bleedDamage": {"1": 0.0, "2": 0.0, "3": 0.0, "4": 0.0}}