{"deaths": 23881, "totalAttacks": 100001, "damagingAttacks": 177277.0, "damageDone": {"1": 88940.27416167667, "2": 95781.83371276713, "3": 102623.39326362142, "4": 111043.77424929982}, "bleedDamage": {"1": 0.0, "2": 0.0, "3": 0.0, "4": 0.0}}