{"deaths": 19158, "totalAttacks": 100001, "damagingAttacks": 81477.125, "damageDone": {"1": 78458.73163211343, "2": 84494.01868080419, "3": 90529.30572943848, "4": 97957.35132768426}, "bleedDamage": {"1": 0.0, "2": 0.0, "3": 0.0, "4": 0.0}}