{"deaths": {"1": 1937, "2": 4553, "3": 9155}, "totalAttacks": {"1": 18392.0, "2": 6384.0, "3": 8684.0}, "damagingAttacks": {"1": 18372.5, "2": 6323.0, "3": 8383.6875}, "damageDone": {"1": {"1": 21591.710552268865, "2": 5229.159763313649, "3": 6892.04388560186}, "2": {"1": 21591.710552268865, "2": 5229.159763313649, "3": 6892.04388560186}, "3": {"1": 21591.710552268865, "2": 5229.159763313649, "3": 6892.04388560186}, "4": {"1": 21591.710552268865, "2": 5229.159763313649, "3": 6892.04388560186}}, "bleedDamage": {"1": {"1": 0.0, "2": 0.0, "3": 0.0}, "2": {"1": 0.0, "2": 0.0, "3": 0.0}, "3": {"1": 0.0, "2": 0.0, "3": 0.0}, "4": {"1": 0.0, "2": 0.0, "3": 0.0}}}