{"deaths": 23881, "totalAttacks": 1031778, "damagingAttacks": 1885241.625, "damageDone": {"1": 920885.8212542956, "2": 991723.1921095911, "3": 1062560.5629825036, "4": 1149745.0194338846}, "bleedDamage": {"1": 0.0, "2": 0.0, "3": 0.0, "4": 0.0}, "loadoutDamage": {}}