{"deaths": 19158, "totalAttacks": 200002, "damagingAttacks": 260933.75, "damageDone": {"1": 70780.08727810948, "2": 76224.70937648376, "3": 81669.33147471953, "4": 88370.40482648302}, "bleedDamage": {"1": 0.0, "2": 0.0, "3": 0.0, "4": 0.0}}