{"deaths": 23881, "totalAttacks": 2063556, "damagingAttacks": 2420426.25, "damageDone": {"1": 749458.583577814, "2": 807109.2438465431, "3": 864759.9041301365, "4": 935714.5629322937}, "bleedDamage": {"1": 0.0, "2": 0.0, "3": 0.0, "4": 0.0}, "loadoutDamage": {}}