{"deaths": 243160, "totalAttacks": 200002, "damagingAttacks": 179634.5, "damageDone": {"1": 25330.311883623814, "2": 25330.311883623814, "3": 25330.311883623814, "4": 25330.311883623814}, "bleedDamage": {"1": 0.0, "2": 0.0, "3": 0.0, "4": 0.0}}