{"deaths": 243160, "totalAttacks": 200002, "damagingAttacks": 221580.75, "damageDone": {"1": 27622.83333333766, "2": 27622.83333333766, "3": 27622.83333333766, "4": 27622.83333333766}, "bleedDamage": {"1": 0.0, "2": 0.0, "3": 0.0, "4": 0.0}}