{"deaths": 100540, "totalAttacks": 2063556, "damagingAttacks": 2420426.25, "damageDone": {"1": 500561.2490145534, "2": 539065.9604750557, "3": 577570.6719385412, "4": 624961.0860464481}, "bleedDamage": {"1": 0.0, "2": 0.0, "3": 0.0, "4": 0.0}, "loadoutDamage": {}}