{"deaths": 100540, "totalAttacks": 200002, "damagingAttacks": 179634.5, "damageDone": {"1": 42346.54980275463, "2": 45603.97671070857, "3": 48861.40361858101, "4": 52870.544428302666}, "bleedDamage": {"1": 0.0, "2": 0.0, "3": 0.0, "4": 0.0}}