{"deaths": {"1": 11256, "2": 24465, "3": 39922}, "totalAttacks": {"1": 36784.0, "2": 12768.0, "3": 17368.0}, "damagingAttacks": {"1": 22723.0, "2": 8031.0, "3": 6517.125}, "damageDone": {"1": {"1": 20946.010539940264, "2": 4326.651134122363, "3": 3776.1271572976602}, "2": {"1": 22557.242119936604, "2": 4659.470452131687, "3": 4066.598477089898}, "3": {"1": 24168.473699932107, "2": 4992.289770141171, "3": 4357.069796882202}, "4": {"1": 26151.52795223347, "2": 5401.913546152587, "3": 4714.572959703008}}, "bleedDamage": {"1": {"1": 0.0, "2": 0.0, "3": 0.0}, "2": {"1": 0.0, "2": 0.0, "3": 0.0}, "3": {"1": 0.0, "2": 0.0, "3": 0.0}, "4": {"1": 0.0, "2": 0.0, "3": 0.0}}}