{"deaths": 243160, "totalAttacks": 200002, "damagingAttacks": 241284.75, "damageDone": {"1": 20607.116124267355, "2": 20607.116124267355, "3": 20607.116124267355, "4": 20607.116124267355}, "bleedDamage": {"1": 0.0, "2": 0.0, "3": 0.0, "4": 0.0}}