{"deaths": 100540, "totalAttacks": 200002, "damagingAttacks": 241284.75, "damageDone": {"1": 39515.81213019338, "2": 42555.48998637831, "3": 45595.16784252858, "4": 49336.30981935654}, "bleedDamage": {"1": 0.0, "2": 0.0, "3": 0.0, "4": 0.0}}