{"deaths": 100540, "totalAttacks": 200002, "damagingAttacks": 253241.5, "damageDone": {"1": 61701.66148915326, "2": 66447.9431422074, "3": 71194.22479518899, "4": 77035.80221422792}, "bleedDamage": {"1": 0.0, "2": 0.0, "3": 0.0, "4": 0.0}}