{"deaths": 100540, "totalAttacks": 200002, "damagingAttacks": 260460.0, "damageDone": {"1": 49709.70562130989, "2": 53533.52913068911, "3": 57357.352639967554, "4": 62063.59695914559}, "bleedDamage": {"1": 0.0, "2": 0.0, "3": 0.0, "4": 0.0}}