{"deaths": 100540, "totalAttacks": 200002, "damagingAttacks": 221580.75, "damageDone": {"1": 48363.14151874499, "2": 52083.38317405839, "3": 55803.624829329754, "4": 60382.38378966191}, "bleedDamage": {"1": 0.0, "2": 0.0, "3": 0.0, "4": 0.0}}