{"deaths": 100540, "totalAttacks": 200002, "damagingAttacks": 260933.75, "damageDone": {"1": 44861.5951676543, "2": 48312.48710365107, "3": 51763.379039606676, "4": 56010.63065308295}, "bleedDamage": {"1": 0.0, "2": 0.0, "3": 0.0, "4": 0.0}}