{"deaths": 243160, "totalAttacks": 200002, "damagingAttacks": 260933.75, "damageDone": {"1": 23317.86242604338, "2": 23317.86242604338, "3": 23317.86242604338, "4": 23317.86242604338}, "bleedDamage": {"1": 0.0, "2": 0.0, "3": 0.0, "4": 0.0}}