{"deaths": 100540, "totalAttacks": 200002, "damagingAttacks": 233930.25, "damageDone": {"1": 65133.3725345119, "2": 70143.63196031739, "3": 75153.89138604197, "4": 81320.36452535594}, "bleedDamage": {"1": 0.0, "2": 0.0, "3": 0.0, "4": 0.0}}