{"deaths": 243160, "totalAttacks": 200002, "damagingAttacks": 233930.25, "damageDone": {"1": 41875.779832323475, "2": 41875.779832323475, "3": 41875.779832323475, "4": 41875.779832323475}, "bleedDamage": {"1": 0.0, "2": 0.0, "3": 0.0, "4": 0.0}}