{"deaths": {"1": 37610, "2": 72308, "3": 100332}, "totalAttacks": {"1": 36784.0, "2": 12768.0, "3": 17368.0}, "damagingAttacks": {"1": 22723.0, "2": 8031.0, "3": 6517.125}, "damageDone": {"1": {"1": 13108.905633629442, "2": 2265.2722509862274, "3": 2074.6959750985884}, "2": {"1": 13108.905633629442, "2": 2265.2722509862274, "3": 2074.6959750985884}, "3": {"1": 13108.905633629442, "2": 2265.2722509862274, "3": 2074.6959750985884}, "4": {"1": 13108.905633629442, "2": 2265.2722509862274, "3": 2074.6959750985884}}, "bleedDamage": {"1": {"1": 0.0, "2": 0.0, "3": 0.0}, "2": {"1": 0.0, "2": 0.0, "3": 0.0}, "3": {"1": 0.0, "2": 0.0, "3": 0.0}, "4": {"1": 0.0, "2": 0.0, "3": 0.0}}}