{"deaths": 243160, "totalAttacks": 263556, "damagingAttacks": 389614.5, "damageDone": {"1": 39132.99211042469, "2": 39132.99211042469, "3": 39132.99211042469, "4": 39132.99211042469}, "bleedDamage": {"1": 0.0, "2": 0.0, "3": 0.0, "4": 0.0}}