{"deaths": 243160, "totalAttacks": 200002, "damagingAttacks": 162954.25, "damageDone": {"1": 14048.490384623003, "2": 14048.490384623003, "3": 14048.490384623003, "4": 14048.490384623003}, "bleedDamage": {"1": 0.0, "2": 0.0, "3": 0.0, "4": 0.0}}