{"deaths": 100540, "totalAttacks": 200002, "damagingAttacks": 216806.0, "damageDone": {"1": 50028.02120316743, "2": 53876.33052652851, "3": 57724.639849826155, "4": 62461.02055543572}, "bleedDamage": {"1": 0.0, "2": 0.0, "3": 0.0, "4": 0.0}}