{"deaths": 100540, "totalAttacks": 263556, "damagingAttacks": 389614.5, "damageDone": {"1": 72094.11341228166, "2": 77639.81444402145, "3": 83185.51547569135, "4": 90010.99366852197}, "bleedDamage": {"1": 0.0, "2": 0.0, "3": 0.0, "4": 0.0}}