{"deaths": 100540, "totalAttacks": 200002, "damagingAttacks": 162954.25, "damageDone": {"1": 26809.712031565494, "2": 28871.99757247597, "3": 30934.283113333397, "4": 33472.48070211501}, "bleedDamage": {"1": 0.0, "2": 0.0, "3": 0.0, "4": 0.0}}