{"deaths": 243160, "totalAttacks": 100001, "damagingAttacks": 177396.25, "damageDone": {"1": 129690.65088759309, "2": 129690.65088759309, "3": 129690.65088759309, "4": 129690.65088759309}, "bleedDamage": {"1": 0.0, "2": 0.0, "3": 0.0, "4": 0.0}}