{"deaths": 243160, "totalAttacks": 100001, "damagingAttacks": 182799.375, "damageDone": {"1": 109910.90976330492, "2": 109910.90976330492, "3": 109910.90976330492, "4": 109910.90976330492}, "bleedDamage": {"1": 0.0, "2": 0.0, "3": 0.0, "4": 0.0}}