{"deaths": 243160, "totalAttacks": 100001, "damagingAttacks": 177277.0, "damageDone": {"1": 120012.91882393797, "2": 120012.91882393797, "3": 120012.91882393797, "4": 120012.91882393797}, "bleedDamage": {"1": 0.0, "2": 0.0, "3": 0.0, "4": 0.0}}