{"deaths": 243160, "totalAttacks": 100001, "damagingAttacks": 191273.5, "damageDone": {"1": 90166.92677514924, "2": 90166.92677514924, "3": 90166.92677514924, "4": 90166.92677514924}, "bleedDamage": {"1": 0.0, "2": 0.0, "3": 0.0, "4": 0.0}}