{"deaths": 243160, "totalAttacks": 100001, "damagingAttacks": 186731.375, "damageDone": {"1": 78328.46153846609, "2": 78328.46153846609, "3": 78328.46153846609, "4": 78328.46153846609}, "bleedDamage": {"1": 0.0, "2": 0.0, "3": 0.0, "4": 0.0}}