{"deaths": 243160, "totalAttacks": 100001, "damagingAttacks": 168953.375, "damageDone": {"1": 74837.74130918826, "2": 74837.74130918826, "3": 74837.74130918826, "4": 74837.74130918826}, "bleedDamage": {"1": 0.0, "2": 0.0, "3": 0.0, "4": 0.0}}