{"deaths": 243160, "totalAttacks": 100001, "damagingAttacks": 175795.375, "damageDone": {"1": 89611.62814348482, "2": 89611.62814348482, "3": 89611.62814348482, "4": 89611.62814348482}, "bleedDamage": {"1": 0.0, "2": 0.0, "3": 0.0, "4": 0.0}}