{"deaths": 243160, "totalAttacks": 100001, "damagingAttacks": 181692.125, "damageDone": {"1": 151055.2727441579, "2": 151055.2727441579, "3": 151055.2727441579, "4": 151055.2727441579}, "bleedDamage": {"1": 0.0, "2": 0.0, "3": 0.0, "4": 0.0}}