{"deaths": 243160, "totalAttacks": 1031778, "damagingAttacks": 1885241.625, "damageDone": {"1": 1089182.3603968099, "2": 1089182.3603968099, "3": 1089182.3603968099, "4": 1089182.3603968099}, "bleedDamage": {"1": 0.0, "2": 0.0, "3": 0.0, "4": 0.0}, "loadoutDamage": {}}