{"deaths": 243160, "totalAttacks": 131778, "damagingAttacks": 256131.0, "damageDone": {"1": 121907.01183428573, "2": 121907.01183428573, "3": 121907.01183428573, "4": 121907.01183428573}, "bleedDamage": {"1": 0.0, "2": 0.0, "3": 0.0, "4": 0.0}}