{"deaths": 243160, "totalAttacks": 100001, "damagingAttacks": 187208.25, "damageDone": {"1": 123668.81194520424, "2": 123668.81194520424, "3": 123668.81194520424, "4": 123668.81194520424}, "bleedDamage": {"1": 0.0, "2": 0.0, "3": 0.0, "4": 0.0}}