{"deaths": 36549, "totalAttacks": 100001, "damagingAttacks": 130466.875, "damageDone": {"1": 129453.05436387497, "2": 139410.98162264607, "3": 149368.90888152894, "4": 161624.819353819}, "bleedDamage": {"1": 0.0, "2": 0.0, "3": 0.0, "4": 0.0}}