{"deaths": {"1": 3016, "2": 7156, "3": 13793}, "totalAttacks": {"1": 18392.0, "2": 6384.0, "3": 8684.0}, "damagingAttacks": {"1": 11361.5, "2": 4015.5, "3": 3258.5625}, "damageDone": {"1": {"1": 37091.57963510662, "2": 8780.505917159553, "3": 7356.148298816468}, "2": {"1": 39944.7780685742, "2": 9455.929449248855, "3": 7922.005860264074}, "3": {"1": 42797.9765020441, "2": 10131.352981338214, "3": 8487.863421711381}, "4": {"1": 46309.6053432396, "2": 10962.643482371195, "3": 9184.303497339122}}, "bleedDamage": {"1": {"1": 0.0, "2": 0.0, "3": 0.0}, "2": {"1": 0.0, "2": 0.0, "3": 0.0}, "3": {"1": 0.0, "2": 0.0, "3": 0.0}, "4": {"1": 0.0, "2": 0.0, "3": 0.0}}}