{"deaths": 36549, "totalAttacks": 100001, "damagingAttacks": 120642.375, "damageDone": {"1": 115638.27582592628, "2": 124533.52781252099, "3": 133428.7797991974, "4": 144376.78224421592}, "bleedDamage": {"1": 0.0, "2": 0.0, "3": 0.0, "4": 0.0}}