{"deaths": 36549, "totalAttacks": 100001, "damagingAttacks": 89817.25, "damageDone": {"1": 112307.57914200383, "2": 120946.62369138646, "3": 129585.66824084554, "4": 140218.33845542677}, "bleedDamage": {"1": 0.0, "2": 0.0, "3": 0.0, "4": 0.0}}