{"deaths": 36549, "totalAttacks": 100001, "damagingAttacks": 110790.375, "damageDone": {"1": 131195.73773418373, "2": 141287.71755994298, "3": 151379.69738565045, "4": 163800.5956326758}, "bleedDamage": {"1": 0.0, "2": 0.0, "3": 0.0, "4": 0.0}}