{"deaths": 243160, "totalAttacks": 200002, "damagingAttacks": 363384.25, "damageDone": {"1": 106386.60903595334, "2": 114570.1943464749, "3": 122753.77965697242, "4": 132825.88465444645}, "bleedDamage": {"1": 0.0, "2": 0.0, "3": 0.0, "4": 0.0}}