{"deaths": 243160, "totalAttacks": 200002, "damagingAttacks": 374416.5, "damageDone": {"1": 73806.21086042722, "2": 79483.61169588835, "3": 85161.01253132088, "4": 92148.58279030048}, "bleedDamage": {"1": 0.0, "2": 0.0, "3": 0.0, "4": 0.0}}