{"deaths": 243160, "totalAttacks": 200002, "damagingAttacks": 382547.0, "damageDone": {"1": 45009.90014791068, "2": 48472.20015933356, "3": 51934.50017068285, "4": 56195.79249241037}, "bleedDamage": {"1": 0.0, "2": 0.0, "3": 0.0, "4": 0.0}}