{"deaths": 243160, "totalAttacks": 200002, "damagingAttacks": 354792.5, "damageDone": {"1": 92286.57667650066, "2": 99385.54411321162, "3": 106484.51154991734, "4": 115221.70224114085}, "bleedDamage": {"1": 0.0, "2": 0.0, "3": 0.0, "4": 0.0}}