{"deaths": 243160, "totalAttacks": 200002, "damagingAttacks": 365598.75, "damageDone": {"1": 62327.895710018136, "2": 67122.34922621938, "3": 71916.80274240019, "4": 77817.66860843968}, "bleedDamage": {"1": 0.0, "2": 0.0, "3": 0.0, "4": 0.0}}