{"deaths": 243160, "totalAttacks": 200002, "damagingAttacks": 337906.75, "damageDone": {"1": 43881.73323470744, "2": 47257.25117585525, "3": 50632.76911697056, "4": 54787.25273683495}, "bleedDamage": {"1": 0.0, "2": 0.0, "3": 0.0, "4": 0.0}}