{"deaths": 243160, "totalAttacks": 2063556, "damagingAttacks": 3770483.25, "damageDone": {"1": 655108.2334845486, "2": 705501.1745160439, "3": 755894.1155535177, "4": 817916.1968296372}, "bleedDamage": {"1": 0.0, "2": 0.0, "3": 0.0, "4": 0.0}, "loadoutDamage": {}}