{"deaths": {"1": 37610, "2": 72308, "3": 100332}, "totalAttacks": {"1": 36784.0, "2": 12768.0, "3": 17368.0}, "damagingAttacks": {"1": 35352.0, "2": 11694.0, "3": 13659.875}, "damageDone": {"1": {"1": 22589.19785502958, "2": 4208.7969674557, "3": 5118.822670118431}, "2": {"1": 24326.828459265143, "2": 4532.550580336857, "3": 5512.57826012757}, "3": {"1": 26064.459063497892, "2": 4856.3041932180795, "3": 5906.333850136696}, "4": {"1": 28203.08134562803, "2": 5254.770178302588, "3": 6390.9561147632385}}, "bleedDamage": {"1": {"1": 0.0, "2": 0.0, "3": 0.0}, "2": {"1": 0.0, "2": 0.0, "3": 0.0}, "3": {"1": 0.0, "2": 0.0, "3": 0.0}, "4": {"1": 0.0, "2": 0.0, "3": 0.0}}}