{"deaths": 243160, "totalAttacks": 200002, "damagingAttacks": 354554.0, "damageDone": {"1": 73741.03766020897, "2": 79413.42517256484, "3": 85085.81268491442, "4": 92067.21270013704}, "bleedDamage": {"1": 0.0, "2": 0.0, "3": 0.0, "4": 0.0}}