{"deaths": 243160, "totalAttacks": 200002, "damagingAttacks": 373462.75, "damageDone": {"1": 38463.637820509386, "2": 41422.37919132214, "3": 44381.1205621403, "4": 48022.64840311893}, "bleedDamage": {"1": 0.0, "2": 0.0, "3": 0.0, "4": 0.0}}