{"deaths": 243160, "totalAttacks": 200002, "damagingAttacks": 351590.75, "damageDone": {"1": 53192.317246044506, "2": 57284.03395728343, "3": 61375.750668526496, "4": 66411.70969774474}, "bleedDamage": {"1": 0.0, "2": 0.0, "3": 0.0, "4": 0.0}}