{"deaths": 243160, "totalAttacks": 263556, "damagingAttacks": 512262.0, "damageDone": {"1": 66017.29783034003, "2": 71095.5515096433, "3": 76173.80518892698, "4": 82423.96356339366}, "bleedDamage": {"1": 0.0, "2": 0.0, "3": 0.0, "4": 0.0}}