{"deaths": 203535, "totalAttacks": 1031778, "damagingAttacks": 1885241.625, "damageDone": {"1": 1551659.7930248526, "2": 1671018.2386294554, "3": 1790376.6842633365, "4": 1937279.3865541855}, "bleedDamage": {"1": 0.0, "2": 0.0, "3": 0.0, "4": 0.0}, "loadoutDamage": {}}