{"deaths": 212135, "totalAttacks": 100001, "damagingAttacks": 116965.125, "damageDone": {"1": 93118.51041665646, "2": 100281.47275649267, "3": 107444.4350961095, "4": 116260.38874506457}, "bleedDamage": {"1": 0.0, "2": 0.0, "3": 0.0, "4": 0.0}}