{"deaths": 203535, "totalAttacks": 100001, "damagingAttacks": 177277.0, "damageDone": {"1": 164620.46560651276, "2": 177283.57834541186, "3": 189946.6910844203, "4": 205532.0606092258}, "bleedDamage": {"1": 0.0, "2": 0.0, "3": 0.0, "4": 0.0}}