{"deaths": 203535, "totalAttacks": 200002, "damagingAttacks": 363384.25, "damageDone": {"1": 145786.66740633082, "2": 145786.66740633082, "3": 145786.66740633082, "4": 145786.66740633082}, "bleedDamage": {"1": 0.0, "2": 0.0, "3": 0.0, "4": 0.0}}