{"deaths": 212135, "totalAttacks": 100001, "damagingAttacks": 108403.0, "damageDone": {"1": 66418.08333332108, "2": 71527.16666670928, "3": 76636.25000001492, "4": 82924.35256409789}, "bleedDamage": {"1": 0.0, "2": 0.0, "3": 0.0, "4": 0.0}}