{"deaths": 212135, "totalAttacks": 100001, "damagingAttacks": 81477.125, "damageDone": {"1": 31239.40624999977, "2": 33642.437500001455, "3": 36045.4687500042, "4": 39003.045673077526}, "bleedDamage": {"1": 0.0, "2": 0.0, "3": 0.0, "4": 0.0}}