{"deaths": 212135, "totalAttacks": 100001, "damagingAttacks": 89817.25, "damageDone": {"1": 56326.61458333739, "2": 60659.43108974001, "3": 64992.24759613944, "4": 70324.94483480987}, "bleedDamage": {"1": 0.0, "2": 0.0, "3": 0.0, "4": 0.0}}