{"deaths": 203535, "totalAttacks": 200002, "damagingAttacks": 365598.75, "damageDone": {"1": 124902.9879190585, "2": 124902.9879190585, "3": 124902.9879190585, "4": 124902.9879190585}, "bleedDamage": {"1": 0.0, "2": 0.0, "3": 0.0, "4": 0.0}}