{"deaths": 212135, "totalAttacks": 100001, "damagingAttacks": 130230.0, "damageDone": {"1": 59374.458333332055, "2": 63941.724359004926, "3": 68508.99038460702, "4": 74130.24087771909}, "bleedDamage": {"1": 0.0, "2": 0.0, "3": 0.0, "4": 0.0}}