{"deaths": 203535, "totalAttacks": 2063556, "damagingAttacks": 3770483.25, "damageDone": {"1": 1242106.1545821445, "2": 1242106.1545821445, "3": 1242106.1545821445, "4": 1242106.1545821445}, "bleedDamage": {"1": 0.0, "2": 0.0, "3": 0.0, "4": 0.0}, "loadoutDamage": {}}