{"deaths": {"1": 23038, "2": 47704, "3": 79970}, "totalAttacks": {"1": 18392.0, "2": 6384.0, "3": 8684.0}, "damagingAttacks": {"1": 17676.0, "2": 5847.0, "3": 6829.9375}, "damageDone": {"1": {"1": 42229.37426034989, "2": 9285.030571992118, "3": 10940.587524654815}, "2": {"1": 45477.78766499822, "2": 9999.263692914325, "3": 11782.171180397649}, "3": {"1": 48726.20106963891, "2": 10713.496813836839, "3": 12623.754836139839}, "4": {"1": 52724.24833688923, "2": 11592.55296266449, "3": 13659.550104746273}}, "bleedDamage": {"1": {"1": 0.0, "2": 0.0, "3": 0.0}, "2": {"1": 0.0, "2": 0.0, "3": 0.0}, "3": {"1": 0.0, "2": 0.0, "3": 0.0}, "4": {"1": 0.0, "2": 0.0, "3": 0.0}}}