{"deaths": 203535, "totalAttacks": 100001, "damagingAttacks": 191273.5, "damageDone": {"1": 138844.07051286357, "2": 149524.38362918666, "3": 160204.69674565594, "4": 173349.69750408534}, "bleedDamage": {"1": 0.0, "2": 0.0, "3": 0.0, "4": 0.0}}