{"deaths": 203535, "totalAttacks": 100001, "damagingAttacks": 168953.375, "damageDone": {"1": 114358.41173568899, "2": 123155.21263842228, "3": 131952.0135412134, "4": 142778.84542141078}, "bleedDamage": {"1": 0.0, "2": 0.0, "3": 0.0, "4": 0.0}}