{"deaths": 203535, "totalAttacks": 200002, "damagingAttacks": 373462.75, "damageDone": {"1": 105656.22682446672, "2": 105656.22682446672, "3": 105656.22682446672, "4": 105656.22682446672}, "bleedDamage": {"1": 0.0, "2": 0.0, "3": 0.0, "4": 0.0}}