{"deaths": 212135, "totalAttacks": 131778, "damagingAttacks": 194807.25, "damageDone": {"1": 87019.4166666856, "2": 93713.21794876271, "3": 100407.01923067136, "4": 108645.54388560013}, "bleedDamage": {"1": 0.0, "2": 0.0, "3": 0.0, "4": 0.0}}