{"deaths": 203535, "totalAttacks": 200002, "damagingAttacks": 351590.75, "damageDone": {"1": 107077.89620313594, "2": 107077.89620313594, "3": 107077.89620313594, "4": 107077.89620313594}, "bleedDamage": {"1": 0.0, "2": 0.0, "3": 0.0, "4": 0.0}}