{"deaths": 212135, "totalAttacks": 100001, "damagingAttacks": 110790.375, "damageDone": {"1": 61424.45833332649, "2": 66149.41666666673, "3": 70874.3749999889, "4": 76689.70833331623}, "bleedDamage": {"1": 0.0, "2": 0.0, "3": 0.0, "4": 0.0}}