{"deaths": 203535, "totalAttacks": 100001, "damagingAttacks": 181692.125, "damageDone": {"1": 194471.75228059708, "2": 209431.11784063565, "3": 224390.4834005716, "4": 242802.0102437953}, "bleedDamage": {"1": 0.0, "2": 0.0, "3": 0.0, "4": 0.0}}