{"deaths": 212135, "totalAttacks": 100001, "damagingAttacks": 120642.375, "damageDone": {"1": 45823.71874999143, "2": 49348.62019231675, "3": 52873.52163461414, "4": 57211.861871295616}, "bleedDamage": {"1": 0.0, "2": 0.0, "3": 0.0, "4": 0.0}}