{"deaths": {"1": 28144, "2": 52532, "3": 82782}, "totalAttacks": {"1": 18392.0, "2": 6384.0, "3": 8684.0}, "damagingAttacks": {"1": 11361.5, "2": 4015.5, "3": 3258.5625}, "damageDone": {"1": {"1": 18385.104166666308, "2": 3177.020833333321, "3": 2909.7395833333253}, "2": {"1": 19799.342948716636, "2": 3421.4070512819653, "3": 3133.5657051281337}, "3": {"1": 21213.58173077204, "2": 3665.793269230719, "3": 3357.3918269229493}, "4": {"1": 22954.183308680513, "2": 3966.5763067060584, "3": 3632.870130670614}}, "bleedDamage": {"1": {"1": 0.0, "2": 0.0, "3": 0.0}, "2": {"1": 0.0, "2": 0.0, "3": 0.0}, "3": {"1": 0.0, "2": 0.0, "3": 0.0}, "4": {"1": 0.0, "2": 0.0, "3": 0.0}}}