{"deaths": 203535, "totalAttacks": 200002, "damagingAttacks": 354554.0, "damageDone": {"1": 128092.85650879162, "2": 128092.85650879162, "3": 128092.85650879162, "4": 128092.85650879162}, "bleedDamage": {"1": 0.0, "2": 0.0, "3": 0.0, "4": 0.0}}