{"deaths": 212135, "totalAttacks": 100001, "damagingAttacks": 126620.75, "damageDone": {"1": 82659.1354166807, "2": 89017.53044875628, "3": 95375.9254807408, "4": 103201.64244327207}, "bleedDamage": {"1": 0.0, "2": 0.0, "3": 0.0, "4": 0.0}}