{"deaths": {"1": 23038, "2": 47704, "3": 79970}, "totalAttacks": {"1": 36784.0, "2": 12768.0, "3": 17368.0}, "damagingAttacks": {"1": 35352.0, "2": 11694.0, "3": 13659.875}, "damageDone": {"1": {"1": 45611.478180471415, "2": 11051.65631163732, "3": 12808.420642258543}, "2": {"1": 45611.478180471415, "2": 11051.65631163732, "3": 12808.420642258543}, "3": {"1": 45611.478180471415, "2": 11051.65631163732, "3": 12808.420642258543}, "4": {"1": 45611.478180471415, "2": 11051.65631163732, "3": 12808.420642258543}}, "bleedDamage": {"1": {"1": 0.0, "2": 0.0, "3": 0.0}, "2": {"1": 0.0, "2": 0.0, "3": 0.0}, "3": {"1": 0.0, "2": 0.0, "3": 0.0}, "4": {"1": 0.0, "2": 0.0, "3": 0.0}}}