{"deaths": 203535, "totalAttacks": 200002, "damagingAttacks": 337906.75, "damageDone": {"1": 96679.92603554614, "2": 96679.92603554614, "3": 96679.92603554614, "4": 96679.92603554614}, "bleedDamage": {"1": 0.0, "2": 0.0, "3": 0.0, "4": 0.0}}