{"deaths": 212135, "totalAttacks": 100001, "damagingAttacks": 130466.875, "damageDone": {"1": 51851.562499989224, "2": 55840.1442307723, "3": 59828.725961522556, "4": 64737.74963013946}, "bleedDamage": {"1": 0.0, "2": 0.0, "3": 0.0, "4": 0.0}}