{"deaths": 9548, "totalAttacks": 200002, "damagingAttacks": 260460.0, "damageDone": {"1": 170363.1969425277, "2": 212953.99617838752, "3": 266192.4952229082, "4": 330078.6940764661}, "bleedDamage": {"1": 0.0, "2": 0.0, "3": 0.0, "4": 0.0}}