{"deaths": 9548, "totalAttacks": 200002, "damagingAttacks": 179634.5, "damageDone": {"1": 145128.4716679762, "2": 181410.5895850953, "3": 226763.23698146184, "4": 281186.4138568907}, "bleedDamage": {"1": 0.0, "2": 0.0, "3": 0.0, "4": 0.0}}