{"deaths": 9548, "totalAttacks": 100001, "damagingAttacks": 81477.125, "damageDone": {"1": 5630.207131413195, "2": 5630.207131413195, "3": 5630.207131413195, "4": 5630.207131413195}, "bleedDamage": {"1": 0.0, "2": 0.0, "3": 0.0, "4": 0.0}}