{"deaths": 9548, "totalAttacks": 200002, "damagingAttacks": 233930.25, "damageDone": {"1": 223222.59675348978, "2": 279028.2459417712, "3": 348785.30742743576, "4": 432493.7812098613}, "bleedDamage": {"1": 0.0, "2": 0.0, "3": 0.0, "4": 0.0}}