{"deaths": 9548, "totalAttacks": 100001, "damagingAttacks": 110790.375, "damageDone": {"1": 8690.517227565964, "2": 8690.517227565964, "3": 8690.517227565964, "4": 8690.517227565964}, "bleedDamage": {"1": 0.0, "2": 0.0, "3": 0.0, "4": 0.0}}