{"deaths": 9548, "totalAttacks": 300003, "damagingAttacks": 548398.125, "damageDone": {"1": 485245.195167845, "2": 606556.4939594942, "3": 758195.6174492909, "4": 940162.5656370798}, "bleedDamage": {"1": 0.0, "2": 0.0, "3": 0.0, "4": 0.0}}