{"deaths": 9548, "totalAttacks": 200002, "damagingAttacks": 253241.5, "damageDone": {"1": 150556.42753402618, "2": 216424.86458013725, "3": 311110.7428340433, "4": 434614.06229563005}, "bleedDamage": {"1": 0.0, "2": 0.0, "3": 0.0, "4": 0.0}}