{"deaths": 9548, "totalAttacks": 200002, "damagingAttacks": 216806.0, "damageDone": {"1": 145170.5972362914, "2": 166411.34777910417, "3": 192962.28595736792, "4": 224823.4117714168}, "bleedDamage": {"1": 0.0, "2": 0.0, "3": 0.0, "4": 0.0}}