{"deaths": 9548, "totalAttacks": 100001, "damagingAttacks": 191273.5, "damageDone": {"1": 207933.08333330508, "2": 223927.9358973122, "3": 239922.78846153407, "4": 259608.7608481263}, "bleedDamage": {"1": 0.0, "2": 0.0, "3": 0.0, "4": 0.0}}