{"deaths": 9548, "totalAttacks": 200002, "damagingAttacks": 221580.75, "damageDone": {"1": 165748.30408547164, "2": 207185.38010689453, "3": 258981.7251337701, "4": 321137.3391657752}, "bleedDamage": {"1": 0.0, "2": 0.0, "3": 0.0, "4": 0.0}}