{"deaths": 9548, "totalAttacks": 200002, "damagingAttacks": 354792.5, "damageDone": {"1": 223040.29737951307, "2": 223040.29737951307, "3": 223040.29737951307, "4": 223040.29737951307}, "bleedDamage": {"1": 0.0, "2": 0.0, "3": 0.0, "4": 0.0}}