{"deaths": 9548, "totalAttacks": 100001, "damagingAttacks": 120642.375, "damageDone": {"1": 36307.803966227446, "2": 52192.46820139267, "3": 75026.67303955271, "4": 104810.41848058312}, "bleedDamage": {"1": 0.0, "2": 0.0, "3": 0.0, "4": 0.0}}