{"deaths": 9548, "totalAttacks": 131778, "damagingAttacks": 256131.0, "damageDone": {"1": 261686.7916667114, "2": 281816.54487181583, "3": 301946.2980768848, "4": 326721.3789448057}, "bleedDamage": {"1": 0.0, "2": 0.0, "3": 0.0, "4": 0.0}}