{"deaths": 9548, "totalAttacks": 200002, "damagingAttacks": 179634.5, "damageDone": {"1": 122880.61326274414, "2": 140859.9872031118, "3": 163334.204628317, "4": 190303.26553873744}, "bleedDamage": {"1": 0.0, "2": 0.0, "3": 0.0, "4": 0.0}}