{"deaths": {"1": 1037, "2": 1959, "3": 3793}, "totalAttacks": {"1": 36784.0, "2": 12768.0, "3": 17368.0}, "damagingAttacks": {"1": 35352.0, "2": 11694.0, "3": 13659.875}, "damageDone": {"1": {"1": 35393.54326754591, "2": 7782.027014282523, "3": 9169.59260487578}, "2": {"1": 44241.92908443673, "2": 9727.533767853101, "3": 11461.990756094747}, "3": {"1": 55302.41135553779, "2": 12159.4172098159, "3": 14327.488445117653}, "4": {"1": 68574.9900808908, "2": 15077.677340172588, "3": 17766.085671946305}}, "bleedDamage": {"1": {"1": 0.0, "2": 0.0, "3": 0.0}, "2": {"1": 0.0, "2": 0.0, "3": 0.0}, "3": {"1": 0.0, "2": 0.0, "3": 0.0}, "4": {"1": 0.0, "2": 0.0, "3": 0.0}}}