{"deaths": 9548, "totalAttacks": 200002, "damagingAttacks": 363384.25, "damageDone": {"1": 180580.91282341143, "2": 225726.14102920954, "3": 282157.6762867382, "4": 349875.51859517075}, "bleedDamage": {"1": 0.0, "2": 0.0, "3": 0.0, "4": 0.0}}