{"deaths": 9548, "totalAttacks": 200002, "damagingAttacks": 354792.5, "damageDone": {"1": 450092.1109174876, "2": 647007.4094444918, "3": 930073.1510759863, "4": 1299289.3358137503}, "bleedDamage": {"1": 0.0, "2": 0.0, "3": 0.0, "4": 0.0}}