{"deaths": 9548, "totalAttacks": 200002, "damagingAttacks": 373462.75, "damageDone": {"1": 115435.93589196754, "2": 144294.91986498586, "3": 180368.64983116565, "4": 223657.1257905572}, "bleedDamage": {"1": 0.0, "2": 0.0, "3": 0.0, "4": 0.0}}