{"deaths": 9548, "totalAttacks": 200002, "damagingAttacks": 241284.75, "damageDone": {"1": 107378.3989761397, "2": 154356.4485281293, "3": 221887.39475938, "4": 309971.237669514}, "bleedDamage": {"1": 0.0, "2": 0.0, "3": 0.0, "4": 0.0}}