{"deaths": 9548, "totalAttacks": 200002, "damagingAttacks": 337906.75, "damageDone": {"1": 164192.31798668276, "2": 164192.31798668276, "3": 164192.31798668276, "4": 164192.31798668276}, "bleedDamage": {"1": 0.0, "2": 0.0, "3": 0.0, "4": 0.0}}