{"deaths": 9548, "totalAttacks": 100001, "damagingAttacks": 81477.125, "damageDone": {"1": 24634.267738688715, "2": 35411.759874353884, "3": 50904.4048193926, "4": 71112.20257380974}, "bleedDamage": {"1": 0.0, "2": 0.0, "3": 0.0, "4": 0.0}}