{"deaths": 9548, "totalAttacks": 200002, "damagingAttacks": 216806.0, "damageDone": {"1": 171454.1158986318, "2": 214317.6448734165, "3": 267897.05609169044, "4": 332192.34955359774}, "bleedDamage": {"1": 0.0, "2": 0.0, "3": 0.0, "4": 0.0}}