{"deaths": 9548, "totalAttacks": 200002, "damagingAttacks": 354554.0, "damageDone": {"1": 217541.1576132922, "2": 217541.1576132922, "3": 217541.1576132922, "4": 217541.1576132922}, "bleedDamage": {"1": 0.0, "2": 0.0, "3": 0.0, "4": 0.0}}