{"deaths": 9548, "totalAttacks": 200002, "damagingAttacks": 351590.75, "damageDone": {"1": 121190.78410607153, "2": 151488.4801324153, "3": 189360.60016563864, "4": 234807.14420528742}, "bleedDamage": {"1": 0.0, "2": 0.0, "3": 0.0, "4": 0.0}}