{"deaths": 9548, "totalAttacks": 263556, "damagingAttacks": 512262.0, "damageDone": {"1": 171305.8530138402, "2": 214132.3162673594, "3": 267665.3953341007, "4": 331905.09021411475}, "bleedDamage": {"1": 0.0, "2": 0.0, "3": 0.0, "4": 0.0}}