{"deaths": {"1": 1037, "2": 1959, "3": 3793}, "totalAttacks": {"1": 18392.0, "2": 6384.0, "3": 8684.0}, "damagingAttacks": {"1": 11361.5, "2": 4015.5, "3": 3258.5625}, "damageDone": {"1": {"1": 2053.696314102558, "2": 591.6410256410074, "3": 454.9575320512629}, "2": {"1": 2053.696314102558, "2": 591.6410256410074, "3": 454.9575320512629}, "3": {"1": 2053.696314102558, "2": 591.6410256410074, "3": 454.9575320512629}, "4": {"1": 2053.696314102558, "2": 591.6410256410074, "3": 454.9575320512629}}, "bleedDamage": {"1": {"1": 0.0, "2": 0.0, "3": 0.0}, "2": {"1": 0.0, "2": 0.0, "3": 0.0}, "3": {"1": 0.0, "2": 0.0, "3": 0.0}, "4": {"1": 0.0, "2": 0.0, "3": 0.0}}}