{"deaths": 9548, "totalAttacks": 200002, "damagingAttacks": 221580.75, "damageDone": {"1": 140339.47315222264, "2": 160873.35396055772, "3": 186540.7049708341, "4": 217341.52618339445}, "bleedDamage": {"1": 0.0, "2": 0.0, "3": 0.0, "4": 0.0}}