{"deaths": 9548, "totalAttacks": 300003, "damagingAttacks": 561624.75, "damageDone": {"1": 529842.0594364248, "2": 662302.57429486, "3": 827878.2178692308, "4": 1026568.9901572616}, "bleedDamage": {"1": 0.0, "2": 0.0, "3": 0.0, "4": 0.0}}