{"deaths": {"1": 1037, "2": 1959, "3": 3793}, "totalAttacks": {"1": 36784.0, "2": 12768.0, "3": 17368.0}, "damagingAttacks": {"1": 22723.0, "2": 8031.0, "3": 6517.125}, "damageDone": {"1": {"1": 38334.79996433781, "2": 7918.515338554541, "3": 6910.9618243951445}, "2": {"1": 43943.78648536597, "2": 9077.119161759276, "3": 7922.144659740608}, "3": {"1": 50955.01963664169, "2": 10525.373940766214, "3": 9186.12320392337}, "4": {"1": 59368.499418187894, "2": 12263.27967557364, "3": 10702.897456941913}}, "bleedDamage": {"1": {"1": 0.0, "2": 0.0, "3": 0.0}, "2": {"1": 0.0, "2": 0.0, "3": 0.0}, "3": {"1": 0.0, "2": 0.0, "3": 0.0}, "4": {"1": 0.0, "2": 0.0, "3": 0.0}}}