{"deaths": 9548, "totalAttacks": 2063556, "damagingAttacks": 3770483.25, "damageDone": {"1": 2696677.835611862, "2": 2696677.835611862, "3": 2696677.835611862, "4": 2696677.835611862}, "bleedDamage": {"1": 0.0, "2": 0.0, "3": 0.0, "4": 0.0}, "loadoutDamage": {}}