{"deaths": 9548, "totalAttacks": 200002, "damagingAttacks": 260933.75, "damageDone": {"1": 130178.73597306173, "2": 149225.94049942284, "3": 173034.94615725835, "4": 201605.7529467673}, "bleedDamage": {"1": 0.0, "2": 0.0, "3": 0.0, "4": 0.0}}