{"deaths": 9548, "totalAttacks": 200002, "damagingAttacks": 382547.0, "damageDone": {"1": 395979.56387104216, "2": 569220.6230654732, "3": 818254.6456558941, "4": 1143081.6316450757}, "bleedDamage": {"1": 0.0, "2": 0.0, "3": 0.0, "4": 0.0}}