{"deaths": 9548, "totalAttacks": 300003, "damagingAttacks": 532188.75, "damageDone": {"1": 529946.0107583334, "2": 662432.513447729, "3": 828040.6418097143, "4": 1026770.3958439858}, "bleedDamage": {"1": 0.0, "2": 0.0, "3": 0.0, "4": 0.0}}