{"deaths": 9548, "totalAttacks": 300003, "damagingAttacks": 545076.375, "damageDone": {"1": 600853.7567229819, "2": 751067.1959039344, "3": 938833.9948795512, "4": 1164154.153650555}, "bleedDamage": {"1": 0.0, "2": 0.0, "3": 0.0, "4": 0.0}}