{"deaths": 9548, "totalAttacks": 100001, "damagingAttacks": 130230.0, "damageDone": {"1": 43906.78559271572, "2": 63116.004289495315, "3": 90729.25616619187, "4": 126746.54122277455}, "bleedDamage": {"1": 0.0, "2": 0.0, "3": 0.0, "4": 0.0}}