{"deaths": 9548, "totalAttacks": 200002, "damagingAttacks": 260460.0, "damageDone": {"1": 129851.98293796487, "2": 186662.22547344578, "3": 268326.9491179793, "4": 374846.15387183835}, "bleedDamage": {"1": 0.0, "2": 0.0, "3": 0.0, "4": 0.0}}