{"deaths": 9548, "totalAttacks": 200002, "damagingAttacks": 162954.25, "damageDone": {"1": 77796.03937460425, "2": 89178.82829351479, "3": 103407.31444200862, "4": 120481.49782035181}, "bleedDamage": {"1": 0.0, "2": 0.0, "3": 0.0, "4": 0.0}}