{"deaths": {"1": 1037, "2": 1959, "3": 3793}, "totalAttacks": {"1": 18392.0, "2": 6384.0, "3": 8684.0}, "damagingAttacks": {"1": 17676.0, "2": 5847.0, "3": 6829.9375}, "damageDone": {"1": {"1": 63969.624999999876, "2": 15499.833333333228, "3": 17963.677083333325}, "2": {"1": 63969.624999999876, "2": 15499.833333333228, "3": 17963.677083333325}, "3": {"1": 63969.624999999876, "2": 15499.833333333228, "3": 17963.677083333325}, "4": {"1": 63969.624999999876, "2": 15499.833333333228, "3": 17963.677083333325}}, "bleedDamage": {"1": {"1": 0.0, "2": 0.0, "3": 0.0}, "2": {"1": 0.0, "2": 0.0, "3": 0.0}, "3": {"1": 0.0, "2": 0.0, "3": 0.0}, "4": {"1": 0.0, "2": 0.0, "3": 0.0}}}