{"deaths": 9548, "totalAttacks": 200002, "damagingAttacks": 382547.0, "damageDone": {"1": 128926.63689870284, "2": 161158.2961233276, "3": 201447.87015409843, "4": 249795.3589909592}, "bleedDamage": {"1": 0.0, "2": 0.0, "3": 0.0, "4": 0.0}}