{"deaths": 9548, "totalAttacks": 100001, "damagingAttacks": 191273.5, "damageDone": {"1": 256927.91666658616, "2": 256927.91666658616, "3": 256927.91666658616, "4": 256927.91666658616}, "bleedDamage": {"1": 0.0, "2": 0.0, "3": 0.0, "4": 0.0}}