{"deaths": 9548, "totalAttacks": 200002, "damagingAttacks": 337906.75, "damageDone": {"1": 331337.73523140873, "2": 476297.9943955822, "3": 684678.3669437133, "4": 956478.8528756388}, "bleedDamage": {"1": 0.0, "2": 0.0, "3": 0.0, "4": 0.0}}