{"deaths": 9548, "totalAttacks": 200002, "damagingAttacks": 241284.75, "damageDone": {"1": 135427.0760636859, "2": 169283.84507955305, "3": 211604.8063496774, "4": 262389.9598735414}, "bleedDamage": {"1": 0.0, "2": 0.0, "3": 0.0, "4": 0.0}}