{"deaths": 9548, "totalAttacks": 100001, "damagingAttacks": 177396.25, "damageDone": {"1": 292038.3749999746, "2": 292038.3749999746, "3": 292038.3749999746, "4": 292038.3749999746}, "bleedDamage": {"1": 0.0, "2": 0.0, "3": 0.0, "4": 0.0}}