{"deaths": 5931, "totalAttacks": 3095334, "damagingAttacks": 5655724.875, "damageDone": {"1": 5324760.5846960265, "2": 6655950.730820319, "3": 8319938.413503063, "4": 10316723.632806469}, "bleedDamage": {"1": 0.0, "2": 0.0, "3": 0.0, "4": 0.0}, "loadoutDamage": {}}