{"deaths": {"1": 1037, "2": 1959, "3": 3793}, "totalAttacks": {"1": 18392.0, "2": 6384.0, "3": 8684.0}, "damagingAttacks": {"1": 17676.0, "2": 5847.0, "3": 6829.9375}, "damageDone": {"1": {"1": 49101.70833333299, "2": 12585.708333333234, "3": 13049.322916666746}, "2": {"1": 52878.76282051369, "2": 13553.839743589308, "3": 14053.116987179485}, "3": {"1": 56655.81730769038, "2": 14521.971153846162, "3": 15056.911057692347}, "4": {"1": 61304.49975344841, "2": 15713.517504930614, "3": 16292.349913707754}}, "bleedDamage": {"1": {"1": 0.0, "2": 0.0, "3": 0.0}, "2": {"1": 0.0, "2": 0.0, "3": 0.0}, "3": {"1": 0.0, "2": 0.0, "3": 0.0}, "4": {"1": 0.0, "2": 0.0, "3": 0.0}}}