{"deaths": 9548, "totalAttacks": 300003, "damagingAttacks": 573820.5, "damageDone": {"1": 428982.5148794084, "2": 536228.1435988379, "3": 670285.1794990702, "4": 831153.6225788385}, "bleedDamage": {"1": 0.0, "2": 0.0, "3": 0.0, "4": 0.0}}