{"deaths": 9548, "totalAttacks": 100001, "damagingAttacks": 187208.25, "damageDone": {"1": 297748.2916666677, "2": 297748.2916666677, "3": 297748.2916666677, "4": 297748.2916666677}, "bleedDamage": {"1": 0.0, "2": 0.0, "3": 0.0, "4": 0.0}}