{"deaths": 9548, "totalAttacks": 200002, "damagingAttacks": 365598.75, "damageDone": {"1": 428062.7306805036, "2": 615340.1753542136, "3": 884551.5020713125, "4": 1235696.7108336536}, "bleedDamage": {"1": 0.0, "2": 0.0, "3": 0.0, "4": 0.0}}