{"deaths": 9548, "totalAttacks": 100001, "damagingAttacks": 177396.25, "damageDone": {"1": 246458.708333378, "2": 265417.0705129251, "3": 284375.43269231333, "4": 307708.80152853735}, "bleedDamage": {"1": 0.0, "2": 0.0, "3": 0.0, "4": 0.0}}