{"deaths": 9548, "totalAttacks": 131778, "damagingAttacks": 256131.0, "damageDone": {"1": 340550.749999917, "2": 340550.749999917, "3": 340550.749999917, "4": 340550.749999917}, "bleedDamage": {"1": 0.0, "2": 0.0, "3": 0.0, "4": 0.0}}