{"deaths": 9548, "totalAttacks": 200002, "damagingAttacks": 253241.5, "damageDone": {"1": 211461.5682507733, "2": 264326.9603134442, "3": 330408.70039208734, "4": 409706.7884859166}, "bleedDamage": {"1": 0.0, "2": 0.0, "3": 0.0, "4": 0.0}}