{"deaths": 9548, "totalAttacks": 263556, "damagingAttacks": 389614.5, "damageDone": {"1": 247078.18097365942, "2": 308847.72621730756, "3": 386059.65777183813, "4": 478713.97563703003}, "bleedDamage": {"1": 0.0, "2": 0.0, "3": 0.0, "4": 0.0}}