{"deaths": 9548, "totalAttacks": 200002, "damagingAttacks": 351590.75, "damageDone": {"1": 181851.27671982424, "2": 181851.27671982424, "3": 181851.27671982424, "4": 181851.27671982424}, "bleedDamage": {"1": 0.0, "2": 0.0, "3": 0.0, "4": 0.0}}