{"deaths": 9548, "totalAttacks": 100001, "damagingAttacks": 108403.0, "damageDone": {"1": 9334.600160258367, "2": 9334.600160258367, "3": 9334.600160258367, "4": 9334.600160258367}, "bleedDamage": {"1": 0.0, "2": 0.0, "3": 0.0, "4": 0.0}}