{"deaths": 9548, "totalAttacks": 200002, "damagingAttacks": 365598.75, "damageDone": {"1": 212123.7774052174, "2": 212123.7774052174, "3": 212123.7774052174, "4": 212123.7774052174}, "bleedDamage": {"1": 0.0, "2": 0.0, "3": 0.0, "4": 0.0}}