{"deaths": 9548, "totalAttacks": 263556, "damagingAttacks": 389614.5, "damageDone": {"1": 209201.6683763451, "2": 239811.17564359462, "3": 278073.05972771737, "4": 323987.3206287037}, "bleedDamage": {"1": 0.0, "2": 0.0, "3": 0.0, "4": 0.0}}