{"deaths": {"1": 1037, "2": 1959, "3": 3793}, "totalAttacks": {"1": 36784.0, "2": 12768.0, "3": 17368.0}, "damagingAttacks": {"1": 22723.0, "2": 8031.0, "3": 6517.125}, "damageDone": {"1": {"1": 45275.41638022694, "2": 9352.18337906718, "3": 8162.209649678391}, "2": {"1": 56594.27047529125, "2": 11690.229223834087, "3": 10202.762062098076}, "3": {"1": 70742.83809411371, "2": 14612.78652979296, "3": 12753.452577623104}, "4": {"1": 87721.11923671202, "2": 18119.85529694318, "3": 15814.281196252556}}, "bleedDamage": {"1": {"1": 0.0, "2": 0.0, "3": 0.0}, "2": {"1": 0.0, "2": 0.0, "3": 0.0}, "3": {"1": 0.0, "2": 0.0, "3": 0.0}, "4": {"1": 0.0, "2": 0.0, "3": 0.0}}}