{"deaths": 9548, "totalAttacks": 100001, "damagingAttacks": 181692.125, "damageDone": {"1": 324183.5104165943, "2": 324183.5104165943, "3": 324183.5104165943, "4": 324183.5104165943}, "bleedDamage": {"1": 0.0, "2": 0.0, "3": 0.0, "4": 0.0}}