{"deaths": 9548, "totalAttacks": 200002, "damagingAttacks": 373462.75, "damageDone": {"1": 179436.84385593486, "2": 179436.84385593486, "3": 179436.84385593486, "4": 179436.84385593486}, "bleedDamage": {"1": 0.0, "2": 0.0, "3": 0.0, "4": 0.0}}