{"deaths": 9548, "totalAttacks": 200002, "damagingAttacks": 373462.75, "damageDone": {"1": 362100.96909100964, "2": 520520.1430690315, "3": 748247.7056614903, "4": 1045283.6568695108}, "bleedDamage": {"1": 0.0, "2": 0.0, "3": 0.0, "4": 0.0}}