{"deaths": 9548, "totalAttacks": 100001, "damagingAttacks": 175795.375, "damageDone": {"1": 238107.42708339286, "2": 238107.42708339286, "3": 238107.42708339286, "4": 238107.42708339286}, "bleedDamage": {"1": 0.0, "2": 0.0, "3": 0.0, "4": 0.0}}