{"deaths": 9548, "totalAttacks": 100001, "damagingAttacks": 116965.125, "damageDone": {"1": 10055.216346153315, "2": 10055.216346153315, "3": 10055.216346153315, "4": 10055.216346153315}, "bleedDamage": {"1": 0.0, "2": 0.0, "3": 0.0, "4": 0.0}}