{"deaths": 9548, "totalAttacks": 395334, "damagingAttacks": 768393.0, "damageDone": {"1": 569992.4965638467, "2": 712490.62070494, "3": 890613.2758811443, "4": 1104360.4620923193}, "bleedDamage": {"1": 0.0, "2": 0.0, "3": 0.0, "4": 0.0}}