{"deaths": 9548, "totalAttacks": 200002, "damagingAttacks": 260460.0, "damageDone": {"1": 144246.91362826212, "2": 165352.51467467484, "3": 191734.5159825058, "4": 223392.91755215827}, "bleedDamage": {"1": 0.0, "2": 0.0, "3": 0.0, "4": 0.0}}