{"deaths": 9548, "totalAttacks": 200002, "damagingAttacks": 374416.5, "damageDone": {"1": 458892.2846810453, "2": 659657.6592296344, "3": 948257.8851423899, "4": 1324692.9624211814}, "bleedDamage": {"1": 0.0, "2": 0.0, "3": 0.0, "4": 0.0}}