{"deaths": 9548, "totalAttacks": 2063556, "damagingAttacks": 3770483.25, "damageDone": {"1": 1841898.3154568945, "2": 2302372.894328217, "3": 2877966.117891094, "4": 3568677.9862049823}, "bleedDamage": {"1": 0.0, "2": 0.0, "3": 0.0, "4": 0.0}, "loadoutDamage": {}}