{"deaths": 9548, "totalAttacks": 100001, "damagingAttacks": 89817.25, "damageDone": {"1": 6845.918269229351, "2": 6845.918269229351, "3": 6845.918269229351, "4": 6845.918269229351}, "bleedDamage": {"1": 0.0, "2": 0.0, "3": 0.0, "4": 0.0}}