{"deaths": 9548, "totalAttacks": 200002, "damagingAttacks": 354554.0, "damageDone": {"1": 152861.86091310973, "2": 191077.32614128455, "3": 238846.6576766768, "4": 296169.85551897134}, "bleedDamage": {"1": 0.0, "2": 0.0, "3": 0.0, "4": 0.0}}