{"deaths": 9548, "totalAttacks": 200002, "damagingAttacks": 365598.75, "damageDone": {"1": 145835.85324401635, "2": 182294.8165549416, "3": 227868.520693717, "4": 282556.9656601417}, "bleedDamage": {"1": 0.0, "2": 0.0, "3": 0.0, "4": 0.0}}