{"deaths": 9548, "totalAttacks": 1031778, "damagingAttacks": 1885241.625, "damageDone": {"1": 2762051.8437498277, "2": 2762051.8437498277, "3": 2762051.8437498277, "4": 2762051.8437498277}, "bleedDamage": {"1": 0.0, "2": 0.0, "3": 0.0, "4": 0.0}, "loadoutDamage": {}}