{"deaths": 9548, "totalAttacks": 300003, "damagingAttacks": 506860.125, "damageDone": {"1": 353329.88209589006, "2": 441662.35261973005, "3": 552077.9407748176, "4": 684576.6465604859}, "bleedDamage": {"1": 0.0, "2": 0.0, "3": 0.0, "4": 0.0}}