{"deaths": 9548, "totalAttacks": 300003, "damagingAttacks": 531831.0, "damageDone": {"1": 508623.09838435636, "2": 635778.8729799945, "3": 794723.5912254584, "4": 985457.2531190652}, "bleedDamage": {"1": 0.0, "2": 0.0, "3": 0.0, "4": 0.0}}