{"deaths": {"1": 1037, "2": 1959, "3": 3793}, "totalAttacks": {"1": 36784.0, "2": 12768.0, "3": 17368.0}, "damagingAttacks": {"1": 35352.0, "2": 11694.0, "3": 13659.875}, "damageDone": {"1": {"1": 98590.54841978193, "2": 23888.479395467784, "3": 27685.777043110233}, "2": {"1": 141723.91335340502, "2": 34339.68913098549, "3": 39798.304499473306}, "3": {"1": 203728.12544551626, "2": 49363.30312579318, "3": 57210.06271799147}, "4": {"1": 284603.18469606055, "2": 68959.32137988727, "3": 79921.0516986704}}, "bleedDamage": {"1": {"1": 0.0, "2": 0.0, "3": 0.0}, "2": {"1": 0.0, "2": 0.0, "3": 0.0}, "3": {"1": 0.0, "2": 0.0, "3": 0.0}, "4": {"1": 0.0, "2": 0.0, "3": 0.0}}}