{"deaths": 9548, "totalAttacks": 100001, "damagingAttacks": 168953.375, "damageDone": {"1": 158684.66666662865, "2": 170891.17948715982, "3": 183097.6923076789, "4": 198121.09270221143}, "bleedDamage": {"1": 0.0, "2": 0.0, "3": 0.0, "4": 0.0}}