{"deaths": {"1": 1037, "2": 1959, "3": 3793}, "totalAttacks": {"1": 36784.0, "2": 12768.0, "3": 17368.0}, "damagingAttacks": {"1": 22723.0, "2": 8031.0, "3": 6517.125}, "damageDone": {"1": {"1": 31087.423189915356, "2": 7359.171702947443, "3": 6165.380322509526}, "2": {"1": 44688.17083550492, "2": 10578.809322986355, "3": 8862.73421360748}, "3": {"1": 64239.2455760376, "2": 15207.038401793545, "3": 12740.18043206058}, "4": {"1": 89740.64741152187, "2": 21243.858939366673, "3": 17797.718977868717}}, "bleedDamage": {"1": {"1": 0.0, "2": 0.0, "3": 0.0}, "2": {"1": 0.0, "2": 0.0, "3": 0.0}, "3": {"1": 0.0, "2": 0.0, "3": 0.0}, "4": {"1": 0.0, "2": 0.0, "3": 0.0}}}