{"deaths": 9548, "totalAttacks": 200002, "damagingAttacks": 253241.5, "damageDone": {"1": 179044.9998506742, "2": 205242.1103547977, "3": 237988.49848479065, "4": 277284.1642412186}, "bleedDamage": {"1": 0.0, "2": 0.0, "3": 0.0, "4": 0.0}}