{"deaths": 9548, "totalAttacks": 100001, "damagingAttacks": 186731.375, "damageDone": {"1": 209336.19791654075, "2": 225438.98237162046, "3": 241541.7668268909, "4": 261360.57846402377}, "bleedDamage": {"1": 0.0, "2": 0.0, "3": 0.0, "4": 0.0}}