{"deaths": 9548, "totalAttacks": 100001, "damagingAttacks": 186731.375, "damageDone": {"1": 234946.08333329865, "2": 234946.08333329865, "3": 234946.08333329865, "4": 234946.08333329865}, "bleedDamage": {"1": 0.0, "2": 0.0, "3": 0.0, "4": 0.0}}