{"deaths": 9548, "totalAttacks": 100001, "damagingAttacks": 175795.375, "damageDone": {"1": 147402.0833332884, "2": 158740.70512818606, "3": 170079.3269231203, "4": 184034.553747548}, "bleedDamage": {"1": 0.0, "2": 0.0, "3": 0.0, "4": 0.0}}