{"deaths": 9548, "totalAttacks": 100001, "damagingAttacks": 130466.875, "damageDone": {"1": 10744.362179492757, "2": 10744.362179492757, "3": 10744.362179492757, "4": 10744.362179492757}, "bleedDamage": {"1": 0.0, "2": 0.0, "3": 0.0, "4": 0.0}}