{"deaths": 9548, "totalAttacks": 100001, "damagingAttacks": 177277.0, "damageDone": {"1": 284838.0625000561, "2": 284838.0625000561, "3": 284838.0625000561, "4": 284838.0625000561}, "bleedDamage": {"1": 0.0, "2": 0.0, "3": 0.0, "4": 0.0}}