{"deaths": 5931, "totalAttacks": 2063556, "damagingAttacks": 2420426.25, "damageDone": {"1": 2002244.9960582135, "2": 2273931.2002792936, "3": 2613538.955581698, "4": 3021068.261940944}, "bleedDamage": {"1": 0.0, "2": 0.0, "3": 0.0, "4": 0.0}, "loadoutDamage": {}}