{"deaths": 9548, "totalAttacks": 200002, "damagingAttacks": 363384.25, "damageDone": {"1": 499634.47621582245, "2": 718224.5595609195, "3": 1032447.804368549, "4": 1442304.2106412589}, "bleedDamage": {"1": 0.0, "2": 0.0, "3": 0.0, "4": 0.0}}