{"deaths": 9548, "totalAttacks": 200002, "damagingAttacks": 382547.0, "damageDone": {"1": 196225.16711525092, "2": 196225.16711525092, "3": 196225.16711525092, "4": 196225.16711525092}, "bleedDamage": {"1": 0.0, "2": 0.0, "3": 0.0, "4": 0.0}}