{"deaths": 9548, "totalAttacks": 263556, "damagingAttacks": 512262.0, "damageDone": {"1": 524859.8097492304, "2": 754485.9765159739, "3": 1084573.5912408251, "4": 1515122.6539276484}, "bleedDamage": {"1": 0.0, "2": 0.0, "3": 0.0, "4": 0.0}}