{"deaths": 9548, "totalAttacks": 300003, "damagingAttacks": 560194.125, "damageDone": {"1": 384094.39102430764, "2": 480117.9887803124, "3": 600147.4859754913, "4": 744182.8826092462}, "bleedDamage": {"1": 0.0, "2": 0.0, "3": 0.0, "4": 0.0}}