{"deaths": 9548, "totalAttacks": 2063556, "damagingAttacks": 2420426.25, "damageDone": {"1": 2028590.3249490203, "2": 2535737.906181432, "3": 3169672.3827384682, "4": 3930393.7545743613}, "bleedDamage": {"1": 0.0, "2": 0.0, "3": 0.0, "4": 0.0}, "loadoutDamage": {}}