{"deaths": 9548, "totalAttacks": 131778, "damagingAttacks": 194807.25, "damageDone": {"1": 14326.909455129988, "2": 14326.909455129988, "3": 14326.909455129988, "4": 14326.909455129988}, "bleedDamage": {"1": 0.0, "2": 0.0, "3": 0.0, "4": 0.0}}