{"deaths": 9548, "totalAttacks": 300003, "damagingAttacks": 527386.125, "damageDone": {"1": 403242.7169171101, "2": 504053.39614619385, "3": 630066.7451828591, "4": 781282.7640266354}, "bleedDamage": {"1": 0.0, "2": 0.0, "3": 0.0, "4": 0.0}}