{"deaths": 9548, "totalAttacks": 100001, "damagingAttacks": 182799.375, "damageDone": {"1": 277744.8020833539, "2": 277744.8020833539, "3": 277744.8020833539, "4": 277744.8020833539}, "bleedDamage": {"1": 0.0, "2": 0.0, "3": 0.0, "4": 0.0}}