{"deaths": 9548, "totalAttacks": 100001, "damagingAttacks": 120642.375, "damageDone": {"1": 7520.374198716891, "2": 7520.374198716891, "3": 7520.374198716891, "4": 7520.374198716891}, "bleedDamage": {"1": 0.0, "2": 0.0, "3": 0.0, "4": 0.0}}