{"deaths": 9548, "totalAttacks": 100001, "damagingAttacks": 130466.875, "damageDone": {"1": 40645.33206761272, "2": 58427.66484717683, "3": 83989.76821782319, "4": 117331.64217952063}, "bleedDamage": {"1": 0.0, "2": 0.0, "3": 0.0, "4": 0.0}}