{"deaths": 9548, "totalAttacks": 200002, "damagingAttacks": 354792.5, "damageDone": {"1": 159270.26052358188, "2": 199087.82565446623, "3": 248859.78206814243, "4": 308586.1297643487}, "bleedDamage": {"1": 0.0, "2": 0.0, "3": 0.0, "4": 0.0}}