{"deaths": 9548, "totalAttacks": 100001, "damagingAttacks": 130230.0, "damageDone": {"1": 10158.269230773683, "2": 10158.269230773683, "3": 10158.269230773683, "4": 10158.269230773683}, "bleedDamage": {"1": 0.0, "2": 0.0, "3": 0.0, "4": 0.0}}