{"deaths": 9548, "totalAttacks": 1031778, "damagingAttacks": 1210213.125, "damageDone": {"1": 184301.899839462, "2": 184301.899839462, "3": 184301.899839462, "4": 184301.899839462}, "bleedDamage": {"1": 0.0, "2": 0.0, "3": 0.0, "4": 0.0}, "loadoutDamage": {}}