{"deaths": 9548, "totalAttacks": 200002, "damagingAttacks": 260933.75, "damageDone": {"1": 153747.93870091502, "2": 192184.92337623902, "3": 240231.15422029854, "4": 297886.63123326364}, "bleedDamage": {"1": 0.0, "2": 0.0, "3": 0.0, "4": 0.0}}