{"deaths": {"1": 1037, "2": 1959, "3": 3793}, "totalAttacks": {"1": 55176.0, "2": 19152.0, "3": 26052.0}, "damagingAttacks": {"1": 53028.0, "2": 17541.0, "3": 20489.8125}, "damageDone": {"1": {"1": 117766.28605726802, "2": 25893.4352105331, "3": 30510.335107495015}, "2": {"1": 147207.85757159934, "2": 32366.79401316662, "3": 38137.918884369705}, "3": {"1": 184009.8219645065, "2": 40458.49251645724, "3": 47672.39860546135}, "4": {"1": 228172.17923597505, "2": 50168.530720408184, "3": 59113.77427077297}}, "bleedDamage": {"1": {"1": 0.0, "2": 0.0, "3": 0.0}, "2": {"1": 0.0, "2": 0.0, "3": 0.0}, "3": {"1": 0.0, "2": 0.0, "3": 0.0}, "4": {"1": 0.0, "2": 0.0, "3": 0.0}}}