{"deaths": 9548, "totalAttacks": 200002, "damagingAttacks": 233930.25, "damageDone": {"1": 189003.0899374311, "2": 216657.22625414893, "3": 251224.89664998202, "4": 292706.1011252565}, "bleedDamage": {"1": 0.0, "2": 0.0, "3": 0.0, "4": 0.0}}