{"deaths": 5931, "totalAttacks": 1031778, "damagingAttacks": 1210213.125, "damageDone": {"1": 749458.583577814, "2": 1077346.7138983582, "3": 1548685.901230312, "4": 2163476.1455746703}, "bleedDamage": {"1": 0.0, "2": 0.0, "3": 0.0, "4": 0.0}, "loadoutDamage": {}}