{"deaths": 9548, "totalAttacks": 100001, "damagingAttacks": 168953.375, "damageDone": {"1": 214985.6249999994, "2": 214985.6249999994, "3": 214985.6249999994, "4": 214985.6249999994}, "bleedDamage": {"1": 0.0, "2": 0.0, "3": 0.0, "4": 0.0}}