{"deaths": 9548, "totalAttacks": 200002, "damagingAttacks": 363384.25, "damageDone": {"1": 247590.70299875393, "2": 247590.70299875393, "3": 247590.70299875393, "4": 247590.70299875393}, "bleedDamage": {"1": 0.0, "2": 0.0, "3": 0.0, "4": 0.0}}