{"deaths": 9548, "totalAttacks": 100001, "damagingAttacks": 126620.75, "damageDone": {"1": 8845.144631410289, "2": 8845.144631410289, "3": 8845.144631410289, "4": 8845.144631410289}, "bleedDamage": {"1": 0.0, "2": 0.0, "3": 0.0, "4": 0.0}}