{"deaths": 9548, "totalAttacks": 200002, "damagingAttacks": 162954.25, "damageDone": {"1": 91881.21703237342, "2": 114851.52129052689, "3": 143564.40161316088, "4": 178019.85800034512}, "bleedDamage": {"1": 0.0, "2": 0.0, "3": 0.0, "4": 0.0}}