{"deaths": 9548, "totalAttacks": 200002, "damagingAttacks": 374416.5, "damageDone": {"1": 227401.16780052512, "2": 227401.16780052512, "3": 227401.16780052512, "4": 227401.16780052512}, "bleedDamage": {"1": 0.0, "2": 0.0, "3": 0.0, "4": 0.0}}