{"deaths": 9548, "totalAttacks": 200002, "damagingAttacks": 354554.0, "damageDone": {"1": 438994.9259930005, "2": 631055.2061154093, "3": 907141.8587907202, "4": 1267254.884020364}, "bleedDamage": {"1": 0.0, "2": 0.0, "3": 0.0, "4": 0.0}}