{"deaths": 9548, "totalAttacks": 263556, "damagingAttacks": 512262.0, "damageDone": {"1": 260090.95740525716, "2": 260090.95740525716, "3": 260090.95740525716, "4": 260090.95740525716}, "bleedDamage": {"1": 0.0, "2": 0.0, "3": 0.0, "4": 0.0}}