{"deaths": 9548, "totalAttacks": 200002, "damagingAttacks": 179634.5, "damageDone": {"1": 104285.60919835517, "2": 149910.5632227228, "3": 215496.43463261367, "4": 301043.2234280525}, "bleedDamage": {"1": 0.0, "2": 0.0, "3": 0.0, "4": 0.0}}