{"deaths": 9548, "totalAttacks": 200002, "damagingAttacks": 241284.75, "damageDone": {"1": 114666.41912382309, "2": 131443.92676386988, "3": 152415.8113136955, "4": 177582.07277383178}, "bleedDamage": {"1": 0.0, "2": 0.0, "3": 0.0, "4": 0.0}}