{"deaths": 9548, "totalAttacks": 200002, "damagingAttacks": 351590.75, "damageDone": {"1": 366973.25987053773, "2": 527524.0610642396, "3": 758315.8377801734, "4": 1059348.5900184342}, "bleedDamage": {"1": 0.0, "2": 0.0, "3": 0.0, "4": 0.0}}