{"deaths": {"1": 1037, "2": 1959, "3": 3793}, "totalAttacks": {"1": 36784.0, "2": 12768.0, "3": 17368.0}, "damagingAttacks": {"1": 35352.0, "2": 11694.0, "3": 13659.875}, "damageDone": {"1": {"1": 48855.92238779435, "2": 11837.784797973007, "3": 13719.511617938777}, "2": {"1": 48855.92238779435, "2": 11837.784797973007, "3": 13719.511617938777}, "3": {"1": 48855.92238779435, "2": 11837.784797973007, "3": 13719.511617938777}, "4": {"1": 48855.92238779435, "2": 11837.784797973007, "3": 13719.511617938777}}, "bleedDamage": {"1": {"1": 0.0, "2": 0.0, "3": 0.0}, "2": {"1": 0.0, "2": 0.0, "3": 0.0}, "3": {"1": 0.0, "2": 0.0, "3": 0.0}, "4": {"1": 0.0, "2": 0.0, "3": 0.0}}}