{"deaths": 9548, "totalAttacks": 100001, "damagingAttacks": 126620.75, "damageDone": {"1": 50907.56901652408, "2": 73179.63046122424, "3": 105195.71878799336, "4": 146955.8339968832}, "bleedDamage": {"1": 0.0, "2": 0.0, "3": 0.0, "4": 0.0}}