{"deaths": 9548, "totalAttacks": 200002, "damagingAttacks": 337906.75, "damageDone": {"1": 106189.9537495742, "2": 132737.44218690632, "3": 165921.8027336868, "4": 205743.0353896541}, "bleedDamage": {"1": 0.0, "2": 0.0, "3": 0.0, "4": 0.0}}