{"deaths": 5931, "totalAttacks": 2063556, "damagingAttacks": 3770483.25, "damageDone": {"1": 5033798.626444486, "2": 7236085.525520952, "3": 10401872.942996893, "4": 14531160.878735911}, "bleedDamage": {"1": 0.0, "2": 0.0, "3": 0.0, "4": 0.0}, "loadoutDamage": {}}