{"deaths": 9548, "totalAttacks": 263556, "damagingAttacks": 389614.5, "damageDone": {"1": 189043.08675835485, "2": 271749.437215074, "3": 390639.8159967869, "4": 545714.2231034242}, "bleedDamage": {"1": 0.0, "2": 0.0, "3": 0.0, "4": 0.0}}