{"deaths": 9548, "totalAttacks": 100001, "damagingAttacks": 110790.375, "damageDone": {"1": 41192.49524288307, "2": 59214.21191162831, "3": 85120.4296229827, "4": 118911.14837692548}, "bleedDamage": {"1": 0.0, "2": 0.0, "3": 0.0, "4": 0.0}}