{"deaths": 9548, "totalAttacks": 200002, "damagingAttacks": 374416.5, "damageDone": {"1": 159239.0189370721, "2": 199048.7736713792, "3": 248810.96708911975, "4": 308525.5991904937}, "bleedDamage": {"1": 0.0, "2": 0.0, "3": 0.0, "4": 0.0}}