{"deaths": 203535, "totalAttacks": 1031778, "damagingAttacks": 1210213.125, "damageDone": {"1": 546165.197962652, "2": 588177.9054928999, "3": 630190.6130236482, "4": 681898.5607693803}, "bleedDamage": {"1": 490800.8609520447, "2": 528554.7733276982, "3": 566308.6857039201, "4": 612775.0394128123}, "loadoutDamage": {}}