{"deaths": 203535, "totalAttacks": 200002, "damagingAttacks": 253241.5, "damageDone": {"1": 60173.247532115754, "2": 64801.95888078495, "3": 69430.67022935102, "4": 75127.54573540372}, "bleedDamage": {"1": 58745.661242580965, "2": 63264.55826128703, "3": 67783.4552798856, "4": 73345.17468752434}}