{"deaths": {"1": 37610, "2": 72308, "3": 100332}, "totalAttacks": {"1": 18392.0, "2": 6384.0, "3": 8684.0}, "damagingAttacks": {"1": 11361.5, "2": 4015.5, "3": 3258.5625}, "damageDone": {"1": {"1": 18385.104166666308, "2": 3177.020833333321, "3": 2909.7395833333253}, "2": {"1": 18385.104166666308, "2": 3177.020833333321, "3": 2909.7395833333253}, "3": {"1": 18385.104166666308, "2": 3177.020833333321, "3": 2909.7395833333253}, "4": {"1": 18385.104166666308, "2": 3177.020833333321, "3": 2909.7395833333253}}, "bleedDamage": {"1": {"1": 0.0, "2": 0.0, "3": 0.0}, "2": {"1": 0.0, "2": 0.0, "3": 0.0}, "3": {"1": 0.0, "2": 0.0, "3": 0.0}, "4": {"1": 0.0, "2": 0.0, "3": 0.0}}}