{"deaths": 203535, "totalAttacks": 263556, "damagingAttacks": 389614.5, "damageDone": {"1": 106094.47948454758, "2": 114255.59329123322, "3": 122416.70709742347, "4": 132461.15485939544}, "bleedDamage": {"1": 98346.44822477622, "2": 105911.55962685635, "3": 113476.67102845995, "4": 122787.57736938586}}