{"deaths": 203535, "totalAttacks": 1031778, "damagingAttacks": 1210213.125, "damageDone": {"1": 553622.1946168977, "2": 596208.5172743151, "3": 638794.8399322416, "4": 691208.7755270377}, "bleedDamage": {"1": 490800.8609520447, "2": 528554.7733276982, "3": 566308.6857039201, "4": 612775.0394128123}, "loadoutDamage": {}}