{"deaths": 203535, "totalAttacks": 200002, "damagingAttacks": 260933.75, "damageDone": {"1": 63925.179001830795, "2": 68842.50046350439, "3": 73759.82192505898, "4": 79811.90987799587}, "bleedDamage": {"1": 65823.46523671343, "2": 70886.80871645498, "3": 75950.15219607032, "4": 82181.95955586576}}