{"deaths": 203535, "totalAttacks": 200002, "damagingAttacks": 233930.25, "damageDone": {"1": 62968.58965214444, "2": 67812.32731773729, "3": 72656.06498317554, "4": 78617.5882639608}, "bleedDamage": {"1": 59004.037721848974, "2": 63542.80985435825, "3": 68081.58198668322, "4": 73667.76307287968}}