{"deaths": 243160, "totalAttacks": 100001, "damagingAttacks": 120642.375, "damageDone": {"1": 45823.71874999143, "2": 45823.71874999143, "3": 45823.71874999143, "4": 45823.71874999143}, "bleedDamage": {"1": 0.0, "2": 0.0, "3": 0.0, "4": 0.0}}