{"deaths": 243160, "totalAttacks": 1031778, "damagingAttacks": 1210213.125, "damageDone": {"1": 635252.1145835532, "2": 635252.1145835532, "3": 635252.1145835532, "4": 635252.1145835532}, "bleedDamage": {"1": 0.0, "2": 0.0, "3": 0.0, "4": 0.0}, "loadoutDamage": {}}