{"deaths": 243160, "totalAttacks": 100001, "damagingAttacks": 130230.0, "damageDone": {"1": 59374.458333332055, "2": 59374.458333332055, "3": 59374.458333332055, "4": 59374.458333332055}, "bleedDamage": {"1": 0.0, "2": 0.0, "3": 0.0, "4": 0.0}}