{"deaths": 243160, "totalAttacks": 100001, "damagingAttacks": 108403.0, "damageDone": {"1": 66418.08333332108, "2": 66418.08333332108, "3": 66418.08333332108, "4": 66418.08333332108}, "bleedDamage": {"1": 0.0, "2": 0.0, "3": 0.0, "4": 0.0}}