{"deaths": 57099, "totalAttacks": 300003, "damagingAttacks": 545076.375, "damageDone": {"1": 208730.9223374537, "2": 224787.1471325776, "3": 240843.37192758024, "4": 260604.8793677548}, "bleedDamage": {"1": 0.0, "2": 0.0, "3": 0.0, "4": 0.0}}