{"deaths": 203535, "totalAttacks": 200002, "damagingAttacks": 216806.0, "damageDone": {"1": 53044.45485862876, "2": 57124.79754009814, "3": 61205.14022143716, "4": 66227.10044480872}, "bleedDamage": {"1": 54823.999999980784, "2": 59041.23076925097, "3": 63258.46153837132, "4": 68448.89940826978}}