{"deaths": 57099, "totalAttacks": 300003, "damagingAttacks": 527386.125, "damageDone": {"1": 123826.97707099063, "2": 133352.12915342237, "3": 142877.28123578115, "4": 154600.54533713762}, "bleedDamage": {"1": 0.0, "2": 0.0, "3": 0.0, "4": 0.0}}