{"deaths": {"1": 23038, "2": 47704, "3": 79970}, "totalAttacks": {"1": 36784.0, "2": 12768.0, "3": 17368.0}, "damagingAttacks": {"1": 22723.0, "2": 8031.0, "3": 6517.125}, "damageDone": {"1": {"1": 25798.516522661135, "2": 7337.262796186385, "3": 4903.146124912977}, "2": {"1": 27783.017793633233, "2": 7901.667626662734, "3": 5280.311211444939}, "3": {"1": 29767.51906460158, "2": 8466.072457138316, "3": 5657.476297976601}, "4": {"1": 32209.982167333157, "2": 9160.724556185753, "3": 6121.679481399959}}, "bleedDamage": {"1": {"1": 40874.508875744, "2": 12224.757396449158, "3": 10994.591715975996}, "2": {"1": 44018.701866182346, "2": 13165.123350023, "3": 11840.329540282297}, "3": {"1": 47162.894856615094, "2": 14105.489303595497, "3": 12686.067364587912}, "4": {"1": 51032.6708448414, "2": 15262.862784916477, "3": 13726.975456040376}}}