{"deaths": 243160, "totalAttacks": 100001, "damagingAttacks": 130466.875, "damageDone": {"1": 51851.562499989224, "2": 51851.562499989224, "3": 51851.562499989224, "4": 51851.562499989224}, "bleedDamage": {"1": 0.0, "2": 0.0, "3": 0.0, "4": 0.0}}