{"deaths": 243160, "totalAttacks": 100001, "damagingAttacks": 110790.375, "damageDone": {"1": 61424.45833332649, "2": 61424.45833332649, "3": 61424.45833332649, "4": 61424.45833332649}, "bleedDamage": {"1": 0.0, "2": 0.0, "3": 0.0, "4": 0.0}}