{"deaths": 243160, "totalAttacks": 100001, "damagingAttacks": 81477.125, "damageDone": {"1": 31239.40624999977, "2": 31239.40624999977, "3": 31239.40624999977, "4": 31239.40624999977}, "bleedDamage": {"1": 0.0, "2": 0.0, "3": 0.0, "4": 0.0}}