{"deaths": 57099, "totalAttacks": 300003, "damagingAttacks": 531831.0, "damageDone": {"1": 165836.03328408455, "2": 178592.6512290283, "3": 191349.26917390575, "4": 207049.72202903495}, "bleedDamage": {"1": 0.0, "2": 0.0, "3": 0.0, "4": 0.0}}