{"deaths": 203535, "totalAttacks": 200002, "damagingAttacks": 260460.0, "damageDone": {"1": 65453.58946905917, "2": 70488.4809666384, "3": 75523.3724641297, "4": 81720.16199979687}, "bleedDamage": {"1": 65660.6715976628, "2": 70711.4924897491, "3": 75762.31338174272, "4": 81978.7083260412}}