{"deaths": 243160, "totalAttacks": 100001, "damagingAttacks": 126620.75, "damageDone": {"1": 82659.1354166807, "2": 82659.1354166807, "3": 82659.1354166807, "4": 82659.1354166807}, "bleedDamage": {"1": 0.0, "2": 0.0, "3": 0.0, "4": 0.0}}