{"deaths": 203535, "totalAttacks": 200002, "damagingAttacks": 241284.75, "damageDone": {"1": 38971.69113194597, "2": 41969.51352676954, "3": 44967.33592148166, "4": 48656.963484308624}, "bleedDamage": {"1": 40586.69896446747, "2": 43708.75273103045, "3": 46830.806497467514, "4": 50673.3342101249}}