{"deaths": {"1": 4470, "2": 11201, "3": 21403}, "totalAttacks": {"1": 55176.0, "2": 19152.0, "3": 26052.0}, "damagingAttacks": {"1": 53028.0, "2": 17541.0, "3": 20489.8125}, "damageDone": {"1": {"1": 60641.33925048626, "2": 11925.900764299859, "3": 14250.361285749292}, "2": {"1": 65306.05765436429, "2": 12843.277746169064, "3": 15346.542923114594}, "3": {"1": 69970.77605826866, "2": 13760.654728038236, "3": 16442.724560480314}, "4": {"1": 75711.96793996815, "2": 14889.73409033863, "3": 17791.87119108425}}, "bleedDamage": {"1": {"1": 0.0, "2": 0.0, "3": 0.0}, "2": {"1": 0.0, "2": 0.0, "3": 0.0}, "3": {"1": 0.0, "2": 0.0, "3": 0.0}, "4": {"1": 0.0, "2": 0.0, "3": 0.0}}}