{"deaths": 203535, "totalAttacks": 200002, "damagingAttacks": 162954.25, "damageDone": {"1": 31639.628519930182, "2": 34073.44609840398, "3": 36507.26367679466, "4": 39502.731465708}, "bleedDamage": {"1": 40679.2536982169, "2": 43808.427059643014, "3": 46937.6004209534, "4": 50788.89071197011}}