{"deaths": 57099, "totalAttacks": 300003, "damagingAttacks": 560194.125, "damageDone": {"1": 108235.69230769375, "2": 116561.51479291804, "3": 124887.33727809231, "4": 135134.50341377864}, "bleedDamage": {"1": 0.0, "2": 0.0, "3": 0.0, "4": 0.0}}