{"deaths": 243160, "totalAttacks": 100001, "damagingAttacks": 89817.25, "damageDone": {"1": 56326.61458333739, "2": 56326.61458333739, "3": 56326.61458333739, "4": 56326.61458333739}, "bleedDamage": {"1": 0.0, "2": 0.0, "3": 0.0, "4": 0.0}}