{"deaths": 57099, "totalAttacks": 300003, "damagingAttacks": 548398.125, "damageDone": {"1": 151876.89349115695, "2": 163559.73145204806, "3": 175242.56941280983, "4": 189621.44690299488}, "bleedDamage": {"1": 0.0, "2": 0.0, "3": 0.0, "4": 0.0}}