{"deaths": 57099, "totalAttacks": 2063556, "damagingAttacks": 3770483.25, "damageDone": {"1": 1419237.6211186007, "2": 1528409.7458184573, "3": 1637581.870517125, "4": 1771947.5624422168}, "bleedDamage": {"1": 0.0, "2": 0.0, "3": 0.0, "4": 0.0}, "loadoutDamage": {}}