{"deaths": 203535, "totalAttacks": 200002, "damagingAttacks": 179634.5, "damageDone": {"1": 31742.061919763997, "2": 34183.75899050721, "3": 36625.45606121163, "4": 39630.62168679971}, "bleedDamage": {"1": 35181.857988181786, "2": 37888.15475649551, "3": 40594.451524756325, "4": 43925.27831659776}}