{"deaths": 203535, "totalAttacks": 200002, "damagingAttacks": 221580.75, "damageDone": {"1": 51815.175172805415, "2": 55800.95787843432, "3": 59786.74058395489, "4": 64692.31929862193}, "bleedDamage": {"1": 55905.23150885573, "2": 60205.63393264699, "3": 64506.03635631234, "4": 69798.83933949549}}