{"deaths": 243160, "totalAttacks": 131778, "damagingAttacks": 194807.25, "damageDone": {"1": 87019.4166666856, "2": 87019.4166666856, "3": 87019.4166666856, "4": 87019.4166666856}, "bleedDamage": {"1": 0.0, "2": 0.0, "3": 0.0, "4": 0.0}}