{"deaths": 243160, "totalAttacks": 100001, "damagingAttacks": 116965.125, "damageDone": {"1": 93118.51041665646, "2": 93118.51041665646, "3": 93118.51041665646, "4": 93118.51041665646}, "bleedDamage": {"1": 0.0, "2": 0.0, "3": 0.0, "4": 0.0}}