{"deaths": 3387, "totalAttacks": 100001, "damagingAttacks": 186731.375, "damageDone": {"1": 54059.3478049433, "2": 94603.85865859888, "3": 165556.75265251068, "4": 266918.0297868252}, "bleedDamage": {"1": 0.0, "2": 0.0, "3": 0.0, "4": 0.0}}