{"deaths": 7768, "totalAttacks": 300003, "damagingAttacks": 350895.375, "damageDone": {"1": 261435.6249999518, "2": 261435.6249999518, "3": 261435.6249999518, "4": 261435.6249999518}, "bleedDamage": {"1": 0.0, "2": 0.0, "3": 0.0, "4": 0.0}}