{"deaths": 7768, "totalAttacks": 100001, "damagingAttacks": 177396.25, "damageDone": {"1": 246458.708333378, "2": 338880.72395828547, "3": 465960.9954426054, "4": 627699.5227865227}, "bleedDamage": {"1": 0.0, "2": 0.0, "3": 0.0, "4": 0.0}}