{"deaths": 12123, "totalAttacks": 300003, "damagingAttacks": 548398.125, "damageDone": {"1": 229480.65705131058, "2": 238473.3678500815, "3": 247466.07864893143, "4": 258534.03040116516}, "bleedDamage": {"1": 0.0, "2": 0.0, "3": 0.0, "4": 0.0}}