{"deaths": 7768, "totalAttacks": 100001, "damagingAttacks": 120642.375, "damageDone": {"1": 105541.09614884252, "2": 204485.8737885582, "3": 396191.38046513573, "4": 680657.6161780927}, "bleedDamage": {"1": 0.0, "2": 0.0, "3": 0.0, "4": 0.0}}