{"deaths": 12123, "totalAttacks": 300003, "damagingAttacks": 561624.75, "damageDone": {"1": 218698.08293266242, "2": 235521.012388986, "3": 252343.9418455017, "4": 273049.08579163265}, "bleedDamage": {"1": 0.0, "2": 0.0, "3": 0.0, "4": 0.0}}