{"deaths": 3387, "totalAttacks": 100001, "damagingAttacks": 177396.25, "damageDone": {"1": 63645.930163716665, "2": 111380.37778649181, "3": 194915.66112612575, "4": 314251.78018330457}, "bleedDamage": {"1": 0.0, "2": 0.0, "3": 0.0, "4": 0.0}}