{"deaths": 3387, "totalAttacks": 2063556, "damagingAttacks": 3770483.25, "damageDone": {"1": 2366280.3333337433, "2": 2548301.8974397634, "3": 2730323.4615332526, "4": 2954350.0019730953}, "bleedDamage": {"1": 0.0, "2": 0.0, "3": 0.0, "4": 0.0}, "loadoutDamage": {}}