{"deaths": 7768, "totalAttacks": 400004, "damagingAttacks": 325908.5, "damageDone": {"1": 76261.40332620459, "2": 109625.7672814702, "3": 157587.0404671255, "4": 220145.2228831709}, "bleedDamage": {"1": 0.0, "2": 0.0, "3": 0.0, "4": 0.0}}