{"deaths": 7768, "totalAttacks": 300003, "damagingAttacks": 332371.125, "damageDone": {"1": 213814.73958331623, "2": 213814.73958331623, "3": 213814.73958331623, "4": 213814.73958331623}, "bleedDamage": {"1": 0.0, "2": 0.0, "3": 0.0, "4": 0.0}}