{"deaths": 7768, "totalAttacks": 400004, "damagingAttacks": 506483.0, "damageDone": {"1": 157596.83601335902, "2": 226545.45176923843, "3": 325659.08691837825, "4": 454937.74146066804}, "bleedDamage": {"1": 0.0, "2": 0.0, "3": 0.0, "4": 0.0}}