{"deaths": 7768, "totalAttacks": 100001, "damagingAttacks": 116965.125, "damageDone": {"1": 108742.84429200813, "2": 176707.12197445318, "3": 287149.0732083699, "4": 440068.6979941477}, "bleedDamage": {"1": 0.0, "2": 0.0, "3": 0.0, "4": 0.0}}