{"deaths": 8981, "totalAttacks": 100001, "damagingAttacks": 175795.375, "damageDone": {"1": 128865.83278764706, "2": 138778.58915579724, "3": 148691.34552404121, "4": 160891.6610542188}, "bleedDamage": {"1": 0.0, "2": 0.0, "3": 0.0, "4": 0.0}}