{"deaths": 7768, "totalAttacks": 100001, "damagingAttacks": 186731.375, "damageDone": {"1": 209336.19791654075, "2": 287837.27213539364, "3": 395776.2491864342, "4": 533153.1290691992}, "bleedDamage": {"1": 0.0, "2": 0.0, "3": 0.0, "4": 0.0}}