{"deaths": 12123, "totalAttacks": 300003, "damagingAttacks": 548398.125, "damageDone": {"1": 252228.04246798364, "2": 271630.19958078, "3": 291032.3566936648, "4": 314911.9346790073}, "bleedDamage": {"1": 0.0, "2": 0.0, "3": 0.0, "4": 0.0}}