{"deaths": 8981, "totalAttacks": 100001, "damagingAttacks": 182799.375, "damageDone": {"1": 150317.92859768134, "2": 161880.84618199684, "3": 173443.7637664195, "4": 187675.04694728754}, "bleedDamage": {"1": 0.0, "2": 0.0, "3": 0.0, "4": 0.0}}