{"deaths": 12123, "totalAttacks": 300003, "damagingAttacks": 506860.125, "damageDone": {"1": 172015.98677883172, "2": 185247.9857618846, "3": 198479.9847447894, "4": 214765.5219546576}, "bleedDamage": {"1": 0.0, "2": 0.0, "3": 0.0, "4": 0.0}}