{"deaths": 7768, "totalAttacks": 300003, "damagingAttacks": 332371.125, "damageDone": {"1": 225953.44791666017, "2": 225953.44791666017, "3": 225953.44791666017, "4": 225953.44791666017}, "bleedDamage": {"1": 0.0, "2": 0.0, "3": 0.0, "4": 0.0}}