{"deaths": 7768, "totalAttacks": 100001, "damagingAttacks": 110790.375, "damageDone": {"1": 131260.4637643787, "2": 254317.1485436244, "3": 492739.4753029921, "4": 846527.4440423656}, "bleedDamage": {"1": 0.0, "2": 0.0, "3": 0.0, "4": 0.0}}