{"deaths": 3387, "totalAttacks": 4127112, "damagingAttacks": 4840852.5, "damageDone": {"1": 2120178.887761812, "2": 3047757.151152537, "3": 4381150.904789572, "4": 6120360.148683677}, "bleedDamage": {"1": 0.0, "2": 0.0, "3": 0.0, "4": 0.0}, "loadoutDamage": {}}