{"deaths": 7768, "totalAttacks": 400004, "damagingAttacks": 521867.5, "damageDone": {"1": 125827.57056210624, "2": 180877.13268301805, "3": 260010.87823200674, "4": 363228.8072087207}, "bleedDamage": {"1": 0.0, "2": 0.0, "3": 0.0, "4": 0.0}}