{"deaths": 7768, "totalAttacks": 100001, "damagingAttacks": 89817.25, "damageDone": {"1": 102594.88804456567, "2": 198777.59558641177, "3": 385131.5914483718, "4": 661656.8756311751}, "bleedDamage": {"1": 0.0, "2": 0.0, "3": 0.0, "4": 0.0}}