{"deaths": 3387, "totalAttacks": 3095334, "damagingAttacks": 3630639.375, "damageDone": {"1": 2254792.3020830536, "2": 2254792.3020830536, "3": 2254792.3020830536, "4": 2254792.3020830536}, "bleedDamage": {"1": 0.0, "2": 0.0, "3": 0.0, "4": 0.0}, "loadoutDamage": {}}