{"deaths": 3387, "totalAttacks": 4127112, "damagingAttacks": 4840852.5, "damageDone": {"1": 2296694.0732884863, "2": 3301497.730347112, "3": 4745902.98737892, "4": 6629909.844411}, "bleedDamage": {"1": 0.0, "2": 0.0, "3": 0.0, "4": 0.0}, "loadoutDamage": {}}