{"deaths": 8981, "totalAttacks": 100001, "damagingAttacks": 168953.375, "damageDone": {"1": 179979.494382393, "2": 193824.07087337028, "3": 207668.6473642658, "4": 224708.12612252595}, "bleedDamage": {"1": 0.0, "2": 0.0, "3": 0.0, "4": 0.0}}