{"deaths": 7768, "totalAttacks": 100001, "damagingAttacks": 181692.125, "damageDone": {"1": 239935.56250000675, "2": 329911.3984375269, "3": 453628.1728515603, "4": 611085.8857420383}, "bleedDamage": {"1": 0.0, "2": 0.0, "3": 0.0, "4": 0.0}}