{"deaths": 7768, "totalAttacks": 100001, "damagingAttacks": 168953.375, "damageDone": {"1": 158684.66666662865, "2": 218191.41666662158, "3": 300013.19791671785, "4": 404150.0104167691}, "bleedDamage": {"1": 0.0, "2": 0.0, "3": 0.0, "4": 0.0}}