{"deaths": 3387, "totalAttacks": 100001, "damagingAttacks": 181692.125, "damageDone": {"1": 61961.38151471229, "2": 108432.41765072838, "3": 189756.73088868515, "4": 305934.32122871553}, "bleedDamage": {"1": 0.0, "2": 0.0, "3": 0.0, "4": 0.0}}