{"deaths": 8981, "totalAttacks": 100001, "damagingAttacks": 181692.125, "damageDone": {"1": 250516.21862367695, "2": 269786.69697936595, "3": 289057.1753348372, "4": 312774.68715726404}, "bleedDamage": {"1": 0.0, "2": 0.0, "3": 0.0, "4": 0.0}}