{"deaths": 7768, "totalAttacks": 100001, "damagingAttacks": 108403.0, "damageDone": {"1": 87418.58087085794, "2": 142055.1939150911, "3": 230839.69011193328, "4": 353772.0694616069}, "bleedDamage": {"1": 0.0, "2": 0.0, "3": 0.0, "4": 0.0}}