{"deaths": 3387, "totalAttacks": 100001, "damagingAttacks": 187208.25, "damageDone": {"1": 42374.631861304355, "2": 74155.60575725803, "3": 129772.31007505201, "4": 209224.74481512918}, "bleedDamage": {"1": 0.0, "2": 0.0, "3": 0.0, "4": 0.0}}