{"deaths": 8981, "totalAttacks": 100001, "damagingAttacks": 177277.0, "damageDone": {"1": 154156.86349348974, "2": 166015.0837622977, "3": 177873.30403077547, "4": 192468.0366691787}, "bleedDamage": {"1": 0.0, "2": 0.0, "3": 0.0, "4": 0.0}}