{"deaths": 7768, "totalAttacks": 100001, "damagingAttacks": 120642.375, "damageDone": {"1": 76091.88704661743, "2": 123649.31645077473, "3": 200930.1392323425, "4": 307934.3553918399}, "bleedDamage": {"1": 0.0, "2": 0.0, "3": 0.0, "4": 0.0}}