{"deaths": {"1": 1114, "2": 1753, "3": 3084}, "totalAttacks": {"1": 18392.0, "2": 6384.0, "3": 8684.0}, "damagingAttacks": {"1": 11361.5, "2": 4015.5, "3": 3258.5625}, "damageDone": {"1": {"1": 32110.161514042382, "2": 8805.306318263332, "3": 6618.848729081523}, "2": {"1": 62213.43793345885, "2": 17060.280991634514, "3": 12824.019412594707}, "3": {"1": 120538.53599608284, "2": 33054.29442129294, "3": 24846.537611902535}, "4": {"1": 207085.45570189675, "2": 56787.34660723625, "3": 42686.40332700456}}, "bleedDamage": {"1": {"1": 0.0, "2": 0.0, "3": 0.0}, "2": {"1": 0.0, "2": 0.0, "3": 0.0}, "3": {"1": 0.0, "2": 0.0, "3": 0.0}, "4": {"1": 0.0, "2": 0.0, "3": 0.0}}}