{"deaths": {"1": 1114, "2": 1753, "3": 3084}, "totalAttacks": {"1": 55176.0, "2": 19152.0, "3": 26052.0}, "damagingAttacks": {"1": 34084.5, "2": 12046.5, "3": 9775.6875}, "damageDone": {"1": {"1": 52065.89583333153, "2": 13545.833333333092, "3": 11169.07291666665}, "2": {"1": 52065.89583333153, "2": 13545.833333333092, "3": 11169.07291666665}, "3": {"1": 52065.89583333153, "2": 13545.833333333092, "3": 11169.07291666665}, "4": {"1": 52065.89583333153, "2": 13545.833333333092, "3": 11169.07291666665}}, "bleedDamage": {"1": {"1": 0.0, "2": 0.0, "3": 0.0}, "2": {"1": 0.0, "2": 0.0, "3": 0.0}, "3": {"1": 0.0, "2": 0.0, "3": 0.0}, "4": {"1": 0.0, "2": 0.0, "3": 0.0}}}