{"deaths": 7768, "totalAttacks": 400004, "damagingAttacks": 359269.0, "damageDone": {"1": 109162.27437494611, "2": 156920.76941411247, "3": 225573.6060327405, "4": 315120.7842309315}, "bleedDamage": {"1": 0.0, "2": 0.0, "3": 0.0, "4": 0.0}}