{"deaths": 7768, "totalAttacks": 300003, "damagingAttacks": 269451.75, "damageDone": {"1": 180618.85416669803, "2": 180618.85416669803, "3": 180618.85416669803, "4": 180618.85416669803}, "bleedDamage": {"1": 0.0, "2": 0.0, "3": 0.0, "4": 0.0}}