{"deaths": {"1": 1877, "2": 3165, "3": 4920}, "totalAttacks": {"1": 55176.0, "2": 19152.0, "3": 26052.0}, "damagingAttacks": {"1": 53028.0, "2": 17541.0, "3": 20489.8125}, "damageDone": {"1": {"1": 59603.25641025106, "2": 11721.748397435551, "3": 14006.417868589344}, "2": {"1": 61938.94280078027, "2": 12181.09122287991, "3": 14555.29055719962}, "3": {"1": 64274.6291913293, "2": 12640.434048323677, "3": 15104.16324580867}, "4": {"1": 67149.32013351221, "2": 13205.77906425444, "3": 15779.698862558951}}, "bleedDamage": {"1": {"1": 0.0, "2": 0.0, "3": 0.0}, "2": {"1": 0.0, "2": 0.0, "3": 0.0}, "3": {"1": 0.0, "2": 0.0, "3": 0.0}, "4": {"1": 0.0, "2": 0.0, "3": 0.0}}}