{"deaths": 7768, "totalAttacks": 300003, "damagingAttacks": 244431.375, "damageDone": {"1": 146385.38541668086, "2": 146385.38541668086, "3": 146385.38541668086, "4": 146385.38541668086}, "bleedDamage": {"1": 0.0, "2": 0.0, "3": 0.0, "4": 0.0}}