{"deaths": 12123, "totalAttacks": 2063556, "damagingAttacks": 3770483.25, "damageDone": {"1": 2231173.5625000945, "2": 2316987.930289488, "3": 2402802.298083469, "4": 2508419.9815052496}, "bleedDamage": {"1": 0.0, "2": 0.0, "3": 0.0, "4": 0.0}, "loadoutDamage": {}}