{"deaths": 7768, "totalAttacks": 395334, "damagingAttacks": 584421.75, "damageDone": {"1": 341384.3333333953, "2": 341384.3333333953, "3": 341384.3333333953, "4": 341384.3333333953}, "bleedDamage": {"1": 0.0, "2": 0.0, "3": 0.0, "4": 0.0}}