{"deaths": 3387, "totalAttacks": 100001, "damagingAttacks": 177277.0, "damageDone": {"1": 72635.67008896083, "2": 127112.42265568656, "3": 222446.73964753884, "4": 358638.62106434593}, "bleedDamage": {"1": 0.0, "2": 0.0, "3": 0.0, "4": 0.0}}