{"deaths": 12123, "totalAttacks": 300003, "damagingAttacks": 532188.75, "damageDone": {"1": 303269.44230762403, "2": 326597.86094685993, "3": 349926.27958574303, "4": 378638.1794492542}, "bleedDamage": {"1": 0.0, "2": 0.0, "3": 0.0, "4": 0.0}}