{"deaths": 3387, "totalAttacks": 100001, "damagingAttacks": 191273.5, "damageDone": {"1": 53697.00502794945, "2": 93969.75879896386, "3": 164447.07789802557, "4": 265128.9623255732}, "bleedDamage": {"1": 0.0, "2": 0.0, "3": 0.0, "4": 0.0}}