{"deaths": 7768, "totalAttacks": 300003, "damagingAttacks": 325209.0, "damageDone": {"1": 242699.6041666298, "2": 242699.6041666298, "3": 242699.6041666298, "4": 242699.6041666298}, "bleedDamage": {"1": 0.0, "2": 0.0, "3": 0.0, "4": 0.0}}