{"deaths": 7768, "totalAttacks": 100001, "damagingAttacks": 130466.875, "damageDone": {"1": 164419.4340581227, "2": 318562.6534878591, "3": 617215.1411324373, "4": 1060376.8969919086}, "bleedDamage": {"1": 0.0, "2": 0.0, "3": 0.0, "4": 0.0}}