{"deaths": 7768, "totalAttacks": 300003, "damagingAttacks": 390690.0, "damageDone": {"1": 264114.9999999871, "2": 264114.9999999871, "3": 264114.9999999871, "4": 264114.9999999871}, "bleedDamage": {"1": 0.0, "2": 0.0, "3": 0.0, "4": 0.0}}