{"deaths": 7768, "totalAttacks": 400004, "damagingAttacks": 325908.5, "damageDone": {"1": 85490.91002207443, "2": 122893.18315674011, "3": 176658.9507878653, "4": 246788.21291534847}, "bleedDamage": {"1": 0.0, "2": 0.0, "3": 0.0, "4": 0.0}}