{"deaths": 7768, "totalAttacks": 400004, "damagingAttacks": 467860.5, "damageDone": {"1": 162699.84545665595, "2": 233881.02784406883, "3": 336203.9775259454, "4": 469668.69450236904}, "bleedDamage": {"1": 0.0, "2": 0.0, "3": 0.0, "4": 0.0}}