{"deaths": 12123, "totalAttacks": 395334, "damagingAttacks": 768393.0, "damageDone": {"1": 283706.9391026631, "2": 305530.5498027299, "3": 327354.16050305864, "4": 354213.9890571125}, "bleedDamage": {"1": 0.0, "2": 0.0, "3": 0.0, "4": 0.0}}