{"deaths": 12123, "totalAttacks": 300003, "damagingAttacks": 573820.5, "damageDone": {"1": 221368.11378206703, "2": 238396.43022693138, "3": 255424.74667165193, "4": 276382.6746036987}, "bleedDamage": {"1": 0.0, "2": 0.0, "3": 0.0, "4": 0.0}}