{"deaths": 2555, "totalAttacks": 1031778, "damagingAttacks": 1885241.625, "damageDone": {"1": 2271746.7827356327, "2": 2446496.5352475937, "3": 2621246.2877646717, "4": 2836322.9062437406}, "bleedDamage": {"1": 0.0, "2": 0.0, "3": 0.0, "4": 0.0}, "loadoutDamage": {}}