{"deaths": 3387, "totalAttacks": 100001, "damagingAttacks": 175795.375, "damageDone": {"1": 38065.373162332464, "2": 66614.40303409254, "3": 116575.20530962301, "4": 187947.77998908298}, "bleedDamage": {"1": 0.0, "2": 0.0, "3": 0.0, "4": 0.0}}