{"deaths": {"1": 357, "2": 325, "3": 1202}, "totalAttacks": {"1": 18392.0, "2": 6384.0, "3": 8684.0}, "damagingAttacks": {"1": 17676.0, "2": 5847.0, "3": 6829.9375}, "damageDone": {"1": {"1": 12680.111490624082, "2": 3250.155448192393, "3": 3369.880093319679}, "2": {"1": 22190.19510858983, "2": 5687.772034336751, "3": 5897.290163309334}, "3": {"1": 38832.8414400432, "2": 9953.601060089579, "3": 10320.257785791477}, "4": {"1": 62608.05048495669, "2": 16047.642525449515, "3": 16638.78296076477}}, "bleedDamage": {"1": {"1": 0.0, "2": 0.0, "3": 0.0}, "2": {"1": 0.0, "2": 0.0, "3": 0.0}, "3": {"1": 0.0, "2": 0.0, "3": 0.0}, "4": {"1": 0.0, "2": 0.0, "3": 0.0}}}