{"deaths": 3387, "totalAttacks": 100001, "damagingAttacks": 191273.5, "damageDone": {"1": 77130.19572929335, "2": 134977.8425262432, "3": 236211.22442093588, "4": 380830.34141320374}, "bleedDamage": {"1": 0.0, "2": 0.0, "3": 0.0, "4": 0.0}}