{"deaths": 7768, "totalAttacks": 300003, "damagingAttacks": 390690.0, "damageDone": {"1": 233382.93749997608, "2": 233382.93749997608, "3": 233382.93749997608, "4": 233382.93749997608}, "bleedDamage": {"1": 0.0, "2": 0.0, "3": 0.0, "4": 0.0}}