{"deaths": 8981, "totalAttacks": 100001, "damagingAttacks": 182799.375, "damageDone": {"1": 229970.41636956198, "2": 247660.44839811584, "3": 265350.48042615625, "4": 287122.827538332}, "bleedDamage": {"1": 0.0, "2": 0.0, "3": 0.0, "4": 0.0}}