{"deaths": 12123, "totalAttacks": 300003, "damagingAttacks": 545076.375, "damageDone": {"1": 317649.9851762375, "2": 342084.5994205002, "3": 366519.2136649045, "4": 396592.5850427529}, "bleedDamage": {"1": 0.0, "2": 0.0, "3": 0.0, "4": 0.0}}