{"deaths": 7768, "totalAttacks": 300003, "damagingAttacks": 244431.375, "damageDone": {"1": 134977.1458333251, "2": 134977.1458333251, "3": 134977.1458333251, "4": 134977.1458333251}, "bleedDamage": {"1": 0.0, "2": 0.0, "3": 0.0, "4": 0.0}}