{"deaths": {"1": 1114, "2": 1753, "3": 3084}, "totalAttacks": {"1": 18392.0, "2": 6384.0, "3": 8684.0}, "damagingAttacks": {"1": 17676.0, "2": 5847.0, "3": 6829.9375}, "damageDone": {"1": {"1": 49101.70833333299, "2": 12585.708333333234, "3": 13049.322916666746}, "2": {"1": 67514.84895832933, "2": 17305.348958333278, "3": 17942.8190104167}, "3": {"1": 92832.91731770818, "2": 23794.854817708376, "3": 24671.37613932278}, "4": {"1": 125055.91341146175, "2": 32054.225911458612, "3": 33234.99430338533}}, "bleedDamage": {"1": {"1": 0.0, "2": 0.0, "3": 0.0}, "2": {"1": 0.0, "2": 0.0, "3": 0.0}, "3": {"1": 0.0, "2": 0.0, "3": 0.0}, "4": {"1": 0.0, "2": 0.0, "3": 0.0}}}