{"deaths": 7768, "totalAttacks": 400004, "damagingAttacks": 443161.5, "damageDone": {"1": 127521.44805168062, "2": 183312.08157436014, "3": 263511.1172631665, "4": 368118.5551180842}, "bleedDamage": {"1": 0.0, "2": 0.0, "3": 0.0, "4": 0.0}}