{"deaths": 12123, "totalAttacks": 300003, "damagingAttacks": 560194.125, "damageDone": {"1": 212652.82291656506, "2": 229010.73237177747, "3": 245368.64182698674, "4": 265501.4534641112}, "bleedDamage": {"1": 0.0, "2": 0.0, "3": 0.0, "4": 0.0}}