{"deaths": 3387, "totalAttacks": 100001, "damagingAttacks": 168953.375, "damageDone": {"1": 40979.00731939823, "2": 71713.2628089165, "3": 125498.20991553673, "4": 202333.8486394061}, "bleedDamage": {"1": 0.0, "2": 0.0, "3": 0.0, "4": 0.0}}