{"deaths": 7768, "totalAttacks": 100001, "damagingAttacks": 175795.375, "damageDone": {"1": 147402.0833332884, "2": 202677.86458334225, "3": 278682.06380216987, "4": 375414.6809896194}, "bleedDamage": {"1": 0.0, "2": 0.0, "3": 0.0, "4": 0.0}}