{"deaths": 3387, "totalAttacks": 1031778, "damagingAttacks": 1885241.625, "damageDone": {"1": 920885.8212542956, "2": 1611550.1871876249, "3": 2820212.827582751, "4": 4546873.742434111}, "bleedDamage": {"1": 0.0, "2": 0.0, "3": 0.0, "4": 0.0}, "loadoutDamage": {}}