{"deaths": 7768, "totalAttacks": 400004, "damagingAttacks": 359269.0, "damageDone": {"1": 107392.49072121306, "2": 154376.70541183173, "3": 221916.5140294962, "4": 310011.9165742824}, "bleedDamage": {"1": 0.0, "2": 0.0, "3": 0.0, "4": 0.0}}