{"deaths": 7768, "totalAttacks": 400004, "damagingAttacks": 433612.0, "damageDone": {"1": 129131.00016355654, "2": 185625.8127351906, "3": 266837.1058067992, "4": 372764.8793785659}, "bleedDamage": {"1": 0.0, "2": 0.0, "3": 0.0, "4": 0.0}}