{"deaths": 8981, "totalAttacks": 100001, "damagingAttacks": 168953.375, "damageDone": {"1": 116352.11023163603, "2": 125302.27255714755, "3": 134252.43488266965, "4": 145268.01928325326}, "bleedDamage": {"1": 0.0, "2": 0.0, "3": 0.0, "4": 0.0}}