{"deaths": 8981, "totalAttacks": 100001, "damagingAttacks": 187208.25, "damageDone": {"1": 161143.9930148793, "2": 173539.68478506408, "3": 185935.37655556295, "4": 201191.6125804923}, "bleedDamage": {"1": 0.0, "2": 0.0, "3": 0.0, "4": 0.0}}