{"deaths": 12123, "totalAttacks": 300003, "damagingAttacks": 506860.125, "damageDone": {"1": 156252.1326121878, "2": 162375.2205374229, "3": 168498.30846282886, "4": 176034.41667855126}, "bleedDamage": {"1": 0.0, "2": 0.0, "3": 0.0, "4": 0.0}}