{"deaths": 7768, "totalAttacks": 300003, "damagingAttacks": 361927.125, "damageDone": {"1": 198097.4270833423, "2": 198097.4270833423, "3": 198097.4270833423, "4": 198097.4270833423}, "bleedDamage": {"1": 0.0, "2": 0.0, "3": 0.0, "4": 0.0}}