{"deaths": 3387, "totalAttacks": 100001, "damagingAttacks": 187208.25, "damageDone": {"1": 64803.02002157687, "2": 113405.28503771673, "3": 198459.2488160505, "4": 319964.91135641065}, "bleedDamage": {"1": 0.0, "2": 0.0, "3": 0.0, "4": 0.0}}