{"deaths": 12123, "totalAttacks": 300003, "damagingAttacks": 532188.75, "damageDone": {"1": 270778.3589742721, "2": 281389.4122285718, "3": 292000.4654835461, "4": 305060.2233348326}, "bleedDamage": {"1": 0.0, "2": 0.0, "3": 0.0, "4": 0.0}}