{"deaths": 8981, "totalAttacks": 131778, "damagingAttacks": 256131.0, "damageDone": {"1": 184309.05974983427, "2": 198486.6797303456, "3": 212664.29971136255, "4": 230113.67814907484}, "bleedDamage": {"1": 0.0, "2": 0.0, "3": 0.0, "4": 0.0}}