{"deaths": 7768, "totalAttacks": 400004, "damagingAttacks": 467860.5, "damageDone": {"1": 160630.29282978535, "2": 230906.04594285096, "3": 331927.4410431486, "4": 463694.4781300814}, "bleedDamage": {"1": 0.0, "2": 0.0, "3": 0.0, "4": 0.0}}