{"deaths": 1513, "totalAttacks": 4127112, "damagingAttacks": 4840852.5, "damageDone": {"1": 2296694.0732884863, "2": 9756374.309454853, "3": 11200779.566517323, "4": 13084786.423575263}, "bleedDamage": {"1": 0.0, "2": 2063556.0, "3": 2063556.0, "4": 2063556.0}, "loadoutDamage": {}}