{"deaths": 8981, "totalAttacks": 100001, "damagingAttacks": 175795.375, "damageDone": {"1": 172397.31169050722, "2": 185658.64335908045, "3": 198919.97502743022, "4": 215241.61400414899}, "bleedDamage": {"1": 0.0, "2": 0.0, "3": 0.0, "4": 0.0}}