{"deaths": 7768, "totalAttacks": 300003, "damagingAttacks": 269451.75, "damageDone": {"1": 177993.87500000093, "2": 177993.87500000093, "3": 177993.87500000093, "4": 177993.87500000093}, "bleedDamage": {"1": 0.0, "2": 0.0, "3": 0.0, "4": 0.0}}