{"deaths": 12123, "totalAttacks": 300003, "damagingAttacks": 531831.0, "damageDone": {"1": 250288.93790067598, "2": 269541.9331238197, "3": 288794.9283468457, "4": 312490.92246758303}, "bleedDamage": {"1": 0.0, "2": 0.0, "3": 0.0, "4": 0.0}}