{"deaths": 7768, "totalAttacks": 300003, "damagingAttacks": 350895.375, "damageDone": {"1": 258665.4687499977, "2": 258665.4687499977, "3": 258665.4687499977, "4": 258665.4687499977}, "bleedDamage": {"1": 0.0, "2": 0.0, "3": 0.0, "4": 0.0}}