{"deaths": {"1": 946, "2": 1771, "3": 3008}, "totalAttacks": {"1": 18392.0, "2": 6384.0, "3": 8684.0}, "damagingAttacks": {"1": 17676.0, "2": 5847.0, "3": 6829.9375}, "damageDone": {"1": {"1": 34620.92341975913, "2": 8388.646062134509, "3": 9722.09995977732}, "2": {"1": 37284.07137513157, "2": 9033.92652845284, "3": 10469.953802837192}, "3": {"1": 39947.21933049724, "2": 9679.206994770331, "3": 11217.807645896937}, "4": {"1": 43224.9398909541, "2": 10473.398337931225, "3": 12138.2431450479}}, "bleedDamage": {"1": {"1": 0.0, "2": 0.0, "3": 0.0}, "2": {"1": 0.0, "2": 0.0, "3": 0.0}, "3": {"1": 0.0, "2": 0.0, "3": 0.0}, "4": {"1": 0.0, "2": 0.0, "3": 0.0}}}