{"deaths": 12123, "totalAttacks": 300003, "damagingAttacks": 527386.125, "damageDone": {"1": 187098.21754810668, "2": 194430.07803250023, "3": 201761.93851703338, "4": 210785.76680548885}, "bleedDamage": {"1": 0.0, "2": 0.0, "3": 0.0, "4": 0.0}}