{"deaths": 7768, "totalAttacks": 400004, "damagingAttacks": 482569.5, "damageDone": {"1": 112399.69101284645, "2": 161574.5558310189, "3": 232263.4240069826, "4": 324466.29554094176}, "bleedDamage": {"1": 0.0, "2": 0.0, "3": 0.0, "4": 0.0}}