{"deaths": 8981, "totalAttacks": 100001, "damagingAttacks": 187208.25, "damageDone": {"1": 191651.4847664622, "2": 206393.90667164075, "3": 221136.32857655387, "4": 239280.84784475312}, "bleedDamage": {"1": 0.0, "2": 0.0, "3": 0.0, "4": 0.0}}