{"deaths": 7768, "totalAttacks": 400004, "damagingAttacks": 520920.0, "damageDone": {"1": 160112.34047751353, "2": 230161.4894365577, "3": 330857.14106506674, "4": 462199.2953628852}, "bleedDamage": {"1": 0.0, "2": 0.0, "3": 0.0, "4": 0.0}}