{"deaths": {"1": 1114, "2": 1753, "3": 3084}, "totalAttacks": {"1": 73568.0, "2": 25536.0, "3": 34736.0}, "damagingAttacks": {"1": 45446.0, "2": 16062.0, "3": 13034.25}, "damageDone": {"1": {"1": 32541.151611950794, "2": 7703.305631381363, "3": 6453.689474179913}, "2": {"1": 46777.905442184696, "2": 11073.501845110184, "3": 9277.1786191336}, "3": {"1": 67243.23907312434, "2": 15918.158902345258, "3": 13335.944265003522}, "4": {"1": 93937.15250481738, "2": 22237.27680308807, "3": 18629.986411792306}}, "bleedDamage": {"1": {"1": 0.0, "2": 0.0, "3": 0.0}, "2": {"1": 0.0, "2": 0.0, "3": 0.0}, "3": {"1": 0.0, "2": 0.0, "3": 0.0}, "4": {"1": 0.0, "2": 0.0, "3": 0.0}}}