{"deaths": 8981, "totalAttacks": 100001, "damagingAttacks": 181692.125, "damageDone": {"1": 175450.9657996699, "2": 188947.19393803956, "3": 202443.42207641588, "4": 219054.16440058834}, "bleedDamage": {"1": 0.0, "2": 0.0, "3": 0.0, "4": 0.0}}