{"deaths": 3387, "totalAttacks": 3095334, "damagingAttacks": 3630639.375, "damageDone": {"1": 2395924.697915985, "2": 2395924.697915985, "3": 2395924.697915985, "4": 2395924.697915985}, "bleedDamage": {"1": 0.0, "2": 0.0, "3": 0.0, "4": 0.0}, "loadoutDamage": {}}