{"deaths": 7768, "totalAttacks": 100001, "damagingAttacks": 187208.25, "damageDone": {"1": 164089.00000000192, "2": 225622.3749999623, "3": 310230.7656249803, "4": 417914.1718750863}, "bleedDamage": {"1": 0.0, "2": 0.0, "3": 0.0, "4": 0.0}}