{"deaths": 12123, "totalAttacks": 300003, "damagingAttacks": 561624.75, "damageDone": {"1": 258205.48918278806, "2": 268323.84652364324, "3": 278442.20386474475, "4": 290895.5667457746}, "bleedDamage": {"1": 0.0, "2": 0.0, "3": 0.0, "4": 0.0}}