{"deaths": 7768, "totalAttacks": 395334, "damagingAttacks": 584421.75, "damageDone": {"1": 372499.6458333609, "2": 372499.6458333609, "3": 372499.6458333609, "4": 372499.6458333609}, "bleedDamage": {"1": 0.0, "2": 0.0, "3": 0.0, "4": 0.0}}