{"deaths": {"1": 357, "2": 325, "3": 1202}, "totalAttacks": {"1": 18392.0, "2": 6384.0, "3": 8684.0}, "damagingAttacks": {"1": 17676.0, "2": 5847.0, "3": 6829.9375}, "damageDone": {"1": {"1": 17213.943678535663, "2": 4637.247251997488, "3": 4977.48883848099}, "2": {"1": 30124.401437434615, "2": 8115.182690995566, "3": 8710.605467341418}, "3": {"1": 52717.70251551499, "2": 14201.569709241472, "3": 15243.559567846902}, "4": {"1": 84993.84691276417, "2": 22896.40830673755, "3": 24576.35113999891}}, "bleedDamage": {"1": {"1": 0.0, "2": 0.0, "3": 0.0}, "2": {"1": 0.0, "2": 0.0, "3": 0.0}, "3": {"1": 0.0, "2": 0.0, "3": 0.0}, "4": {"1": 0.0, "2": 0.0, "3": 0.0}}}