{"deaths": 7768, "totalAttacks": 100001, "damagingAttacks": 81477.125, "damageDone": {"1": 81671.72847596249, "2": 158238.97392228106, "3": 306588.01197428745, "4": 526718.8426319797}, "bleedDamage": {"1": 0.0, "2": 0.0, "3": 0.0, "4": 0.0}}