{"deaths": 7768, "totalAttacks": 300003, "damagingAttacks": 379862.25, "damageDone": {"1": 229973.76041671578, "2": 229973.76041671578, "3": 229973.76041671578, "4": 229973.76041671578}, "bleedDamage": {"1": 0.0, "2": 0.0, "3": 0.0, "4": 0.0}}