{"deaths": 7768, "totalAttacks": 400004, "damagingAttacks": 521867.5, "damageDone": {"1": 172108.11262643285, "2": 247405.41190052495, "3": 355645.2796074249, "4": 496827.71574632387}, "bleedDamage": {"1": 0.0, "2": 0.0, "3": 0.0, "4": 0.0}}