{"deaths": 8981, "totalAttacks": 100001, "damagingAttacks": 186731.375, "damageDone": {"1": 127154.88575802858, "2": 136936.03081629268, "3": 146717.17587459998, "4": 158755.50825412144}, "bleedDamage": {"1": 0.0, "2": 0.0, "3": 0.0, "4": 0.0}}