{"deaths": 12123, "totalAttacks": 300003, "damagingAttacks": 531831.0, "damageDone": {"1": 250572.42748405813, "2": 260391.6662967668, "3": 270210.9051097344, "4": 282296.12210995395}, "bleedDamage": {"1": 0.0, "2": 0.0, "3": 0.0, "4": 0.0}}