{"deaths": 7768, "totalAttacks": 100001, "damagingAttacks": 126620.75, "damageDone": {"1": 128494.7440415013, "2": 248958.5665806094, "3": 482357.22274967795, "4": 828690.7125488669}, "bleedDamage": {"1": 0.0, "2": 0.0, "3": 0.0, "4": 0.0}}