{"deaths": 7768, "totalAttacks": 300003, "damagingAttacks": 379862.25, "damageDone": {"1": 259286.3749999577, "2": 259286.3749999577, "3": 259286.3749999577, "4": 259286.3749999577}, "bleedDamage": {"1": 0.0, "2": 0.0, "3": 0.0, "4": 0.0}}