{"deaths": {"1": 1877, "2": 3165, "3": 4920}, "totalAttacks": {"1": 55176.0, "2": 19152.0, "3": 26052.0}, "damagingAttacks": {"1": 53028.0, "2": 17541.0, "3": 20489.8125}, "damageDone": {"1": {"1": 62463.131410252914, "2": 13771.415064102712, "3": 14805.969951922943}, "2": {"1": 67267.98767258505, "2": 14830.754684418172, "3": 15944.890717455428}, "3": {"1": 72072.84393491504, "2": 15890.09430473377, "3": 17083.81148298834}, "4": {"1": 77986.51318084767, "2": 17193.896914353252, "3": 18485.56011748982}}, "bleedDamage": {"1": {"1": 0.0, "2": 0.0, "3": 0.0}, "2": {"1": 0.0, "2": 0.0, "3": 0.0}, "3": {"1": 0.0, "2": 0.0, "3": 0.0}, "4": {"1": 0.0, "2": 0.0, "3": 0.0}}}