{"deaths": 12123, "totalAttacks": 300003, "damagingAttacks": 560194.125, "damageDone": {"1": 163540.3333333187, "2": 169949.02564103872, "3": 176357.71794867853, "4": 184245.3392505097}, "bleedDamage": {"1": 0.0, "2": 0.0, "3": 0.0, "4": 0.0}}