{"deaths": 7768, "totalAttacks": 300003, "damagingAttacks": 361927.125, "damageDone": {"1": 195529.72916668167, "2": 195529.72916668167, "3": 195529.72916668167, "4": 195529.72916668167}, "bleedDamage": {"1": 0.0, "2": 0.0, "3": 0.0, "4": 0.0}}