{"deaths": 3387, "totalAttacks": 100001, "damagingAttacks": 177277.0, "damageDone": {"1": 51073.78524818754, "2": 89379.12418425971, "3": 156413.46732236023, "4": 252176.8146628068}, "bleedDamage": {"1": 0.0, "2": 0.0, "3": 0.0, "4": 0.0}}