{"deaths": 7768, "totalAttacks": 527112, "damagingAttacks": 779229.0, "damageDone": {"1": 197883.23109991112, "2": 284457.1447063617, "3": 408907.1455157888, "4": 571233.2335275387}, "bleedDamage": {"1": 0.0, "2": 0.0, "3": 0.0, "4": 0.0}}