{"deaths": 7768, "totalAttacks": 131778, "damagingAttacks": 256131.0, "damageDone": {"1": 261686.7916667114, "2": 359819.3385417004, "3": 494751.59049473127, "4": 666483.5475259216}, "bleedDamage": {"1": 0.0, "2": 0.0, "3": 0.0, "4": 0.0}}