{"deaths": 12123, "totalAttacks": 300003, "damagingAttacks": 573820.5, "damageDone": {"1": 188257.61378209182, "2": 195634.9077907987, "3": 203012.2017999051, "4": 212091.9482723087}, "bleedDamage": {"1": 0.0, "2": 0.0, "3": 0.0, "4": 0.0}}