{"deaths": 7768, "totalAttacks": 400004, "damagingAttacks": 443161.5, "damageDone": {"1": 137398.54300298673, "2": 197510.40556691613, "3": 283921.20800226595, "4": 396630.9503093849}, "bleedDamage": {"1": 0.0, "2": 0.0, "3": 0.0, "4": 0.0}}