{"deaths": 8981, "totalAttacks": 100001, "damagingAttacks": 177277.0, "damageDone": {"1": 214816.13071319344, "2": 231340.44846054623, "3": 247864.76620742038, "4": 268202.3880501212}, "bleedDamage": {"1": 0.0, "2": 0.0, "3": 0.0, "4": 0.0}}