{"deaths": 8981, "totalAttacks": 100001, "damagingAttacks": 191273.5, "damageDone": {"1": 228108.45122550675, "2": 245655.25516593776, "3": 263202.0591060135, "4": 284798.1254944775}, "bleedDamage": {"1": 0.0, "2": 0.0, "3": 0.0, "4": 0.0}}