{"deaths": 3387, "totalAttacks": 100001, "damagingAttacks": 182799.375, "damageDone": {"1": 77759.78106572227, "2": 136079.61686506268, "3": 238139.32951366153, "4": 383938.91901199025}, "bleedDamage": {"1": 0.0, "2": 0.0, "3": 0.0, "4": 0.0}}