{"deaths": 8981, "totalAttacks": 100001, "damagingAttacks": 186731.375, "damageDone": {"1": 226798.56397737018, "2": 244244.60736020055, "3": 261690.65074284215, "4": 283162.7041375867}, "bleedDamage": {"1": 0.0, "2": 0.0, "3": 0.0, "4": 0.0}}