{"deaths": 7768, "totalAttacks": 1031778, "damagingAttacks": 1210213.125, "damageDone": {"1": 1762579.1725242496, "2": 3414997.1467493605, "3": 6616556.971842754, "4": 11367258.647765692}, "bleedDamage": {"1": 0.0, "2": 0.0, "3": 0.0, "4": 0.0}, "loadoutDamage": {}}