{"deaths": 8981, "totalAttacks": 100001, "damagingAttacks": 191273.5, "damageDone": {"1": 139051.64720471064, "2": 149747.92775883336, "3": 160444.2083132238, "4": 173608.8613030122}, "bleedDamage": {"1": 0.0, "2": 0.0, "3": 0.0, "4": 0.0}}