{"deaths": 7768, "totalAttacks": 400004, "damagingAttacks": 506483.0, "damageDone": {"1": 134503.49106295817, "2": 193348.76840296097, "3": 277938.8545794403, "4": 388273.7495918215}, "bleedDamage": {"1": 0.0, "2": 0.0, "3": 0.0, "4": 0.0}}