{"deaths": 3387, "totalAttacks": 100001, "damagingAttacks": 186731.375, "damageDone": {"1": 76687.28421379821, "2": 134202.74737410384, "3": 234854.8079046422, "4": 378643.4658057148}, "bleedDamage": {"1": 0.0, "2": 0.0, "3": 0.0, "4": 0.0}}