{"deaths": 3387, "totalAttacks": 100001, "damagingAttacks": 175795.375, "damageDone": {"1": 58292.61617645095, "2": 102012.07830880686, "3": 178521.13704043993, "4": 287819.79237131705}, "bleedDamage": {"1": 0.0, "2": 0.0, "3": 0.0, "4": 0.0}}