{"deaths": 3387, "totalAttacks": 100001, "damagingAttacks": 181692.125, "damageDone": {"1": 84706.92283430923, "2": 148237.11495996543, "3": 259414.9511800788, "4": 418240.43149389024}, "bleedDamage": {"1": 0.0, "2": 0.0, "3": 0.0, "4": 0.0}}