{"deaths": 7768, "totalAttacks": 100001, "damagingAttacks": 177277.0, "damageDone": {"1": 197775.08333336122, "2": 271940.73958339303, "3": 373918.5169270359, "4": 503708.41536446987}, "bleedDamage": {"1": 0.0, "2": 0.0, "3": 0.0, "4": 0.0}}