{"deaths": 7768, "totalAttacks": 400004, "damagingAttacks": 433612.0, "damageDone": {"1": 151199.29961270888, "2": 217348.99319331776, "3": 312439.1777155511, "4": 436469.8531791413}, "bleedDamage": {"1": 0.0, "2": 0.0, "3": 0.0, "4": 0.0}}