{"deaths": 7768, "totalAttacks": 100001, "damagingAttacks": 130230.0, "damageDone": {"1": 92017.41237259709, "2": 149528.29510547747, "3": 242983.47954627784, "4": 372382.9656952059}, "bleedDamage": {"1": 0.0, "2": 0.0, "3": 0.0, "4": 0.0}}