{"deaths": 7768, "totalAttacks": 400004, "damagingAttacks": 520920.0, "damageDone": {"1": 135924.19796529424, "2": 195391.0345752136, "3": 280874.6122017836, "4": 392374.93084515654}, "bleedDamage": {"1": 0.0, "2": 0.0, "3": 0.0, "4": 0.0}}