{"deaths": 2555, "totalAttacks": 1031778, "damagingAttacks": 1885241.625, "damageDone": {"1": 2862898.982063443, "2": 3083121.980694952, "3": 3303344.979301508, "4": 3574388.669904389}, "bleedDamage": {"1": 0.0, "2": 0.0, "3": 0.0, "4": 0.0}, "loadoutDamage": {}}