{"deaths": 7768, "totalAttacks": 100001, "damagingAttacks": 81477.125, "damageDone": {"1": 51627.13558753906, "2": 83894.09532974739, "3": 136327.9049107754, "4": 208928.5643307764}, "bleedDamage": {"1": 0.0, "2": 0.0, "3": 0.0, "4": 0.0}}