{"deaths": 7768, "totalAttacks": 100001, "damagingAttacks": 191273.5, "damageDone": {"1": 207933.08333330508, "2": 285907.98958332924, "3": 393123.4856771407, "4": 529579.5716146937}, "bleedDamage": {"1": 0.0, "2": 0.0, "3": 0.0, "4": 0.0}}