{"deaths": 7768, "totalAttacks": 300003, "damagingAttacks": 391400.625, "damageDone": {"1": 279353.416666655, "2": 279353.416666655, "3": 279353.416666655, "4": 279353.416666655}, "bleedDamage": {"1": 0.0, "2": 0.0, "3": 0.0, "4": 0.0}}