{"deaths": 3387, "totalAttacks": 100001, "damagingAttacks": 182799.375, "damageDone": {"1": 55387.03593424408, "2": 96927.31288504816, "3": 169622.79754862763, "4": 273473.48992539174}, "bleedDamage": {"1": 0.0, "2": 0.0, "3": 0.0, "4": 0.0}}