{"deaths": 12123, "totalAttacks": 300003, "damagingAttacks": 545076.375, "damageDone": {"1": 315385.0997594577, "2": 327744.16752956127, "3": 340103.23529977276, "4": 355314.3956318384}, "bleedDamage": {"1": 0.0, "2": 0.0, "3": 0.0, "4": 0.0}}