{"deaths": 8981, "totalAttacks": 100001, "damagingAttacks": 177396.25, "damageDone": {"1": 253756.27425528705, "2": 273275.987659664, "3": 292795.701063672, "4": 316819.9637152822}, "bleedDamage": {"1": 0.0, "2": 0.0, "3": 0.0, "4": 0.0}}