{"deaths": 7768, "totalAttacks": 100001, "damagingAttacks": 182799.375, "damageDone": {"1": 214477.45833339638, "2": 294906.5052084122, "3": 405496.4446613514, "4": 546247.2766924639}, "bleedDamage": {"1": 0.0, "2": 0.0, "3": 0.0, "4": 0.0}}