{"deaths": 7768, "totalAttacks": 527112, "damagingAttacks": 779229.0, "damageDone": {"1": 221882.2869019986, "2": 318955.7874218293, "3": 458498.9444191367, "4": 640511.7578935323}, "bleedDamage": {"1": 0.0, "2": 0.0, "3": 0.0, "4": 0.0}}