{"deaths": 3387, "totalAttacks": 131778, "damagingAttacks": 256131.0, "damageDone": {"1": 67578.45717768083, "2": 118262.3000610118, "3": 206959.02510664766, "4": 333668.6323148523}, "bleedDamage": {"1": 0.0, "2": 0.0, "3": 0.0, "4": 0.0}}