{"deaths": 7768, "totalAttacks": 300003, "damagingAttacks": 391400.625, "damageDone": {"1": 219941.8749999567, "2": 219941.8749999567, "3": 219941.8749999567, "4": 219941.8749999567}, "bleedDamage": {"1": 0.0, "2": 0.0, "3": 0.0, "4": 0.0}}