{"deaths": 12123, "totalAttacks": 395334, "damagingAttacks": 768393.0, "damageDone": {"1": 254527.06410266357, "2": 264501.2741615912, "3": 274475.48422106873, "4": 286751.43506292184}, "bleedDamage": {"1": 0.0, "2": 0.0, "3": 0.0, "4": 0.0}}