{"deaths": 7768, "totalAttacks": 100001, "damagingAttacks": 116965.125, "damageDone": {"1": 155431.46748348777, "2": 301148.4682494434, "3": 583475.1572331144, "4": 1002411.534433246}, "bleedDamage": {"1": 0.0, "2": 0.0, "3": 0.0, "4": 0.0}}