{"deaths": 7768, "totalAttacks": 131778, "damagingAttacks": 194807.25, "damageDone": {"1": 133962.18738344737, "2": 217688.55449807682, "3": 353743.9010591863, "4": 542128.2270674504}, "bleedDamage": {"1": 0.0, "2": 0.0, "3": 0.0, "4": 0.0}}