{"deaths": 7768, "totalAttacks": 1031778, "damagingAttacks": 1210213.125, "damageDone": {"1": 1370720.3041835763, "2": 2227420.4942882764, "3": 3619558.3032226292, "4": 5547133.730985728}, "bleedDamage": {"1": 0.0, "2": 0.0, "3": 0.0, "4": 0.0}, "loadoutDamage": {}}