{"deaths": 7768, "totalAttacks": 100001, "damagingAttacks": 130230.0, "damageDone": {"1": 152959.55551016048, "2": 296359.1388010946, "3": 574195.8314267169, "4": 986469.6333871821}, "bleedDamage": {"1": 0.0, "2": 0.0, "3": 0.0, "4": 0.0}}