{"deaths": 12123, "totalAttacks": 300003, "damagingAttacks": 527386.125, "damageDone": {"1": 177330.1446314352, "2": 190970.9249876141, "3": 204611.7053439905, "4": 221400.35809010174}, "bleedDamage": {"1": 0.0, "2": 0.0, "3": 0.0, "4": 0.0}}