{"deaths": 7768, "totalAttacks": 131778, "damagingAttacks": 194807.25, "damageDone": {"1": 211970.01979295156, "2": 410691.9133490667, "3": 795715.5821138895, "4": 1367041.0260869472}, "bleedDamage": {"1": 0.0, "2": 0.0, "3": 0.0, "4": 0.0}}