{"deaths": 7768, "totalAttacks": 100001, "damagingAttacks": 108403.0, "damageDone": {"1": 144444.69172848266, "2": 279861.5902240212, "3": 542231.831058906, "4": 931555.4142329332}, "bleedDamage": {"1": 0.0, "2": 0.0, "3": 0.0, "4": 0.0}}