{"deaths": 8981, "totalAttacks": 100001, "damagingAttacks": 177396.25, "damageDone": {"1": 158053.73591778064, "2": 170211.71560388643, "3": 182369.6952897452, "4": 197333.36259550363}, "bleedDamage": {"1": 0.0, "2": 0.0, "3": 0.0, "4": 0.0}}