{"deaths": 3387, "totalAttacks": 1031778, "damagingAttacks": 1885241.625, "damageDone": {"1": 2047759.260417671, "2": 2815668.9830716276, "3": 3871544.8517243555, "4": 5215386.866374993}, "bleedDamage": {"1": 0.0, "2": 0.0, "3": 0.0, "4": 0.0}, "loadoutDamage": {}}