{"deaths": {"1": 880, "2": 1667, "3": 2825}, "totalAttacks": {"1": 18392.0, "2": 6384.0, "3": 8684.0}, "damagingAttacks": {"1": 17676.0, "2": 5847.0, "3": 6829.9375}, "damageDone": {"1": {"1": 50909.322799782254, "2": 13714.412087260787, "3": 14720.658481444356}, "2": {"1": 54825.42455360002, "2": 14769.366863204026, "3": 15853.016826170246}, "3": {"1": 58741.52630745443, "2": 15824.32163914702, "3": 16985.37517089669}, "4": {"1": 63561.343850620506, "2": 17122.727517230556, "3": 18379.046979790786}}, "bleedDamage": {"1": {"1": 0.0, "2": 0.0, "3": 0.0}, "2": {"1": 0.0, "2": 0.0, "3": 0.0}, "3": {"1": 0.0, "2": 0.0, "3": 0.0}, "4": {"1": 0.0, "2": 0.0, "3": 0.0}}}