{"deaths": {"1": 1114, "2": 1753, "3": 3084}, "totalAttacks": {"1": 73568.0, "2": 25536.0, "3": 34736.0}, "damagingAttacks": {"1": 45446.0, "2": 16062.0, "3": 13034.25}, "damageDone": {"1": {"1": 33611.715828918765, "2": 9217.065246670225, "3": 6928.3632378862285}, "2": {"1": 48316.84150407124, "2": 13249.53129208788, "3": 9959.522154461245}, "3": {"1": 69455.4596620866, "2": 19046.20123237605, "3": 14316.813097037428}, "4": {"1": 97027.57030300981, "2": 26607.075067535476, "3": 20000.236065616384}}, "bleedDamage": {"1": {"1": 0.0, "2": 0.0, "3": 0.0}, "2": {"1": 0.0, "2": 0.0, "3": 0.0}, "3": {"1": 0.0, "2": 0.0, "3": 0.0}, "4": {"1": 0.0, "2": 0.0, "3": 0.0}}}