{"deaths": 3387, "totalAttacks": 100001, "damagingAttacks": 168953.375, "damageDone": {"1": 60856.37579145605, "2": 106498.65763500587, "3": 186372.65086124808, "4": 300478.355470222}, "bleedDamage": {"1": 0.0, "2": 0.0, "3": 0.0, "4": 0.0}}