{"deaths": 7768, "totalAttacks": 400004, "damagingAttacks": 482569.5, "damageDone": {"1": 110476.47114691153, "2": 158809.92727373645, "3": 228289.2704558577, "4": 318914.50069351954}, "bleedDamage": {"1": 0.0, "2": 0.0, "3": 0.0, "4": 0.0}}