{"deaths": 7768, "totalAttacks": 300003, "damagingAttacks": 325209.0, "damageDone": {"1": 214634.1458333169, "2": 214634.1458333169, "3": 214634.1458333169, "4": 214634.1458333169}, "bleedDamage": {"1": 0.0, "2": 0.0, "3": 0.0, "4": 0.0}}