{"deaths": 255460, "totalAttacks": 100001, "damagingAttacks": 116965.125, "damageDone": {"1": 104160.21874998973, "2": 104160.21874998973, "3": 104160.21874998973, "4": 104160.21874998973}, "bleedDamage": {"1": 0.0, "2": 0.0, "3": 0.0, "4": 0.0}}