{"deaths": 255460, "totalAttacks": 100001, "damagingAttacks": 110790.375, "damageDone": {"1": 77521.31249999296, "2": 77521.31249999296, "3": 77521.31249999296, "4": 77521.31249999296}, "bleedDamage": {"1": 0.0, "2": 0.0, "3": 0.0, "4": 0.0}}