{"deaths": 255460, "totalAttacks": 131778, "damagingAttacks": 194807.25, "damageDone": {"1": 126784.29166667219, "2": 126784.29166667219, "3": 126784.29166667219, "4": 126784.29166667219}, "bleedDamage": {"1": 0.0, "2": 0.0, "3": 0.0, "4": 0.0}}