{"deaths": 255460, "totalAttacks": 100001, "damagingAttacks": 89817.25, "damageDone": {"1": 67787.42708333381, "2": 67787.42708333381, "3": 67787.42708333381, "4": 67787.42708333381}, "bleedDamage": {"1": 0.0, "2": 0.0, "3": 0.0, "4": 0.0}}