{"deaths": {"1": 41300, "2": 81158, "3": 110362}, "totalAttacks": {"1": 18392.0, "2": 6384.0, "3": 8684.0}, "damagingAttacks": {"1": 11361.5, "2": 4015.5, "3": 3258.5625}, "damageDone": {"1": {"1": 31305.104166668407, "2": 8169.520833333367, "3": 7358.229166666655}, "2": {"1": 31305.104166668407, "2": 8169.520833333367, "3": 7358.229166666655}, "3": {"1": 31305.104166668407, "2": 8169.520833333367, "3": 7358.229166666655}, "4": {"1": 31305.104166668407, "2": 8169.520833333367, "3": 7358.229166666655}}, "bleedDamage": {"1": {"1": 0.0, "2": 0.0, "3": 0.0}, "2": {"1": 0.0, "2": 0.0, "3": 0.0}, "3": {"1": 0.0, "2": 0.0, "3": 0.0}, "4": {"1": 0.0, "2": 0.0, "3": 0.0}}}