{"deaths": 255460, "totalAttacks": 1031778, "damagingAttacks": 1210213.125, "damageDone": {"1": 849606.4791663551, "2": 849606.4791663551, "3": 849606.4791663551, "4": 849606.4791663551}, "bleedDamage": {"1": 0.0, "2": 0.0, "3": 0.0, "4": 0.0}, "loadoutDamage": {}}