{"deaths": 255460, "totalAttacks": 100001, "damagingAttacks": 120642.375, "damageDone": {"1": 74665.69791666846, "2": 74665.69791666846, "3": 74665.69791666846, "4": 74665.69791666846}, "bleedDamage": {"1": 0.0, "2": 0.0, "3": 0.0, "4": 0.0}}