{"deaths": 255460, "totalAttacks": 100001, "damagingAttacks": 126620.75, "damageDone": {"1": 97353.57291669195, "2": 97353.57291669195, "3": 97353.57291669195, "4": 97353.57291669195}, "bleedDamage": {"1": 0.0, "2": 0.0, "3": 0.0, "4": 0.0}}