{"deaths": 255460, "totalAttacks": 100001, "damagingAttacks": 108403.0, "damageDone": {"1": 84025.41666665858, "2": 84025.41666665858, "3": 84025.41666665858, "4": 84025.41666665858}, "bleedDamage": {"1": 0.0, "2": 0.0, "3": 0.0, "4": 0.0}}