{"deaths": 255460, "totalAttacks": 100001, "damagingAttacks": 130230.0, "damageDone": {"1": 83655.37500000893, "2": 83655.37500000893, "3": 83655.37500000893, "4": 83655.37500000893}, "bleedDamage": {"1": 0.0, "2": 0.0, "3": 0.0, "4": 0.0}}