{"deaths": 255460, "totalAttacks": 100001, "damagingAttacks": 81477.125, "damageDone": {"1": 52833.270833336624, "2": 52833.270833336624, "3": 52833.270833336624, "4": 52833.270833336624}, "bleedDamage": {"1": 0.0, "2": 0.0, "3": 0.0, "4": 0.0}}