{"deaths": 255460, "totalAttacks": 100001, "damagingAttacks": 130466.875, "damageDone": {"1": 80824.89583334968, "2": 80824.89583334968, "3": 80824.89583334968, "4": 80824.89583334968}, "bleedDamage": {"1": 0.0, "2": 0.0, "3": 0.0, "4": 0.0}}