{"deaths": 51748, "totalAttacks": 300003, "damagingAttacks": 361927.125, "damageDone": {"1": 96404.35817304789, "2": 103820.07803254879, "3": 111235.79789204693, "4": 120362.83771907674}, "bleedDamage": {"1": 0.0, "2": 0.0, "3": 0.0, "4": 0.0}}