{"deaths": 33619, "totalAttacks": 131778, "damagingAttacks": 194807.25, "damageDone": {"1": 84264.5502958814, "2": 84264.5502958814, "3": 84264.5502958814, "4": 84264.5502958814}, "bleedDamage": {"1": 0.0, "2": 0.0, "3": 0.0, "4": 0.0}}