{"deaths": 51748, "totalAttacks": 300003, "damagingAttacks": 391400.625, "damageDone": {"1": 109355.9405818277, "2": 117767.93601131186, "3": 126179.93144068842, "4": 136533.1565844721}, "bleedDamage": {"1": 0.0, "2": 0.0, "3": 0.0, "4": 0.0}}