{"deaths": 33619, "totalAttacks": 100001, "damagingAttacks": 116965.125, "damageDone": {"1": 66173.94575939227, "2": 66173.94575939227, "3": 66173.94575939227, "4": 66173.94575939227}, "bleedDamage": {"1": 0.0, "2": 0.0, "3": 0.0, "4": 0.0}}