{"deaths": 51748, "totalAttacks": 300003, "damagingAttacks": 269451.75, "damageDone": {"1": 107112.73921347455, "2": 115352.1806914948, "3": 123591.62216947817, "4": 133732.47321921686}, "bleedDamage": {"1": 0.0, "2": 0.0, "3": 0.0, "4": 0.0}}