{"deaths": 51748, "totalAttacks": 300003, "damagingAttacks": 244431.375, "damageDone": {"1": 65485.07390284511, "2": 70522.3872800318, "3": 75559.70065715941, "4": 81759.47096746285}, "bleedDamage": {"1": 0.0, "2": 0.0, "3": 0.0, "4": 0.0}}