{"deaths": 51748, "totalAttacks": 395334, "damagingAttacks": 584421.75, "damageDone": {"1": 177683.13239651138, "2": 191351.06565757055, "3": 205018.99891906447, "4": 221841.0706252313}, "bleedDamage": {"1": 0.0, "2": 0.0, "3": 0.0, "4": 0.0}}