{"deaths": 33619, "totalAttacks": 1031778, "damagingAttacks": 1210213.125, "damageDone": {"1": 559375.7911739431, "2": 559375.7911739431, "3": 559375.7911739431, "4": 559375.7911739431}, "bleedDamage": {"1": 0.0, "2": 0.0, "3": 0.0, "4": 0.0}, "loadoutDamage": {}}