{"deaths": 33619, "totalAttacks": 100001, "damagingAttacks": 108403.0, "damageDone": {"1": 61713.274161743626, "2": 61713.274161743626, "3": 61713.274161743626, "4": 61713.274161743626}, "bleedDamage": {"1": 0.0, "2": 0.0, "3": 0.0, "4": 0.0}}