{"deaths": 33619, "totalAttacks": 100001, "damagingAttacks": 120642.375, "damageDone": {"1": 38516.02613413909, "2": 38516.02613413909, "3": 38516.02613413909, "4": 38516.02613413909}, "bleedDamage": {"1": 0.0, "2": 0.0, "3": 0.0, "4": 0.0}}