{"deaths": 33619, "totalAttacks": 100001, "damagingAttacks": 81477.125, "damageDone": {"1": 31806.07495069374, "2": 31806.07495069374, "3": 31806.07495069374, "4": 31806.07495069374}, "bleedDamage": {"1": 0.0, "2": 0.0, "3": 0.0, "4": 0.0}}