{"deaths": 51748, "totalAttacks": 2063556, "damagingAttacks": 2420426.25, "damageDone": {"1": 1201175.6862653857, "2": 1293573.8159799527, "3": 1385971.945690386, "4": 1499692.720726858}, "bleedDamage": {"1": 0.0, "2": 0.0, "3": 0.0, "4": 0.0}, "loadoutDamage": {}}