{"deaths": 51748, "totalAttacks": 300003, "damagingAttacks": 379862.25, "damageDone": {"1": 156379.6420118359, "2": 168408.8452434389, "3": 180438.04847523672, "4": 195243.22168346055}, "bleedDamage": {"1": 0.0, "2": 0.0, "3": 0.0, "4": 0.0}}