{"deaths": 51748, "totalAttacks": 300003, "damagingAttacks": 325209.0, "damageDone": {"1": 126476.18823964181, "2": 136205.1257965033, "3": 145934.063353416, "4": 157908.14034653152}, "bleedDamage": {"1": 0.0, "2": 0.0, "3": 0.0, "4": 0.0}}