{"deaths": {"1": 4140, "2": 10143, "3": 19200}, "totalAttacks": {"1": 55176.0, "2": 19152.0, "3": 26052.0}, "damagingAttacks": {"1": 34084.5, "2": 12046.5, "3": 9775.6875}, "damageDone": {"1": {"1": 48145.93842455776, "2": 9223.48773422131, "3": 8209.139762081055}, "2": {"1": 51849.472149527835, "2": 9932.986790699357, "3": 8840.61205147174}, "3": {"1": 55553.00587448907, "2": 10642.48584717795, "3": 9472.084340862164}, "4": {"1": 60111.20122828635, "2": 11515.71545515153, "3": 10249.281004728029}}, "bleedDamage": {"1": {"1": 0.0, "2": 0.0, "3": 0.0}, "2": {"1": 0.0, "2": 0.0, "3": 0.0}, "3": {"1": 0.0, "2": 0.0, "3": 0.0}, "4": {"1": 0.0, "2": 0.0, "3": 0.0}}}