{"deaths": 51748, "totalAttacks": 300003, "damagingAttacks": 332371.125, "damageDone": {"1": 120801.4320759129, "2": 130093.8499279925, "3": 139386.26777993795, "4": 150823.0897516232}, "bleedDamage": {"1": 0.0, "2": 0.0, "3": 0.0, "4": 0.0}}