{"deaths": 51748, "totalAttacks": 300003, "damagingAttacks": 390690.0, "damageDone": {"1": 122184.64114884782, "2": 131583.45969888265, "3": 140982.2782488324, "4": 152550.0549255352}, "bleedDamage": {"1": 0.0, "2": 0.0, "3": 0.0, "4": 0.0}}