{"deaths": {"1": 2336, "2": 4791, "3": 12702}, "totalAttacks": {"1": 18392.0, "2": 6384.0, "3": 8684.0}, "damagingAttacks": {"1": 11361.5, "2": 4015.5, "3": 3258.5625}, "damageDone": {"1": {"1": 19574.793207590796, "2": 5046.059541420074, "3": 3649.8913646449614}, "2": {"1": 19574.793207590796, "2": 5046.059541420074, "3": 3649.8913646449614}, "3": {"1": 19574.793207590796, "2": 5046.059541420074, "3": 3649.8913646449614}, "4": {"1": 19574.793207590796, "2": 5046.059541420074, "3": 3649.8913646449614}}, "bleedDamage": {"1": {"1": 0.0, "2": 0.0, "3": 0.0}, "2": {"1": 0.0, "2": 0.0, "3": 0.0}, "3": {"1": 0.0, "2": 0.0, "3": 0.0}, "4": {"1": 0.0, "2": 0.0, "3": 0.0}}}