{"deaths": 51748, "totalAttacks": 300003, "damagingAttacks": 350895.375, "damageDone": {"1": 168164.2524655596, "2": 181099.96419346659, "3": 194035.6759217831, "4": 209956.55189489102}, "bleedDamage": {"1": 0.0, "2": 0.0, "3": 0.0, "4": 0.0}}