{"deaths": 33619, "totalAttacks": 100001, "damagingAttacks": 89817.25, "damageDone": {"1": 41730.31459565484, "2": 41730.31459565484, "3": 41730.31459565484, "4": 41730.31459565484}, "bleedDamage": {"1": 0.0, "2": 0.0, "3": 0.0, "4": 0.0}}