{"deaths": 33619, "totalAttacks": 100001, "damagingAttacks": 130230.0, "damageDone": {"1": 62450.52662721821, "2": 62450.52662721821, "3": 62450.52662721821, "4": 62450.52662721821}, "bleedDamage": {"1": 0.0, "2": 0.0, "3": 0.0, "4": 0.0}}