{"deaths": 33619, "totalAttacks": 100001, "damagingAttacks": 126620.75, "damageDone": {"1": 49442.94674559283, "2": 49442.94674559283, "3": 49442.94674559283, "4": 49442.94674559283}, "bleedDamage": {"1": 0.0, "2": 0.0, "3": 0.0, "4": 0.0}}