{"deaths": 33619, "totalAttacks": 100001, "damagingAttacks": 110790.375, "damageDone": {"1": 54109.432938855985, "2": 54109.432938855985, "3": 54109.432938855985, "4": 54109.432938855985}, "bleedDamage": {"1": 0.0, "2": 0.0, "3": 0.0, "4": 0.0}}