{"deaths": 33619, "totalAttacks": 100001, "damagingAttacks": 130466.875, "damageDone": {"1": 69172.42776134475, "2": 69172.42776134475, "3": 69172.42776134475, "4": 69172.42776134475}, "bleedDamage": {"1": 0.0, "2": 0.0, "3": 0.0, "4": 0.0}}