{"deaths": 3541, "totalAttacks": 300003, "damagingAttacks": 594086.25, "damageDone": {"1": 280987.4089333168, "2": 302601.82500503096, "3": 324216.2410768398, "4": 350818.59931895765}, "bleedDamage": {"1": 0.0, "2": 0.0, "3": 0.0, "4": 0.0}}