{"deaths": 4893, "totalAttacks": 200002, "damagingAttacks": 179634.5, "damageDone": {"1": 196829.19619999727, "2": 211969.90359999577, "3": 227110.611000044, "4": 245745.32780000573}, "bleedDamage": {"1": 0.0, "2": 0.0, "3": 0.0, "4": 0.0}}