{"deaths": 4893, "totalAttacks": 200002, "damagingAttacks": 337906.75, "damageDone": {"1": 415883.54819994845, "2": 519854.4352502397, "3": 649818.0440622753, "4": 805774.3746375792}, "bleedDamage": {"1": 0.0, "2": 0.0, "3": 0.0, "4": 0.0}}