{"deaths": 2173, "totalAttacks": 2063556, "damagingAttacks": 3770483.25, "damageDone": {"1": 6626039.14496642, "2": 8282548.93120896, "3": 10353186.164042378, "4": 12837950.843326066}, "bleedDamage": {"1": 0.0, "2": 0.0, "3": 0.0, "4": 0.0}, "loadoutDamage": {}}