{"deaths": 4893, "totalAttacks": 200002, "damagingAttacks": 374416.5, "damageDone": {"1": 545255.5045335356, "2": 681569.3806666274, "3": 851961.7258334185, "4": 1056432.540033377}, "bleedDamage": {"1": 0.0, "2": 0.0, "3": 0.0, "4": 0.0}}