{"deaths": 4893, "totalAttacks": 200002, "damagingAttacks": 351590.75, "damageDone": {"1": 247631.72416666624, "2": 266680.3183332763, "3": 285728.9124999216, "4": 309173.3360897567}, "bleedDamage": {"1": 0.0, "2": 0.0, "3": 0.0, "4": 0.0}}