{"deaths": 4893, "totalAttacks": 200002, "damagingAttacks": 351590.75, "damageDone": {"1": 451594.2122333489, "2": 564492.7652919187, "3": 705615.9566144216, "4": 874963.7862021577}, "bleedDamage": {"1": 0.0, "2": 0.0, "3": 0.0, "4": 0.0}}