{"deaths": 4893, "totalAttacks": 2063556, "damagingAttacks": 2420426.25, "damageDone": {"1": 4109325.6156191104, "2": 5870465.165192217, "3": 8386378.807451107, "4": 11657066.542270567}, "bleedDamage": {"1": 0.0, "2": 0.0, "3": 0.0, "4": 0.0}, "loadoutDamage": {}}