{"deaths": 2173, "totalAttacks": 2063556, "damagingAttacks": 3770483.25, "damageDone": {"1": 7367109.312499178, "2": 7933810.02880387, "3": 8500510.745188406, "4": 9197988.549881155}, "bleedDamage": {"1": 0.0, "2": 0.0, "3": 0.0, "4": 0.0}, "loadoutDamage": {}}