{"deaths": 4893, "totalAttacks": 200002, "damagingAttacks": 354792.5, "damageDone": {"1": 303719.90999994293, "2": 327082.979999704, "3": 350446.04999994923, "4": 379200.5976923763}, "bleedDamage": {"1": 0.0, "2": 0.0, "3": 0.0, "4": 0.0}}