{"deaths": 4893, "totalAttacks": 100001, "damagingAttacks": 130466.875, "damageDone": {"1": 93067.12826669226, "2": 159543.64845711683, "3": 273503.3973550225, "4": 434946.3749603687}, "bleedDamage": {"1": 0.0, "2": 0.0, "3": 0.0, "4": 0.0}}