{"deaths": 962, "totalAttacks": 2063556, "damagingAttacks": 2420426.25, "damageDone": {"1": 4456216.739035399, "2": 6366023.912894635, "3": 9094319.875538372, "4": 12641104.62702244}, "bleedDamage": {"1": 0.0, "2": 0.0, "3": 0.0, "4": 0.0}, "loadoutDamage": {}}