{"deaths": 2173, "totalAttacks": 300003, "damagingAttacks": 527386.125, "damageDone": {"1": 658790.1837499145, "2": 709466.3517303125, "3": 760142.5197110351, "4": 822513.1879954755}, "bleedDamage": {"1": 0.0, "2": 0.0, "3": 0.0, "4": 0.0}}