{"deaths": 4893, "totalAttacks": 100001, "damagingAttacks": 196332.875, "damageDone": {"1": 106469.34193336767, "2": 182518.87188574934, "3": 312889.494661051, "4": 497581.2102595244}, "bleedDamage": {"1": 0.0, "2": 0.0, "3": 0.0, "4": 0.0}}