{"deaths": 2173, "totalAttacks": 300003, "damagingAttacks": 531831.0, "damageDone": {"1": 759408.8275010401, "2": 817824.8911536193, "3": 876240.9548080512, "4": 948137.6485350346}, "bleedDamage": {"1": 0.0, "2": 0.0, "3": 0.0, "4": 0.0}}