{"deaths": 3994, "totalAttacks": 100001, "damagingAttacks": 110790.375, "damageDone": {"1": 12970.181249997402, "2": 18528.83035714045, "3": 26469.7576530709, "4": 36792.96313775301}, "bleedDamage": {"1": 0.0, "2": 0.0, "3": 0.0, "4": 0.0}}