{"deaths": 4893, "totalAttacks": 200002, "damagingAttacks": 216806.0, "damageDone": {"1": 234539.59619998984, "2": 252581.10360001193, "3": 270622.6110000116, "4": 292827.5431847953}, "bleedDamage": {"1": 0.0, "2": 0.0, "3": 0.0, "4": 0.0}}