{"deaths": 4893, "totalAttacks": 100001, "damagingAttacks": 198744.625, "damageDone": {"1": 124251.2874501038, "2": 213002.20705711987, "3": 365146.6406691219, "4": 580684.5882863894}, "bleedDamage": {"1": 0.0, "2": 0.0, "3": 0.0, "4": 0.0}}