{"deaths": 3994, "totalAttacks": 300003, "damagingAttacks": 332371.125, "damageDone": {"1": 94226.8268500051, "2": 101475.04429995132, "3": 108723.26174996946, "4": 117644.14476543042}, "bleedDamage": {"1": 0.0, "2": 0.0, "3": 0.0, "4": 0.0}}