{"deaths": 3541, "totalAttacks": 300003, "damagingAttacks": 592756.5, "damageDone": {"1": 294798.7031000472, "2": 317475.5264152828, "3": 340152.34973070835, "4": 368062.28611878393}, "bleedDamage": {"1": 0.0, "2": 0.0, "3": 0.0, "4": 0.0}}