{"deaths": 4893, "totalAttacks": 100001, "damagingAttacks": 198028.75, "damageDone": {"1": 126271.72413326833, "2": 216465.81280000508, "3": 371084.25051422114, "4": 590127.037275813}, "bleedDamage": {"1": 0.0, "2": 0.0, "3": 0.0, "4": 0.0}}