{"deaths": 4893, "totalAttacks": 1031778, "damagingAttacks": 2046474.375, "damageDone": {"1": 1853259.8665514607, "2": 3177016.914104443, "3": 5446314.70988093, "4": 8661153.25390205}, "bleedDamage": {"1": 0.0, "2": 0.0, "3": 0.0, "4": 0.0}, "loadoutDamage": {}}