{"deaths": {"1": 379, "2": 649, "3": 1228}, "totalAttacks": {"1": 55176.0, "2": 19152.0, "3": 26052.0}, "damagingAttacks": {"1": 55117.5, "2": 18969.0, "3": 25151.0625}, "damageDone": {"1": {"1": 58056.37376666775, "2": 15237.523733332951, "3": 19882.98504999989}, "2": {"1": 62522.24867180469, "2": 16409.64094358956, "3": 21412.445438461196}, "3": {"1": 66988.12357692259, "2": 17581.75815384571, "3": 22941.90582692348}, "4": {"1": 72484.58499863172, "2": 19024.36395108442, "3": 24824.318612722753}}, "bleedDamage": {"1": {"1": 0.0, "2": 0.0, "3": 0.0}, "2": {"1": 0.0, "2": 0.0, "3": 0.0}, "3": {"1": 0.0, "2": 0.0, "3": 0.0}, "4": {"1": 0.0, "2": 0.0, "3": 0.0}}}