{"deaths": 3994, "totalAttacks": 300003, "damagingAttacks": 350895.375, "damageDone": {"1": 111066.50335000968, "2": 119610.08053072533, "3": 128153.65771150423, "4": 138668.82962638585}, "bleedDamage": {"1": 0.0, "2": 0.0, "3": 0.0, "4": 0.0}}