{"deaths": 4893, "totalAttacks": 200002, "damagingAttacks": 382547.0, "damageDone": {"1": 267205.0333333485, "2": 287759.2666665278, "3": 308313.5000001191, "4": 333611.0179484406}, "bleedDamage": {"1": 0.0, "2": 0.0, "3": 0.0, "4": 0.0}}