{"deaths": 4893, "totalAttacks": 100001, "damagingAttacks": 198133.375, "damageDone": {"1": 151470.44086667063, "2": 259663.61291446298, "3": 445137.62213844876, "4": 707892.4685395749}, "bleedDamage": {"1": 0.0, "2": 0.0, "3": 0.0, "4": 0.0}}