{"deaths": 4893, "totalAttacks": 200002, "damagingAttacks": 241284.75, "damageDone": {"1": 309982.8538999022, "2": 442832.64842864743, "3": 632618.069183598, "4": 879339.1161653526}, "bleedDamage": {"1": 0.0, "2": 0.0, "3": 0.0, "4": 0.0}}