{"deaths": 3994, "totalAttacks": 2063556, "damagingAttacks": 2420426.25, "damageDone": {"1": 1503485.7387153145, "2": 1619138.4878502858, "3": 1734791.2369858879, "4": 1877133.0820681786}, "bleedDamage": {"1": 0.0, "2": 0.0, "3": 0.0, "4": 0.0}, "loadoutDamage": {}}