{"deaths": 4893, "totalAttacks": 100001, "damagingAttacks": 177396.25, "damageDone": {"1": 78967.17659997156, "2": 98708.97074990845, "3": 123386.21343745681, "4": 152998.90466251294}, "bleedDamage": {"1": 0.0, "2": 0.0, "3": 0.0, "4": 0.0}}