{"deaths": 3541, "totalAttacks": 300003, "damagingAttacks": 595662.375, "damageDone": {"1": 265750.80598336813, "2": 286193.1756743096, "3": 306635.5453651793, "4": 331795.38498488185}, "bleedDamage": {"1": 0.0, "2": 0.0, "3": 0.0, "4": 0.0}}