{"deaths": {"1": 714, "2": 1121, "3": 1975}, "totalAttacks": {"1": 18392.0, "2": 6384.0, "3": 8684.0}, "damagingAttacks": {"1": 18372.5, "2": 6323.0, "3": 8383.6875}, "damageDone": {"1": {"1": 28917.277566668745, "2": 7952.666399999966, "3": 9334.608450000022}, "2": {"1": 49572.4758285633, "2": 13633.142400000886, "3": 16002.18591428635}, "3": {"1": 84981.38713470008, "2": 23371.10125714333, "3": 27432.31871020373}, "4": {"1": 135144.0114850657, "2": 37166.542971430055, "3": 43625.00683775712}}, "bleedDamage": {"1": {"1": 0.0, "2": 0.0, "3": 0.0}, "2": {"1": 0.0, "2": 0.0, "3": 0.0}, "3": {"1": 0.0, "2": 0.0, "3": 0.0}, "4": {"1": 0.0, "2": 0.0, "3": 0.0}}}