{"deaths": 4893, "totalAttacks": 100001, "damagingAttacks": 89817.25, "damageDone": {"1": 60175.44693333439, "2": 103157.90902857693, "3": 176842.12976330082, "4": 281228.1091374409}, "bleedDamage": {"1": 0.0, "2": 0.0, "3": 0.0, "4": 0.0}}