{"deaths": 3541, "totalAttacks": 395334, "damagingAttacks": 789878.25, "damageDone": {"1": 308139.50433355436, "2": 331842.54312810814, "3": 355545.58192300424, "4": 384718.552747089}, "bleedDamage": {"1": 0.0, "2": 0.0, "3": 0.0, "4": 0.0}}