{"deaths": 4893, "totalAttacks": 100001, "damagingAttacks": 108403.0, "damageDone": {"1": 80228.13630000807, "2": 137533.9479428231, "3": 235772.48218788154, "4": 374943.7390349001}, "bleedDamage": {"1": 0.0, "2": 0.0, "3": 0.0, "4": 0.0}}