{"deaths": 3994, "totalAttacks": 100001, "damagingAttacks": 108403.0, "damageDone": {"1": 12904.787500002223, "2": 18435.410714292488, "3": 26336.301020406743, "4": 36607.458418398426}, "bleedDamage": {"1": 0.0, "2": 0.0, "3": 0.0, "4": 0.0}}