{"deaths": 3541, "totalAttacks": 2063556, "damagingAttacks": 4092948.75, "damageDone": {"1": 3879562.769045754, "2": 4177990.6743528126, "3": 4476418.579617271, "4": 4843714.463124613}, "bleedDamage": {"1": 0.0, "2": 0.0, "3": 0.0, "4": 0.0}, "loadoutDamage": {}}