{"deaths": 4893, "totalAttacks": 100001, "damagingAttacks": 120642.375, "damageDone": {"1": 68929.5258166873, "2": 118164.90140001717, "3": 202568.40240010654, "4": 322140.02881687024}, "bleedDamage": {"1": 0.0, "2": 0.0, "3": 0.0, "4": 0.0}}