{"deaths": 4893, "totalAttacks": 1031778, "damagingAttacks": 1210213.125, "damageDone": {"1": 2787361.2010109313, "2": 3001773.601063498, "3": 3216186.0011441107, "4": 3480078.1858541383}, "bleedDamage": {"1": 0.0, "2": 0.0, "3": 0.0, "4": 0.0}, "loadoutDamage": {}}