{"deaths": 2173, "totalAttacks": 300003, "damagingAttacks": 506860.125, "damageDone": {"1": 606695.1075000818, "2": 653363.9619227723, "3": 700032.8163457845, "4": 757471.406404969}, "bleedDamage": {"1": 0.0, "2": 0.0, "3": 0.0, "4": 0.0}}