{"deaths": 4893, "totalAttacks": 100001, "damagingAttacks": 191273.5, "damageDone": {"1": 69473.30866666403, "2": 86841.63583329656, "3": 108552.04479161816, "4": 134604.53554172345}, "bleedDamage": {"1": 0.0, "2": 0.0, "3": 0.0, "4": 0.0}}