{"deaths": 4893, "totalAttacks": 200002, "damagingAttacks": 382547.0, "damageDone": {"1": 489782.4914668186, "2": 612228.1143333284, "3": 765285.1429163119, "4": 948953.5772166686}, "bleedDamage": {"1": 0.0, "2": 0.0, "3": 0.0, "4": 0.0}}