{"deaths": 4893, "totalAttacks": 200002, "damagingAttacks": 162954.25, "damageDone": {"1": 153282.58399991697, "2": 165073.5520000529, "3": 176864.52000004475, "4": 191376.48061537973}, "bleedDamage": {"1": 0.0, "2": 0.0, "3": 0.0, "4": 0.0}}