{"deaths": 4893, "totalAttacks": 100001, "damagingAttacks": 130230.0, "damageDone": {"1": 88931.6757333015, "2": 152454.30125710487, "3": 261350.2307265839, "4": 415619.46414148906}, "bleedDamage": {"1": 0.0, "2": 0.0, "3": 0.0, "4": 0.0}}