{"deaths": 4893, "totalAttacks": 100001, "damagingAttacks": 187208.25, "damageDone": {"1": 80511.13806667164, "2": 100638.92258326372, "3": 125798.65322917477, "4": 155990.33000411768}, "bleedDamage": {"1": 0.0, "2": 0.0, "3": 0.0, "4": 0.0}}