{"deaths": 3994, "totalAttacks": 300003, "damagingAttacks": 379862.25, "damageDone": {"1": 112916.41459997064, "2": 121602.2926461021, "3": 130288.17069229305, "4": 140978.48213380045}, "bleedDamage": {"1": 0.0, "2": 0.0, "3": 0.0, "4": 0.0}}