{"deaths": 3994, "totalAttacks": 300003, "damagingAttacks": 244431.375, "damageDone": {"1": 61481.4760000034, "2": 66210.82030766792, "3": 70940.16461537425, "4": 76760.8960709941}, "bleedDamage": {"1": 0.0, "2": 0.0, "3": 0.0, "4": 0.0}}