{"deaths": 4893, "totalAttacks": 200002, "damagingAttacks": 363384.25, "damageDone": {"1": 579085.1749000679, "2": 723856.4686249865, "3": 904820.5857809957, "4": 1121977.526368709}, "bleedDamage": {"1": 0.0, "2": 0.0, "3": 0.0, "4": 0.0}}