{"deaths": 3541, "totalAttacks": 300003, "damagingAttacks": 594400.125, "damageDone": {"1": 314977.7427835326, "2": 339206.7999205302, "3": 363435.85705780523, "4": 393256.2350724742}, "bleedDamage": {"1": 0.0, "2": 0.0, "3": 0.0, "4": 0.0}}