{"deaths": 4893, "totalAttacks": 200002, "damagingAttacks": 373462.75, "damageDone": {"1": 454572.49833341944, "2": 568215.6229167108, "3": 710269.5286458946, "4": 880734.2155207875}, "bleedDamage": {"1": 0.0, "2": 0.0, "3": 0.0, "4": 0.0}}