{"deaths": 3994, "totalAttacks": 1031778, "damagingAttacks": 1210213.125, "damageDone": {"1": 266066.5600952438, "2": 380095.08585061855, "3": 542992.9797908997, "4": 754760.2419074784}, "bleedDamage": {"1": 0.0, "2": 0.0, "3": 0.0, "4": 0.0}, "loadoutDamage": {}}