{"deaths": 3541, "totalAttacks": 300003, "damagingAttacks": 588998.625, "damageDone": {"1": 227814.28649995005, "2": 245338.46238450543, "3": 262862.6382690506, "4": 284430.854742435}, "bleedDamage": {"1": 0.0, "2": 0.0, "3": 0.0, "4": 0.0}}