{"deaths": 4893, "totalAttacks": 200002, "damagingAttacks": 374416.5, "damageDone": {"1": 80511.13806667164, "2": 109265.11594756851, "3": 148288.37164312278, "4": 197580.90515362055}, "bleedDamage": {"1": 0.0, "2": 0.0, "3": 0.0, "4": 0.0}}