{"deaths": 4893, "totalAttacks": 100001, "damagingAttacks": 197138.125, "damageDone": {"1": 97239.08616665412, "2": 166695.57628579682, "3": 285763.84506108996, "4": 454443.8924929442}, "bleedDamage": {"1": 0.0, "2": 0.0, "3": 0.0, "4": 0.0}}