{"deaths": 3994, "totalAttacks": 100001, "damagingAttacks": 116965.125, "damageDone": {"1": 15016.77708333126, "2": 21452.538690476034, "3": 30646.483843542446, "4": 42598.612542526}, "bleedDamage": {"1": 0.0, "2": 0.0, "3": 0.0, "4": 0.0}}