{"deaths": 4893, "totalAttacks": 200002, "damagingAttacks": 373462.75, "damageDone": {"1": 244343.92666678684, "2": 263139.61333331256, "3": 281935.29999998806, "4": 305068.45282055915}, "bleedDamage": {"1": 0.0, "2": 0.0, "3": 0.0, "4": 0.0}}