{"deaths": 4893, "totalAttacks": 100001, "damagingAttacks": 110790.375, "damageDone": {"1": 75956.82748336307, "2": 130211.70425715075, "3": 223220.0644410017, "4": 354981.9080345154}, "bleedDamage": {"1": 0.0, "2": 0.0, "3": 0.0, "4": 0.0}}