{"deaths": 4893, "totalAttacks": 200002, "damagingAttacks": 260933.75, "damageDone": {"1": 344165.0459998262, "2": 491664.3514287094, "3": 702377.6448976963, "4": 976304.9264079322}, "bleedDamage": {"1": 0.0, "2": 0.0, "3": 0.0, "4": 0.0}}