{"deaths": 2173, "totalAttacks": 1031778, "damagingAttacks": 1210213.125, "damageDone": {"1": 1347613.4684413718, "2": 2310194.517329979, "3": 3960333.4582930496, "4": 6298030.291312294}, "bleedDamage": {"1": 0.0, "2": 0.0, "3": 0.0, "4": 0.0}, "loadoutDamage": {}}