{"deaths": 4893, "totalAttacks": 200002, "damagingAttacks": 221580.75, "damageDone": {"1": 234921.67789993182, "2": 252992.57620009512, "3": 271063.474499879, "4": 293304.580100104}, "bleedDamage": {"1": 0.0, "2": 0.0, "3": 0.0, "4": 0.0}}