{"deaths": 3994, "totalAttacks": 300003, "damagingAttacks": 325209.0, "damageDone": {"1": 94073.57430001683, "2": 101310.00309225687, "3": 108546.43188457366, "4": 117452.805782857}, "bleedDamage": {"1": 0.0, "2": 0.0, "3": 0.0, "4": 0.0}}