{"deaths": 4893, "totalAttacks": 200002, "damagingAttacks": 260933.75, "damageDone": {"1": 248357.89160000466, "2": 267462.344800107, "3": 286566.79799997126, "4": 310079.97116931056}, "bleedDamage": {"1": 0.0, "2": 0.0, "3": 0.0, "4": 0.0}}