{"deaths": {"1": 714, "2": 1121, "3": 1975}, "totalAttacks": {"1": 18392.0, "2": 6384.0, "3": 8684.0}, "damagingAttacks": {"1": 17676.0, "2": 5847.0, "3": 6829.9375}, "damageDone": {"1": {"1": 17297.38660000101, "2": 4191.154933333279, "3": 4857.378283333338}, "2": {"1": 21621.733249999616, "2": 5238.943666666657, "3": 6071.722854166879}, "3": {"1": 27027.166562505383, "2": 6548.6795833332035, "3": 7589.653567708374}, "4": {"1": 33513.686537505346, "2": 8120.362683333369, "3": 9411.17042395845}}, "bleedDamage": {"1": {"1": 0.0, "2": 0.0, "3": 0.0}, "2": {"1": 0.0, "2": 0.0, "3": 0.0}, "3": {"1": 0.0, "2": 0.0, "3": 0.0}, "4": {"1": 0.0, "2": 0.0, "3": 0.0}}}