{"deaths": 4893, "totalAttacks": 200002, "damagingAttacks": 354792.5, "damageDone": {"1": 530364.7004001328, "2": 662955.8755000514, "3": 828694.8443745876, "4": 1027581.6070249804}, "bleedDamage": {"1": 0.0, "2": 0.0, "3": 0.0, "4": 0.0}}