{"deaths": 3541, "totalAttacks": 300003, "damagingAttacks": 598972.5, "damageDone": {"1": 235586.17189987708, "2": 253708.18512307672, "3": 271830.1983459521, "4": 294134.21462043194}, "bleedDamage": {"1": 0.0, "2": 0.0, "3": 0.0, "4": 0.0}}