{"deaths": 4893, "totalAttacks": 263556, "damagingAttacks": 389614.5, "damageDone": {"1": 534198.2048000186, "2": 763140.2925715651, "3": 1090200.4179590188, "4": 1515378.580964667}, "bleedDamage": {"1": 0.0, "2": 0.0, "3": 0.0, "4": 0.0}}