{"deaths": 3994, "totalAttacks": 100001, "damagingAttacks": 89817.25, "damageDone": {"1": 10806.83583333288, "2": 15438.336904770631, "3": 22054.767006802223, "4": 30656.12613945813}, "bleedDamage": {"1": 0.0, "2": 0.0, "3": 0.0, "4": 0.0}}