{"deaths": {"1": 457, "2": 755, "3": 1548}, "totalAttacks": {"1": 55176.0, "2": 19152.0, "3": 26052.0}, "damagingAttacks": {"1": 34084.5, "2": 12046.5, "3": 9775.6875}, "damageDone": {"1": {"1": 22224.959500001754, "2": 6146.249599999965, "3": 5030.4482499999995}, "2": {"1": 23934.571769231014, "2": 6619.038030769213, "3": 5417.405807692187}, "3": {"1": 25644.184038464427, "2": 7091.826461538605, "3": 5804.363365384647}, "4": {"1": 27748.322215972068, "2": 7673.719914792942, "3": 6280.618821006014}}, "bleedDamage": {"1": {"1": 0.0, "2": 0.0, "3": 0.0}, "2": {"1": 0.0, "2": 0.0, "3": 0.0}, "3": {"1": 0.0, "2": 0.0, "3": 0.0}, "4": {"1": 0.0, "2": 0.0, "3": 0.0}}}