{"deaths": 4893, "totalAttacks": 200002, "damagingAttacks": 253241.5, "damageDone": {"1": 281517.636399915, "2": 303172.83919991076, "3": 324828.0420002308, "4": 351480.59929258993}, "bleedDamage": {"1": 0.0, "2": 0.0, "3": 0.0, "4": 0.0}}