{"deaths": 4893, "totalAttacks": 100001, "damagingAttacks": 199024.75, "damageDone": {"1": 98052.80999998288, "2": 168090.5314287547, "3": 288155.1967345764, "4": 458246.80591784604}, "bleedDamage": {"1": 0.0, "2": 0.0, "3": 0.0, "4": 0.0}}