{"deaths": 3994, "totalAttacks": 100001, "damagingAttacks": 130466.875, "damageDone": {"1": 13972.02416666656, "2": 19960.034523809187, "3": 28514.33503401271, "4": 39634.925697272694}, "bleedDamage": {"1": 0.0, "2": 0.0, "3": 0.0, "4": 0.0}}