{"deaths": 4893, "totalAttacks": 200002, "damagingAttacks": 221580.75, "damageDone": {"1": 334577.3044999879, "2": 477967.57785752724, "3": 682810.82551012, "4": 949107.0474589797}, "bleedDamage": {"1": 0.0, "2": 0.0, "3": 0.0, "4": 0.0}}