{"deaths": 4893, "totalAttacks": 200002, "damagingAttacks": 233930.25, "damageDone": {"1": 404759.72549978737, "2": 578228.1792863508, "3": 826040.2561220081, "4": 1148195.9560101307}, "bleedDamage": {"1": 0.0, "2": 0.0, "3": 0.0, "4": 0.0}}