{"deaths": 2173, "totalAttacks": 300003, "damagingAttacks": 573820.5, "damageDone": {"1": 714499.6300006652, "2": 769461.1399993087, "3": 824422.6499997909, "4": 892067.5853841584}, "bleedDamage": {"1": 0.0, "2": 0.0, "3": 0.0, "4": 0.0}}