{"deaths": 3994, "totalAttacks": 131778, "damagingAttacks": 194807.25, "damageDone": {"1": 21391.251666666256, "2": 30558.930952376573, "3": 43655.61564623796, "4": 60681.30574828621}, "bleedDamage": {"1": 0.0, "2": 0.0, "3": 0.0, "4": 0.0}}