{"deaths": 4893, "totalAttacks": 100001, "damagingAttacks": 199657.5, "damageDone": {"1": 122902.5038666887, "2": 210690.00662866217, "3": 361182.8685058348, "4": 574381.0894989872}, "bleedDamage": {"1": 0.0, "2": 0.0, "3": 0.0, "4": 0.0}}