{"deaths": 4893, "totalAttacks": 200002, "damagingAttacks": 260460.0, "damageDone": {"1": 260331.72620003123, "2": 280357.24359992996, "3": 300382.76100004325, "4": 325029.55164617643}, "bleedDamage": {"1": 0.0, "2": 0.0, "3": 0.0, "4": 0.0}}