{"deaths": 4893, "totalAttacks": 263556, "damagingAttacks": 512262.0, "damageDone": {"1": 649773.2023998469, "2": 812216.5029998156, "3": 1015270.6287497376, "4": 1258935.5796492612}, "bleedDamage": {"1": 0.0, "2": 0.0, "3": 0.0, "4": 0.0}}