{"deaths": 4893, "totalAttacks": 200002, "damagingAttacks": 179634.5, "damageDone": {"1": 282632.3829998979, "2": 403760.5471429023, "3": 576800.7816326129, "4": 801753.0864692698}, "bleedDamage": {"1": 0.0, "2": 0.0, "3": 0.0, "4": 0.0}}