{"deaths": {"1": 714, "2": 1121, "3": 1975}, "totalAttacks": {"1": 36784.0, "2": 12768.0, "3": 17368.0}, "damagingAttacks": {"1": 22723.0, "2": 8031.0, "3": 6517.125}, "damageDone": {"1": {"1": 81472.71379998754, "2": 21196.520000000106, "3": 17477.36529999972}, "2": {"1": 116389.59114286504, "2": 30280.7428571422, "3": 24967.664714285987}, "3": {"1": 166270.8444897985, "2": 43258.20408163215, "3": 35668.09244897925}, "4": {"1": 231116.47384081155, "2": 60128.90367346633, "3": 49578.648504081}}, "bleedDamage": {"1": {"1": 0.0, "2": 0.0, "3": 0.0}, "2": {"1": 0.0, "2": 0.0, "3": 0.0}, "3": {"1": 0.0, "2": 0.0, "3": 0.0}, "4": {"1": 0.0, "2": 0.0, "3": 0.0}}}