{"deaths": {"1": 714, "2": 1121, "3": 1975}, "totalAttacks": {"1": 36784.0, "2": 12768.0, "3": 17368.0}, "damagingAttacks": {"1": 22723.0, "2": 8031.0, "3": 6517.125}, "damageDone": {"1": {"1": 55410.17299999782, "2": 15323.526400000099, "3": 12541.66549999989}, "2": {"1": 59672.49399999255, "2": 16502.259200000197, "3": 13506.409000000236}, "3": {"1": 63934.815000006674, "2": 17680.99200000015, "3": 14471.152500000404}, "4": {"1": 69180.74853846294, "2": 19131.740061538418, "3": 15658.529115384765}}, "bleedDamage": {"1": {"1": 0.0, "2": 0.0, "3": 0.0}, "2": {"1": 0.0, "2": 0.0, "3": 0.0}, "3": {"1": 0.0, "2": 0.0, "3": 0.0}, "4": {"1": 0.0, "2": 0.0, "3": 0.0}}}