{"deaths": 2173, "totalAttacks": 300003, "damagingAttacks": 560194.125, "damageDone": {"1": 663134.937500244, "2": 714145.3173074529, "3": 765155.6971151084, "4": 827937.7030324027}, "bleedDamage": {"1": 0.0, "2": 0.0, "3": 0.0, "4": 0.0}}