{"deaths": 4893, "totalAttacks": 263556, "damagingAttacks": 512262.0, "damageDone": {"1": 354172.78000026953, "2": 381416.8399999482, "3": 408660.90000004537, "4": 442192.0507689483}, "bleedDamage": {"1": 0.0, "2": 0.0, "3": 0.0, "4": 0.0}}