{"deaths": 4893, "totalAttacks": 200002, "damagingAttacks": 233930.25, "damageDone": {"1": 276905.52889996883, "2": 298205.95420019847, "3": 319506.3795000657, "4": 345722.28756165074}, "bleedDamage": {"1": 0.0, "2": 0.0, "3": 0.0, "4": 0.0}}