{"deaths": 3994, "totalAttacks": 300003, "damagingAttacks": 390690.0, "damageDone": {"1": 104418.76930002823, "2": 112450.98232302946, "3": 120483.19534617459, "4": 130368.99598988325}, "bleedDamage": {"1": 0.0, "2": 0.0, "3": 0.0, "4": 0.0}}