{"deaths": 4893, "totalAttacks": 200002, "damagingAttacks": 253241.5, "damageDone": {"1": 405731.3196000822, "2": 579616.1708575109, "3": 828023.1012242931, "4": 1150952.1107019975}, "bleedDamage": {"1": 0.0, "2": 0.0, "3": 0.0, "4": 0.0}}