{"deaths": 4893, "totalAttacks": 200002, "damagingAttacks": 241284.75, "damageDone": {"1": 225059.80769996805, "2": 242372.10060007268, "3": 259684.3935000091, "4": 280991.83091561275}, "bleedDamage": {"1": 0.0, "2": 0.0, "3": 0.0, "4": 0.0}}