{"deaths": {"1": 521, "2": 843, "3": 1687}, "totalAttacks": {"1": 18392.0, "2": 6384.0, "3": 8684.0}, "damagingAttacks": {"1": 11361.5, "2": 4015.5, "3": 3258.5625}, "damageDone": {"1": {"1": 2991.5558333334475, "2": 862.2200000000164, "3": 704.239583333325}, "2": {"1": 4273.651190476073, "2": 1231.7428571428215, "3": 1006.056547619048}, "3": {"1": 6105.215986394981, "2": 1759.6326530611382, "3": 1437.2236394557406}, "4": {"1": 8486.250221088838, "2": 2445.889387755076, "3": 1997.7408588435073}}, "bleedDamage": {"1": {"1": 0.0, "2": 0.0, "3": 0.0}, "2": {"1": 0.0, "2": 0.0, "3": 0.0}, "3": {"1": 0.0, "2": 0.0, "3": 0.0}, "4": {"1": 0.0, "2": 0.0, "3": 0.0}}}