{"deaths": 3541, "totalAttacks": 300003, "damagingAttacks": 591414.375, "damageDone": {"1": 243181.16661661043, "2": 261887.41020251895, "3": 280593.6537881753, "4": 303616.72281726944}, "bleedDamage": {"1": 0.0, "2": 0.0, "3": 0.0, "4": 0.0}}