{"deaths": 4893, "totalAttacks": 100001, "damagingAttacks": 182799.375, "damageDone": {"1": 75102.19448333251, "2": 93877.74310414336, "3": 117347.17888026164, "4": 145510.50181145282}, "bleedDamage": {"1": 0.0, "2": 0.0, "3": 0.0, "4": 0.0}}