{"deaths": 3994, "totalAttacks": 300003, "damagingAttacks": 361927.125, "damageDone": {"1": 90271.24155002189, "2": 97215.18320765946, "3": 104159.12486525836, "4": 112705.51459793173}, "bleedDamage": {"1": 0.0, "2": 0.0, "3": 0.0, "4": 0.0}}