{"deaths": {"1": 714, "2": 1121, "3": 1975}, "totalAttacks": {"1": 36784.0, "2": 12768.0, "3": 17368.0}, "damagingAttacks": {"1": 35352.0, "2": 11694.0, "3": 13659.875}, "damageDone": {"1": {"1": 114173.24199999287, "2": 29684.535999999593, "3": 34266.67036666586}, "2": {"1": 142716.55250000602, "2": 37105.66999999899, "3": 42833.337958332595}, "3": {"1": 178395.6906249682, "2": 46382.08749999884, "3": 53541.672447916026}, "4": {"1": 221210.6563750179, "2": 57513.78850000016, "3": 66391.67383541714}}, "bleedDamage": {"1": {"1": 0.0, "2": 0.0, "3": 0.0}, "2": {"1": 0.0, "2": 0.0, "3": 0.0}, "3": {"1": 0.0, "2": 0.0, "3": 0.0}, "4": {"1": 0.0, "2": 0.0, "3": 0.0}}}