{"deaths": 4893, "totalAttacks": 263556, "damagingAttacks": 389614.5, "damageDone": {"1": 382337.0095996407, "2": 411747.54880015965, "3": 441158.08800044534, "4": 477355.67470805196}, "bleedDamage": {"1": 0.0, "2": 0.0, "3": 0.0, "4": 0.0}}