{"deaths": 4893, "totalAttacks": 100001, "damagingAttacks": 197585.5, "damageDone": {"1": 160253.08086664448, "2": 274719.5672001843, "3": 470947.829485522, "4": 748937.867723067}, "bleedDamage": {"1": 0.0, "2": 0.0, "3": 0.0, "4": 0.0}}