{"deaths": 3994, "totalAttacks": 100001, "damagingAttacks": 120642.375, "damageDone": {"1": 12708.622083328872, "2": 18155.174404761838, "3": 25935.96343538281, "4": 36050.98917516047}, "bleedDamage": {"1": 0.0, "2": 0.0, "3": 0.0, "4": 0.0}}