{"deaths": 2173, "totalAttacks": 300003, "damagingAttacks": 561624.75, "damageDone": {"1": 795424.2200004671, "2": 856610.698460869, "3": 917797.1769229743, "4": 993103.6119520424}, "bleedDamage": {"1": 0.0, "2": 0.0, "3": 0.0, "4": 0.0}}