{"deaths": 4893, "totalAttacks": 100001, "damagingAttacks": 198554.125, "damageDone": {"1": 132661.02413336164, "2": 227418.8985144217, "3": 389860.9688811953, "4": 619987.2352350904}, "bleedDamage": {"1": 0.0, "2": 0.0, "3": 0.0, "4": 0.0}}