{"deaths": 4893, "totalAttacks": 200002, "damagingAttacks": 365598.75, "damageDone": {"1": 514241.01730020833, "2": 642801.2716248711, "3": 803501.5895313142, "4": 996341.9710185254}, "bleedDamage": {"1": 0.0, "2": 0.0, "3": 0.0, "4": 0.0}}