{"deaths": 4893, "totalAttacks": 200002, "damagingAttacks": 382547.0, "damageDone": {"1": 69473.30866666403, "2": 94285.20461903549, "3": 127958.49198304288, "4": 170493.1707586864}, "bleedDamage": {"1": 0.0, "2": 0.0, "3": 0.0, "4": 0.0}}