{"deaths": {"1": 714, "2": 1121, "3": 1975}, "totalAttacks": {"1": 18392.0, "2": 6384.0, "3": 8684.0}, "damagingAttacks": {"1": 11361.5, "2": 4015.5, "3": 3258.5625}, "damageDone": {"1": {"1": 17510.36603333129, "2": 5230.1894666666185, "3": 4071.919799999914}, "2": {"1": 30017.77034285898, "2": 8966.039085714126, "3": 6980.433942857014}, "3": {"1": 51459.03487346102, "2": 15370.352718367025, "3": 11966.458187754724}, "4": {"1": 81834.1596251635, "2": 24443.130364626533, "3": 19029.99253469392}}, "bleedDamage": {"1": {"1": 0.0, "2": 0.0, "3": 0.0}, "2": {"1": 0.0, "2": 0.0, "3": 0.0}, "3": {"1": 0.0, "2": 0.0, "3": 0.0}, "4": {"1": 0.0, "2": 0.0, "3": 0.0}}}