{"deaths": 3994, "totalAttacks": 100001, "damagingAttacks": 81477.125, "damageDone": {"1": 8645.612499998657, "2": 12350.875000002827, "3": 17644.107142861067, "4": 24525.30892857059}, "bleedDamage": {"1": 0.0, "2": 0.0, "3": 0.0, "4": 0.0}}