{"deaths": 4893, "totalAttacks": 100001, "damagingAttacks": 126620.75, "damageDone": {"1": 79173.38758339258, "2": 135725.80728575613, "3": 232672.8124897833, "4": 370014.4031954539}, "bleedDamage": {"1": 0.0, "2": 0.0, "3": 0.0, "4": 0.0}}