{"deaths": 4893, "totalAttacks": 200002, "damagingAttacks": 354554.0, "damageDone": {"1": 520567.3060668977, "2": 650709.132583381, "3": 813386.4157291516, "4": 1008599.1555039913}, "bleedDamage": {"1": 0.0, "2": 0.0, "3": 0.0, "4": 0.0}}