{"deaths": 3994, "totalAttacks": 100001, "damagingAttacks": 130230.0, "damageDone": {"1": 14520.44583333134, "2": 20743.494047627555, "3": 29633.562925176655, "4": 41190.65246599789}, "bleedDamage": {"1": 0.0, "2": 0.0, "3": 0.0, "4": 0.0}}