{"deaths": 4893, "totalAttacks": 131778, "damagingAttacks": 256131.0, "damageDone": {"1": 92084.92280006724, "2": 115106.1534999381, "3": 143882.69187498995, "4": 178414.53792493552}, "bleedDamage": {"1": 0.0, "2": 0.0, "3": 0.0, "4": 0.0}}