{"deaths": 3994, "totalAttacks": 300003, "damagingAttacks": 269451.75, "damageDone": {"1": 78947.97430004063, "2": 85020.89539999937, "3": 91093.81650003947, "4": 98568.18093073918}, "bleedDamage": {"1": 0.0, "2": 0.0, "3": 0.0, "4": 0.0}}