{"deaths": 4893, "totalAttacks": 131778, "damagingAttacks": 263292.75, "damageDone": {"1": 153073.43739995683, "2": 262411.6069715432, "3": 449848.46909341373, "4": 715384.0237668763}, "bleedDamage": {"1": 0.0, "2": 0.0, "3": 0.0, "4": 0.0}}