{"deaths": 2173, "totalAttacks": 300003, "damagingAttacks": 532188.75, "damageDone": {"1": 773701.3650007237, "2": 833216.8546151795, "3": 892732.3442307779, "4": 965982.177602991}, "bleedDamage": {"1": 0.0, "2": 0.0, "3": 0.0, "4": 0.0}}