{"deaths": 4893, "totalAttacks": 200002, "damagingAttacks": 354554.0, "damageDone": {"1": 296231.5850000006, "2": 319018.62999982515, "3": 341805.6749997735, "4": 369851.2688461606}, "bleedDamage": {"1": 0.0, "2": 0.0, "3": 0.0, "4": 0.0}}