{"deaths": {"1": 227, "2": 208, "3": 775}, "totalAttacks": {"1": 55176.0, "2": 19152.0, "3": 26052.0}, "damagingAttacks": {"1": 53028.0, "2": 17541.0, "3": 20489.8125}, "damageDone": {"1": {"1": 166557.07499998785, "2": 43304.099999999315, "3": 49988.56374999962}, "2": {"1": 179369.15769234794, "2": 46635.18461538566, "3": 53833.837884616536}, "3": {"1": 192181.24038463095, "2": 49966.269230766906, "3": 57679.11201922888}, "4": {"1": 207949.95754434803, "2": 54066.06568047531, "3": 62411.75710798684}}, "bleedDamage": {"1": {"1": 0.0, "2": 0.0, "3": 0.0}, "2": {"1": 0.0, "2": 0.0, "3": 0.0}, "3": {"1": 0.0, "2": 0.0, "3": 0.0}, "4": {"1": 0.0, "2": 0.0, "3": 0.0}}}