{"deaths": 4893, "totalAttacks": 200002, "damagingAttacks": 374416.5, "damageDone": {"1": 309658.223333407, "2": 333478.0866665265, "3": 357297.94999987056, "4": 386614.7048716424}, "bleedDamage": {"1": 0.0, "2": 0.0, "3": 0.0, "4": 0.0}}