{"deaths": 4893, "totalAttacks": 200002, "damagingAttacks": 365598.75, "damageDone": {"1": 288854.5941667234, "2": 311074.1783333314, "3": 333293.76249992184, "4": 360640.9430128336}, "bleedDamage": {"1": 0.0, "2": 0.0, "3": 0.0, "4": 0.0}}