{"deaths": 4893, "totalAttacks": 200002, "damagingAttacks": 162954.25, "damageDone": {"1": 211212.23779995128, "2": 301731.7682859131, "3": 431045.3832651886, "4": 599153.082738616}, "bleedDamage": {"1": 0.0, "2": 0.0, "3": 0.0, "4": 0.0}}