{"deaths": 4893, "totalAttacks": 200002, "damagingAttacks": 260460.0, "damageDone": {"1": 365197.62059981015, "2": 521710.88657157746, "3": 745301.2665305312, "4": 1035968.7604778482}, "bleedDamage": {"1": 0.0, "2": 0.0, "3": 0.0, "4": 0.0}}