{"deaths": 3994, "totalAttacks": 300003, "damagingAttacks": 391400.625, "damageDone": {"1": 99616.0774000096, "2": 107278.85258457657, "3": 114941.6277692054, "4": 124372.7356887587}, "bleedDamage": {"1": 0.0, "2": 0.0, "3": 0.0, "4": 0.0}}