{"deaths": 3541, "totalAttacks": 300003, "damagingAttacks": 596233.875, "damageDone": {"1": 220145.56530010217, "2": 237079.83955388537, "3": 254014.1138073949, "4": 274856.2975044939}, "bleedDamage": {"1": 0.0, "2": 0.0, "3": 0.0, "4": 0.0}}