{"deaths": 2173, "totalAttacks": 395334, "damagingAttacks": 768393.0, "damageDone": {"1": 947895.6900008165, "2": 1020810.7430757476, "3": 1093725.796153532, "4": 1183467.3999400018}, "bleedDamage": {"1": 0.0, "2": 0.0, "3": 0.0, "4": 0.0}}