{"deaths": 4893, "totalAttacks": 100001, "damagingAttacks": 116965.125, "damageDone": {"1": 86462.47869997952, "2": 148221.3920571102, "3": 254093.81495529396, "4": 404079.7473938865}, "bleedDamage": {"1": 0.0, "2": 0.0, "3": 0.0, "4": 0.0}}