{"deaths": 2173, "totalAttacks": 300003, "damagingAttacks": 545076.375, "damageDone": {"1": 844775.2837508279, "2": 909757.9978842653, "3": 974740.7120193819, "4": 1054719.437107311}, "bleedDamage": {"1": 0.0, "2": 0.0, "3": 0.0, "4": 0.0}}