{"deaths": 4893, "totalAttacks": 200002, "damagingAttacks": 363384.25, "damageDone": {"1": 337150.8508333947, "2": 363085.53166653175, "3": 389020.2124998, "4": 420939.819679507}, "bleedDamage": {"1": 0.0, "2": 0.0, "3": 0.0, "4": 0.0}}