{"deaths": 3541, "totalAttacks": 300003, "damagingAttacks": 597074.25, "damageDone": {"1": 277575.2776333113, "2": 298927.2220665996, "3": 320279.1664998339, "4": 346558.48272538045}, "bleedDamage": {"1": 0.0, "2": 0.0, "3": 0.0, "4": 0.0}}