{"deaths": {"1": 714, "2": 1121, "3": 1975}, "totalAttacks": {"1": 36784.0, "2": 12768.0, "3": 17368.0}, "damagingAttacks": {"1": 35352.0, "2": 11694.0, "3": 13659.875}, "damageDone": {"1": {"1": 66528.41000000083, "2": 16119.826666667055, "3": 18682.224166666565}, "2": {"1": 71645.97999999489, "2": 17359.81333333389, "3": 20119.318333333198}, "3": {"1": 76763.55000000894, "2": 18599.800000000017, "3": 21556.412500000148}, "4": {"1": 83062.09769230518, "2": 20125.937435898344, "3": 23325.143782051775}}, "bleedDamage": {"1": {"1": 0.0, "2": 0.0, "3": 0.0}, "2": {"1": 0.0, "2": 0.0, "3": 0.0}, "3": {"1": 0.0, "2": 0.0, "3": 0.0}, "4": {"1": 0.0, "2": 0.0, "3": 0.0}}}