{"deaths": 4893, "totalAttacks": 100001, "damagingAttacks": 81477.125, "damageDone": {"1": 50522.0232833532, "2": 86609.1827713977, "3": 148472.88475104337, "4": 236113.1292221219}, "bleedDamage": {"1": 0.0, "2": 0.0, "3": 0.0, "4": 0.0}}