{"deaths": 4893, "totalAttacks": 131778, "damagingAttacks": 194807.25, "damageDone": {"1": 126857.01643334184, "2": 217469.1710284603, "3": 372804.2931920897, "4": 592862.3829231571}, "bleedDamage": {"1": 0.0, "2": 0.0, "3": 0.0, "4": 0.0}}