{"deaths": 3994, "totalAttacks": 100001, "damagingAttacks": 126620.75, "damageDone": {"1": 15418.793333329057, "2": 22026.84761904261, "3": 31466.925170086746, "4": 43739.02598639351}, "bleedDamage": {"1": 0.0, "2": 0.0, "3": 0.0, "4": 0.0}}