{"deaths": 2173, "totalAttacks": 300003, "damagingAttacks": 548398.125, "damageDone": {"1": 750179.973750698, "2": 807886.1255763713, "3": 865592.2774040576, "4": 936615.2334978194}, "bleedDamage": {"1": 0.0, "2": 0.0, "3": 0.0, "4": 0.0}}