{"deaths": 3994, "totalAttacks": 395334, "damagingAttacks": 584421.75, "damageDone": {"1": 153354.95440002295, "2": 165151.48935376393, "3": 176948.02430763695, "4": 191466.836558647}, "bleedDamage": {"1": 0.0, "2": 0.0, "3": 0.0, "4": 0.0}}