{"deaths": 4893, "totalAttacks": 200002, "damagingAttacks": 337906.75, "damageDone": {"1": 223585.04999993683, "2": 240783.8999999976, "3": 257982.74999993993, "4": 279150.5653844903}, "bleedDamage": {"1": 0.0, "2": 0.0, "3": 0.0, "4": 0.0}}