{"deaths": 4893, "totalAttacks": 200002, "damagingAttacks": 216806.0, "damageDone": {"1": 335859.51139994233, "2": 479799.3020002927, "3": 685427.5742856959, "4": 952744.3282572216}, "bleedDamage": {"1": 0.0, "2": 0.0, "3": 0.0, "4": 0.0}}