{"deaths": 4893, "totalAttacks": 100001, "damagingAttacks": 168953.375, "damageDone": {"1": 58132.1130000009, "2": 72665.14125000134, "3": 90831.42656246603, "4": 112630.96893748343}, "bleedDamage": {"1": 0.0, "2": 0.0, "3": 0.0, "4": 0.0}}