{"deaths": 4893, "totalAttacks": 200002, "damagingAttacks": 373462.75, "damageDone": {"1": 63529.420933295856, "2": 86218.49983806905, "3": 117010.82120882893, "4": 155906.38504560982}, "bleedDamage": {"1": 0.0, "2": 0.0, "3": 0.0, "4": 0.0}}