{"deaths": 5624, "totalAttacks": 100001, "damagingAttacks": 191273.5, "damageDone": {"1": 197818.32893338308, "2": 213035.12346657956, "3": 228251.91799987742, "4": 246980.28050254707}, "bleedDamage": {"1": 0.0, "2": 0.0, "3": 0.0, "4": 0.0}}