{"deaths": 10094, "totalAttacks": 100001, "damagingAttacks": 89817.25, "damageDone": {"1": 50963.11750147433, "2": 50963.11750147433, "3": 50963.11750147433, "4": 50963.11750147433}, "bleedDamage": {"1": 0.0, "2": 0.0, "3": 0.0, "4": 0.0}}