{"deaths": 3294, "totalAttacks": 100001, "damagingAttacks": 81477.125, "damageDone": {"1": 10896.480616670018, "2": 15566.400880954836, "3": 22237.715544220042, "4": 30910.42460644988}, "bleedDamage": {"1": 0.0, "2": 0.0, "3": 0.0, "4": 0.0}}