{"deaths": 5624, "totalAttacks": 100001, "damagingAttacks": 187208.25, "damageDone": {"1": 325032.1714666, "2": 325032.1714666, "3": 325032.1714666, "4": 325032.1714666}, "bleedDamage": {"1": 0.0, "2": 0.0, "3": 0.0, "4": 0.0}}