{"deaths": 10094, "totalAttacks": 100001, "damagingAttacks": 110790.375, "damageDone": {"1": 121824.61360456268, "2": 152280.7670056789, "3": 190350.95875725005, "4": 236035.1888590141}, "bleedDamage": {"1": 0.0, "2": 0.0, "3": 0.0, "4": 0.0}}