{"deaths": 10094, "totalAttacks": 100001, "damagingAttacks": 52180.0, "damageDone": {"1": 12073.556318483068, "2": 19619.529017541525, "3": 31881.73465348988, "4": 48860.17322636506}, "bleedDamage": {"1": 0.0, "2": 0.0, "3": 0.0, "4": 0.0}}