{"deaths": 10094, "totalAttacks": 100001, "damagingAttacks": 116965.125, "damageDone": {"1": 79638.85107469182, "2": 79638.85107469182, "3": 79638.85107469182, "4": 79638.85107469182}, "bleedDamage": {"1": 0.0, "2": 0.0, "3": 0.0, "4": 0.0}}