{"deaths": 10094, "totalAttacks": 100001, "damagingAttacks": 89817.25, "damageDone": {"1": 104285.60919835517, "2": 130357.01149788527, "3": 162946.26437253036, "4": 202053.3678219339}, "bleedDamage": {"1": 0.0, "2": 0.0, "3": 0.0, "4": 0.0}}