{"deaths": 4294, "totalAttacks": 200002, "damagingAttacks": 216806.0, "damageDone": {"1": 91229.14349997768, "2": 123810.98046426773, "3": 168029.18777302693, "4": 223883.76542596167}, "bleedDamage": {"1": 0.0, "2": 0.0, "3": 0.0, "4": 0.0}}