{"deaths": {"1": 383, "2": 923, "3": 1786}, "totalAttacks": {"1": 36784.0, "2": 12768.0, "3": 17368.0}, "damagingAttacks": {"1": 35352.0, "2": 11694.0, "3": 13659.875}, "damageDone": {"1": {"1": 74182.74439061535, "2": 18100.31021053319, "3": 19547.199690828125}, "2": {"1": 89858.39192641938, "2": 21546.936383783068, "3": 23608.372674679722}, "3": {"1": 115331.31917209527, "2": 27147.703915314298, "3": 30207.778773437676}, "4": {"1": 150601.52612765823, "2": 34902.61280512597, "3": 39345.417987103}}, "bleedDamage": {"1": {"1": 0.0, "2": 0.0, "3": 0.0}, "2": {"1": 0.0, "2": 0.0, "3": 0.0}, "3": {"1": 0.0, "2": 0.0, "3": 0.0}, "4": {"1": 0.0, "2": 0.0, "3": 0.0}}}