{"deaths": 4294, "totalAttacks": 100001, "damagingAttacks": 120642.375, "damageDone": {"1": 117200.97321663029, "2": 117200.97321663029, "3": 117200.97321663029, "4": 117200.97321663029}, "bleedDamage": {"1": 0.0, "2": 0.0, "3": 0.0, "4": 0.0}}