{"deaths": {"1": 1017, "2": 2032, "3": 3981}, "totalAttacks": {"1": 36784.0, "2": 12768.0, "3": 17368.0}, "damagingAttacks": {"1": 36745.0, "2": 12646.0, "3": 16767.375}, "damageDone": {"1": {"1": 81824.63529636114, "2": 22530.943221859627, "3": 29374.31650434562}, "2": {"1": 86107.25070890499, "2": 23654.961994571007, "3": 30841.014692637735}, "3": {"1": 91460.51997458188, "2": 25059.98546046194, "3": 32674.387428006175}, "4": {"1": 97884.44309338991, "2": 26746.013619530448, "3": 34874.434710443995}}, "bleedDamage": {"1": {"1": 0.0, "2": 0.0, "3": 0.0}, "2": {"1": 0.0, "2": 0.0, "3": 0.0}, "3": {"1": 0.0, "2": 0.0, "3": 0.0}, "4": {"1": 0.0, "2": 0.0, "3": 0.0}}}