{"deaths": {"1": 1017, "2": 2032, "3": 3981}, "totalAttacks": {"1": 36784.0, "2": 12768.0, "3": 17368.0}, "damagingAttacks": {"1": 36745.0, "2": 12646.0, "3": 16767.375}, "damageDone": {"1": {"1": 101861.57497470098, "2": 27377.402929771815, "3": 33878.00875604507}, "2": {"1": 114527.18226004788, "2": 30701.62866221398, "3": 38215.690632555416}, "3": {"1": 130359.19136671485, "2": 34856.91082776795, "3": 43637.79297819363}, "4": {"1": 149357.6022947337, "2": 39843.24942643188, "3": 50144.31579296099}}, "bleedDamage": {"1": {"1": 0.0, "2": 0.0, "3": 0.0}, "2": {"1": 0.0, "2": 0.0, "3": 0.0}, "3": {"1": 0.0, "2": 0.0, "3": 0.0}, "4": {"1": 0.0, "2": 0.0, "3": 0.0}}}