{"deaths": 5624, "totalAttacks": 100001, "damagingAttacks": 182799.375, "damageDone": {"1": 207696.88684988, "2": 259621.10856233153, "3": 324526.38570318796, "4": 402412.71827124764}, "bleedDamage": {"1": 0.0, "2": 0.0, "3": 0.0, "4": 0.0}}