{"deaths": 4294, "totalAttacks": 100001, "damagingAttacks": 197138.125, "damageDone": {"1": 98043.37500001871, "2": 112049.57142855276, "3": 128056.65306125686, "4": 146064.61989795876}, "bleedDamage": {"1": 0.0, "2": 0.0, "3": 0.0, "4": 0.0}}