{"deaths": {"1": 252, "2": 615, "3": 1278}, "totalAttacks": {"1": 18392.0, "2": 6384.0, "3": 8684.0}, "damagingAttacks": {"1": 11361.5, "2": 4015.5, "3": 3258.5625}, "damageDone": {"1": {"1": 17380.813966667596, "2": 4480.487800000098, "3": 3240.804750000108}, "2": {"1": 17380.813966667596, "2": 4480.487800000098, "3": 3240.804750000108}, "3": {"1": 17380.813966667596, "2": 4480.487800000098, "3": 3240.804750000108}, "4": {"1": 17380.813966667596, "2": 4480.487800000098, "3": 3240.804750000108}}, "bleedDamage": {"1": {"1": 0.0, "2": 0.0, "3": 0.0}, "2": {"1": 0.0, "2": 0.0, "3": 0.0}, "3": {"1": 0.0, "2": 0.0, "3": 0.0}, "4": {"1": 0.0, "2": 0.0, "3": 0.0}}}