{"deaths": 4294, "totalAttacks": 100001, "damagingAttacks": 199024.75, "damageDone": {"1": 125466.97238338328, "2": 143390.82558099547, "3": 163875.22923551322, "4": 186920.1833466912}, "bleedDamage": {"1": 0.0, "2": 0.0, "3": 0.0, "4": 0.0}}