{"deaths": {"1": 1017, "2": 2032, "3": 3981}, "totalAttacks": {"1": 36784.0, "2": 12768.0, "3": 17368.0}, "damagingAttacks": {"1": 35352.0, "2": 11694.0, "3": 13659.875}, "damageDone": {"1": {"1": 49101.70833333299, "2": 12585.708333333234, "3": 13049.322916666746}, "2": {"1": 49101.70833333299, "2": 12585.708333333234, "3": 13049.322916666746}, "3": {"1": 49101.70833333299, "2": 12585.708333333234, "3": 13049.322916666746}, "4": {"1": 49101.70833333299, "2": 12585.708333333234, "3": 13049.322916666746}}, "bleedDamage": {"1": {"1": 0.0, "2": 0.0, "3": 0.0}, "2": {"1": 0.0, "2": 0.0, "3": 0.0}, "3": {"1": 0.0, "2": 0.0, "3": 0.0}, "4": {"1": 0.0, "2": 0.0, "3": 0.0}}}