{"deaths": 5624, "totalAttacks": 200002, "damagingAttacks": 354554.0, "damageDone": {"1": 77020.21209995552, "2": 104527.43070707121, "3": 141858.6559596167, "4": 189013.8878577358}, "bleedDamage": {"1": 0.0, "2": 0.0, "3": 0.0, "4": 0.0}}