{"deaths": 5624, "totalAttacks": 100001, "damagingAttacks": 181692.125, "damageDone": {"1": 183098.84668325915, "2": 228873.55835401802, "3": 286091.9479428539, "4": 354754.01544833864}, "bleedDamage": {"1": 0.0, "2": 0.0, "3": 0.0, "4": 0.0}}