{"deaths": 2368, "totalAttacks": 100001, "damagingAttacks": 182799.375, "damageDone": {"1": 107848.86593336995, "2": 123255.84678098481, "3": 140863.82489265606, "4": 160672.80026810622}, "bleedDamage": {"1": 0.0, "2": 0.0, "3": 0.0, "4": 0.0}}