{"deaths": 5624, "totalAttacks": 100001, "damagingAttacks": 168953.375, "damageDone": {"1": 121423.88099994494, "2": 151779.8512500146, "3": 189724.81406261944, "4": 235258.76943719495}, "bleedDamage": {"1": 0.0, "2": 0.0, "3": 0.0, "4": 0.0}}