{"deaths": 4294, "totalAttacks": 200002, "damagingAttacks": 382547.0, "damageDone": {"1": 207933.08333330508, "2": 207933.08333330508, "3": 207933.08333330508, "4": 207933.08333330508}, "bleedDamage": {"1": 0.0, "2": 0.0, "3": 0.0, "4": 0.0}}