{"deaths": {"1": 1017, "2": 2032, "3": 3981}, "totalAttacks": {"1": 36784.0, "2": 12768.0, "3": 17368.0}, "damagingAttacks": {"1": 36784.0, "2": 12763.0, "3": 17333.625}, "damageDone": {"1": {"1": 63823.49999999841, "2": 15891.083333333205, "3": 19597.46874999986}, "2": {"1": 71391.1666666715, "2": 17613.062499999713, "3": 21929.638020833136}, "3": {"1": 80850.75000000016, "2": 19765.536458333132, "3": 24844.84960937476}, "4": {"1": 92202.2499999993, "2": 22348.50520833318, "3": 28343.10351562477}}, "bleedDamage": {"1": {"1": 0.0, "2": 0.0, "3": 0.0}, "2": {"1": 0.0, "2": 0.0, "3": 0.0}, "3": {"1": 0.0, "2": 0.0, "3": 0.0}, "4": {"1": 0.0, "2": 0.0, "3": 0.0}}}