{"deaths": {"1": 178, "2": 474, "3": 1076}, "totalAttacks": {"1": 18392.0, "2": 6384.0, "3": 8684.0}, "damagingAttacks": {"1": 11361.5, "2": 4015.5, "3": 3258.5625}, "damageDone": {"1": {"1": 8321.126233333196, "2": 2145.0493999999626, "3": 1551.5467499999886}, "2": {"1": 11887.323190474857, "2": 3064.356285714288, "3": 2216.4953571428246}, "3": {"1": 16981.890272110246, "2": 4377.651836734723, "3": 3166.4219387755334}, "4": {"1": 23604.827478231666, "2": 6084.93605306131, "3": 4401.326494898032}}, "bleedDamage": {"1": {"1": 0.0, "2": 0.0, "3": 0.0}, "2": {"1": 0.0, "2": 0.0, "3": 0.0}, "3": {"1": 0.0, "2": 0.0, "3": 0.0}, "4": {"1": 0.0, "2": 0.0, "3": 0.0}}}