{"deaths": 3294, "totalAttacks": 1031778, "damagingAttacks": 1210213.125, "damageDone": {"1": 334411.0786487537, "2": 477730.1123535371, "3": 682471.5890796507, "4": 948635.5088129501}, "bleedDamage": {"1": 0.0, "2": 0.0, "3": 0.0, "4": 0.0}, "loadoutDamage": {}}