{"deaths": 2368, "totalAttacks": 100001, "damagingAttacks": 182799.375, "damageDone": {"1": 107848.86593336995, "2": 107848.86593336995, "3": 107848.86593336995, "4": 107848.86593336995}, "bleedDamage": {"1": 0.0, "2": 0.0, "3": 0.0, "4": 0.0}}