{"deaths": 2598, "totalAttacks": 100001, "damagingAttacks": 110790.375, "damageDone": {"1": 32535.147666639878, "2": 46478.78238096312, "3": 66398.26054421699, "4": 92293.58215651236}, "bleedDamage": {"1": 0.0, "2": 0.0, "3": 0.0, "4": 0.0}}