{"deaths": 5624, "totalAttacks": 100001, "damagingAttacks": 177396.25, "damageDone": {"1": 214209.0837999366, "2": 267761.35474982206, "3": 334701.6934377187, "4": 415030.099861991}, "bleedDamage": {"1": 0.0, "2": 0.0, "3": 0.0, "4": 0.0}}