{"deaths": 10094, "totalAttacks": 100001, "damagingAttacks": 181692.125, "damageDone": {"1": 239935.56250000675, "2": 258392.14423071718, "3": 276848.7259616623, "4": 299564.51886084786}, "bleedDamage": {"1": 0.0, "2": 0.0, "3": 0.0, "4": 0.0}}