{"deaths": 5624, "totalAttacks": 100001, "damagingAttacks": 177277.0, "damageDone": {"1": 160876.53769992248, "2": 201095.67212489407, "3": 251369.5901562461, "4": 311698.29179326573}, "bleedDamage": {"1": 0.0, "2": 0.0, "3": 0.0, "4": 0.0}}