{"deaths": 10094, "totalAttacks": 100001, "damagingAttacks": 177396.25, "damageDone": {"1": 165325.75000002858, "2": 178043.1153846262, "3": 190760.48076916105, "4": 206412.62278105266}, "bleedDamage": {"1": 0.0, "2": 0.0, "3": 0.0, "4": 0.0}}