{"deaths": 5624, "totalAttacks": 100001, "damagingAttacks": 168953.375, "damageDone": {"1": 167971.2729000164, "2": 209964.09112493484, "3": 262455.1139061644, "4": 325444.3412433964}, "bleedDamage": {"1": 0.0, "2": 0.0, "3": 0.0, "4": 0.0}}