{"deaths": 5624, "totalAttacks": 131778, "damagingAttacks": 256131.0, "damageDone": {"1": 125642.64440001195, "2": 157053.30549993206, "3": 196316.6318750288, "4": 243432.62352479648}, "bleedDamage": {"1": 0.0, "2": 0.0, "3": 0.0, "4": 0.0}}