{"deaths": 10094, "totalAttacks": 100001, "damagingAttacks": 5260.0, "damageDone": {"1": 1570.407509132021, "2": 2551.9122023395526, "3": 4146.85732880169, "4": 6355.242888518432}, "bleedDamage": {"1": 0.0, "2": 0.0, "3": 0.0, "4": 0.0}}