{"deaths": 5624, "totalAttacks": 400004, "damagingAttacks": 506483.0, "damageDone": {"1": 172214.02380006085, "2": 233719.03229999225, "3": 317190.1152642978, "4": 422627.2726929801}, "bleedDamage": {"1": 0.0, "2": 0.0, "3": 0.0, "4": 0.0}}