{"deaths": 2516, "totalAttacks": 1031778, "damagingAttacks": 2046474.375, "damageDone": {"1": 234578.21394290897, "2": 252622.69193762497, "3": 270667.1699328412, "4": 292875.7582359146}, "bleedDamage": {"1": 0.0, "2": 0.0, "3": 0.0, "4": 0.0}, "loadoutDamage": {}}