{"deaths": 3294, "totalAttacks": 100001, "damagingAttacks": 198133.375, "damageDone": {"1": 47943.77899996424, "2": 68491.11285715018, "3": 97844.44693883107, "4": 136003.78124485904}, "bleedDamage": {"1": 0.0, "2": 0.0, "3": 0.0, "4": 0.0}}