{"deaths": 10094, "totalAttacks": 100001, "damagingAttacks": 108403.0, "damageDone": {"1": 116161.88661668818, "2": 116161.88661668818, "3": 116161.88661668818, "4": 116161.88661668818}, "bleedDamage": {"1": 0.0, "2": 0.0, "3": 0.0, "4": 0.0}}