{"deaths": 13356, "totalAttacks": 100001, "damagingAttacks": 191273.5, "damageDone": {"1": 43593.8988024673, "2": 54492.37350312685, "3": 68115.4668788901, "4": 84463.17892975066}, "bleedDamage": {"1": 0.0, "2": 0.0, "3": 0.0, "4": 0.0}}