{"deaths": 4294, "totalAttacks": 100001, "damagingAttacks": 198554.125, "damageDone": {"1": 253119.1406165812, "2": 253119.1406165812, "3": 253119.1406165812, "4": 253119.1406165812}, "bleedDamage": {"1": 0.0, "2": 0.0, "3": 0.0, "4": 0.0}}