{"deaths": {"1": 598, "2": 1147, "3": 2240}, "totalAttacks": {"1": 18392.0, "2": 6384.0, "3": 8684.0}, "damagingAttacks": {"1": 17676.0, "2": 5847.0, "3": 6829.9375}, "damageDone": {"1": {"1": 46113.448999998545, "2": 11989.292000000041, "3": 13839.970983333447}, "2": {"1": 57641.81124999338, "2": 14986.61499999975, "3": 17299.963729165927}, "3": {"1": 72052.26406250171, "2": 18733.26874999951, "3": 21624.954661457476}, "4": {"1": 89344.80743749894, "2": 23229.253250001042, "3": 26814.94378020688}}, "bleedDamage": {"1": {"1": 0.0, "2": 0.0, "3": 0.0}, "2": {"1": 0.0, "2": 0.0, "3": 0.0}, "3": {"1": 0.0, "2": 0.0, "3": 0.0}, "4": {"1": 0.0, "2": 0.0, "3": 0.0}}}