{"deaths": 3294, "totalAttacks": 100001, "damagingAttacks": 199024.75, "damageDone": {"1": 24859.32540001795, "2": 35513.32200000709, "3": 50733.31714286181, "4": 70519.31082852517}, "bleedDamage": {"1": 0.0, "2": 0.0, "3": 0.0, "4": 0.0}}