{"deaths": 5624, "totalAttacks": 100001, "damagingAttacks": 175795.375, "damageDone": {"1": 269199.7535166405, "2": 269199.7535166405, "3": 269199.7535166405, "4": 269199.7535166405}, "bleedDamage": {"1": 0.0, "2": 0.0, "3": 0.0, "4": 0.0}}