{"deaths": 2368, "totalAttacks": 1031778, "damagingAttacks": 1885241.625, "damageDone": {"1": 1551659.7930248526, "2": 1551659.7930248526, "3": 1551659.7930248526, "4": 1551659.7930248526}, "bleedDamage": {"1": 0.0, "2": 0.0, "3": 0.0, "4": 0.0}, "loadoutDamage": {}}