{"deaths": 3294, "totalAttacks": 100001, "damagingAttacks": 197138.125, "damageDone": {"1": 26510.928600005544, "2": 37872.755142834925, "3": 54103.93591834671, "4": 75204.47092651295}, "bleedDamage": {"1": 0.0, "2": 0.0, "3": 0.0, "4": 0.0}}