{"deaths": 3410, "totalAttacks": 100001, "damagingAttacks": 81477.125, "damageDone": {"1": 39946.42133334008, "2": 39946.42133334008, "3": 39946.42133334008, "4": 39946.42133334008}, "bleedDamage": {"1": 0.0, "2": 0.0, "3": 0.0, "4": 0.0}}