{"deaths": 10094, "totalAttacks": 100001, "damagingAttacks": 187208.25, "damageDone": {"1": 76891.04234105273, "2": 96113.80292633265, "3": 120142.25365801582, "4": 148976.39453584535}, "bleedDamage": {"1": 0.0, "2": 0.0, "3": 0.0, "4": 0.0}}