{"deaths": 10094, "totalAttacks": 100001, "damagingAttacks": 5230.0, "damageDone": {"1": 1849.2202380651959, "2": 3004.98288685593, "3": 4883.097191141027, "4": 7483.563150920085}, "bleedDamage": {"1": 0.0, "2": 0.0, "3": 0.0, "4": 0.0}}