{"deaths": 10094, "totalAttacks": 100001, "damagingAttacks": 126620.75, "damageDone": {"1": 74256.55783418461, "2": 74256.55783418461, "3": 74256.55783418461, "4": 74256.55783418461}, "bleedDamage": {"1": 0.0, "2": 0.0, "3": 0.0, "4": 0.0}}