{"deaths": 2598, "totalAttacks": 100001, "damagingAttacks": 81477.125, "damageDone": {"1": 19124.49066666551, "2": 27320.700952392282, "3": 39029.572789136204, "4": 54251.1061768803}, "bleedDamage": {"1": 0.0, "2": 0.0, "3": 0.0, "4": 0.0}}