{"deaths": 4294, "totalAttacks": 100001, "damagingAttacks": 198028.75, "damageDone": {"1": 127764.17283333946, "2": 146016.1975239067, "3": 166875.65431305833, "4": 190342.5432008287}, "bleedDamage": {"1": 0.0, "2": 0.0, "3": 0.0, "4": 0.0}}