{"deaths": 5624, "totalAttacks": 131778, "damagingAttacks": 256131.0, "damageDone": {"1": 387336.1996000483, "2": 387336.1996000483, "3": 387336.1996000483, "4": 387336.1996000483}, "bleedDamage": {"1": 0.0, "2": 0.0, "3": 0.0, "4": 0.0}}