{"deaths": 4077, "totalAttacks": 100001, "damagingAttacks": 196332.875, "damageDone": {"1": 70385.03549999821, "2": 75799.26900000239, "3": 81213.50250007275, "4": 87877.17449992236}, "bleedDamage": {"1": 0.0, "2": 0.0, "3": 0.0, "4": 0.0}}