{"deaths": 13356, "totalAttacks": 100001, "damagingAttacks": 182799.375, "damageDone": {"1": 49311.40360925119, "2": 61639.25451152025, "3": 77049.06813943731, "4": 95540.844492854}, "bleedDamage": {"1": 0.0, "2": 0.0, "3": 0.0, "4": 0.0}}