{"deaths": 4077, "totalAttacks": 1031778, "damagingAttacks": 2046474.375, "damageDone": {"1": 1371380.3276598994, "2": 1476871.12207856, "3": 1582361.9165355002, "4": 1712196.740460146}, "bleedDamage": {"1": 0.0, "2": 0.0, "3": 0.0, "4": 0.0}, "loadoutDamage": {}}