{"deaths": 10094, "totalAttacks": 100001, "damagingAttacks": 186731.375, "damageDone": {"1": 60672.88964220298, "2": 75841.11205276965, "3": 94801.39006603256, "4": 117553.72368175902}, "bleedDamage": {"1": 0.0, "2": 0.0, "3": 0.0, "4": 0.0}}