{"deaths": 12237, "totalAttacks": 200002, "damagingAttacks": 241284.75, "damageDone": {"1": 330424.17416659335, "2": 355841.4183333382, "3": 381258.6625001095, "4": 412541.42455133895}, "bleedDamage": {"1": 0.0, "2": 0.0, "3": 0.0, "4": 0.0}}