{"deaths": 4294, "totalAttacks": 100001, "damagingAttacks": 198744.625, "damageDone": {"1": 209681.60789985402, "2": 209681.60789985402, "3": 209681.60789985402, "4": 209681.60789985402}, "bleedDamage": {"1": 0.0, "2": 0.0, "3": 0.0, "4": 0.0}}