{"deaths": 2945, "totalAttacks": 1031778, "damagingAttacks": 124632.0, "damageDone": {"1": 43094.93491124928, "2": 70029.26923081158, "3": 113797.56249999274, "4": 174399.81471901183}, "bleedDamage": {"1": 0.0, "2": 0.0, "3": 0.0, "4": 0.0}, "loadoutDamage": {}}