{"deaths": 2598, "totalAttacks": 1031778, "damagingAttacks": 1210213.125, "damageDone": {"1": 559375.7911739431, "2": 799108.2731056495, "3": 1141583.247291996, "4": 1586800.7137248963}, "bleedDamage": {"1": 0.0, "2": 0.0, "3": 0.0, "4": 0.0}, "loadoutDamage": {}}