{"deaths": 5624, "totalAttacks": 400004, "damagingAttacks": 433612.0, "damageDone": {"1": 141107.9669999749, "2": 191503.669500068, "3": 259897.83717851245, "4": 346290.47003566084}, "bleedDamage": {"1": 0.0, "2": 0.0, "3": 0.0, "4": 0.0}}