{"deaths": 5624, "totalAttacks": 100001, "damagingAttacks": 181692.125, "damageDone": {"1": 233886.80404999663, "2": 251878.0966691419, "3": 269869.38928835746, "4": 292012.5186659556}, "bleedDamage": {"1": 0.0, "2": 0.0, "3": 0.0, "4": 0.0}}