{"deaths": 10094, "totalAttacks": 1031778, "damagingAttacks": 1210213.125, "damageDone": {"1": 1023068.8812250913, "2": 1023068.8812250913, "3": 1023068.8812250913, "4": 1023068.8812250913}, "bleedDamage": {"1": 0.0, "2": 0.0, "3": 0.0, "4": 0.0}, "loadoutDamage": {}}