{"deaths": 13356, "totalAttacks": 100001, "damagingAttacks": 181692.125, "damageDone": {"1": 61059.733106017615, "2": 76324.66638243207, "3": 95405.83297817489, "4": 118303.23289278307}, "bleedDamage": {"1": 0.0, "2": 0.0, "3": 0.0, "4": 0.0}}