{"deaths": 2368, "totalAttacks": 100001, "damagingAttacks": 186731.375, "damageDone": {"1": 85367.44906665054, "2": 97562.79893335646, "3": 111500.34163821935, "4": 127180.07718099802}, "bleedDamage": {"1": 0.0, "2": 0.0, "3": 0.0, "4": 0.0}}