{"deaths": 10094, "totalAttacks": 131778, "damagingAttacks": 256131.0, "damageDone": {"1": 67576.59248968547, "2": 84470.74061219052, "3": 105588.42576515564, "4": 130929.64794884792}, "bleedDamage": {"1": 0.0, "2": 0.0, "3": 0.0, "4": 0.0}}