{"deaths": 10094, "totalAttacks": 100001, "damagingAttacks": 177277.0, "damageDone": {"1": 197775.08333336122, "2": 212988.5512821163, "3": 228202.0192306652, "4": 246926.28747518483}, "bleedDamage": {"1": 0.0, "2": 0.0, "3": 0.0, "4": 0.0}}