{"deaths": 5624, "totalAttacks": 400004, "damagingAttacks": 521867.5, "damageDone": {"1": 246287.8817999368, "2": 422207.7973711969, "3": 723784.7954938494, "4": 1151018.8761669707}, "bleedDamage": {"1": 0.0, "2": 0.0, "3": 0.0, "4": 0.0}}