{"deaths": 4294, "totalAttacks": 100001, "damagingAttacks": 126620.75, "damageDone": {"1": 58413.666666680794, "2": 66758.47619043733, "3": 76295.40136060207, "4": 87024.4421767905}, "bleedDamage": {"1": 0.0, "2": 0.0, "3": 0.0, "4": 0.0}}