{"deaths": 5624, "totalAttacks": 300003, "damagingAttacks": 391400.625, "damageDone": {"1": 166476.18516668628, "2": 208095.23145842174, "3": 260119.03932282014, "4": 322547.60876048077}, "bleedDamage": {"1": 0.0, "2": 0.0, "3": 0.0, "4": 0.0}}