{"deaths": 4294, "totalAttacks": 100001, "damagingAttacks": 116965.125, "damageDone": {"1": 81803.40221664304, "2": 93489.60253336615, "3": 106845.26003809531, "4": 121870.37473099396}, "bleedDamage": {"1": 0.0, "2": 0.0, "3": 0.0, "4": 0.0}}