{"deaths": 2368, "totalAttacks": 100001, "damagingAttacks": 168953.375, "damageDone": {"1": 78529.83906663595, "2": 89748.3875047806, "3": 102569.58571975106, "4": 116993.43371163022}, "bleedDamage": {"1": 0.0, "2": 0.0, "3": 0.0, "4": 0.0}}