{"deaths": 10094, "totalAttacks": 100001, "damagingAttacks": 108403.0, "damageDone": {"1": 84963.00217090083, "2": 106203.75271358651, "3": 132754.69089203002, "4": 164615.8167060394}, "bleedDamage": {"1": 0.0, "2": 0.0, "3": 0.0, "4": 0.0}}