{"deaths": {"1": 409, "2": 968, "3": 1874}, "totalAttacks": {"1": 36784.0, "2": 12768.0, "3": 17368.0}, "damagingAttacks": {"1": 0.0, "2": 1666.0, "3": 0.0}, "damageDone": {"1": {"1": 0.0, "2": 436.0338827768019, "3": 0.0}, "2": {"1": 0.0, "2": 708.555059512304, "3": 0.0}, "3": {"1": 0.0, "2": 1151.4019717074777, "3": 0.0}, "4": {"1": 0.0, "2": 1764.5746193623638, "3": 0.0}}, "bleedDamage": {"1": {"1": 0.0, "2": 0.0, "3": 0.0}, "2": {"1": 0.0, "2": 0.0, "3": 0.0}, "3": {"1": 0.0, "2": 0.0, "3": 0.0}, "4": {"1": 0.0, "2": 0.0, "3": 0.0}}}