{"deaths": 4294, "totalAttacks": 200002, "damagingAttacks": 162954.25, "damageDone": {"1": 53877.55456665284, "2": 73119.53834049971, "3": 99233.65917639084, "4": 132219.9170743332}, "bleedDamage": {"1": 0.0, "2": 0.0, "3": 0.0, "4": 0.0}}