{"deaths": 5624, "totalAttacks": 400004, "damagingAttacks": 482569.5, "damageDone": {"1": 220004.89789985213, "2": 377151.2535425802, "3": 646545.0060737537, "4": 1028186.1554909215}, "bleedDamage": {"1": 0.0, "2": 0.0, "3": 0.0, "4": 0.0}}