{"deaths": {"1": 1017, "2": 2032, "3": 3981}, "totalAttacks": {"1": 36784.0, "2": 12768.0, "3": 17368.0}, "damagingAttacks": {"1": 35352.0, "2": 11694.0, "3": 13659.875}, "damageDone": {"1": {"1": 29239.333333333896, "2": 5750.29166666664, "3": 6871.072916666686}, "2": {"1": 36549.16666666733, "2": 7187.864583333305, "3": 8588.84114583335}, "3": {"1": 45686.458333332725, "2": 8984.830729166766, "3": 10736.051432291693}, "4": {"1": 56651.20833333207, "2": 11141.19010416682, "3": 13312.703776041628}}, "bleedDamage": {"1": {"1": 0.0, "2": 0.0, "3": 0.0}, "2": {"1": 0.0, "2": 0.0, "3": 0.0}, "3": {"1": 0.0, "2": 0.0, "3": 0.0}, "4": {"1": 0.0, "2": 0.0, "3": 0.0}}}