{"deaths": {"1": 1017, "2": 2032, "3": 3981}, "totalAttacks": {"1": 36784.0, "2": 12768.0, "3": 17368.0}, "damagingAttacks": {"1": 36745.0, "2": 12646.0, "3": 16767.375}, "damageDone": {"1": {"1": 62654.517225392905, "2": 15173.901098377393, "3": 19999.23448877846}, "2": {"1": 71821.8623772175, "2": 17394.082416953086, "3": 22925.438271834308}, "3": {"1": 83281.04381696867, "2": 20169.30906517325, "3": 26583.193000657284}, "4": {"1": 97032.06154470371, "2": 23499.581043037397, "3": 30972.498675241688}}, "bleedDamage": {"1": {"1": 0.0, "2": 0.0, "3": 0.0}, "2": {"1": 0.0, "2": 0.0, "3": 0.0}, "3": {"1": 0.0, "2": 0.0, "3": 0.0}, "4": {"1": 0.0, "2": 0.0, "3": 0.0}}}