{"deaths": 13356, "totalAttacks": 100001, "damagingAttacks": 177277.0, "damageDone": {"1": 51687.104043868305, "2": 64608.88005476616, "3": 80761.10006864832, "4": 100143.7640849457}, "bleedDamage": {"1": 0.0, "2": 0.0, "3": 0.0, "4": 0.0}}