{"deaths": 5624, "totalAttacks": 100001, "damagingAttacks": 191273.5, "damageDone": {"1": 94706.22546665819, "2": 118382.7818333632, "3": 147978.47729171385, "4": 183493.31184152619}, "bleedDamage": {"1": 0.0, "2": 0.0, "3": 0.0, "4": 0.0}}