{"deaths": 2368, "totalAttacks": 100001, "damagingAttacks": 181692.125, "damageDone": {"1": 133543.6123833392, "2": 152621.27129521297, "3": 174424.310051665, "4": 198952.72865287645}, "bleedDamage": {"1": 0.0, "2": 0.0, "3": 0.0, "4": 0.0}}