{"deaths": 5624, "totalAttacks": 100001, "damagingAttacks": 191273.5, "damageDone": {"1": 291964.16253332095, "2": 291964.16253332095, "3": 291964.16253332095, "4": 291964.16253332095}, "bleedDamage": {"1": 0.0, "2": 0.0, "3": 0.0, "4": 0.0}}