{"deaths": {"1": 1017, "2": 2032, "3": 3981}, "totalAttacks": {"1": 36784.0, "2": 12768.0, "3": 17368.0}, "damagingAttacks": {"1": 36784.0, "2": 12763.0, "3": 17333.625}, "damageDone": {"1": {"1": 35528.52746941984, "2": 8316.692306947965, "3": 11250.808893225276}, "2": {"1": 44410.65933677352, "2": 10395.8653836857, "3": 14063.511116531117}, "3": {"1": 55513.32417097517, "2": 12994.831729606107, "3": 17579.38889566377}, "4": {"1": 68836.52197202182, "2": 16113.591344712198, "3": 21798.442230624834}}, "bleedDamage": {"1": {"1": 0.0, "2": 0.0, "3": 0.0}, "2": {"1": 0.0, "2": 0.0, "3": 0.0}, "3": {"1": 0.0, "2": 0.0, "3": 0.0}, "4": {"1": 0.0, "2": 0.0, "3": 0.0}}}