{"deaths": {"1": 1017, "2": 2032, "3": 3981}, "totalAttacks": {"1": 36784.0, "2": 12768.0, "3": 17368.0}, "damagingAttacks": {"1": 35352.0, "2": 11694.0, "3": 13659.875}, "damageDone": {"1": {"1": 115514.17238779378, "2": 29794.784797972596, "3": 32994.04286793824}, "2": {"1": 127728.15298474458, "2": 32754.230997466268, "3": 36423.92077242311}, "3": {"1": 142995.6287309292, "2": 36453.53874683185, "3": 40711.268153026875}, "4": {"1": 161316.5996263392, "2": 40892.70804607169, "3": 45856.08500975553}}, "bleedDamage": {"1": {"1": 0.0, "2": 0.0, "3": 0.0}, "2": {"1": 0.0, "2": 0.0, "3": 0.0}, "3": {"1": 0.0, "2": 0.0, "3": 0.0}, "4": {"1": 0.0, "2": 0.0, "3": 0.0}}}