{"deaths": 10094, "totalAttacks": 100001, "damagingAttacks": 108403.0, "damageDone": {"1": 123362.26132656074, "2": 154202.82665809512, "3": 192753.5333229411, "4": 239014.3813203105}, "bleedDamage": {"1": 0.0, "2": 0.0, "3": 0.0, "4": 0.0}}