{"deaths": 10094, "totalAttacks": 100001, "damagingAttacks": 5082.0, "damageDone": {"1": 491.0567765488058, "2": 797.9672618918083, "3": 1296.696800574166, "4": 1987.2453925958957}, "bleedDamage": {"1": 0.0, "2": 0.0, "3": 0.0, "4": 0.0}}