{"deaths": 4294, "totalAttacks": 100001, "damagingAttacks": 89817.25, "damageDone": {"1": 53184.592033348825, "2": 60782.39089524049, "3": 69465.58959460813, "4": 79234.18813128771}, "bleedDamage": {"1": 0.0, "2": 0.0, "3": 0.0, "4": 0.0}}