{"deaths": 4294, "totalAttacks": 100001, "damagingAttacks": 199657.5, "damageDone": {"1": 131394.25000005134, "2": 150164.85714280125, "3": 171616.97959192636, "4": 195750.61734695226}, "bleedDamage": {"1": 0.0, "2": 0.0, "3": 0.0, "4": 0.0}}