{"deaths": 10094, "totalAttacks": 100001, "damagingAttacks": 182799.375, "damageDone": {"1": 71725.30602089525, "2": 89656.63252615085, "3": 112070.79065781488, "4": 138967.7804155437}, "bleedDamage": {"1": 0.0, "2": 0.0, "3": 0.0, "4": 0.0}}