{"deaths": 4294, "totalAttacks": 200002, "damagingAttacks": 241284.75, "damageDone": {"1": 85647.47916668619, "2": 97882.83333337064, "3": 111866.09523812278, "4": 127597.26488092553}, "bleedDamage": {"1": 0.0, "2": 0.0, "3": 0.0, "4": 0.0}}