{"deaths": 10094, "totalAttacks": 100001, "damagingAttacks": 81477.125, "damageDone": {"1": 72854.53651210149, "2": 91068.17064012897, "3": 113835.21330021475, "4": 141155.6644922994}, "bleedDamage": {"1": 0.0, "2": 0.0, "3": 0.0, "4": 0.0}}