{"deaths": 4294, "totalAttacks": 100001, "damagingAttacks": 108403.0, "damageDone": {"1": 137230.8333333558, "2": 137230.8333333558, "3": 137230.8333333558, "4": 137230.8333333558}, "bleedDamage": {"1": 0.0, "2": 0.0, "3": 0.0, "4": 0.0}}