{"deaths": 4294, "totalAttacks": 100001, "damagingAttacks": 199657.5, "damageDone": {"1": 100005.54716663194, "2": 114292.05390472335, "3": 130619.49017700457, "4": 148987.8559830546}, "bleedDamage": {"1": 0.0, "2": 0.0, "3": 0.0, "4": 0.0}}