{"deaths": {"1": 1017, "2": 2032, "3": 3981}, "totalAttacks": {"1": 36784.0, "2": 12768.0, "3": 17368.0}, "damagingAttacks": {"1": 36745.0, "2": 12646.0, "3": 16767.375}, "damageDone": {"1": {"1": 70181.19310723749, "2": 17728.683607637002, "3": 21551.002632228276}, "2": {"1": 79348.53825904553, "2": 19948.864926212664, "3": 24477.206415284545}, "3": {"1": 90807.719698793, "2": 22724.091574432652, "3": 28134.961144105426}, "4": {"1": 104558.73742652018, "2": 26054.36355229635, "3": 32524.26681869261}}, "bleedDamage": {"1": {"1": 0.0, "2": 0.0, "3": 0.0}, "2": {"1": 0.0, "2": 0.0, "3": 0.0}, "3": {"1": 0.0, "2": 0.0, "3": 0.0}, "4": {"1": 0.0, "2": 0.0, "3": 0.0}}}