{"deaths": 5624, "totalAttacks": 300003, "damagingAttacks": 379862.25, "damageDone": {"1": 228967.72138343216, "2": 286209.65172931773, "3": 357762.06466126716, "4": 443624.9601800904}, "bleedDamage": {"1": 0.0, "2": 0.0, "3": 0.0, "4": 0.0}}