{"deaths": 4077, "totalAttacks": 100001, "damagingAttacks": 197138.125, "damageDone": {"1": 75132.75531662084, "2": 80912.19803333774, "3": 86691.64075006648, "4": 93804.80101653936}, "bleedDamage": {"1": 0.0, "2": 0.0, "3": 0.0, "4": 0.0}}