{"deaths": 5624, "totalAttacks": 395334, "damagingAttacks": 584421.75, "damageDone": {"1": 267532.9071333931, "2": 334416.13391692634, "3": 418020.16739566333, "4": 518345.0075708833}, "bleedDamage": {"1": 0.0, "2": 0.0, "3": 0.0, "4": 0.0}}