{"deaths": 5624, "totalAttacks": 300003, "damagingAttacks": 390690.0, "damageDone": {"1": 184466.96170003735, "2": 230583.7021251076, "3": 288229.62765629456, "4": 357404.7382938376}, "bleedDamage": {"1": 0.0, "2": 0.0, "3": 0.0, "4": 0.0}}