{"deaths": 5624, "totalAttacks": 300003, "damagingAttacks": 332371.125, "damageDone": {"1": 179470.01823338275, "2": 224337.52279170652, "3": 280421.90348945314, "4": 347723.1603270704}, "bleedDamage": {"1": 0.0, "2": 0.0, "3": 0.0, "4": 0.0}}