{"deaths": 2368, "totalAttacks": 1031778, "damagingAttacks": 1885241.625, "damageDone": {"1": 1551659.7930248526, "2": 1773325.4777420207, "3": 2026657.6888421548, "4": 2311656.426338378}, "bleedDamage": {"1": 0.0, "2": 0.0, "3": 0.0, "4": 0.0}, "loadoutDamage": {}}