{"deaths": 3474, "totalAttacks": 1031778, "damagingAttacks": 1885241.625, "damageDone": {"1": 2271746.7827356327, "2": 2839683.4784193593, "3": 3549604.348014977, "4": 4401509.391542876}, "bleedDamage": {"1": 0.0, "2": 0.0, "3": 0.0, "4": 0.0}, "loadoutDamage": {}}