{"deaths": 5624, "totalAttacks": 200002, "damagingAttacks": 337906.75, "damageDone": {"1": 58132.1130000009, "2": 78893.58192855865, "3": 107069.86118877935, "4": 142660.95078068573}, "bleedDamage": {"1": 0.0, "2": 0.0, "3": 0.0, "4": 0.0}}