{"deaths": 10094, "totalAttacks": 100001, "damagingAttacks": 5036.0, "damageDone": {"1": 162.00183149920176, "2": 263.2529761862045, "3": 427.78608630257924, "4": 655.6011618483263}, "bleedDamage": {"1": 0.0, "2": 0.0, "3": 0.0, "4": 0.0}}