{"deaths": 10094, "totalAttacks": 100001, "damagingAttacks": 181692.125, "damageDone": {"1": 83734.31893743451, "2": 104667.89867185739, "3": 130834.87333979273, "4": 162235.24294141063}, "bleedDamage": {"1": 0.0, "2": 0.0, "3": 0.0, "4": 0.0}}