{"deaths": 6644, "totalAttacks": 1031778, "damagingAttacks": 1885241.625, "damageDone": {"1": 848389.5271218674, "2": 1060486.908904513, "3": 1325608.6361261136, "4": 1643754.7087948048}, "bleedDamage": {"1": 0.0, "2": 0.0, "3": 0.0, "4": 0.0}, "loadoutDamage": {}}