{"deaths": 5624, "totalAttacks": 300003, "damagingAttacks": 325209.0, "damageDone": {"1": 185648.19396681033, "2": 232060.2424584213, "3": 290075.3030728724, "4": 359693.3758103799}, "bleedDamage": {"1": 0.0, "2": 0.0, "3": 0.0, "4": 0.0}}