{"deaths": 4294, "totalAttacks": 100001, "damagingAttacks": 197585.5, "damageDone": {"1": 137471.03743320485, "2": 157109.7570666066, "3": 179554.0080763091, "4": 204803.7904621844}, "bleedDamage": {"1": 0.0, "2": 0.0, "3": 0.0, "4": 0.0}}