{"deaths": 4294, "totalAttacks": 1031778, "damagingAttacks": 2046474.375, "damageDone": {"1": 1723564.2732987131, "2": 1969787.7409124493, "3": 2251185.9896128136, "4": 2567759.019403167}, "bleedDamage": {"1": 0.0, "2": 0.0, "3": 0.0, "4": 0.0}, "loadoutDamage": {}}