{"deaths": {"1": 384, "2": 929, "3": 1796}, "totalAttacks": {"1": 36784.0, "2": 12768.0, "3": 17368.0}, "damagingAttacks": {"1": 22723.0, "2": 8031.0, "3": 6517.125}, "damageDone": {"1": {"1": 56603.24971356119, "2": 12919.850045733914, "3": 10938.886733011615}, "2": {"1": 76716.13234705263, "2": 17381.350074318012, "3": 14748.444847394767}, "3": {"1": 105583.52951705713, "2": 23727.936058266376, "3": 20182.165259827838}, "4": {"1": 143205.44122368863, "2": 31959.60799758086, "3": 27240.04797031507}}, "bleedDamage": {"1": {"1": 0.0, "2": 0.0, "3": 0.0}, "2": {"1": 0.0, "2": 0.0, "3": 0.0}, "3": {"1": 0.0, "2": 0.0, "3": 0.0}, "4": {"1": 0.0, "2": 0.0, "3": 0.0}}}