{"deaths": {"1": 598, "2": 1147, "3": 2240}, "totalAttacks": {"1": 55176.0, "2": 19152.0, "3": 26052.0}, "damagingAttacks": {"1": 34084.5, "2": 12046.5, "3": 9775.6875}, "damageDone": {"1": {"1": 49023.60749999503, "2": 10126.417466666304, "3": 8837.93003333283}, "2": {"1": 61279.50937500075, "2": 12658.02183333305, "3": 11047.412541666434}, "3": {"1": 76599.38671875118, "2": 15822.527291666662, "3": 13809.265677083114}, "4": {"1": 94983.23953125987, "2": 19619.933841666993, "3": 17123.489439583387}}, "bleedDamage": {"1": {"1": 0.0, "2": 0.0, "3": 0.0}, "2": {"1": 0.0, "2": 0.0, "3": 0.0}, "3": {"1": 0.0, "2": 0.0, "3": 0.0}, "4": {"1": 0.0, "2": 0.0, "3": 0.0}}}