{"deaths": 3294, "totalAttacks": 100001, "damagingAttacks": 110790.375, "damageDone": {"1": 20080.17158333036, "2": 28685.9594047632, "3": 40979.9420068275, "4": 56962.11938943839}, "bleedDamage": {"1": 0.0, "2": 0.0, "3": 0.0, "4": 0.0}}