{"deaths": 4294, "totalAttacks": 100001, "damagingAttacks": 130466.875, "damageDone": {"1": 153817.63541665152, "2": 153817.63541665152, "3": 153817.63541665152, "4": 153817.63541665152}, "bleedDamage": {"1": 0.0, "2": 0.0, "3": 0.0, "4": 0.0}}