{"deaths": 3410, "totalAttacks": 100001, "damagingAttacks": 120642.375, "damageDone": {"1": 48373.696233322815, "2": 48373.696233322815, "3": 48373.696233322815, "4": 48373.696233322815}, "bleedDamage": {"1": 0.0, "2": 0.0, "3": 0.0, "4": 0.0}}