{"deaths": 4294, "totalAttacks": 1031778, "damagingAttacks": 1210213.125, "damageDone": {"1": 1243875.1145833079, "2": 1243875.1145833079, "3": 1243875.1145833079, "4": 1243875.1145833079}, "bleedDamage": {"1": 0.0, "2": 0.0, "3": 0.0, "4": 0.0}, "loadoutDamage": {}}