{"deaths": 10094, "totalAttacks": 100001, "damagingAttacks": 126620.75, "damageDone": {"1": 140328.0655883618, "2": 140328.0655883618, "3": 140328.0655883618, "4": 140328.0655883618}, "bleedDamage": {"1": 0.0, "2": 0.0, "3": 0.0, "4": 0.0}}