{"deaths": 2368, "totalAttacks": 131778, "damagingAttacks": 256131.0, "damageDone": {"1": 126684.49879996722, "2": 126684.49879996722, "3": 126684.49879996722, "4": 126684.49879996722}, "bleedDamage": {"1": 0.0, "2": 0.0, "3": 0.0, "4": 0.0}}