{"deaths": 10094, "totalAttacks": 100001, "damagingAttacks": 5048.0, "damageDone": {"1": 251.48168497759954, "2": 408.6577380885981, "3": 664.0688243939599, "4": 1017.7149438937382}, "bleedDamage": {"1": 0.0, "2": 0.0, "3": 0.0, "4": 0.0}}