{"deaths": 10094, "totalAttacks": 100001, "damagingAttacks": 81477.125, "damageDone": {"1": 45531.1556754878, "2": 56913.94459436542, "3": 71142.43074295828, "4": 88216.61412123089}, "bleedDamage": {"1": 0.0, "2": 0.0, "3": 0.0, "4": 0.0}}