{"deaths": 5624, "totalAttacks": 100001, "damagingAttacks": 186731.375, "damageDone": {"1": 132697.54786661227, "2": 165871.9348333143, "3": 207339.9185417453, "4": 257101.49899128982}, "bleedDamage": {"1": 0.0, "2": 0.0, "3": 0.0, "4": 0.0}}