{"deaths": 5624, "totalAttacks": 300003, "damagingAttacks": 350895.375, "damageDone": {"1": 241702.4037168319, "2": 302128.0046459366, "3": 377660.0058073239, "4": 468298.407200984}, "bleedDamage": {"1": 0.0, "2": 0.0, "3": 0.0, "4": 0.0}}