{"deaths": 5624, "totalAttacks": 100001, "damagingAttacks": 187208.25, "damageDone": {"1": 168168.2351332634, "2": 210210.29391665084, "3": 262762.86739586253, "4": 325825.95557031303}, "bleedDamage": {"1": 0.0, "2": 0.0, "3": 0.0, "4": 0.0}}