{"deaths": 10094, "totalAttacks": 100001, "damagingAttacks": 126620.75, "damageDone": {"1": 150556.42753402618, "2": 188195.53441760025, "3": 235244.418022215, "4": 291703.0783474367}, "bleedDamage": {"1": 0.0, "2": 0.0, "3": 0.0, "4": 0.0}}