{"deaths": 3410, "totalAttacks": 100001, "damagingAttacks": 89817.25, "damageDone": {"1": 25462.31176665368, "2": 31827.889708339546, "3": 39784.86213542561, "4": 49333.22904793201}, "bleedDamage": {"1": 0.0, "2": 0.0, "3": 0.0, "4": 0.0}}