{"deaths": 3294, "totalAttacks": 131778, "damagingAttacks": 263292.75, "damageDone": {"1": 43267.03636666123, "2": 61810.051952406066, "3": 88300.07421777386, "4": 122737.10316256901}, "bleedDamage": {"1": 0.0, "2": 0.0, "3": 0.0, "4": 0.0}}