{"deaths": 10094, "totalAttacks": 1031778, "damagingAttacks": 1210213.125, "damageDone": {"1": 915500.1791175993, "2": 915500.1791175993, "3": 915500.1791175993, "4": 915500.1791175993}, "bleedDamage": {"1": 0.0, "2": 0.0, "3": 0.0, "4": 0.0}, "loadoutDamage": {}}