{"deaths": 2368, "totalAttacks": 100001, "damagingAttacks": 177277.0, "damageDone": {"1": 113044.75530002563, "2": 113044.75530002563, "3": 113044.75530002563, "4": 113044.75530002563}, "bleedDamage": {"1": 0.0, "2": 0.0, "3": 0.0, "4": 0.0}}