{"deaths": {"1": 598, "2": 1147, "3": 2240}, "totalAttacks": {"1": 73568.0, "2": 25536.0, "3": 34736.0}, "damagingAttacks": {"1": 45446.0, "2": 16062.0, "3": 13034.25}, "damageDone": {"1": {"1": 35559.36019999888, "2": 8417.791199999969, "3": 7052.272500000134}, "2": {"1": 48259.131700000915, "2": 11424.145200000292, "3": 9570.941249999798}, "3": {"1": 65494.53587856877, "2": 15504.19705714301, "3": 12989.13455357155}, "4": {"1": 87265.57273569799, "2": 20657.94677142865, "3": 17306.852410713713}}, "bleedDamage": {"1": {"1": 0.0, "2": 0.0, "3": 0.0}, "2": {"1": 0.0, "2": 0.0, "3": 0.0}, "3": {"1": 0.0, "2": 0.0, "3": 0.0}, "4": {"1": 0.0, "2": 0.0, "3": 0.0}}}