{"deaths": {"1": 1017, "2": 2032, "3": 3981}, "totalAttacks": {"1": 36784.0, "2": 12768.0, "3": 17368.0}, "damagingAttacks": {"1": 36745.0, "2": 12646.0, "3": 16767.375}, "damageDone": {"1": {"1": 85600.62631578148, "2": 22409.194825831593, "3": 28429.639909355705}, "2": {"1": 97603.91277410937, "2": 25316.19482583159, "3": 32261.072201022707}, "3": {"1": 112608.02084703045, "2": 28949.94482583138, "3": 37050.36256560577}, "4": {"1": 130612.95053452834, "2": 33310.44482583122, "3": 42797.51100310545}}, "bleedDamage": {"1": {"1": 0.0, "2": 0.0, "3": 0.0}, "2": {"1": 0.0, "2": 0.0, "3": 0.0}, "3": {"1": 0.0, "2": 0.0, "3": 0.0}, "4": {"1": 0.0, "2": 0.0, "3": 0.0}}}