{"deaths": 4294, "totalAttacks": 200002, "damagingAttacks": 221580.75, "damageDone": {"1": 90092.01871661794, "2": 122267.73968693265, "3": 165934.789575186, "4": 221093.16838124927}, "bleedDamage": {"1": 0.0, "2": 0.0, "3": 0.0, "4": 0.0}}