{"deaths": 4294, "totalAttacks": 100001, "damagingAttacks": 130466.875, "damageDone": {"1": 97128.67708335283, "2": 111004.20238085622, "3": 126861.94557830319, "4": 144701.9066751359}, "bleedDamage": {"1": 0.0, "2": 0.0, "3": 0.0, "4": 0.0}}