{"deaths": 4294, "totalAttacks": 100001, "damagingAttacks": 110790.375, "damageDone": {"1": 60741.05123333354, "2": 69418.34426666882, "3": 79335.25059051633, "4": 90491.77020478096}, "bleedDamage": {"1": 0.0, "2": 0.0, "3": 0.0, "4": 0.0}}