{"deaths": 3410, "totalAttacks": 100001, "damagingAttacks": 126620.75, "damageDone": {"1": 37100.234816641474, "2": 46375.29352086702, "3": 57969.11690104258, "4": 71881.70495726429}, "bleedDamage": {"1": 0.0, "2": 0.0, "3": 0.0, "4": 0.0}}