{"deaths": 5624, "totalAttacks": 131778, "damagingAttacks": 256131.0, "damageDone": {"1": 192343.06359999435, "2": 240428.8295000353, "3": 300536.03687516105, "4": 372664.6857243637}, "bleedDamage": {"1": 0.0, "2": 0.0, "3": 0.0, "4": 0.0}}