{"deaths": {"1": 1017, "2": 2032, "3": 3981}, "totalAttacks": {"1": 36784.0, "2": 12768.0, "3": 17368.0}, "damagingAttacks": {"1": 22723.0, "2": 8031.0, "3": 6517.125}, "damageDone": {"1": {"1": 28178.520546702803, "2": 7331.124084130042, "3": 6044.800452053724}, "2": {"1": 28178.520546702803, "2": 7331.124084130042, "3": 6044.800452053724}, "3": {"1": 28178.520546702803, "2": 7331.124084130042, "3": 6044.800452053724}, "4": {"1": 28178.520546702803, "2": 7331.124084130042, "3": 6044.800452053724}}, "bleedDamage": {"1": {"1": 0.0, "2": 0.0, "3": 0.0}, "2": {"1": 0.0, "2": 0.0, "3": 0.0}, "3": {"1": 0.0, "2": 0.0, "3": 0.0}, "4": {"1": 0.0, "2": 0.0, "3": 0.0}}}