{"deaths": 5624, "totalAttacks": 131778, "damagingAttacks": 256131.0, "damageDone": {"1": 262437.0027999026, "2": 282624.4645537807, "3": 302811.9263073378, "4": 327658.03308162204}, "bleedDamage": {"1": 0.0, "2": 0.0, "3": 0.0, "4": 0.0}}