{"deaths": 5624, "totalAttacks": 400004, "damagingAttacks": 443161.5, "damageDone": {"1": 183771.79239996162, "2": 197908.08412302533, "3": 212044.3758462064, "4": 229442.88873613763}, "bleedDamage": {"1": 0.0, "2": 0.0, "3": 0.0, "4": 0.0}}