{"deaths": {"1": 1017, "2": 2032, "3": 3981}, "totalAttacks": {"1": 36784.0, "2": 12768.0, "3": 17368.0}, "damagingAttacks": {"1": 22723.0, "2": 8031.0, "3": 6517.125}, "damageDone": {"1": {"1": 22435.946084096555, "2": 4634.4152928202375, "3": 4044.73134138294}, "2": {"1": 28044.932605121267, "2": 5793.019116025276, "3": 5055.91417672879}, "3": {"1": 35056.16575640002, "2": 7241.273895031354, "3": 6319.892720910448}, "4": {"1": 43469.64553794641, "2": 8979.17962983937, "3": 7836.666973929798}}, "bleedDamage": {"1": {"1": 0.0, "2": 0.0, "3": 0.0}, "2": {"1": 0.0, "2": 0.0, "3": 0.0}, "3": {"1": 0.0, "2": 0.0, "3": 0.0}, "4": {"1": 0.0, "2": 0.0, "3": 0.0}}}