{"deaths": {"1": 409, "2": 968, "3": 1874}, "totalAttacks": {"1": 36784.0, "2": 12768.0, "3": 17368.0}, "damagingAttacks": {"1": 35352.0, "2": 11694.0, "3": 13659.875}, "damageDone": {"1": {"1": 45063.91758216006, "2": 8862.400068630513, "3": 10589.757984141983}, "2": {"1": 62264.11607101317, "2": 12245.040736525185, "3": 14631.704380482224}, "3": {"1": 87473.2511153847, "2": 17202.741978102946, "3": 20555.704188595417}, "4": {"1": 120691.3227153066, "2": 23735.503793365693, "3": 28361.757408485897}}, "bleedDamage": {"1": {"1": 0.0, "2": 0.0, "3": 0.0}, "2": {"1": 0.0, "2": 0.0, "3": 0.0}, "3": {"1": 0.0, "2": 0.0, "3": 0.0}, "4": {"1": 0.0, "2": 0.0, "3": 0.0}}}