{"deaths": 4294, "totalAttacks": 200002, "damagingAttacks": 260460.0, "damageDone": {"1": 138870.24999999045, "2": 158708.85714286295, "3": 181381.55102046873, "4": 206888.33163259513}, "bleedDamage": {"1": 0.0, "2": 0.0, "3": 0.0, "4": 0.0}}