{"deaths": 10094, "totalAttacks": 100001, "damagingAttacks": 191273.5, "damageDone": {"1": 91361.68154615621, "2": 114202.10193257684, "3": 142752.6274159159, "4": 177013.2579955811}, "bleedDamage": {"1": 0.0, "2": 0.0, "3": 0.0, "4": 0.0}}