{"deaths": 5624, "totalAttacks": 100001, "damagingAttacks": 177396.25, "damageDone": {"1": 102553.35740002786, "2": 128191.6967500181, "3": 160239.6209375149, "4": 198697.1299624577}, "bleedDamage": {"1": 0.0, "2": 0.0, "3": 0.0, "4": 0.0}}