{"deaths": 4294, "totalAttacks": 263556, "damagingAttacks": 389614.5, "damageDone": {"1": 139801.57873333656, "2": 189730.71399536292, "3": 257491.68327931207, "4": 343084.48658562015}, "bleedDamage": {"1": 0.0, "2": 0.0, "3": 0.0, "4": 0.0}}