{"deaths": 10094, "totalAttacks": 100001, "damagingAttacks": 187208.25, "damageDone": {"1": 68553.20939097703, "2": 85691.51173882699, "3": 107114.38967344463, "4": 132821.84319512264}, "bleedDamage": {"1": 0.0, "2": 0.0, "3": 0.0, "4": 0.0}}