{"deaths": 10094, "totalAttacks": 100001, "damagingAttacks": 130230.0, "damageDone": {"1": 126308.8974910237, "2": 126308.8974910237, "3": 126308.8974910237, "4": 126308.8974910237}, "bleedDamage": {"1": 0.0, "2": 0.0, "3": 0.0, "4": 0.0}}