{"deaths": {"1": 1017, "2": 2032, "3": 3981}, "totalAttacks": {"1": 36784.0, "2": 12768.0, "3": 17368.0}, "damagingAttacks": {"1": 36745.0, "2": 12646.0, "3": 16767.375}, "damageDone": {"1": {"1": 87100.21972239953, "2": 23503.125457721733, "3": 28822.580957904214}, "2": {"1": 87100.21972239953, "2": 23503.125457721733, "3": 28822.580957904214}, "3": {"1": 87100.21972239953, "2": 23503.125457721733, "3": 28822.580957904214}, "4": {"1": 87100.21972239953, "2": 23503.125457721733, "3": 28822.580957904214}}, "bleedDamage": {"1": {"1": 0.0, "2": 0.0, "3": 0.0}, "2": {"1": 0.0, "2": 0.0, "3": 0.0}, "3": {"1": 0.0, "2": 0.0, "3": 0.0}, "4": {"1": 0.0, "2": 0.0, "3": 0.0}}}