{"deaths": 6644, "totalAttacks": 1031778, "damagingAttacks": 1885241.625, "damageDone": {"1": 1551659.7930248526, "2": 1939574.741272015, "3": 2424468.4266005987, "4": 3006340.8489801297}, "bleedDamage": {"1": 0.0, "2": 0.0, "3": 0.0, "4": 0.0}, "loadoutDamage": {}}