{"deaths": 10094, "totalAttacks": 100001, "damagingAttacks": 168953.375, "damageDone": {"1": 55518.26578773383, "2": 69397.83223467258, "3": 86747.29029336861, "4": 107566.63996369115}, "bleedDamage": {"1": 0.0, "2": 0.0, "3": 0.0, "4": 0.0}}