{"deaths": 10094, "totalAttacks": 100001, "damagingAttacks": 191273.5, "damageDone": {"1": 49982.14274181582, "2": 62477.67842727689, "3": 78097.09803410193, "4": 96840.40156231509}, "bleedDamage": {"1": 0.0, "2": 0.0, "3": 0.0, "4": 0.0}}