{"deaths": {"1": 221, "2": 599, "3": 1250}, "totalAttacks": {"1": 18392.0, "2": 6384.0, "3": 8684.0}, "damagingAttacks": {"1": 11361.5, "2": 4015.5, "3": 3258.5625}, "damageDone": {"1": {"1": 5381.945833333518, "2": 1293.8865333333335, "3": 877.6001000000256}, "2": {"1": 7688.494047619316, "2": 1848.4093333334197, "3": 1253.7144285714633}, "3": {"1": 10983.562925169083, "2": 2640.584761904756, "3": 1791.020612244902}, "4": {"1": 15267.152465987072, "2": 3670.412819047698, "3": 2489.5186510204317}}, "bleedDamage": {"1": {"1": 0.0, "2": 0.0, "3": 0.0}, "2": {"1": 0.0, "2": 0.0, "3": 0.0}, "3": {"1": 0.0, "2": 0.0, "3": 0.0}, "4": {"1": 0.0, "2": 0.0, "3": 0.0}}}