{"deaths": {"1": 1017, "2": 2032, "3": 3981}, "totalAttacks": {"1": 36784.0, "2": 12768.0, "3": 17368.0}, "damagingAttacks": {"1": 36784.0, "2": 12763.0, "3": 17333.625}, "damageDone": {"1": {"1": 68405.88644411812, "2": 18857.320969958037, "3": 23298.001544342384}, "2": {"1": 72692.44138847801, "2": 19998.442879113874, "3": 24824.228492928432}, "3": {"1": 78050.63506893578, "2": 21424.84526555924, "3": 26732.01217865977}, "4": {"1": 84480.46748547074, "2": 23136.528129293718, "3": 29021.352601538423}}, "bleedDamage": {"1": {"1": 0.0, "2": 0.0, "3": 0.0}, "2": {"1": 0.0, "2": 0.0, "3": 0.0}, "3": {"1": 0.0, "2": 0.0, "3": 0.0}, "4": {"1": 0.0, "2": 0.0, "3": 0.0}}}