{"deaths": 10094, "totalAttacks": 100001, "damagingAttacks": 81477.125, "damageDone": {"1": 38277.89377226639, "2": 38277.89377226639, "3": 38277.89377226639, "4": 38277.89377226639}, "bleedDamage": {"1": 0.0, "2": 0.0, "3": 0.0, "4": 0.0}}