{"deaths": 5624, "totalAttacks": 400004, "damagingAttacks": 325908.5, "damageDone": {"1": 149269.8253999491, "2": 255891.12925690168, "3": 438670.5072980056, "4": 697607.9595222089}, "bleedDamage": {"1": 0.0, "2": 0.0, "3": 0.0, "4": 0.0}}