{"deaths": 12237, "totalAttacks": 263556, "damagingAttacks": 389614.5, "damageDone": {"1": 556172.543333236, "2": 598955.0466671116, "3": 641737.5499997141, "4": 694392.9387177402}, "bleedDamage": {"1": 0.0, "2": 0.0, "3": 0.0, "4": 0.0}}