{"deaths": 3294, "totalAttacks": 100001, "damagingAttacks": 130230.0, "damageDone": {"1": 22530.054733359495, "2": 32185.792476183553, "3": 45979.70353742855, "4": 63911.78791699275}, "bleedDamage": {"1": 0.0, "2": 0.0, "3": 0.0, "4": 0.0}}