{"deaths": 12237, "totalAttacks": 200002, "damagingAttacks": 260460.0, "damageDone": {"1": 377531.5916666211, "2": 406572.48333315604, "3": 435613.3749999572, "4": 471356.01089747314}, "bleedDamage": {"1": 0.0, "2": 0.0, "3": 0.0, "4": 0.0}}