{"deaths": 3294, "totalAttacks": 1031778, "damagingAttacks": 2046474.375, "damageDone": {"1": 622668.6136593391, "2": 889526.5909385043, "3": 1270752.2727745413, "4": 1766345.6591391913}, "bleedDamage": {"1": 0.0, "2": 0.0, "3": 0.0, "4": 0.0}, "loadoutDamage": {}}