{"deaths": {"1": 1017, "2": 2032, "3": 3981}, "totalAttacks": {"1": 36784.0, "2": 12768.0, "3": 17368.0}, "damagingAttacks": {"1": 36745.0, "2": 12646.0, "3": 16767.375}, "damageDone": {"1": {"1": 66916.69310723388, "2": 15620.41277430284, "3": 20625.24221556104}, "2": {"1": 83645.86638403375, "2": 19525.51596787886, "3": 25781.5527694514}, "3": {"1": 104557.3329800473, "2": 24406.89495984922, "3": 32226.94096181365}, "4": {"1": 129651.09289526327, "2": 30264.54975021306, "3": 39961.40679265124}}, "bleedDamage": {"1": {"1": 0.0, "2": 0.0, "3": 0.0}, "2": {"1": 0.0, "2": 0.0, "3": 0.0}, "3": {"1": 0.0, "2": 0.0, "3": 0.0}, "4": {"1": 0.0, "2": 0.0, "3": 0.0}}}