{"deaths": 10094, "totalAttacks": 100001, "damagingAttacks": 191273.5, "damageDone": {"1": 66349.51693066621, "2": 82936.89616336742, "3": 103671.12020430081, "4": 128552.18905318048}, "bleedDamage": {"1": 0.0, "2": 0.0, "3": 0.0, "4": 0.0}}