{"deaths": 4294, "totalAttacks": 100001, "damagingAttacks": 130466.875, "damageDone": {"1": 56343.33016664975, "2": 64392.37733331649, "3": 73591.28838100487, "4": 83940.06330954809}, "bleedDamage": {"1": 0.0, "2": 0.0, "3": 0.0, "4": 0.0}}