{"deaths": 4294, "totalAttacks": 131778, "damagingAttacks": 194807.25, "damageDone": {"1": 107713.81249999671, "2": 123101.50000003297, "3": 140687.42857151144, "4": 160471.59821425393}, "bleedDamage": {"1": 0.0, "2": 0.0, "3": 0.0, "4": 0.0}}