{"deaths": {"1": 1017, "2": 2032, "3": 3981}, "totalAttacks": {"1": 36784.0, "2": 12768.0, "3": 17368.0}, "damagingAttacks": {"1": 35352.0, "2": 11694.0, "3": 13659.875}, "damageDone": {"1": {"1": 15824.584248827188, "2": 3112.108401964075, "3": 3718.685067476189}, "2": {"1": 19780.730311033192, "2": 3890.1355024550403, "3": 4648.356334345246}, "3": {"1": 24725.912888792725, "2": 4862.669378068895, "3": 5810.445417931608}, "4": {"1": 30660.131982098992, "2": 6029.710028805481, "3": 7204.952318235096}}, "bleedDamage": {"1": {"1": 0.0, "2": 0.0, "3": 0.0}, "2": {"1": 0.0, "2": 0.0, "3": 0.0}, "3": {"1": 0.0, "2": 0.0, "3": 0.0}, "4": {"1": 0.0, "2": 0.0, "3": 0.0}}}