{"deaths": 10094, "totalAttacks": 131778, "damagingAttacks": 30328.0, "damageDone": {"1": 1311.8901098687802, "2": 2131.8214285369027, "3": 3464.2098213724184, "4": 5309.055288375012}, "bleedDamage": {"1": 0.0, "2": 0.0, "3": 0.0, "4": 0.0}}