{"deaths": 4294, "totalAttacks": 131778, "damagingAttacks": 194807.25, "damageDone": {"1": 206336.04113317965, "2": 206336.04113317965, "3": 206336.04113317965, "4": 206336.04113317965}, "bleedDamage": {"1": 0.0, "2": 0.0, "3": 0.0, "4": 0.0}}