{"deaths": 4294, "totalAttacks": 263556, "damagingAttacks": 512262.0, "damageDone": {"1": 261686.7916667114, "2": 261686.7916667114, "3": 261686.7916667114, "4": 261686.7916667114}, "bleedDamage": {"1": 0.0, "2": 0.0, "3": 0.0, "4": 0.0}}