{"deaths": 5624, "totalAttacks": 527112, "damagingAttacks": 779229.0, "damageDone": {"1": 387325.62040006183, "2": 663986.7778285978, "3": 1138263.0477060117, "4": 1810154.4300323876}, "bleedDamage": {"1": 0.0, "2": 0.0, "3": 0.0, "4": 0.0}}