{"deaths": 12237, "totalAttacks": 200002, "damagingAttacks": 162954.25, "damageDone": {"1": 224785.92499998797, "2": 242077.14999991885, "3": 259368.37500002838, "4": 280649.8826923616}, "bleedDamage": {"1": 0.0, "2": 0.0, "3": 0.0, "4": 0.0}}