{"deaths": 10094, "totalAttacks": 100001, "damagingAttacks": 5170.0, "damageDone": {"1": 1305.3956043744195, "2": 2121.267857108407, "3": 3447.06026780117, "4": 5282.772836452664}, "bleedDamage": {"1": 0.0, "2": 0.0, "3": 0.0, "4": 0.0}}