{"deaths": 3474, "totalAttacks": 1031778, "damagingAttacks": 1885241.625, "damageDone": {"1": 1656509.786241605, "2": 2070637.23280224, "3": 2588296.5410105945, "4": 3209487.7108315164}, "bleedDamage": {"1": 0.0, "2": 0.0, "3": 0.0, "4": 0.0}, "loadoutDamage": {}}