{"deaths": 5624, "totalAttacks": 200002, "damagingAttacks": 351590.75, "damageDone": {"1": 64384.24828330885, "2": 87378.62267021893, "3": 118585.27362379771, "4": 158004.20114441874}, "bleedDamage": {"1": 0.0, "2": 0.0, "3": 0.0, "4": 0.0}}