{"deaths": 10094, "totalAttacks": 100001, "damagingAttacks": 120642.375, "damageDone": {"1": 107212.06905157206, "2": 107212.06905157206, "3": 107212.06905157206, "4": 107212.06905157206}, "bleedDamage": {"1": 0.0, "2": 0.0, "3": 0.0, "4": 0.0}}