{"deaths": {"1": 1017, "2": 2032, "3": 3981}, "totalAttacks": {"1": 36784.0, "2": 12768.0, "3": 17368.0}, "damagingAttacks": {"1": 36745.0, "2": 12646.0, "3": 16767.375}, "damageDone": {"1": {"1": 60412.1450300437, "2": 14630.835164350181, "3": 19283.47241236416}, "2": {"1": 75515.18128755991, "2": 18288.54395543684, "3": 24104.340515454394}, "3": {"1": 94393.97660944978, "2": 22860.679944296586, "3": 30130.42564431914}, "4": {"1": 117048.53099572413, "2": 28347.243130926803, "3": 37361.72779895293}}, "bleedDamage": {"1": {"1": 0.0, "2": 0.0, "3": 0.0}, "2": {"1": 0.0, "2": 0.0, "3": 0.0}, "3": {"1": 0.0, "2": 0.0, "3": 0.0}, "4": {"1": 0.0, "2": 0.0, "3": 0.0}}}