{"deaths": 5624, "totalAttacks": 100001, "damagingAttacks": 182799.375, "damageDone": {"1": 99435.62005004061, "2": 124294.52506243059, "3": 155368.15632816355, "4": 192656.51384684775}, "bleedDamage": {"1": 0.0, "2": 0.0, "3": 0.0, "4": 0.0}}