{"deaths": 4294, "totalAttacks": 200002, "damagingAttacks": 253241.5, "damageDone": {"1": 109945.49999997544, "2": 125652.0000000906, "3": 143602.28571444182, "4": 163796.35714283262}, "bleedDamage": {"1": 0.0, "2": 0.0, "3": 0.0, "4": 0.0}}