{"deaths": 10094, "totalAttacks": 100001, "damagingAttacks": 5170.0, "damageDone": {"1": 422.68406592720646, "2": 686.8616071316992, "3": 1116.1501115889982, "4": 1710.5495792991228}, "bleedDamage": {"1": 0.0, "2": 0.0, "3": 0.0, "4": 0.0}}