{"deaths": 3474, "totalAttacks": 4127112, "damagingAttacks": 4840852.5, "damageDone": {"1": 1755310.8931233366, "2": 2382207.640663067, "3": 3232996.0837590992, "4": 4307676.222406842}, "bleedDamage": {"1": 0.0, "2": 0.0, "3": 0.0, "4": 0.0}, "loadoutDamage": {}}