{"deaths": 10094, "totalAttacks": 100001, "damagingAttacks": 81477.125, "damageDone": {"1": 73050.817936076, "2": 73050.817936076, "3": 73050.817936076, "4": 73050.817936076}, "bleedDamage": {"1": 0.0, "2": 0.0, "3": 0.0, "4": 0.0}}