{"deaths": 4294, "totalAttacks": 200002, "damagingAttacks": 351590.75, "damageDone": {"1": 198486.35121662804, "2": 198486.35121662804, "3": 198486.35121662804, "4": 198486.35121662804}, "bleedDamage": {"1": 0.0, "2": 0.0, "3": 0.0, "4": 0.0}}