{"deaths": 10094, "totalAttacks": 1031778, "damagingAttacks": 124632.0, "damageDone": {"1": 14760.045364894067, "2": 23985.07371794771, "3": 38975.7447916741, "4": 59732.05858606683}, "bleedDamage": {"1": 0.0, "2": 0.0, "3": 0.0, "4": 0.0}, "loadoutDamage": {}}