{"deaths": 5624, "totalAttacks": 3095334, "damagingAttacks": 3630639.375, "damageDone": {"1": 2502806.245072126, "2": 2695329.8023721417, "3": 2887853.359698333, "4": 3124805.4302211194}, "bleedDamage": {"1": 0.0, "2": 0.0, "3": 0.0, "4": 0.0}, "loadoutDamage": {}}