{"deaths": 10094, "totalAttacks": 100001, "damagingAttacks": 89817.25, "damageDone": {"1": 72702.13289720927, "2": 72702.13289720927, "3": 72702.13289720927, "4": 72702.13289720927}, "bleedDamage": {"1": 0.0, "2": 0.0, "3": 0.0, "4": 0.0}}