{"deaths": 5624, "totalAttacks": 400004, "damagingAttacks": 520920.0, "damageDone": {"1": 148531.237399977, "2": 201578.1078999688, "3": 273570.2892927487, "4": 364507.7815786072}, "bleedDamage": {"1": 0.0, "2": 0.0, "3": 0.0, "4": 0.0}}