{"deaths": 6644, "totalAttacks": 1031778, "damagingAttacks": 1210213.125, "damageDone": {"1": 1086744.8169353872, "2": 1358431.02117683, "3": 1698038.7764566601, "4": 2105568.0828159815}, "bleedDamage": {"1": 0.0, "2": 0.0, "3": 0.0, "4": 0.0}, "loadoutDamage": {}}