{"deaths": 5624, "totalAttacks": 100001, "damagingAttacks": 191273.5, "damageDone": {"1": 145112.88733332514, "2": 181391.10916676806, "3": 226738.88645840358, "4": 281156.2192079404}, "bleedDamage": {"1": 0.0, "2": 0.0, "3": 0.0, "4": 0.0}}