{"deaths": 10094, "totalAttacks": 100001, "damagingAttacks": 52180.0, "damageDone": {"1": 4086.4871794200885, "2": 6640.541666559305, "3": 10790.880208161068, "4": 16537.502804214753}, "bleedDamage": {"1": 0.0, "2": 0.0, "3": 0.0, "4": 0.0}}