{"deaths": 10094, "totalAttacks": 131778, "damagingAttacks": 194807.25, "damageDone": {"1": 189043.08675835485, "2": 236303.85844809943, "3": 295379.8230603144, "4": 366270.9805946048}, "bleedDamage": {"1": 0.0, "2": 0.0, "3": 0.0, "4": 0.0}}