{"deaths": 2598, "totalAttacks": 100001, "damagingAttacks": 108403.0, "damageDone": {"1": 37107.21733332179, "2": 53010.310476205275, "3": 75729.0149660409, "4": 105263.33080273733}, "bleedDamage": {"1": 0.0, "2": 0.0, "3": 0.0, "4": 0.0}}