{"deaths": 10094, "totalAttacks": 100001, "damagingAttacks": 126620.75, "damageDone": {"1": 91055.62797471917, "2": 91055.62797471917, "3": 91055.62797471917, "4": 91055.62797471917}, "bleedDamage": {"1": 0.0, "2": 0.0, "3": 0.0, "4": 0.0}}