{"deaths": {"1": 296, "2": 710, "3": 1406}, "totalAttacks": {"1": 18392.0, "2": 6384.0, "3": 8684.0}, "damagingAttacks": {"1": 11361.5, "2": 4015.5, "3": 3258.5625}, "damageDone": {"1": {"1": 7943.422500000167, "2": 1640.8097333333117, "3": 1432.0327666666747}, "2": {"1": 9929.278124999237, "2": 2051.0121666666514, "3": 1790.040958333285}, "3": {"1": 12411.597656250657, "2": 2563.7652083333987, "3": 2237.551197916711}, "4": {"1": 15390.381093750488, "2": 3179.0688583333417, "3": 2774.563485416705}}, "bleedDamage": {"1": {"1": 0.0, "2": 0.0, "3": 0.0}, "2": {"1": 0.0, "2": 0.0, "3": 0.0}, "3": {"1": 0.0, "2": 0.0, "3": 0.0}, "4": {"1": 0.0, "2": 0.0, "3": 0.0}}}