{"deaths": 5624, "totalAttacks": 200002, "damagingAttacks": 365598.75, "damageDone": {"1": 75102.19448333251, "2": 101924.40679870515, "3": 138325.98065548023, "4": 184306.9160536017}, "bleedDamage": {"1": 0.0, "2": 0.0, "3": 0.0, "4": 0.0}}