{"deaths": 4294, "totalAttacks": 263556, "damagingAttacks": 512262.0, "damageDone": {"1": 283883.10519973206, "2": 283883.10519973206, "3": 283883.10519973206, "4": 283883.10519973206}, "bleedDamage": {"1": 0.0, "2": 0.0, "3": 0.0, "4": 0.0}}