{"deaths": 4294, "totalAttacks": 1031778, "damagingAttacks": 2046474.375, "damageDone": {"1": 2977338.869269303, "2": 2977338.869269303, "3": 2977338.869269303, "4": 2977338.869269303}, "bleedDamage": {"1": 0.0, "2": 0.0, "3": 0.0, "4": 0.0}, "loadoutDamage": {}}