{"deaths": 5624, "totalAttacks": 300003, "damagingAttacks": 361927.125, "damageDone": {"1": 146638.60330009458, "2": 183298.25412512163, "3": 229122.81765609598, "4": 284112.29389382026}, "bleedDamage": {"1": 0.0, "2": 0.0, "3": 0.0, "4": 0.0}}