{"deaths": 10094, "totalAttacks": 100001, "damagingAttacks": 130230.0, "damageDone": {"1": 84422.40418556682, "2": 105528.00523193422, "3": 131910.00653993036, "4": 163568.40810943354}, "bleedDamage": {"1": 0.0, "2": 0.0, "3": 0.0, "4": 0.0}}