{"deaths": 2368, "totalAttacks": 100001, "damagingAttacks": 186731.375, "damageDone": {"1": 85367.44906665054, "2": 85367.44906665054, "3": 85367.44906665054, "4": 85367.44906665054}, "bleedDamage": {"1": 0.0, "2": 0.0, "3": 0.0, "4": 0.0}}