{"deaths": 10094, "totalAttacks": 100001, "damagingAttacks": 181692.125, "damageDone": {"1": 156982.10416662498, "2": 169057.6506410328, "3": 181133.19711534897, "4": 195995.40816072054}, "bleedDamage": {"1": 0.0, "2": 0.0, "3": 0.0, "4": 0.0}}