{"deaths": 5624, "totalAttacks": 400004, "damagingAttacks": 506483.0, "damageDone": {"1": 308471.27339985507, "2": 528807.8972568582, "3": 906527.8238693216, "4": 1441631.0532367206}, "bleedDamage": {"1": 0.0, "2": 0.0, "3": 0.0, "4": 0.0}}