{"deaths": 4294, "totalAttacks": 100001, "damagingAttacks": 199024.75, "damageDone": {"1": 91935.37500002814, "2": 105068.99999995467, "3": 120078.85714293439, "4": 136964.94642856732}, "bleedDamage": {"1": 0.0, "2": 0.0, "3": 0.0, "4": 0.0}}