{"deaths": 10094, "totalAttacks": 100001, "damagingAttacks": 175795.375, "damageDone": {"1": 61489.280610457325, "2": 76861.60076317677, "3": 96077.00095396463, "4": 119135.481182848}, "bleedDamage": {"1": 0.0, "2": 0.0, "3": 0.0, "4": 0.0}}