{"deaths": 10094, "totalAttacks": 100001, "damagingAttacks": 130466.875, "damageDone": {"1": 85182.23849448429, "2": 85182.23849448429, "3": 85182.23849448429, "4": 85182.23849448429}, "bleedDamage": {"1": 0.0, "2": 0.0, "3": 0.0, "4": 0.0}}