{"deaths": 10094, "totalAttacks": 100001, "damagingAttacks": 6198.0, "damageDone": {"1": 1005.8365384451873, "2": 1634.4843749734812, "3": 2656.037109331894, "4": 4070.494741520367}, "bleedDamage": {"1": 0.0, "2": 0.0, "3": 0.0, "4": 0.0}}