{"deaths": 10094, "totalAttacks": 100001, "damagingAttacks": 5260.0, "damageDone": {"1": 602.1849816751983, "2": 978.5505952222169, "3": 1590.1447172360802, "4": 2436.967347716732}, "bleedDamage": {"1": 0.0, "2": 0.0, "3": 0.0, "4": 0.0}}