{"deaths": 10094, "totalAttacks": 100001, "damagingAttacks": 130230.0, "damageDone": {"1": 59824.50944272591, "2": 59824.50944272591, "3": 59824.50944272591, "4": 59824.50944272591}, "bleedDamage": {"1": 0.0, "2": 0.0, "3": 0.0, "4": 0.0}}