{"deaths": 3294, "totalAttacks": 100001, "damagingAttacks": 198744.625, "damageDone": {"1": 36519.37618337822, "2": 52170.53740480037, "3": 74529.33914966516, "4": 103595.78141812712}, "bleedDamage": {"1": 0.0, "2": 0.0, "3": 0.0, "4": 0.0}}