{"deaths": {"1": 393, "2": 919, "3": 1670}, "totalAttacks": {"1": 18392.0, "2": 6384.0, "3": 8684.0}, "damagingAttacks": {"1": 18372.5, "2": 6323.0, "3": 8383.6875}, "damageDone": {"1": {"1": 33511.81250000281, "2": 8847.958333333248, "3": 9846.18749999988}, "2": {"1": 38299.2142857153, "2": 10111.952380952205, "3": 11252.785714285714}, "3": {"1": 43770.530612236915, "2": 11556.517006802242, "3": 12860.326530611816}, "4": {"1": 49925.7614795926, "2": 13181.65221088396, "3": 14668.809948979617}}, "bleedDamage": {"1": {"1": 0.0, "2": 0.0, "3": 0.0}, "2": {"1": 0.0, "2": 0.0, "3": 0.0}, "3": {"1": 0.0, "2": 0.0, "3": 0.0}, "4": {"1": 0.0, "2": 0.0, "3": 0.0}}}