{"deaths": {"1": 1017, "2": 2032, "3": 3981}, "totalAttacks": {"1": 36784.0, "2": 12768.0, "3": 17368.0}, "damagingAttacks": {"1": 35352.0, "2": 11694.0, "3": 13659.875}, "damageDone": {"1": {"1": 98590.54841978193, "2": 23888.479395467784, "3": 27685.777043110233}, "2": {"1": 98590.54841978193, "2": 23888.479395467784, "3": 27685.777043110233}, "3": {"1": 98590.54841978193, "2": 23888.479395467784, "3": 27685.777043110233}, "4": {"1": 98590.54841978193, "2": 23888.479395467784, "3": 27685.777043110233}}, "bleedDamage": {"1": {"1": 0.0, "2": 0.0, "3": 0.0}, "2": {"1": 0.0, "2": 0.0, "3": 0.0}, "3": {"1": 0.0, "2": 0.0, "3": 0.0}, "4": {"1": 0.0, "2": 0.0, "3": 0.0}}}