{"deaths": 5624, "totalAttacks": 400004, "damagingAttacks": 359269.0, "damageDone": {"1": 160909.75719989277, "2": 173287.43083074412, "3": 185665.10446154216, "4": 200899.1643148037}, "bleedDamage": {"1": 0.0, "2": 0.0, "3": 0.0, "4": 0.0}}