{"deaths": 4294, "totalAttacks": 100001, "damagingAttacks": 197585.5, "damageDone": {"1": 280786.33329987805, "2": 280786.33329987805, "3": 280786.33329987805, "4": 280786.33329987805}, "bleedDamage": {"1": 0.0, "2": 0.0, "3": 0.0, "4": 0.0}}