{"deaths": {"1": 384, "2": 929, "3": 1796}, "totalAttacks": {"1": 36784.0, "2": 12768.0, "3": 17368.0}, "damagingAttacks": {"1": 22723.0, "2": 8031.0, "3": 6517.125}, "damageDone": {"1": {"1": 39326.74250212886, "2": 7787.514938158531, "3": 6870.755809268868}, "2": {"1": 52889.74562845559, "2": 10379.18052450829, "3": 9178.986002562326}, "3": {"1": 72175.57297435861, "2": 14021.754289825314, "3": 12433.362019788627}, "4": {"1": 97184.22453985391, "2": 18715.236234111933, "3": 16633.88386094962}}, "bleedDamage": {"1": {"1": 0.0, "2": 0.0, "3": 0.0}, "2": {"1": 0.0, "2": 0.0, "3": 0.0}, "3": {"1": 0.0, "2": 0.0, "3": 0.0}, "4": {"1": 0.0, "2": 0.0, "3": 0.0}}}