{"deaths": 4294, "totalAttacks": 131778, "damagingAttacks": 263292.75, "damageDone": {"1": 293493.01966637437, "2": 293493.01966637437, "3": 293493.01966637437, "4": 293493.01966637437}, "bleedDamage": {"1": 0.0, "2": 0.0, "3": 0.0, "4": 0.0}}