{"deaths": 5624, "totalAttacks": 100001, "damagingAttacks": 177277.0, "damageDone": {"1": 210252.01263329605, "2": 262815.01579153986, "3": 328518.7697398142, "4": 407363.2744765535}, "bleedDamage": {"1": 0.0, "2": 0.0, "3": 0.0, "4": 0.0}}