{"deaths": 2368, "totalAttacks": 100001, "damagingAttacks": 191273.5, "damageDone": {"1": 95344.1233332992, "2": 108964.71238090459, "3": 124531.09986402167, "4": 142043.2857823811}, "bleedDamage": {"1": 0.0, "2": 0.0, "3": 0.0, "4": 0.0}}