{"deaths": {"1": 393, "2": 919, "3": 1670}, "totalAttacks": {"1": 18392.0, "2": 6384.0, "3": 8684.0}, "damagingAttacks": {"1": 11361.5, "2": 4015.5, "3": 3258.5625}, "damageDone": {"1": {"1": 16591.882500000902, "2": 3427.2534666667943, "3": 2991.1690333334063}, "2": {"1": 18962.151428569774, "2": 3916.8611047619665, "3": 3418.478895238072}, "3": {"1": 21671.03020408209, "2": 4476.412691156299, "3": 3906.8330231291825}, "4": {"1": 24718.518826531043, "2": 5105.908225850252, "3": 4456.231417006737}}, "bleedDamage": {"1": {"1": 0.0, "2": 0.0, "3": 0.0}, "2": {"1": 0.0, "2": 0.0, "3": 0.0}, "3": {"1": 0.0, "2": 0.0, "3": 0.0}, "4": {"1": 0.0, "2": 0.0, "3": 0.0}}}