{"deaths": 3410, "totalAttacks": 100001, "damagingAttacks": 130466.875, "damageDone": {"1": 26974.568833317946, "2": 33718.21104168804, "3": 42147.7638020722, "4": 52263.227114583075}, "bleedDamage": {"1": 0.0, "2": 0.0, "3": 0.0, "4": 0.0}}