{"deaths": {"1": 383, "2": 923, "3": 1786}, "totalAttacks": {"1": 36784.0, "2": 12768.0, "3": 17368.0}, "damagingAttacks": {"1": 35352.0, "2": 11694.0, "3": 13659.875}, "damageDone": {"1": {"1": 47923.792582159345, "2": 10912.066735297523, "3": 11389.310067475708}, "2": {"1": 57814.15773767846, "2": 12857.134486525023, "3": 13713.488234648794}, "3": {"1": 73886.00111538937, "2": 16017.869582269737, "3": 17490.277756304306}, "4": {"1": 96139.32271530657, "2": 20394.272022531353, "3": 22719.67863244334}}, "bleedDamage": {"1": {"1": 0.0, "2": 0.0, "3": 0.0}, "2": {"1": 0.0, "2": 0.0, "3": 0.0}, "3": {"1": 0.0, "2": 0.0, "3": 0.0}, "4": {"1": 0.0, "2": 0.0, "3": 0.0}}}