{"deaths": 2368, "totalAttacks": 100001, "damagingAttacks": 187208.25, "damageDone": {"1": 117760.80588337628, "2": 134583.7781523988, "3": 153810.03217420622, "4": 175439.5679487237}, "bleedDamage": {"1": 0.0, "2": 0.0, "3": 0.0, "4": 0.0}}