{"deaths": 4294, "totalAttacks": 100001, "damagingAttacks": 196332.875, "damageDone": {"1": 216985.81949982586, "2": 216985.81949982586, "3": 216985.81949982586, "4": 216985.81949982586}, "bleedDamage": {"1": 0.0, "2": 0.0, "3": 0.0, "4": 0.0}}