{"deaths": 4294, "totalAttacks": 100001, "damagingAttacks": 198133.375, "damageDone": {"1": 149107.5706499497, "2": 170408.6521713502, "3": 194752.7453388509, "4": 222139.85015221898}, "bleedDamage": {"1": 0.0, "2": 0.0, "3": 0.0, "4": 0.0}}