{"deaths": {"1": 409, "2": 968, "3": 1874}, "totalAttacks": {"1": 36784.0, "2": 12768.0, "3": 17368.0}, "damagingAttacks": {"1": 22723.0, "2": 8031.0, "3": 6517.125}, "damageDone": {"1": {"1": 50654.57583546149, "2": 11355.18160482498, "3": 9647.432892602139}, "2": {"1": 56873.43833679198, "2": 12429.826357841082, "3": 10631.668294229154}, "3": {"1": 66979.08990144443, "2": 14176.124081491966, "3": 12231.050821871975}, "4": {"1": 80971.53052943428, "2": 16594.074775778674, "3": 14445.580475532923}}, "bleedDamage": {"1": {"1": 0.0, "2": 0.0, "3": 0.0}, "2": {"1": 0.0, "2": 0.0, "3": 0.0}, "3": {"1": 0.0, "2": 0.0, "3": 0.0}, "4": {"1": 0.0, "2": 0.0, "3": 0.0}}}