{"deaths": 4294, "totalAttacks": 100001, "damagingAttacks": 199024.75, "damageDone": {"1": 264381.5715665917, "2": 264381.5715665917, "3": 264381.5715665917, "4": 264381.5715665917}, "bleedDamage": {"1": 0.0, "2": 0.0, "3": 0.0, "4": 0.0}}