{"deaths": 4294, "totalAttacks": 100001, "damagingAttacks": 198744.625, "damageDone": {"1": 91537.40663332488, "2": 104614.1790095386, "3": 119559.0617253133, "4": 136372.05478032716}, "bleedDamage": {"1": 0.0, "2": 0.0, "3": 0.0, "4": 0.0}}