{"deaths": {"1": 409, "2": 968, "3": 1874}, "totalAttacks": {"1": 36784.0, "2": 12768.0, "3": 17368.0}, "damagingAttacks": {"1": 22723.0, "2": 8031.0, "3": 6517.125}, "damageDone": {"1": {"1": 40723.57583546432, "2": 9652.30660482548, "3": 7312.745392602359}, "2": {"1": 46942.43833679151, "2": 10726.951357841435, "3": 8296.980794229148}, "3": {"1": 57048.08990145462, "2": 12473.249081492366, "3": 9896.36332187247}, "4": {"1": 71040.53052943852, "2": 14891.199775778285, "3": 12110.892975532672}}, "bleedDamage": {"1": {"1": 0.0, "2": 0.0, "3": 0.0}, "2": {"1": 0.0, "2": 0.0, "3": 0.0}, "3": {"1": 0.0, "2": 0.0, "3": 0.0}, "4": {"1": 0.0, "2": 0.0, "3": 0.0}}}