{"deaths": {"1": 393, "2": 919, "3": 1670}, "totalAttacks": {"1": 18392.0, "2": 6384.0, "3": 8684.0}, "damagingAttacks": {"1": 18372.5, "2": 6323.0, "3": 8383.6875}, "damageDone": {"1": {"1": 27117.824766668076, "2": 6567.494400000136, "3": 8655.971833333377}, "2": {"1": 30991.799733333723, "2": 7505.707885714133, "3": 9892.53923809498}, "3": {"1": 35419.1996952388, "2": 8577.951869387734, "3": 11305.759129251506}, "4": {"1": 40400.024652381006, "2": 9784.226351020485, "3": 12895.631506802645}}, "bleedDamage": {"1": {"1": 0.0, "2": 0.0, "3": 0.0}, "2": {"1": 0.0, "2": 0.0, "3": 0.0}, "3": {"1": 0.0, "2": 0.0, "3": 0.0}, "4": {"1": 0.0, "2": 0.0, "3": 0.0}}}