{"deaths": 5624, "totalAttacks": 100001, "damagingAttacks": 186731.375, "damageDone": {"1": 270975.13916686474, "2": 270975.13916686474, "3": 270975.13916686474, "4": 270975.13916686474}, "bleedDamage": {"1": 0.0, "2": 0.0, "3": 0.0, "4": 0.0}}