{"deaths": {"1": 1017, "2": 2032, "3": 3981}, "totalAttacks": {"1": 36784.0, "2": 12768.0, "3": 17368.0}, "damagingAttacks": {"1": 36745.0, "2": 12646.0, "3": 16767.375}, "damageDone": {"1": {"1": 86563.50303042625, "2": 22719.528387493825, "3": 29646.027213949183}, "2": {"1": 99229.11031575344, "2": 26043.754119938178, "3": 33983.70909046204}, "3": {"1": 115061.11942246107, "2": 30199.036285490405, "3": 39405.81143609845}, "4": {"1": 134059.53035044737, "2": 35185.37488415394, "3": 45912.33425086278}}, "bleedDamage": {"1": {"1": 0.0, "2": 0.0, "3": 0.0}, "2": {"1": 0.0, "2": 0.0, "3": 0.0}, "3": {"1": 0.0, "2": 0.0, "3": 0.0}, "4": {"1": 0.0, "2": 0.0, "3": 0.0}}}