{"deaths": 10094, "totalAttacks": 100001, "damagingAttacks": 120642.375, "damageDone": {"1": 47556.38856376631, "2": 47556.38856376631, "3": 47556.38856376631, "4": 47556.38856376631}, "bleedDamage": {"1": 0.0, "2": 0.0, "3": 0.0, "4": 0.0}}