{"deaths": 3294, "totalAttacks": 1031778, "damagingAttacks": 1210213.125, "damageDone": {"1": 915500.1791175993, "2": 1046285.9189921693, "3": 1195755.3359907875, "4": 1363908.4301141175}, "bleedDamage": {"1": 0.0, "2": 0.0, "3": 0.0, "4": 0.0}, "loadoutDamage": {}}