{"deaths": 10094, "totalAttacks": 100001, "damagingAttacks": 116965.125, "damageDone": {"1": 108742.84429200813, "2": 108742.84429200813, "3": 108742.84429200813, "4": 108742.84429200813}, "bleedDamage": {"1": 0.0, "2": 0.0, "3": 0.0, "4": 0.0}}