{"deaths": 5624, "totalAttacks": 100001, "damagingAttacks": 191273.5, "damageDone": {"1": 197818.32893338308, "2": 247272.91116638458, "3": 309091.13895836985, "4": 383273.01230786985}, "bleedDamage": {"1": 0.0, "2": 0.0, "3": 0.0, "4": 0.0}}