{"deaths": {"1": 1017, "2": 2032, "3": 3981}, "totalAttacks": {"1": 36784.0, "2": 12768.0, "3": 17368.0}, "damagingAttacks": {"1": 36784.0, "2": 12763.0, "3": 17333.625}, "damageDone": {"1": {"1": 99314.33333333264, "2": 26127.25000000019, "3": 33170.989583333765}, "2": {"1": 111327.99999999744, "2": 29085.854166666773, "3": 37165.4635416667}, "3": {"1": 126345.08333333486, "2": 32784.10937500017, "3": 42158.555989584005}, "4": {"1": 144365.5833333308, "2": 37222.015625000226, "3": 48150.266927083176}}, "bleedDamage": {"1": {"1": 0.0, "2": 0.0, "3": 0.0}, "2": {"1": 0.0, "2": 0.0, "3": 0.0}, "3": {"1": 0.0, "2": 0.0, "3": 0.0}, "4": {"1": 0.0, "2": 0.0, "3": 0.0}}}