{"deaths": {"1": 1017, "2": 2032, "3": 3981}, "totalAttacks": {"1": 36784.0, "2": 12768.0, "3": 17368.0}, "damagingAttacks": {"1": 36745.0, "2": 12646.0, "3": 16767.375}, "damageDone": {"1": {"1": 63061.4283380688, "2": 16299.73809412125, "3": 21308.47075174149}, "2": {"1": 66161.17813725148, "2": 17050.446885208647, "3": 22297.90656316607}, "3": {"1": 70035.86538622496, "2": 17988.832874068226, "3": 23534.701327446346}, "4": {"1": 74685.49008499109, "2": 19114.89606069948, "3": 25018.85504458177}}, "bleedDamage": {"1": {"1": 0.0, "2": 0.0, "3": 0.0}, "2": {"1": 0.0, "2": 0.0, "3": 0.0}, "3": {"1": 0.0, "2": 0.0, "3": 0.0}, "4": {"1": 0.0, "2": 0.0, "3": 0.0}}}