{"deaths": 3410, "totalAttacks": 100001, "damagingAttacks": 116965.125, "damageDone": {"1": 39163.668483352536, "2": 48954.58560420704, "3": 61193.23200522103, "4": 75879.60768644503}, "bleedDamage": {"1": 0.0, "2": 0.0, "3": 0.0, "4": 0.0}}