{"deaths": 2368, "totalAttacks": 100001, "damagingAttacks": 177396.25, "damageDone": {"1": 117783.90973332118, "2": 117783.90973332118, "3": 117783.90973332118, "4": 117783.90973332118}, "bleedDamage": {"1": 0.0, "2": 0.0, "3": 0.0, "4": 0.0}}