{"deaths": 10094, "totalAttacks": 131778, "damagingAttacks": 256131.0, "damageDone": {"1": 87944.42443636544, "2": 109930.53054540046, "3": 137413.1631819173, "4": 170392.32234521065}, "bleedDamage": {"1": 0.0, "2": 0.0, "3": 0.0, "4": 0.0}}