{"deaths": 10094, "totalAttacks": 100001, "damagingAttacks": 130230.0, "damageDone": {"1": 129851.98293796487, "2": 162314.9786723821, "3": 202893.72334064543, "4": 251588.2169424818}, "bleedDamage": {"1": 0.0, "2": 0.0, "3": 0.0, "4": 0.0}}