{"deaths": 4294, "totalAttacks": 131778, "damagingAttacks": 263292.75, "damageDone": {"1": 160011.22916658083, "2": 182869.9761904835, "3": 208994.2585035293, "4": 238384.0761055423}, "bleedDamage": {"1": 0.0, "2": 0.0, "3": 0.0, "4": 0.0}}