{"deaths": 3410, "totalAttacks": 100001, "damagingAttacks": 110790.375, "damageDone": {"1": 67958.03033334356, "2": 67958.03033334356, "3": 67958.03033334356, "4": 67958.03033334356}, "bleedDamage": {"1": 0.0, "2": 0.0, "3": 0.0, "4": 0.0}}