{"deaths": 4077, "totalAttacks": 131778, "damagingAttacks": 263292.75, "damageDone": {"1": 95202.15033342407, "2": 102525.39266669955, "3": 109848.63500009367, "4": 118861.85633313801}, "bleedDamage": {"1": 0.0, "2": 0.0, "3": 0.0, "4": 0.0}}