{"deaths": 5624, "totalAttacks": 400004, "damagingAttacks": 359269.0, "damageDone": {"1": 213668.15879997, "2": 366288.2722280901, "3": 627922.7523917564, "4": 998571.5992891701}, "bleedDamage": {"1": 0.0, "2": 0.0, "3": 0.0, "4": 0.0}}