{"deaths": 6644, "totalAttacks": 1031778, "damagingAttacks": 1885241.625, "damageDone": {"1": 2047759.260417671, "2": 2205279.203529206, "3": 2362799.1466321843, "4": 2556669.8458428197}, "bleedDamage": {"1": 0.0, "2": 0.0, "3": 0.0, "4": 0.0}, "loadoutDamage": {}}