{"deaths": 10094, "totalAttacks": 100001, "damagingAttacks": 120642.375, "damageDone": {"1": 74789.91346031937, "2": 74789.91346031937, "3": 74789.91346031937, "4": 74789.91346031937}, "bleedDamage": {"1": 0.0, "2": 0.0, "3": 0.0, "4": 0.0}}