{"deaths": 5624, "totalAttacks": 400004, "damagingAttacks": 506483.0, "damageDone": {"1": 234455.92179997408, "2": 252490.99270769383, "3": 270526.06361544906, "4": 292723.0739633542}, "bleedDamage": {"1": 0.0, "2": 0.0, "3": 0.0, "4": 0.0}}