{"deaths": 3410, "totalAttacks": 131778, "damagingAttacks": 194807.25, "damageDone": {"1": 43349.052066653094, "2": 54186.31508336855, "3": 67732.89385418271, "4": 83988.7883791403}, "bleedDamage": {"1": 0.0, "2": 0.0, "3": 0.0, "4": 0.0}}