{"deaths": 3410, "totalAttacks": 100001, "damagingAttacks": 116965.125, "damageDone": {"1": 83110.29646666264, "2": 83110.29646666264, "3": 83110.29646666264, "4": 83110.29646666264}, "bleedDamage": {"1": 0.0, "2": 0.0, "3": 0.0, "4": 0.0}}