{"deaths": 4294, "totalAttacks": 200002, "damagingAttacks": 363384.25, "damageDone": {"1": 270239.37428327266, "2": 270239.37428327266, "3": 270239.37428327266, "4": 270239.37428327266}, "bleedDamage": {"1": 0.0, "2": 0.0, "3": 0.0, "4": 0.0}}