{"deaths": {"1": 1017, "2": 2032, "3": 3981}, "totalAttacks": {"1": 36784.0, "2": 12768.0, "3": 17368.0}, "damagingAttacks": {"1": 36745.0, "2": 12646.0, "3": 16767.375}, "damageDone": {"1": {"1": 88786.62631578713, "2": 24861.69482583146, "3": 29631.19199268974}, "2": {"1": 88786.62631578713, "2": 24861.69482583146, "3": 29631.19199268974}, "3": {"1": 88786.62631578713, "2": 24861.69482583146, "3": 29631.19199268974}, "4": {"1": 88786.62631578713, "2": 24861.69482583146, "3": 29631.19199268974}}, "bleedDamage": {"1": {"1": 0.0, "2": 0.0, "3": 0.0}, "2": {"1": 0.0, "2": 0.0, "3": 0.0}, "3": {"1": 0.0, "2": 0.0, "3": 0.0}, "4": {"1": 0.0, "2": 0.0, "3": 0.0}}}