{"deaths": 2368, "totalAttacks": 100001, "damagingAttacks": 187208.25, "damageDone": {"1": 164089.00000000192, "2": 164089.00000000192, "3": 164089.00000000192, "4": 164089.00000000192}, "bleedDamage": {"1": 0.0, "2": 0.0, "3": 0.0, "4": 0.0}}