{"deaths": 4294, "totalAttacks": 200002, "damagingAttacks": 365598.75, "damageDone": {"1": 231528.06701659592, "2": 231528.06701659592, "3": 231528.06701659592, "4": 231528.06701659592}, "bleedDamage": {"1": 0.0, "2": 0.0, "3": 0.0, "4": 0.0}}