{"deaths": 4294, "totalAttacks": 200002, "damagingAttacks": 374416.5, "damageDone": {"1": 164089.00000000192, "2": 164089.00000000192, "3": 164089.00000000192, "4": 164089.00000000192}, "bleedDamage": {"1": 0.0, "2": 0.0, "3": 0.0, "4": 0.0}}