{"deaths": 5624, "totalAttacks": 527112, "damagingAttacks": 779229.0, "damageDone": {"1": 273945.4887999751, "2": 295018.2187077771, "3": 316090.94861536537, "4": 342026.6161940105}, "bleedDamage": {"1": 0.0, "2": 0.0, "3": 0.0, "4": 0.0}}