{"deaths": 10094, "totalAttacks": 100001, "damagingAttacks": 5082.0, "damageDone": {"1": 1426.4459706728173, "2": 2317.974702343326, "3": 3766.708891307916, "4": 5772.648537566433}, "bleedDamage": {"1": 0.0, "2": 0.0, "3": 0.0, "4": 0.0}}