{"deaths": 4077, "totalAttacks": 100001, "damagingAttacks": 197585.5, "damageDone": {"1": 91080.40369996778, "2": 98086.58860004974, "3": 105092.77350006827, "4": 113715.77029988247}, "bleedDamage": {"1": 0.0, "2": 0.0, "3": 0.0, "4": 0.0}}