{"deaths": 10094, "totalAttacks": 100001, "damagingAttacks": 108403.0, "damageDone": {"1": 87418.58087085794, "2": 87418.58087085794, "3": 87418.58087085794, "4": 87418.58087085794}, "bleedDamage": {"1": 0.0, "2": 0.0, "3": 0.0, "4": 0.0}}