{"deaths": 10094, "totalAttacks": 100001, "damagingAttacks": 89817.25, "damageDone": {"1": 97752.5117315034, "2": 97752.5117315034, "3": 97752.5117315034, "4": 97752.5117315034}, "bleedDamage": {"1": 0.0, "2": 0.0, "3": 0.0, "4": 0.0}}