{"deaths": 10094, "totalAttacks": 100001, "damagingAttacks": 182799.375, "damageDone": {"1": 135322.80208329207, "2": 145732.24839747755, "3": 156141.6947114933, "4": 168953.32094426613}, "bleedDamage": {"1": 0.0, "2": 0.0, "3": 0.0, "4": 0.0}}