{"deaths": 10094, "totalAttacks": 100001, "damagingAttacks": 130466.875, "damageDone": {"1": 76188.81810537125, "2": 95236.02263167713, "3": 119045.02828960589, "4": 147615.83507903828}, "bleedDamage": {"1": 0.0, "2": 0.0, "3": 0.0, "4": 0.0}}