{"deaths": 2368, "totalAttacks": 100001, "damagingAttacks": 177277.0, "damageDone": {"1": 113044.75530002563, "2": 129194.00605718046, "3": 147650.29263689002, "4": 168413.61503886333}, "bleedDamage": {"1": 0.0, "2": 0.0, "3": 0.0, "4": 0.0}}