{"deaths": {"1": 598, "2": 1147, "3": 2240}, "totalAttacks": {"1": 36784.0, "2": 12768.0, "3": 17368.0}, "damagingAttacks": {"1": 35352.0, "2": 11694.0, "3": 13659.875}, "damageDone": {"1": {"1": 17297.38660000101, "2": 4191.154933333279, "3": 4857.378283333338}, "2": {"1": 23475.024671430256, "2": 5687.99598095232, "3": 6592.1562416666475}, "3": {"1": 31858.96205408328, "2": 7719.423117006693, "3": 8946.497756547398}, "4": {"1": 42449.19874795018, "2": 10285.436341496697, "3": 11920.402827976182}}, "bleedDamage": {"1": {"1": 0.0, "2": 0.0, "3": 0.0}, "2": {"1": 0.0, "2": 0.0, "3": 0.0}, "3": {"1": 0.0, "2": 0.0, "3": 0.0}, "4": {"1": 0.0, "2": 0.0, "3": 0.0}}}