{"deaths": 10094, "totalAttacks": 131778, "damagingAttacks": 256131.0, "damageDone": {"1": 154042.20833325948, "2": 165891.60897447745, "3": 177741.00961537875, "4": 192324.887327374}, "bleedDamage": {"1": 0.0, "2": 0.0, "3": 0.0, "4": 0.0}}