{"deaths": 2368, "totalAttacks": 100001, "damagingAttacks": 168953.375, "damageDone": {"1": 78529.83906663595, "2": 78529.83906663595, "3": 78529.83906663595, "4": 78529.83906663595}, "bleedDamage": {"1": 0.0, "2": 0.0, "3": 0.0, "4": 0.0}}