{"deaths": 5624, "totalAttacks": 100001, "damagingAttacks": 182799.375, "damageDone": {"1": 156870.26421662234, "2": 196087.83027086835, "3": 245109.787838604, "4": 303936.1369193356}, "bleedDamage": {"1": 0.0, "2": 0.0, "3": 0.0, "4": 0.0}}