{"deaths": 10094, "totalAttacks": 131778, "damagingAttacks": 194807.25, "damageDone": {"1": 184760.20237801407, "2": 184760.20237801407, "3": 184760.20237801407, "4": 184760.20237801407}, "bleedDamage": {"1": 0.0, "2": 0.0, "3": 0.0, "4": 0.0}}