{"deaths": 3474, "totalAttacks": 4127112, "damagingAttacks": 4840852.5, "damageDone": {"1": 3037279.522908383, "2": 5206764.896471976, "3": 8925882.679627698, "4": 14194632.872445986}, "bleedDamage": {"1": 0.0, "2": 0.0, "3": 0.0, "4": 0.0}, "loadoutDamage": {}}