{"deaths": 2368, "totalAttacks": 100001, "damagingAttacks": 177277.0, "damageDone": {"1": 197775.08333336122, "2": 197775.08333336122, "3": 197775.08333336122, "4": 197775.08333336122}, "bleedDamage": {"1": 0.0, "2": 0.0, "3": 0.0, "4": 0.0}}