{"deaths": {"1": 409, "2": 968, "3": 1874}, "totalAttacks": {"1": 36784.0, "2": 12768.0, "3": 17368.0}, "damagingAttacks": {"1": 0.0, "2": 1666.0, "3": 0.0}, "damageDone": {"1": {"1": 0.0, "2": 1241.700549443471, "3": 0.0}, "2": {"1": 0.0, "2": 2017.763392845631, "3": 0.0}, "3": {"1": 0.0, "2": 3278.8655133741563, "3": 0.0}, "4": {"1": 0.0, "2": 5025.006911028986, "3": 0.0}}, "bleedDamage": {"1": {"1": 0.0, "2": 0.0, "3": 0.0}, "2": {"1": 0.0, "2": 0.0, "3": 0.0}, "3": {"1": 0.0, "2": 0.0, "3": 0.0}, "4": {"1": 0.0, "2": 0.0, "3": 0.0}}}