{"deaths": {"1": 1017, "2": 2032, "3": 3981}, "totalAttacks": {"1": 36784.0, "2": 12768.0, "3": 17368.0}, "damagingAttacks": {"1": 36745.0, "2": 12646.0, "3": 16767.375}, "damageDone": {"1": {"1": 82705.09060183636, "2": 21057.911458272876, "3": 27546.03230875824}, "2": {"1": 86797.61846062742, "2": 21969.805989508834, "3": 28752.985698448174}, "3": {"1": 91913.27828413561, "2": 23109.67415355325, "3": 30261.67743556128}, "4": {"1": 98052.07007231757, "2": 24477.51595040529, "3": 32072.107520093083}}, "bleedDamage": {"1": {"1": 0.0, "2": 0.0, "3": 0.0}, "2": {"1": 0.0, "2": 0.0, "3": 0.0}, "3": {"1": 0.0, "2": 0.0, "3": 0.0}, "4": {"1": 0.0, "2": 0.0, "3": 0.0}}}