{"deaths": 5624, "totalAttacks": 100001, "damagingAttacks": 175795.375, "damageDone": {"1": 182394.45871665172, "2": 196424.8016948465, "3": 210455.1446729616, "4": 227723.25910782072}, "bleedDamage": {"1": 0.0, "2": 0.0, "3": 0.0, "4": 0.0}}