{"deaths": 2368, "totalAttacks": 100001, "damagingAttacks": 175795.375, "damageDone": {"1": 89623.28766666603, "2": 102426.61447622598, "3": 117058.98797289927, "4": 133520.40815651245}, "bleedDamage": {"1": 0.0, "2": 0.0, "3": 0.0, "4": 0.0}}