{"deaths": 4077, "totalAttacks": 100001, "damagingAttacks": 198028.75, "damageDone": {"1": 86813.29453328694, "2": 93491.24026671743, "3": 100169.18600007406, "4": 108388.1961332144}, "bleedDamage": {"1": 0.0, "2": 0.0, "3": 0.0, "4": 0.0}}