{"deaths": 2945, "totalAttacks": 1031778, "damagingAttacks": 1210213.125, "damageDone": {"1": 1370720.3041835763, "2": 3227438.289569453, "3": 3227438.289569453, "4": 3227438.289569453}, "bleedDamage": {"1": 0.0, "2": 1031778, "3": 1031778, "4": 1031778}, "loadoutDamage": {}}