{"deaths": 10094, "totalAttacks": 100001, "damagingAttacks": 89817.25, "damageDone": {"1": 71917.49576124425, "2": 89896.86970150804, "3": 112371.0871269422, "4": 139340.1480373258}, "bleedDamage": {"1": 0.0, "2": 0.0, "3": 0.0, "4": 0.0}}