{"deaths": 4294, "totalAttacks": 100001, "damagingAttacks": 108403.0, "damageDone": {"1": 62832.034966649364, "2": 71808.03996189949, "3": 82066.33138504569, "4": 93606.90923612023}, "bleedDamage": {"1": 0.0, "2": 0.0, "3": 0.0, "4": 0.0}}