{"deaths": 3294, "totalAttacks": 2063556, "damagingAttacks": 2420426.25, "damageDone": {"1": 1370720.3041835763, "2": 1860263.2699565135, "3": 2524643.009233943, "4": 3363859.5220035166}, "bleedDamage": {"1": 0.0, "2": 0.0, "3": 0.0, "4": 0.0}, "loadoutDamage": {}}