{"deaths": 4294, "totalAttacks": 200002, "damagingAttacks": 260933.75, "damageDone": {"1": 88895.31929994519, "2": 120643.64762145857, "3": 163730.6646292046, "4": 218156.37032313045}, "bleedDamage": {"1": 0.0, "2": 0.0, "3": 0.0, "4": 0.0}}