{"deaths": 4294, "totalAttacks": 100001, "damagingAttacks": 197138.125, "damageDone": {"1": 106165.09123334645, "2": 121331.53283812161, "3": 138664.60895799726, "4": 158164.31959255086}, "bleedDamage": {"1": 0.0, "2": 0.0, "3": 0.0, "4": 0.0}}