{"deaths": 4294, "totalAttacks": 200002, "damagingAttacks": 354792.5, "damageDone": {"1": 246458.708333378, "2": 246458.708333378, "3": 246458.708333378, "4": 246458.708333378}, "bleedDamage": {"1": 0.0, "2": 0.0, "3": 0.0, "4": 0.0}}