{"deaths": 4294, "totalAttacks": 100001, "damagingAttacks": 110790.375, "damageDone": {"1": 132968.67351661244, "2": 132968.67351661244, "3": 132968.67351661244, "4": 132968.67351661244}, "bleedDamage": {"1": 0.0, "2": 0.0, "3": 0.0, "4": 0.0}}