{"deaths": {"1": 540, "2": 1212, "3": 2346}, "totalAttacks": {"1": 36784.0, "2": 12768.0, "3": 17368.0}, "damagingAttacks": {"1": 0.0, "2": 1666.0, "3": 0.0}, "damageDone": {"1": {"1": 0.0, "2": 171.7435897408004, "3": 0.0}, "2": {"1": 0.0, "2": 279.0833333288011, "3": 0.0}, "3": {"1": 0.0, "2": 453.51041665929813, "3": 0.0}, "4": {"1": 0.0, "2": 695.0248397323027, "3": 0.0}}, "bleedDamage": {"1": {"1": 0.0, "2": 0.0, "3": 0.0}, "2": {"1": 0.0, "2": 0.0, "3": 0.0}, "3": {"1": 0.0, "2": 0.0, "3": 0.0}, "4": {"1": 0.0, "2": 0.0, "3": 0.0}}}