{"deaths": 4294, "totalAttacks": 200002, "damagingAttacks": 179634.5, "damageDone": {"1": 77121.53379997514, "2": 104664.93872857075, "3": 142045.27398883156, "4": 189262.5395805661}, "bleedDamage": {"1": 0.0, "2": 0.0, "3": 0.0, "4": 0.0}}