{"deaths": 4294, "totalAttacks": 200002, "damagingAttacks": 382547.0, "damageDone": {"1": 214175.11133314675, "2": 214175.11133314675, "3": 214175.11133314675, "4": 214175.11133314675}, "bleedDamage": {"1": 0.0, "2": 0.0, "3": 0.0, "4": 0.0}}