{"deaths": {"1": 409, "2": 968, "3": 1874}, "totalAttacks": {"1": 36784.0, "2": 12768.0, "3": 17368.0}, "damagingAttacks": {"1": 22723.0, "2": 8031.0, "3": 6517.125}, "damageDone": {"1": {"1": 39326.74250212886, "2": 7787.514938158531, "3": 6870.755809268868}, "2": {"1": 45545.60500346026, "2": 8862.159691174778, "3": 7854.991210895774}, "3": {"1": 55651.25656811423, "2": 10608.457414825461, "3": 9454.37373853887}, "4": {"1": 69643.6971960993, "2": 13026.408109111984, "3": 11668.903392199745}}, "bleedDamage": {"1": {"1": 0.0, "2": 0.0, "3": 0.0}, "2": {"1": 0.0, "2": 0.0, "3": 0.0}, "3": {"1": 0.0, "2": 0.0, "3": 0.0}, "4": {"1": 0.0, "2": 0.0, "3": 0.0}}}