{"deaths": 10094, "totalAttacks": 100001, "damagingAttacks": 177396.25, "damageDone": {"1": 75416.50342186776, "2": 94270.62927735841, "3": 117838.2865967706, "4": 146119.4753799314}, "bleedDamage": {"1": 0.0, "2": 0.0, "3": 0.0, "4": 0.0}}