{"deaths": 5624, "totalAttacks": 100001, "damagingAttacks": 186731.375, "damageDone": {"1": 183597.35916667615, "2": 197720.2329487047, "3": 211843.10673063167, "4": 229225.10523188103}, "bleedDamage": {"1": 0.0, "2": 0.0, "3": 0.0, "4": 0.0}}