{"deaths": {"1": 136, "2": 383, "3": 816}, "totalAttacks": {"1": 18392.0, "2": 6384.0, "3": 8684.0}, "damagingAttacks": {"1": 17676.0, "2": 5847.0, "3": 6829.9375}, "damageDone": {"1": {"1": 26174.314600001027, "2": 5754.982533333608, "3": 6781.1182333337}, "2": {"1": 29913.502400000238, "2": 6577.122895238168, "3": 7749.8494095241085}, "3": {"1": 34186.8598857174, "2": 7516.711880272159, "3": 8856.97075374162}, "4": {"1": 38994.387057142914, "2": 8573.749488435476, "3": 10102.482265986235}}, "bleedDamage": {"1": {"1": 0.0, "2": 0.0, "3": 0.0}, "2": {"1": 0.0, "2": 0.0, "3": 0.0}, "3": {"1": 0.0, "2": 0.0, "3": 0.0}, "4": {"1": 0.0, "2": 0.0, "3": 0.0}}}