{"deaths": 10094, "totalAttacks": 100001, "damagingAttacks": 182799.375, "damageDone": {"1": 214477.45833339638, "2": 230975.7243590336, "3": 247473.9903845305, "4": 267779.54856993334}, "bleedDamage": {"1": 0.0, "2": 0.0, "3": 0.0, "4": 0.0}}