{"deaths": 4077, "totalAttacks": 100001, "damagingAttacks": 196332.875, "damageDone": {"1": 10411.987500006633, "2": 11212.909615377648, "3": 12013.831730766531, "4": 12999.58202662746}, "bleedDamage": {"1": 0.0, "2": 0.0, "3": 0.0, "4": 0.0}}