{"deaths": 10094, "totalAttacks": 100001, "damagingAttacks": 110790.375, "damageDone": {"1": 82135.52323330154, "2": 102669.40404159967, "3": 128336.75505200158, "4": 159137.5762644304}, "bleedDamage": {"1": 0.0, "2": 0.0, "3": 0.0, "4": 0.0}}