{"deaths": 5624, "totalAttacks": 527112, "damagingAttacks": 779229.0, "damageDone": {"1": 216237.00280009786, "2": 293464.50380002026, "3": 398273.2551570814, "4": 530663.2568717117}, "bleedDamage": {"1": 0.0, "2": 0.0, "3": 0.0, "4": 0.0}}