{"deaths": 4077, "totalAttacks": 100001, "damagingAttacks": 199024.75, "damageDone": {"1": 85759.08943335192, "2": 92355.9424666963, "3": 98952.79550008135, "4": 107071.99923320938}, "bleedDamage": {"1": 0.0, "2": 0.0, "3": 0.0, "4": 0.0}}