{"deaths": 5624, "totalAttacks": 100001, "damagingAttacks": 168953.375, "damageDone": {"1": 167971.2729000164, "2": 180892.14004603756, "3": 193813.0071922486, "4": 209715.61291069363}, "bleedDamage": {"1": 0.0, "2": 0.0, "3": 0.0, "4": 0.0}}