{"deaths": 4294, "totalAttacks": 131778, "damagingAttacks": 194807.25, "damageDone": {"1": 90545.65313329508, "2": 103480.74643811196, "3": 118263.71021501774, "4": 134894.54446400405}, "bleedDamage": {"1": 0.0, "2": 0.0, "3": 0.0, "4": 0.0}}