{"deaths": 5624, "totalAttacks": 100001, "damagingAttacks": 177277.0, "damageDone": {"1": 100658.89556674086, "2": 125823.61945829887, "3": 157279.52432289388, "4": 195026.6101603884}, "bleedDamage": {"1": 0.0, "2": 0.0, "3": 0.0, "4": 0.0}}