{"deaths": {"1": 598, "2": 1147, "3": 2240}, "totalAttacks": {"1": 18392.0, "2": 6384.0, "3": 8684.0}, "damagingAttacks": {"1": 17676.0, "2": 5847.0, "3": 6829.9375}, "damageDone": {"1": {"1": 68059.79300000198, "2": 17695.24400000062, "3": 20426.699383333802}, "2": {"1": 68059.79300000198, "2": 17695.24400000062, "3": 20426.699383333802}, "3": {"1": 68059.79300000198, "2": 17695.24400000062, "3": 20426.699383333802}, "4": {"1": 68059.79300000198, "2": 17695.24400000062, "3": 20426.699383333802}}, "bleedDamage": {"1": {"1": 0.0, "2": 0.0, "3": 0.0}, "2": {"1": 0.0, "2": 0.0, "3": 0.0}, "3": {"1": 0.0, "2": 0.0, "3": 0.0}, "4": {"1": 0.0, "2": 0.0, "3": 0.0}}}