{"deaths": 4077, "totalAttacks": 100001, "damagingAttacks": 199657.5, "damageDone": {"1": 72786.22130001112, "2": 78385.16139998964, "3": 83984.10150005862, "4": 90875.10469991146}, "bleedDamage": {"1": 0.0, "2": 0.0, "3": 0.0, "4": 0.0}}