{"deaths": 10094, "totalAttacks": 100001, "damagingAttacks": 120642.375, "damageDone": {"1": 46353.16866908924, "2": 46353.16866908924, "3": 46353.16866908924, "4": 46353.16866908924}, "bleedDamage": {"1": 0.0, "2": 0.0, "3": 0.0, "4": 0.0}}