{"deaths": 5624, "totalAttacks": 400004, "damagingAttacks": 520920.0, "damageDone": {"1": 188888.50919991924, "2": 203418.39452295133, "3": 217948.27984622156, "4": 235831.21562835274}, "bleedDamage": {"1": 0.0, "2": 0.0, "3": 0.0, "4": 0.0}}