{"deaths": 10094, "totalAttacks": 100001, "damagingAttacks": 130230.0, "damageDone": {"1": 75157.80013613474, "2": 75157.80013613474, "3": 75157.80013613474, "4": 75157.80013613474}, "bleedDamage": {"1": 0.0, "2": 0.0, "3": 0.0, "4": 0.0}}