{"deaths": 5624, "totalAttacks": 400004, "damagingAttacks": 467860.5, "damageDone": {"1": 247495.84579985097, "2": 266533.9877847651, "3": 285572.1297694177, "4": 309003.6891347704}, "bleedDamage": {"1": 0.0, "2": 0.0, "3": 0.0, "4": 0.0}}