{"deaths": 5624, "totalAttacks": 100001, "damagingAttacks": 177396.25, "damageDone": {"1": 164943.27419994478, "2": 206179.09274990653, "3": 257723.86593751106, "4": 319577.59376204637}, "bleedDamage": {"1": 0.0, "2": 0.0, "3": 0.0, "4": 0.0}}