{"deaths": 2368, "totalAttacks": 100001, "damagingAttacks": 181692.125, "damageDone": {"1": 133543.6123833392, "2": 133543.6123833392, "3": 133543.6123833392, "4": 133543.6123833392}, "bleedDamage": {"1": 0.0, "2": 0.0, "3": 0.0, "4": 0.0}}