{"deaths": {"1": 1017, "2": 2032, "3": 3981}, "totalAttacks": {"1": 36784.0, "2": 12768.0, "3": 17368.0}, "damagingAttacks": {"1": 36745.0, "2": 12646.0, "3": 16767.375}, "damageDone": {"1": {"1": 70172.69298922174, "2": 19710.146976573036, "3": 24358.60588187205}, "2": {"1": 74455.30840175778, "2": 20834.16574928408, "3": 25825.30407016554}, "3": {"1": 79808.57766744685, "2": 22239.18921517504, "3": 27658.676805533065}, "4": {"1": 86232.50078623737, "2": 23925.217374243104, "3": 29858.724087972612}}, "bleedDamage": {"1": {"1": 0.0, "2": 0.0, "3": 0.0}, "2": {"1": 0.0, "2": 0.0, "3": 0.0}, "3": {"1": 0.0, "2": 0.0, "3": 0.0}, "4": {"1": 0.0, "2": 0.0, "3": 0.0}}}