{"deaths": 4294, "totalAttacks": 200002, "damagingAttacks": 260933.75, "damageDone": {"1": 153817.63541665152, "2": 175791.58333340916, "3": 200904.6666668166, "4": 229156.8854166345}, "bleedDamage": {"1": 0.0, "2": 0.0, "3": 0.0, "4": 0.0}}