{"deaths": 10094, "totalAttacks": 100001, "damagingAttacks": 5100.0, "damageDone": {"1": 1062.9340659168008, "2": 1727.2678571148012, "3": 2806.8102678116265, "4": 4301.5612980069145}, "bleedDamage": {"1": 0.0, "2": 0.0, "3": 0.0, "4": 0.0}}