{"deaths": 10094, "totalAttacks": 100001, "damagingAttacks": 130466.875, "damageDone": {"1": 53989.91786772662, "2": 53989.91786772662, "3": 53989.91786772662, "4": 53989.91786772662}, "bleedDamage": {"1": 0.0, "2": 0.0, "3": 0.0, "4": 0.0}}