{"deaths": 10094, "totalAttacks": 100001, "damagingAttacks": 177396.25, "damageDone": {"1": 112864.17742489355, "2": 141080.2217809934, "3": 176350.27722650452, "4": 218674.34376067846}, "bleedDamage": {"1": 0.0, "2": 0.0, "3": 0.0, "4": 0.0}}