{"deaths": 10094, "totalAttacks": 100001, "damagingAttacks": 168953.375, "damageDone": {"1": 41484.73062545491, "2": 51855.91328183204, "3": 64819.89160231721, "4": 80376.66558684235}, "bleedDamage": {"1": 0.0, "2": 0.0, "3": 0.0, "4": 0.0}}