{"deaths": 3410, "totalAttacks": 100001, "damagingAttacks": 130230.0, "damageDone": {"1": 29889.66109998534, "2": 37362.07637501505, "3": 46702.59546871829, "4": 57911.2183812574}, "bleedDamage": {"1": 0.0, "2": 0.0, "3": 0.0, "4": 0.0}}