{"deaths": 12237, "totalAttacks": 200002, "damagingAttacks": 221580.75, "damageDone": {"1": 337224.7124999311, "2": 363165.07499982207, "3": 389105.43749992416, "4": 421032.0375000296}, "bleedDamage": {"1": 0.0, "2": 0.0, "3": 0.0, "4": 0.0}}