{"deaths": 12237, "totalAttacks": 200002, "damagingAttacks": 179634.5, "damageDone": {"1": 280977.7316666216, "2": 302591.4033331037, "3": 324205.07500003005, "4": 350806.5170512772}, "bleedDamage": {"1": 0.0, "2": 0.0, "3": 0.0, "4": 0.0}}