{"deaths": 3294, "totalAttacks": 100001, "damagingAttacks": 120642.375, "damageDone": {"1": 11683.600933334692, "2": 16690.858476180998, "3": 23844.083537423587, "4": 33143.27611700063}, "bleedDamage": {"1": 0.0, "2": 0.0, "3": 0.0, "4": 0.0}}