{"deaths": {"1": 409, "2": 968, "3": 1874}, "totalAttacks": {"1": 36784.0, "2": 12768.0, "3": 17368.0}, "damagingAttacks": {"1": 0.0, "2": 1666.0, "3": 0.0}, "damageDone": {"1": {"1": 0.0, "2": 489.076923074135, "3": 0.0}, "2": {"1": 0.0, "2": 794.7499999954671, "3": 0.0}, "3": {"1": 0.0, "2": 1291.468749992634, "3": 0.0}, "4": {"1": 0.0, "2": 1979.2331730656276, "3": 0.0}}, "bleedDamage": {"1": {"1": 0.0, "2": 0.0, "3": 0.0}, "2": {"1": 0.0, "2": 0.0, "3": 0.0}, "3": {"1": 0.0, "2": 0.0, "3": 0.0}, "4": {"1": 0.0, "2": 0.0, "3": 0.0}}}