{"deaths": 4294, "totalAttacks": 200002, "damagingAttacks": 216806.0, "damageDone": {"1": 137230.8333333558, "2": 156835.23809523965, "3": 179240.2721088686, "4": 204445.93537409056}, "bleedDamage": {"1": 0.0, "2": 0.0, "3": 0.0, "4": 0.0}}