{"deaths": 4294, "totalAttacks": 200002, "damagingAttacks": 373462.75, "damageDone": {"1": 195851.055066531, "2": 195851.055066531, "3": 195851.055066531, "4": 195851.055066531}, "bleedDamage": {"1": 0.0, "2": 0.0, "3": 0.0, "4": 0.0}}