{"deaths": 2598, "totalAttacks": 100001, "damagingAttacks": 89817.25, "damageDone": {"1": 25091.779266642694, "2": 35845.398952392236, "3": 51207.712789107565, "4": 71178.7207768349}, "bleedDamage": {"1": 0.0, "2": 0.0, "3": 0.0, "4": 0.0}}