{"deaths": 4294, "totalAttacks": 2063556, "damagingAttacks": 2420426.25, "damageDone": {"1": 1243875.1145833079, "2": 1421571.5595218232, "3": 1624653.2108875653, "4": 1853120.0686706102}, "bleedDamage": {"1": 0.0, "2": 0.0, "3": 0.0, "4": 0.0}, "loadoutDamage": {}}