{"deaths": 2598, "totalAttacks": 100001, "damagingAttacks": 130230.0, "damageDone": {"1": 37550.51560000457, "2": 53643.593714295646, "3": 76633.70530617818, "4": 106520.85037556228}, "bleedDamage": {"1": 0.0, "2": 0.0, "3": 0.0, "4": 0.0}}