{"deaths": {"1": 221, "2": 599, "3": 1250}, "totalAttacks": {"1": 18392.0, "2": 6384.0, "3": 8684.0}, "damagingAttacks": {"1": 18372.5, "2": 6323.0, "3": 8383.6875}, "damageDone": {"1": {"1": 9061.594099999862, "2": 2392.4879333333347, "3": 2662.409100000071}, "2": {"1": 12945.134428571822, "2": 3417.839904761942, "3": 3803.4415714287215}, "3": {"1": 18493.049183671195, "2": 4882.628435374214, "3": 5433.48795918377}, "4": {"1": 25705.33836530639, "2": 6786.85352517045, "3": 7552.548263265278}}, "bleedDamage": {"1": {"1": 0.0, "2": 0.0, "3": 0.0}, "2": {"1": 0.0, "2": 0.0, "3": 0.0}, "3": {"1": 0.0, "2": 0.0, "3": 0.0}, "4": {"1": 0.0, "2": 0.0, "3": 0.0}}}