{"deaths": 4294, "totalAttacks": 100001, "damagingAttacks": 81477.125, "damageDone": {"1": 40297.63541667354, "2": 46054.44047617484, "3": 52633.64625853617, "4": 60035.25276360732}, "bleedDamage": {"1": 0.0, "2": 0.0, "3": 0.0, "4": 0.0}}