{"deaths": 3410, "totalAttacks": 100001, "damagingAttacks": 120642.375, "damageDone": {"1": 23760.233900001072, "2": 29700.2923750051, "3": 37125.365468747725, "4": 46035.45318124727}, "bleedDamage": {"1": 0.0, "2": 0.0, "3": 0.0, "4": 0.0}}