{"deaths": 3474, "totalAttacks": 1031778, "damagingAttacks": 1210213.125, "damageDone": {"1": 3458865.2812500084, "2": 3724931.8413450574, "3": 3990998.401423532, "4": 4318464.936939476}, "bleedDamage": {"1": 0.0, "2": 0.0, "3": 0.0, "4": 0.0}, "loadoutDamage": {}}