{"deaths": 4294, "totalAttacks": 100001, "damagingAttacks": 81477.125, "damageDone": {"1": 79518.99696661773, "2": 79518.99696661773, "3": 79518.99696661773, "4": 79518.99696661773}, "bleedDamage": {"1": 0.0, "2": 0.0, "3": 0.0, "4": 0.0}}