{"deaths": 4294, "totalAttacks": 100001, "damagingAttacks": 108403.0, "damageDone": {"1": 88744.06249999863, "2": 101421.78571429405, "3": 115910.6122449507, "4": 132210.54209187892}, "bleedDamage": {"1": 0.0, "2": 0.0, "3": 0.0, "4": 0.0}}