{"deaths": {"1": 598, "2": 1147, "3": 2240}, "totalAttacks": {"1": 18392.0, "2": 6384.0, "3": 8684.0}, "damagingAttacks": {"1": 17676.0, "2": 5847.0, "3": 6829.9375}, "damageDone": {"1": {"1": 22076.97700000359, "2": 5739.916000000056, "3": 6625.9351166668985}, "2": {"1": 27596.22124999973, "2": 7174.895000000002, "3": 8282.418895833509}, "3": {"1": 34495.27656250397, "2": 8968.618749999945, "3": 10353.02361979204}, "4": {"1": 42774.14293749833, "2": 11121.087249999926, "3": 12837.74928854223}}, "bleedDamage": {"1": {"1": 0.0, "2": 0.0, "3": 0.0}, "2": {"1": 0.0, "2": 0.0, "3": 0.0}, "3": {"1": 0.0, "2": 0.0, "3": 0.0}, "4": {"1": 0.0, "2": 0.0, "3": 0.0}}}