{"deaths": 5624, "totalAttacks": 100001, "damagingAttacks": 177277.0, "damageDone": {"1": 310315.2934331032, "2": 310315.2934331032, "3": 310315.2934331032, "4": 310315.2934331032}, "bleedDamage": {"1": 0.0, "2": 0.0, "3": 0.0, "4": 0.0}}