{"deaths": 4077, "totalAttacks": 100001, "damagingAttacks": 198133.375, "damageDone": {"1": 97314.87848329863, "2": 104800.63836671924, "3": 112286.39825011269, "4": 121499.6411831776}, "bleedDamage": {"1": 0.0, "2": 0.0, "3": 0.0, "4": 0.0}}