{"deaths": 3294, "totalAttacks": 131778, "damagingAttacks": 194807.25, "damageDone": {"1": 29125.814899981695, "2": 41608.307000011286, "3": 59440.43857149265, "4": 82622.20961423148}, "bleedDamage": {"1": 0.0, "2": 0.0, "3": 0.0, "4": 0.0}}