{"deaths": 4077, "totalAttacks": 100001, "damagingAttacks": 199657.5, "damageDone": {"1": 10767.192500016043, "2": 11595.438076915361, "3": 12423.683653840208, "4": 13443.062825439898}, "bleedDamage": {"1": 0.0, "2": 0.0, "3": 0.0, "4": 0.0}}