{"deaths": 5624, "totalAttacks": 100001, "damagingAttacks": 187208.25, "damageDone": {"1": 105432.70053337651, "2": 131790.87566661634, "3": 164738.59458332224, "4": 204275.85728325672}, "bleedDamage": {"1": 0.0, "2": 0.0, "3": 0.0, "4": 0.0}}