{"deaths": 3410, "totalAttacks": 100001, "damagingAttacks": 130230.0, "damageDone": {"1": 78433.91720002693, "2": 78433.91720002693, "3": 78433.91720002693, "4": 78433.91720002693}, "bleedDamage": {"1": 0.0, "2": 0.0, "3": 0.0, "4": 0.0}}