{"deaths": 4294, "totalAttacks": 100001, "damagingAttacks": 130230.0, "damageDone": {"1": 83321.20833333548, "2": 95224.23809520679, "3": 108827.70068036467, "4": 124131.59608841984}, "bleedDamage": {"1": 0.0, "2": 0.0, "3": 0.0, "4": 0.0}}