{"deaths": 10094, "totalAttacks": 100001, "damagingAttacks": 5230.0, "damageDone": {"1": 938.4560439408117, "2": 1524.991071403806, "3": 2478.1104910312156, "4": 3797.8143028228596}, "bleedDamage": {"1": 0.0, "2": 0.0, "3": 0.0, "4": 0.0}}