{"deaths": 4294, "totalAttacks": 100001, "damagingAttacks": 89817.25, "damageDone": {"1": 113825.26659995921, "2": 113825.26659995921, "3": 113825.26659995921, "4": 113825.26659995921}, "bleedDamage": {"1": 0.0, "2": 0.0, "3": 0.0, "4": 0.0}}