{"deaths": 10094, "totalAttacks": 100001, "damagingAttacks": 130466.875, "damageDone": {"1": 116513.05219593232, "2": 116513.05219593232, "3": 116513.05219593232, "4": 116513.05219593232}, "bleedDamage": {"1": 0.0, "2": 0.0, "3": 0.0, "4": 0.0}}