{"deaths": 4294, "totalAttacks": 100001, "damagingAttacks": 196332.875, "damageDone": {"1": 110658.23958334552, "2": 126466.55952373343, "3": 144533.21088444564, "4": 164858.19366486708}, "bleedDamage": {"1": 0.0, "2": 0.0, "3": 0.0, "4": 0.0}}