{"deaths": 5624, "totalAttacks": 200002, "damagingAttacks": 354792.5, "damageDone": {"1": 78967.17659997156, "2": 107169.73967135187, "3": 145444.6466969545, "4": 193791.8976766812}, "bleedDamage": {"1": 0.0, "2": 0.0, "3": 0.0, "4": 0.0}}