{"deaths": {"1": 1017, "2": 2032, "3": 3981}, "totalAttacks": {"1": 36784.0, "2": 12768.0, "3": 17368.0}, "damagingAttacks": {"1": 35352.0, "2": 11694.0, "3": 13659.875}, "damageDone": {"1": {"1": 16519.62843139441, "2": 4002.704211806964, "3": 4638.971553737249}, "2": {"1": 20649.535539243458, "2": 5003.380264758675, "3": 5798.714442171198}, "3": {"1": 25811.919424052543, "2": 6254.225330948418, "3": 7248.393052714097}, "4": {"1": 32006.78008582063, "2": 7755.239410376142, "3": 8988.007385365354}}, "bleedDamage": {"1": {"1": 0.0, "2": 0.0, "3": 0.0}, "2": {"1": 0.0, "2": 0.0, "3": 0.0}, "3": {"1": 0.0, "2": 0.0, "3": 0.0}, "4": {"1": 0.0, "2": 0.0, "3": 0.0}}}