{"deaths": 2598, "totalAttacks": 100001, "damagingAttacks": 130466.875, "damageDone": {"1": 41592.288616690494, "2": 59417.555166668804, "3": 84882.22166676917, "4": 117986.288116696}, "bleedDamage": {"1": 0.0, "2": 0.0, "3": 0.0, "4": 0.0}}