{"deaths": 5624, "totalAttacks": 100001, "damagingAttacks": 168953.375, "damageDone": {"1": 80416.84170001006, "2": 100521.05212501663, "3": 125651.31515626173, "4": 155807.63079365127}, "bleedDamage": {"1": 0.0, "2": 0.0, "3": 0.0, "4": 0.0}}