{"deaths": 4294, "totalAttacks": 100001, "damagingAttacks": 196332.875, "damageDone": {"1": 96685.85279995647, "2": 110498.11748565132, "3": 126283.56284091386, "4": 144042.18886533362}, "bleedDamage": {"1": 0.0, "2": 0.0, "3": 0.0, "4": 0.0}}