{"deaths": 3294, "totalAttacks": 1031778, "damagingAttacks": 2046474.375, "damageDone": {"1": 1384618.364583275, "2": 1582420.988104933, "3": 1808481.1292578746, "4": 2062798.7880516625}, "bleedDamage": {"1": 0.0, "2": 0.0, "3": 0.0, "4": 0.0}, "loadoutDamage": {}}