{"deaths": 10094, "totalAttacks": 131778, "damagingAttacks": 194807.25, "damageDone": {"1": 150208.97086537417, "2": 150208.97086537417, "3": 150208.97086537417, "4": 150208.97086537417}, "bleedDamage": {"1": 0.0, "2": 0.0, "3": 0.0, "4": 0.0}}