{"deaths": 10094, "totalAttacks": 100001, "damagingAttacks": 187208.25, "damageDone": {"1": 164089.00000000192, "2": 176711.23076902897, "3": 189333.46153849008, "4": 204868.51479294433}, "bleedDamage": {"1": 0.0, "2": 0.0, "3": 0.0, "4": 0.0}}