{"deaths": 4294, "totalAttacks": 100001, "damagingAttacks": 120642.375, "damageDone": {"1": 49629.364299983186, "2": 56719.2734857351, "3": 64822.02684083169, "4": 73937.6243653169}, "bleedDamage": {"1": 0.0, "2": 0.0, "3": 0.0, "4": 0.0}}