{"deaths": 4077, "totalAttacks": 100001, "damagingAttacks": 197138.125, "damageDone": {"1": 11114.31291667004, "2": 11969.260064100645, "3": 12824.207211535793, "4": 13876.449854539615}, "bleedDamage": {"1": 0.0, "2": 0.0, "3": 0.0, "4": 0.0}}