{"deaths": 3294, "totalAttacks": 100001, "damagingAttacks": 199657.5, "damageDone": {"1": 35529.00520003916, "2": 50755.72171430087, "3": 72508.17387758408, "4": 100786.36168973528}, "bleedDamage": {"1": 0.0, "2": 0.0, "3": 0.0, "4": 0.0}}