{"deaths": 2368, "totalAttacks": 100001, "damagingAttacks": 191273.5, "damageDone": {"1": 95344.1233332992, "2": 95344.1233332992, "3": 95344.1233332992, "4": 95344.1233332992}, "bleedDamage": {"1": 0.0, "2": 0.0, "3": 0.0, "4": 0.0}}