{"deaths": 4294, "totalAttacks": 100001, "damagingAttacks": 116965.125, "damageDone": {"1": 94406.20833334733, "2": 107892.80952384499, "3": 123306.06802728663, "4": 140645.98384360736}, "bleedDamage": {"1": 0.0, "2": 0.0, "3": 0.0, "4": 0.0}}