{"deaths": 5624, "totalAttacks": 400004, "damagingAttacks": 520920.0, "damageDone": {"1": 266050.45819994534, "2": 456086.4997710801, "3": 781862.5710368674, "4": 1243378.6719955257}, "bleedDamage": {"1": 0.0, "2": 0.0, "3": 0.0, "4": 0.0}}