{"deaths": 4077, "totalAttacks": 100001, "damagingAttacks": 198744.625, "damageDone": {"1": 10061.497500005818, "2": 10835.458846150379, "3": 11609.420192308522, "4": 12561.9880029568}, "bleedDamage": {"1": 0.0, "2": 0.0, "3": 0.0, "4": 0.0}}