{"deaths": 10094, "totalAttacks": 100001, "damagingAttacks": 187208.25, "damageDone": {"1": 87159.4375000149, "2": 93864.00961537092, "3": 100568.58173075969, "4": 108820.36279586707}, "bleedDamage": {"1": 0.0, "2": 0.0, "3": 0.0, "4": 0.0}}