{"deaths": 4294, "totalAttacks": 200002, "damagingAttacks": 233930.25, "damageDone": {"1": 147149.95833333913, "2": 168171.38095240676, "3": 192195.8639455516, "4": 219223.40731289843}, "bleedDamage": {"1": 0.0, "2": 0.0, "3": 0.0, "4": 0.0}}