{"deaths": 4294, "totalAttacks": 200002, "damagingAttacks": 351590.75, "damageDone": {"1": 147402.0833332884, "2": 147402.0833332884, "3": 147402.0833332884, "4": 147402.0833332884}, "bleedDamage": {"1": 0.0, "2": 0.0, "3": 0.0, "4": 0.0}}