{"deaths": 10094, "totalAttacks": 100001, "damagingAttacks": 110790.375, "damageDone": {"1": 58203.949918920676, "2": 58203.949918920676, "3": 58203.949918920676, "4": 58203.949918920676}, "bleedDamage": {"1": 0.0, "2": 0.0, "3": 0.0, "4": 0.0}}