{"deaths": 2598, "totalAttacks": 131778, "damagingAttacks": 194807.25, "damageDone": {"1": 50666.94359999285, "2": 72381.34799999639, "3": 103401.92571434063, "4": 143728.67674289}, "bleedDamage": {"1": 0.0, "2": 0.0, "3": 0.0, "4": 0.0}}