{"deaths": 10094, "totalAttacks": 100001, "damagingAttacks": 81477.125, "damageDone": {"1": 57875.289605313075, "2": 57875.289605313075, "3": 57875.289605313075, "4": 57875.289605313075}, "bleedDamage": {"1": 0.0, "2": 0.0, "3": 0.0, "4": 0.0}}