{"deaths": 3474, "totalAttacks": 1031778, "damagingAttacks": 1885241.625, "damageDone": {"1": 3029669.2143137553, "2": 3262720.6923388722, "3": 3495772.1703618043, "4": 3782604.758683953}, "bleedDamage": {"1": 0.0, "2": 0.0, "3": 0.0, "4": 0.0}, "loadoutDamage": {}}