{"deaths": 5624, "totalAttacks": 300003, "damagingAttacks": 244431.375, "damageDone": {"1": 99487.73706669366, "2": 124359.67133336503, "3": 155449.5891665644, "4": 192757.49056676956}, "bleedDamage": {"1": 0.0, "2": 0.0, "3": 0.0, "4": 0.0}}