{"deaths": {"1": 1017, "2": 2032, "3": 3981}, "totalAttacks": {"1": 36784.0, "2": 12768.0, "3": 17368.0}, "damagingAttacks": {"1": 22723.0, "2": 8031.0, "3": 6517.125}, "damageDone": {"1": {"1": 16654.832360077588, "2": 4293.341689490668, "3": 3105.439131130843}, "2": {"1": 16654.832360077588, "2": 4293.341689490668, "3": 3105.439131130843}, "3": {"1": 16654.832360077588, "2": 4293.341689490668, "3": 3105.439131130843}, "4": {"1": 16654.832360077588, "2": 4293.341689490668, "3": 3105.439131130843}}, "bleedDamage": {"1": {"1": 0.0, "2": 0.0, "3": 0.0}, "2": {"1": 0.0, "2": 0.0, "3": 0.0}, "3": {"1": 0.0, "2": 0.0, "3": 0.0}, "4": {"1": 0.0, "2": 0.0, "3": 0.0}}}