{"deaths": {"1": 409, "2": 968, "3": 1874}, "totalAttacks": {"1": 36784.0, "2": 12768.0, "3": 17368.0}, "damagingAttacks": {"1": 22723.0, "2": 8031.0, "3": 6517.125}, "damageDone": {"1": {"1": 67964.74971355971, "2": 16829.93337906715, "3": 14035.303399678034}, "2": {"1": 77901.53338871743, "2": 18882.495907651377, "3": 15826.697451561318}, "3": {"1": 94048.8068608082, "2": 22217.91001659983, "3": 18737.712785869528}, "4": {"1": 116406.57012993256, "2": 26836.175705914113, "3": 22768.349402606316}}, "bleedDamage": {"1": {"1": 0.0, "2": 0.0, "3": 0.0}, "2": {"1": 0.0, "2": 0.0, "3": 0.0}, "3": {"1": 0.0, "2": 0.0, "3": 0.0}, "4": {"1": 0.0, "2": 0.0, "3": 0.0}}}