{"deaths": 3294, "totalAttacks": 100001, "damagingAttacks": 126620.75, "damageDone": {"1": 15795.055466671469, "2": 22564.36495238373, "3": 32234.80707483893, "4": 44806.381834006985}, "bleedDamage": {"1": 0.0, "2": 0.0, "3": 0.0, "4": 0.0}}