{"deaths": 4077, "totalAttacks": 100001, "damagingAttacks": 198554.125, "damageDone": {"1": 12145.832083339988, "2": 13080.126858967275, "3": 14014.421634618131, "4": 15164.322896939697}, "bleedDamage": {"1": 0.0, "2": 0.0, "3": 0.0, "4": 0.0}}