{"deaths": 10094, "totalAttacks": 100001, "damagingAttacks": 108403.0, "damageDone": {"1": 60207.595065405694, "2": 60207.595065405694, "3": 60207.595065405694, "4": 60207.595065405694}, "bleedDamage": {"1": 0.0, "2": 0.0, "3": 0.0, "4": 0.0}}