{"deaths": {"1": 393, "2": 919, "3": 1670}, "totalAttacks": {"1": 36784.0, "2": 12768.0, "3": 17368.0}, "damagingAttacks": {"1": 35352.0, "2": 11694.0, "3": 13659.875}, "damageDone": {"1": {"1": 53325.079400009134, "2": 12920.661066666626, "3": 14974.521216666708}, "2": {"1": 53325.079400009134, "2": 12920.661066666626, "3": 14974.521216666708}, "3": {"1": 53325.079400009134, "2": 12920.661066666626, "3": 14974.521216666708}, "4": {"1": 53325.079400009134, "2": 12920.661066666626, "3": 14974.521216666708}}, "bleedDamage": {"1": {"1": 0.0, "2": 0.0, "3": 0.0}, "2": {"1": 0.0, "2": 0.0, "3": 0.0}, "3": {"1": 0.0, "2": 0.0, "3": 0.0}, "4": {"1": 0.0, "2": 0.0, "3": 0.0}}}