{"deaths": 4294, "totalAttacks": 100001, "damagingAttacks": 130466.875, "damageDone": {"1": 131202.4400999491, "2": 131202.4400999491, "3": 131202.4400999491, "4": 131202.4400999491}, "bleedDamage": {"1": 0.0, "2": 0.0, "3": 0.0, "4": 0.0}}