{"deaths": 10094, "totalAttacks": 100001, "damagingAttacks": 116965.125, "damageDone": {"1": 78386.54467017269, "2": 78386.54467017269, "3": 78386.54467017269, "4": 78386.54467017269}, "bleedDamage": {"1": 0.0, "2": 0.0, "3": 0.0, "4": 0.0}}