{"deaths": {"1": 409, "2": 968, "3": 1874}, "totalAttacks": {"1": 36784.0, "2": 12768.0, "3": 17368.0}, "damagingAttacks": {"1": 22723.0, "2": 8031.0, "3": 6517.125}, "damageDone": {"1": {"1": 56603.24971356119, "2": 12919.850045733914, "3": 10938.886733011615}, "2": {"1": 66540.03338871493, "2": 14972.412574318043, "3": 12730.280784894636}, "3": {"1": 82687.30686081153, "2": 18307.826683266594, "3": 15641.296119203162}, "4": {"1": 105045.07012992736, "2": 22926.092372580708, "3": 19671.932735939597}}, "bleedDamage": {"1": {"1": 0.0, "2": 0.0, "3": 0.0}, "2": {"1": 0.0, "2": 0.0, "3": 0.0}, "3": {"1": 0.0, "2": 0.0, "3": 0.0}, "4": {"1": 0.0, "2": 0.0, "3": 0.0}}}