{"deaths": 4077, "totalAttacks": 100001, "damagingAttacks": 198554.125, "damageDone": {"1": 82105.82488335927, "2": 88421.65756670496, "3": 94737.49025003891, "4": 102510.82278320611}, "bleedDamage": {"1": 0.0, "2": 0.0, "3": 0.0, "4": 0.0}}