{"deaths": 12237, "totalAttacks": 200002, "damagingAttacks": 233930.25, "damageDone": {"1": 390436.2041665583, "2": 420469.7583332018, "3": 450503.3124999346, "4": 487467.68685887835}, "bleedDamage": {"1": 0.0, "2": 0.0, "3": 0.0, "4": 0.0}}