{"deaths": 10094, "totalAttacks": 100001, "damagingAttacks": 175795.375, "damageDone": {"1": 49674.324604267866, "2": 62092.90575529337, "3": 77616.1321941874, "4": 96244.00392081522}, "bleedDamage": {"1": 0.0, "2": 0.0, "3": 0.0, "4": 0.0}}