{"deaths": 5624, "totalAttacks": 100001, "damagingAttacks": 181692.125, "damageDone": {"1": 345198.3708499803, "2": 345198.3708499803, "3": 345198.3708499803, "4": 345198.3708499803}, "bleedDamage": {"1": 0.0, "2": 0.0, "3": 0.0, "4": 0.0}}