{"deaths": 5624, "totalAttacks": 400004, "damagingAttacks": 433612.0, "damageDone": {"1": 252753.83099980056, "2": 433292.2817141394, "3": 742786.7686532505, "4": 1181237.2918151047}, "bleedDamage": {"1": 0.0, "2": 0.0, "3": 0.0, "4": 0.0}}