{"deaths": 4294, "totalAttacks": 100001, "damagingAttacks": 198028.75, "damageDone": {"1": 139113.95833331635, "2": 158987.3809523306, "3": 181699.86394565547, "4": 207251.40731291592}, "bleedDamage": {"1": 0.0, "2": 0.0, "3": 0.0, "4": 0.0}}