{"deaths": 4077, "totalAttacks": 100001, "damagingAttacks": 198133.375, "damageDone": {"1": 14395.692083340235, "2": 15503.053012815466, "3": 16610.413942310293, "4": 17973.319701681998}, "bleedDamage": {"1": 0.0, "2": 0.0, "3": 0.0, "4": 0.0}}