{"deaths": 3410, "totalAttacks": 100001, "damagingAttacks": 126620.75, "damageDone": {"1": 62097.21839996859, "2": 62097.21839996859, "3": 62097.21839996859, "4": 62097.21839996859}, "bleedDamage": {"1": 0.0, "2": 0.0, "3": 0.0, "4": 0.0}}