{"deaths": 4294, "totalAttacks": 200002, "damagingAttacks": 374416.5, "damageDone": {"1": 248202.97593327722, "2": 248202.97593327722, "3": 248202.97593327722, "4": 248202.97593327722}, "bleedDamage": {"1": 0.0, "2": 0.0, "3": 0.0, "4": 0.0}}