{"deaths": 5624, "totalAttacks": 400004, "damagingAttacks": 433612.0, "damageDone": {"1": 190098.0547999839, "2": 204720.98209228812, "3": 219343.90938473275, "4": 237341.35835978034}, "bleedDamage": {"1": 0.0, "2": 0.0, "3": 0.0, "4": 0.0}}