{"deaths": 4294, "totalAttacks": 200002, "damagingAttacks": 162954.25, "damageDone": {"1": 70726.66666666455, "2": 80830.47619048125, "3": 92377.68707486744, "4": 105368.29931967998}, "bleedDamage": {"1": 0.0, "2": 0.0, "3": 0.0, "4": 0.0}}