{"deaths": 10094, "totalAttacks": 100001, "damagingAttacks": 116965.125, "damageDone": {"1": 110143.881637401, "2": 110143.881637401, "3": 110143.881637401, "4": 110143.881637401}, "bleedDamage": {"1": 0.0, "2": 0.0, "3": 0.0, "4": 0.0}}