{"deaths": 10094, "totalAttacks": 131778, "damagingAttacks": 30328.0, "damageDone": {"1": 5233.128205043133, "2": 8503.83333319529, "3": 13818.729166443192, "4": 21177.81570478107}, "bleedDamage": {"1": 0.0, "2": 0.0, "3": 0.0, "4": 0.0}}