{"deaths": 5624, "totalAttacks": 131778, "damagingAttacks": 256131.0, "damageDone": {"1": 262437.0027999026, "2": 328046.25349990575, "3": 410057.8168750762, "4": 508471.69292409834}, "bleedDamage": {"1": 0.0, "2": 0.0, "3": 0.0, "4": 0.0}}