{"deaths": 4294, "totalAttacks": 200002, "damagingAttacks": 354554.0, "damageDone": {"1": 237441.00890001399, "2": 237441.00890001399, "3": 237441.00890001399, "4": 237441.00890001399}, "bleedDamage": {"1": 0.0, "2": 0.0, "3": 0.0, "4": 0.0}}