{"deaths": 4294, "totalAttacks": 100001, "damagingAttacks": 199657.5, "damageDone": {"1": 224388.29169980207, "2": 224388.29169980207, "3": 224388.29169980207, "4": 224388.29169980207}, "bleedDamage": {"1": 0.0, "2": 0.0, "3": 0.0, "4": 0.0}}