{"deaths": 4294, "totalAttacks": 100001, "damagingAttacks": 110790.375, "damageDone": {"1": 120322.29166666948, "2": 120322.29166666948, "3": 120322.29166666948, "4": 120322.29166666948}, "bleedDamage": {"1": 0.0, "2": 0.0, "3": 0.0, "4": 0.0}}