{"deaths": 5624, "totalAttacks": 2063556, "damagingAttacks": 3770483.25, "damageDone": {"1": 1242106.1545821445, "2": 1685715.4954951734, "3": 2287756.743905389, "4": 3048229.8997691013}, "bleedDamage": {"1": 0.0, "2": 0.0, "3": 0.0, "4": 0.0}, "loadoutDamage": {}}