{"deaths": {"1": 1017, "2": 2032, "3": 3981}, "totalAttacks": {"1": 36784.0, "2": 12768.0, "3": 17368.0}, "damagingAttacks": {"1": 35352.0, "2": 11694.0, "3": 13659.875}, "damageDone": {"1": {"1": 74182.74439061535, "2": 18100.31021053319, "3": 19547.199690828125}, "2": {"1": 74182.74439061535, "2": 18100.31021053319, "3": 19547.199690828125}, "3": {"1": 74182.74439061535, "2": 18100.31021053319, "3": 19547.199690828125}, "4": {"1": 74182.74439061535, "2": 18100.31021053319, "3": 19547.199690828125}}, "bleedDamage": {"1": {"1": 0.0, "2": 0.0, "3": 0.0}, "2": {"1": 0.0, "2": 0.0, "3": 0.0}, "3": {"1": 0.0, "2": 0.0, "3": 0.0}, "4": {"1": 0.0, "2": 0.0, "3": 0.0}}}