{"deaths": 10094, "totalAttacks": 100001, "damagingAttacks": 181692.125, "damageDone": {"1": 83717.7197094907, "2": 104647.14963682015, "3": 130808.9370461416, "4": 162203.0819370835}, "bleedDamage": {"1": 0.0, "2": 0.0, "3": 0.0, "4": 0.0}}