{"deaths": 5624, "totalAttacks": 400004, "damagingAttacks": 443161.5, "damageDone": {"1": 249603.3832998117, "2": 427891.51422829623, "3": 733528.3101060762, "4": 1166513.7709321699}, "bleedDamage": {"1": 0.0, "2": 0.0, "3": 0.0, "4": 0.0}}