{"deaths": 4294, "totalAttacks": 200002, "damagingAttacks": 179634.5, "damageDone": {"1": 92795.04166666836, "2": 106051.47619043758, "3": 121201.68707491091, "4": 138245.67431971277}, "bleedDamage": {"1": 0.0, "2": 0.0, "3": 0.0, "4": 0.0}}