{"deaths": {"1": 1017, "2": 2032, "3": 3981}, "totalAttacks": {"1": 36784.0, "2": 12768.0, "3": 17368.0}, "damagingAttacks": {"1": 35352.0, "2": 11694.0, "3": 13659.875}, "damageDone": {"1": {"1": 99363.16826755501, "2": 23281.86034761539, "3": 27133.26968821006}, "2": {"1": 108211.55408444659, "2": 25227.36710118641, "3": 29425.66783942858}, "3": {"1": 119272.0363555434, "2": 27659.25054314904, "3": 32291.16552845031}, "4": {"1": 132544.61508087633, "2": 30577.51067350526, "3": 35729.76275528024}}, "bleedDamage": {"1": {"1": 0.0, "2": 0.0, "3": 0.0}, "2": {"1": 0.0, "2": 0.0, "3": 0.0}, "3": {"1": 0.0, "2": 0.0, "3": 0.0}, "4": {"1": 0.0, "2": 0.0, "3": 0.0}}}