{"deaths": 10094, "totalAttacks": 100001, "damagingAttacks": 126620.75, "damageDone": {"1": 104788.44201660178, "2": 130985.55252070232, "3": 163731.94065092513, "4": 203027.60640696823}, "bleedDamage": {"1": 0.0, "2": 0.0, "3": 0.0, "4": 0.0}}