{"deaths": 5624, "totalAttacks": 263556, "damagingAttacks": 512262.0, "damageDone": {"1": 92084.92280006724, "2": 124972.39522850177, "3": 169605.39352441573, "4": 225983.9176880575}, "bleedDamage": {"1": 0.0, "2": 0.0, "3": 0.0, "4": 0.0}}