{"deaths": 4294, "totalAttacks": 100001, "damagingAttacks": 120642.375, "damageDone": {"1": 85647.47916668619, "2": 85647.47916668619, "3": 85647.47916668619, "4": 85647.47916668619}, "bleedDamage": {"1": 0.0, "2": 0.0, "3": 0.0, "4": 0.0}}