{"deaths": {"1": 1017, "2": 2032, "3": 3981}, "totalAttacks": {"1": 36784.0, "2": 12768.0, "3": 17368.0}, "damagingAttacks": {"1": 36784.0, "2": 12763.0, "3": 17333.625}, "damageDone": {"1": {"1": 53847.31135079599, "2": 13602.86080469401, "3": 18307.806259880916}, "2": {"1": 67309.13918850028, "2": 17003.576005866944, "3": 22884.757824850185}, "3": {"1": 84136.42398563452, "2": 21254.470007334396, "3": 28605.94728106304}, "4": {"1": 104329.1657421838, "2": 26355.54280909438, "3": 35471.37462852045}}, "bleedDamage": {"1": {"1": 0.0, "2": 0.0, "3": 0.0}, "2": {"1": 0.0, "2": 0.0, "3": 0.0}, "3": {"1": 0.0, "2": 0.0, "3": 0.0}, "4": {"1": 0.0, "2": 0.0, "3": 0.0}}}