{"deaths": 12237, "totalAttacks": 200002, "damagingAttacks": 260933.75, "damageDone": {"1": 363272.6283332909, "2": 391216.67666659463, "3": 419160.7249999138, "4": 453553.39987191395}, "bleedDamage": {"1": 0.0, "2": 0.0, "3": 0.0, "4": 0.0}}