{"deaths": 4077, "totalAttacks": 100001, "damagingAttacks": 197585.5, "damageDone": {"1": 13473.432500007404, "2": 14509.850384610825, "3": 15546.268269228325, "4": 16821.859511839244}, "bleedDamage": {"1": 0.0, "2": 0.0, "3": 0.0, "4": 0.0}}