{"deaths": {"1": 1017, "2": 2032, "3": 3981}, "totalAttacks": {"1": 36784.0, "2": 12768.0, "3": 17368.0}, "damagingAttacks": {"1": 36745.0, "2": 12646.0, "3": 16767.375}, "damageDone": {"1": {"1": 135906.6249999987, "2": 37694.500000000306, "3": 47306.91666666667}, "2": {"1": 135906.6249999987, "2": 37694.500000000306, "3": 47306.91666666667}, "3": {"1": 135906.6249999987, "2": 37694.500000000306, "3": 47306.91666666667}, "4": {"1": 135906.6249999987, "2": 37694.500000000306, "3": 47306.91666666667}}, "bleedDamage": {"1": {"1": 0.0, "2": 0.0, "3": 0.0}, "2": {"1": 0.0, "2": 0.0, "3": 0.0}, "3": {"1": 0.0, "2": 0.0, "3": 0.0}, "4": {"1": 0.0, "2": 0.0, "3": 0.0}}}