{"deaths": {"1": 1017, "2": 2032, "3": 3981}, "totalAttacks": {"1": 36784.0, "2": 12768.0, "3": 17368.0}, "damagingAttacks": {"1": 36745.0, "2": 12646.0, "3": 16767.375}, "damageDone": {"1": {"1": 61221.24032692528, "2": 16468.44871782512, "3": 18790.897407135122}, "2": {"1": 61221.24032692528, "2": 16468.44871782512, "3": 18790.897407135122}, "3": {"1": 61221.24032692528, "2": 16468.44871782512, "3": 18790.897407135122}, "4": {"1": 61221.24032692528, "2": 16468.44871782512, "3": 18790.897407135122}}, "bleedDamage": {"1": {"1": 0.0, "2": 0.0, "3": 0.0}, "2": {"1": 0.0, "2": 0.0, "3": 0.0}, "3": {"1": 0.0, "2": 0.0, "3": 0.0}, "4": {"1": 0.0, "2": 0.0, "3": 0.0}}}