{"deaths": 5624, "totalAttacks": 300003, "damagingAttacks": 269451.75, "damageDone": {"1": 157143.14303338807, "2": 196428.92879169446, "3": 245536.16098955326, "4": 304464.8396270349}, "bleedDamage": {"1": 0.0, "2": 0.0, "3": 0.0, "4": 0.0}}