{"deaths": 3294, "totalAttacks": 100001, "damagingAttacks": 198028.75, "damageDone": {"1": 37616.41433336093, "2": 53737.734761914275, "3": 76768.19251703148, "4": 106707.78759858361}, "bleedDamage": {"1": 0.0, "2": 0.0, "3": 0.0, "4": 0.0}}