{"deaths": {"1": 409, "2": 968, "3": 1874}, "totalAttacks": {"1": 36784.0, "2": 12768.0, "3": 17368.0}, "damagingAttacks": {"1": 35352.0, "2": 11694.0, "3": 13659.875}, "damageDone": {"1": {"1": 71423.6610572756, "2": 15704.01854386633, "3": 18504.105940828}, "2": {"1": 98684.96484308834, "2": 21697.99888378268, "3": 25566.836216346597}, "3": {"1": 138639.96240123015, "2": 30482.959123647302, "3": 35918.188929686585}, "4": {"1": 191288.6537318685, "2": 42058.89926345974, "3": 49558.1640808537}}, "bleedDamage": {"1": {"1": 0.0, "2": 0.0, "3": 0.0}, "2": {"1": 0.0, "2": 0.0, "3": 0.0}, "3": {"1": 0.0, "2": 0.0, "3": 0.0}, "4": {"1": 0.0, "2": 0.0, "3": 0.0}}}