{"deaths": 10094, "totalAttacks": 100001, "damagingAttacks": 5100.0, "damageDone": {"1": 2132.5430402584248, "2": 3465.382440419886, "3": 5631.246465682381, "4": 8630.135116045649}, "bleedDamage": {"1": 0.0, "2": 0.0, "3": 0.0, "4": 0.0}}