{"deaths": 4294, "totalAttacks": 100001, "damagingAttacks": 198744.625, "damageDone": {"1": 135056.86458337543, "2": 154350.7023808491, "3": 176400.80272119396, "4": 201207.16560363965}, "bleedDamage": {"1": 0.0, "2": 0.0, "3": 0.0, "4": 0.0}}