{"deaths": 10094, "totalAttacks": 100001, "damagingAttacks": 5048.0, "damageDone": {"1": 955.1433150027882, "2": 1552.1078868795923, "3": 2522.1753161793768, "4": 3865.3456029020786}, "bleedDamage": {"1": 0.0, "2": 0.0, "3": 0.0, "4": 0.0}}