{"deaths": 13356, "totalAttacks": 100001, "damagingAttacks": 168953.375, "damageDone": {"1": 35905.95558026108, "2": 44882.44447535875, "3": 56103.05559418175, "4": 69567.78893677352}, "bleedDamage": {"1": 0.0, "2": 0.0, "3": 0.0, "4": 0.0}}