{"deaths": {"1": 1017, "2": 2032, "3": 3981}, "totalAttacks": {"1": 36784.0, "2": 12768.0, "3": 17368.0}, "damagingAttacks": {"1": 36745.0, "2": 12646.0, "3": 16767.375}, "damageDone": {"1": {"1": 83465.44081682838, "2": 21906.408424180645, "3": 28585.011503171943}, "2": {"1": 104331.8010210431, "2": 27383.01053022692, "3": 35731.26437896584}, "3": {"1": 130414.75127628476, "2": 34228.76316278401, "3": 44664.080473709066}, "4": {"1": 161714.29158261413, "2": 42443.66632185235, "3": 55383.45978739524}}, "bleedDamage": {"1": {"1": 0.0, "2": 0.0, "3": 0.0}, "2": {"1": 0.0, "2": 0.0, "3": 0.0}, "3": {"1": 0.0, "2": 0.0, "3": 0.0}, "4": {"1": 0.0, "2": 0.0, "3": 0.0}}}