{"deaths": 4294, "totalAttacks": 100001, "damagingAttacks": 198028.75, "damageDone": {"1": 267631.5174666694, "2": 267631.5174666694, "3": 267631.5174666694, "4": 267631.5174666694}, "bleedDamage": {"1": 0.0, "2": 0.0, "3": 0.0, "4": 0.0}}