{"deaths": 5624, "totalAttacks": 400004, "damagingAttacks": 521867.5, "damageDone": {"1": 170466.50599992083, "2": 183579.31415388905, "3": 196692.12230774492, "4": 212830.96311251688}, "bleedDamage": {"1": 0.0, "2": 0.0, "3": 0.0, "4": 0.0}}