{"deaths": 5624, "totalAttacks": 100001, "damagingAttacks": 175795.375, "damageDone": {"1": 134483.07481658336, "2": 168103.8435208321, "3": 210129.80440109037, "4": 260560.95745697434}, "bleedDamage": {"1": 0.0, "2": 0.0, "3": 0.0, "4": 0.0}}