{"deaths": 4294, "totalAttacks": 200002, "damagingAttacks": 221580.75, "damageDone": {"1": 120322.29166666948, "2": 137511.190476161, "3": 157155.6462585225, "4": 179255.65901349174}, "bleedDamage": {"1": 0.0, "2": 0.0, "3": 0.0, "4": 0.0}}