{"deaths": 4294, "totalAttacks": 100001, "damagingAttacks": 89817.25, "damageDone": {"1": 56135.12499999719, "2": 64154.42857142039, "3": 73319.34693879599, "4": 83629.88010204418}, "bleedDamage": {"1": 0.0, "2": 0.0, "3": 0.0, "4": 0.0}}