{"deaths": 2368, "totalAttacks": 100001, "damagingAttacks": 187208.25, "damageDone": {"1": 117760.80588337628, "2": 117760.80588337628, "3": 117760.80588337628, "4": 117760.80588337628}, "bleedDamage": {"1": 0.0, "2": 0.0, "3": 0.0, "4": 0.0}}