{"deaths": 10094, "totalAttacks": 100001, "damagingAttacks": 108403.0, "damageDone": {"1": 102358.28874607109, "2": 102358.28874607109, "3": 102358.28874607109, "4": 102358.28874607109}, "bleedDamage": {"1": 0.0, "2": 0.0, "3": 0.0, "4": 0.0}}