{"deaths": 5624, "totalAttacks": 400004, "damagingAttacks": 325908.5, "damageDone": {"1": 83334.68780001074, "2": 113097.07629998609, "3": 153488.8892642206, "4": 204510.12669284327}, "bleedDamage": {"1": 0.0, "2": 0.0, "3": 0.0, "4": 0.0}}