{"deaths": 12237, "totalAttacks": 200002, "damagingAttacks": 253241.5, "damageDone": {"1": 400888.6266664192, "2": 431726.21333320055, "3": 462563.8000000371, "4": 500517.7528205368}, "bleedDamage": {"1": 0.0, "2": 0.0, "3": 0.0, "4": 0.0}}