{"deaths": 3410, "totalAttacks": 100001, "damagingAttacks": 108403.0, "damageDone": {"1": 77507.97466665406, "2": 77507.97466665406, "3": 77507.97466665406, "4": 77507.97466665406}, "bleedDamage": {"1": 0.0, "2": 0.0, "3": 0.0, "4": 0.0}}