{"deaths": 2368, "totalAttacks": 100001, "damagingAttacks": 175795.375, "damageDone": {"1": 89623.28766666603, "2": 89623.28766666603, "3": 89623.28766666603, "4": 89623.28766666603}, "bleedDamage": {"1": 0.0, "2": 0.0, "3": 0.0, "4": 0.0}}