{"deaths": 10094, "totalAttacks": 100001, "damagingAttacks": 110790.375, "damageDone": {"1": 65119.482027325364, "2": 65119.482027325364, "3": 65119.482027325364, "4": 65119.482027325364}, "bleedDamage": {"1": 0.0, "2": 0.0, "3": 0.0, "4": 0.0}}