{"deaths": 5624, "totalAttacks": 100001, "damagingAttacks": 177277.0, "damageDone": {"1": 210252.01263329605, "2": 226425.24437425955, "3": 242598.47611531027, "4": 262503.992104404}, "bleedDamage": {"1": 0.0, "2": 0.0, "3": 0.0, "4": 0.0}}