{"deaths": 5624, "totalAttacks": 400004, "damagingAttacks": 467860.5, "damageDone": {"1": 175528.83530006337, "2": 238217.70505004606, "3": 323295.45685349655, "4": 430762.090710889}, "bleedDamage": {"1": 0.0, "2": 0.0, "3": 0.0, "4": 0.0}}