{"deaths": 4294, "totalAttacks": 100001, "damagingAttacks": 197138.125, "damageDone": {"1": 231622.28118332528, "2": 231622.28118332528, "3": 231622.28118332528, "4": 231622.28118332528}, "bleedDamage": {"1": 0.0, "2": 0.0, "3": 0.0, "4": 0.0}}