{"deaths": {"1": 598, "2": 1147, "3": 2240}, "totalAttacks": {"1": 73568.0, "2": 25536.0, "3": 34736.0}, "damagingAttacks": {"1": 45446.0, "2": 16062.0, "3": 13034.25}, "damageDone": {"1": {"1": 50198.67000000039, "2": 10369.1408, "3": 9049.769200000075}, "2": {"1": 54060.10615384695, "2": 11166.767015384496, "3": 9745.90529230775}, "3": {"1": 57921.54230769066, "2": 11964.393230769056, "3": 10442.041384615235}, "4": {"1": 62674.079112429004, "2": 12946.087034319591, "3": 11298.824267455797}}, "bleedDamage": {"1": {"1": 0.0, "2": 0.0, "3": 0.0}, "2": {"1": 0.0, "2": 0.0, "3": 0.0}, "3": {"1": 0.0, "2": 0.0, "3": 0.0}, "4": {"1": 0.0, "2": 0.0, "3": 0.0}}}