{"deaths": 10094, "totalAttacks": 100001, "damagingAttacks": 168953.375, "damageDone": {"1": 75249.71542917096, "2": 94062.1442864289, "3": 117577.68035808209, "4": 145796.3236440259}, "bleedDamage": {"1": 0.0, "2": 0.0, "3": 0.0, "4": 0.0}}