{"deaths": 3410, "totalAttacks": 100001, "damagingAttacks": 81477.125, "damageDone": {"1": 16120.256533321573, "2": 20150.32066667342, "3": 25187.90083333193, "4": 31232.997033337422}, "bleedDamage": {"1": 0.0, "2": 0.0, "3": 0.0, "4": 0.0}}