{"deaths": 10094, "totalAttacks": 100001, "damagingAttacks": 108403.0, "damageDone": {"1": 74270.53342366456, "2": 74270.53342366456, "3": 74270.53342366456, "4": 74270.53342366456}, "bleedDamage": {"1": 0.0, "2": 0.0, "3": 0.0, "4": 0.0}}