{"deaths": 4294, "totalAttacks": 200002, "damagingAttacks": 233930.25, "damageDone": {"1": 113482.92831662853, "2": 154012.5455725813, "3": 209017.02613437866, "4": 278496.37000160787}, "bleedDamage": {"1": 0.0, "2": 0.0, "3": 0.0, "4": 0.0}}