{"deaths": 6644, "totalAttacks": 1031778, "damagingAttacks": 1210213.125, "damageDone": {"1": 1627114.0301432603, "2": 2033892.5376724715, "3": 2542365.672092267, "4": 3152533.433387039}, "bleedDamage": {"1": 0.0, "2": 0.0, "3": 0.0, "4": 0.0}, "loadoutDamage": {}}