{"deaths": 10094, "totalAttacks": 100001, "damagingAttacks": 110790.375, "damageDone": {"1": 93015.50849784593, "2": 93015.50849784593, "3": 93015.50849784593, "4": 93015.50849784593}, "bleedDamage": {"1": 0.0, "2": 0.0, "3": 0.0, "4": 0.0}}