{"deaths": 3294, "totalAttacks": 100001, "damagingAttacks": 196332.875, "damageDone": {"1": 29921.98798334576, "2": 42745.69711905549, "3": 61065.28159864034, "4": 84880.74142213227}, "bleedDamage": {"1": 0.0, "2": 0.0, "3": 0.0, "4": 0.0}}