{"deaths": {"1": 1017, "2": 2032, "3": 3981}, "totalAttacks": {"1": 36784.0, "2": 12768.0, "3": 17368.0}, "damagingAttacks": {"1": 36784.0, "2": 12763.0, "3": 17333.625}, "damageDone": {"1": {"1": 45962.55494304933, "2": 12059.307233937976, "3": 14394.951579003124}, "2": {"1": 49064.98534548022, "2": 12823.34237575576, "3": 15426.491557086614}, "3": {"1": 52943.02334850869, "2": 13778.386303028368, "3": 16715.916529692346}, "4": {"1": 57596.668952158514, "2": 14924.439015754975, "3": 18263.226496818876}}, "bleedDamage": {"1": {"1": 0.0, "2": 0.0, "3": 0.0}, "2": {"1": 0.0, "2": 0.0, "3": 0.0}, "3": {"1": 0.0, "2": 0.0, "3": 0.0}, "4": {"1": 0.0, "2": 0.0, "3": 0.0}}}