{"deaths": 10094, "totalAttacks": 100001, "damagingAttacks": 177396.25, "damageDone": {"1": 71891.28937605991, "2": 89864.11172014302, "3": 112330.13965010206, "4": 139289.37316622186}, "bleedDamage": {"1": 0.0, "2": 0.0, "3": 0.0, "4": 0.0}}