{"deaths": 5624, "totalAttacks": 100001, "damagingAttacks": 168953.375, "damageDone": {"1": 247912.27530006066, "2": 247912.27530006066, "3": 247912.27530006066, "4": 247912.27530006066}, "bleedDamage": {"1": 0.0, "2": 0.0, "3": 0.0, "4": 0.0}}