{"deaths": {"1": 393, "2": 919, "3": 1670}, "totalAttacks": {"1": 18392.0, "2": 6384.0, "3": 8684.0}, "damagingAttacks": {"1": 11361.5, "2": 4015.5, "3": 3258.5625}, "damageDone": {"1": {"1": 33931.184366671434, "2": 8032.361199999854, "3": 6729.366250000244}, "2": {"1": 33931.184366671434, "2": 8032.361199999854, "3": 6729.366250000244}, "3": {"1": 33931.184366671434, "2": 8032.361199999854, "3": 6729.366250000244}, "4": {"1": 33931.184366671434, "2": 8032.361199999854, "3": 6729.366250000244}}, "bleedDamage": {"1": {"1": 0.0, "2": 0.0, "3": 0.0}, "2": {"1": 0.0, "2": 0.0, "3": 0.0}, "3": {"1": 0.0, "2": 0.0, "3": 0.0}, "4": {"1": 0.0, "2": 0.0, "3": 0.0}}}