{"deaths": {"1": 393, "2": 919, "3": 1670}, "totalAttacks": {"1": 18392.0, "2": 6384.0, "3": 8684.0}, "damagingAttacks": {"1": 11361.5, "2": 4015.5, "3": 3258.5625}, "damageDone": {"1": {"1": 19903.64583333377, "2": 4785.083333333311, "3": 3245.5624999999973}, "2": {"1": 22747.023809524337, "2": 5468.666666666767, "3": 3709.214285714288}, "3": {"1": 25996.5986394519, "2": 6249.9047619045605, "3": 4239.102040816048}, "4": {"1": 29652.370323128387, "2": 7128.797619047442, "3": 4835.225765305916}}, "bleedDamage": {"1": {"1": 0.0, "2": 0.0, "3": 0.0}, "2": {"1": 0.0, "2": 0.0, "3": 0.0}, "3": {"1": 0.0, "2": 0.0, "3": 0.0}, "4": {"1": 0.0, "2": 0.0, "3": 0.0}}}