{"deaths": {"1": 1017, "2": 2032, "3": 3981}, "totalAttacks": {"1": 36784.0, "2": 12768.0, "3": 17368.0}, "damagingAttacks": {"1": 36745.0, "2": 12646.0, "3": 16767.375}, "damageDone": {"1": {"1": 110692.61578482809, "2": 29907.17582407312, "3": 39074.05477321532}, "2": {"1": 117188.89993937417, "2": 31480.46978009199, "3": 41147.659612354735}, "3": {"1": 125309.25513254793, "2": 33447.08722511476, "3": 43739.665661276944}, "4": {"1": 135053.6813643723, "2": 35807.028159142465, "3": 46850.07291998289}}, "bleedDamage": {"1": {"1": 0.0, "2": 0.0, "3": 0.0}, "2": {"1": 0.0, "2": 0.0, "3": 0.0}, "3": {"1": 0.0, "2": 0.0, "3": 0.0}, "4": {"1": 0.0, "2": 0.0, "3": 0.0}}}