{"deaths": {"1": 409, "2": 968, "3": 1874}, "totalAttacks": {"1": 36784.0, "2": 12768.0, "3": 17368.0}, "damagingAttacks": {"1": 22723.0, "2": 8031.0, "3": 6517.125}, "damageDone": {"1": {"1": 57942.374713569065, "2": 14813.350045734318, "3": 11532.63673301196}, "2": {"1": 67879.158388719, "2": 16865.91257431818, "3": 13324.030784894729}, "3": {"1": 84026.43186082902, "2": 20201.32668326717, "3": 16235.046119203591}, "4": {"1": 106384.19512991094, "2": 24819.592372580442, "3": 20265.68273593945}}, "bleedDamage": {"1": {"1": 0.0, "2": 0.0, "3": 0.0}, "2": {"1": 0.0, "2": 0.0, "3": 0.0}, "3": {"1": 0.0, "2": 0.0, "3": 0.0}, "4": {"1": 0.0, "2": 0.0, "3": 0.0}}}