{"deaths": {"1": 1017, "2": 2032, "3": 3981}, "totalAttacks": {"1": 36784.0, "2": 12768.0, "3": 17368.0}, "damagingAttacks": {"1": 36745.0, "2": 12646.0, "3": 16767.375}, "damageDone": {"1": {"1": 83914.21972241427, "2": 21050.62545772247, "3": 27621.02887456999}, "2": {"1": 95917.50618072409, "2": 23957.625457721977, "3": 31452.461166238183}, "3": {"1": 110921.61425366996, "2": 27591.37545772208, "3": 36241.75153082061}, "4": {"1": 128926.54394117455, "2": 31951.87545772196, "3": 41988.89996832072}}, "bleedDamage": {"1": {"1": 0.0, "2": 0.0, "3": 0.0}, "2": {"1": 0.0, "2": 0.0, "3": 0.0}, "3": {"1": 0.0, "2": 0.0, "3": 0.0}, "4": {"1": 0.0, "2": 0.0, "3": 0.0}}}