{"deaths": 4294, "totalAttacks": 100001, "damagingAttacks": 81477.125, "damageDone": {"1": 33671.30506666003, "2": 38481.49150474925, "3": 43978.847434032934, "4": 50163.37285445422}, "bleedDamage": {"1": 0.0, "2": 0.0, "3": 0.0, "4": 0.0}}