{"deaths": 10094, "totalAttacks": 131778, "damagingAttacks": 194807.25, "damageDone": {"1": 122438.02906931557, "2": 153047.53633655593, "3": 191309.4204209091, "4": 237223.68132155106}, "bleedDamage": {"1": 0.0, "2": 0.0, "3": 0.0, "4": 0.0}}