{"deaths": 5624, "totalAttacks": 100001, "damagingAttacks": 175795.375, "damageDone": {"1": 182394.45871665172, "2": 227993.07339578768, "3": 284991.3417448747, "4": 353389.26376297337}, "bleedDamage": {"1": 0.0, "2": 0.0, "3": 0.0, "4": 0.0}}