{"deaths": {"1": 136, "2": 383, "3": 816}, "totalAttacks": {"1": 18392.0, "2": 6384.0, "3": 8684.0}, "damagingAttacks": {"1": 17676.0, "2": 5847.0, "3": 6829.9375}, "damageDone": {"1": {"1": 26174.314600001027, "2": 5754.982533333608, "3": 6781.1182333337}, "2": {"1": 26174.314600001027, "2": 5754.982533333608, "3": 6781.1182333337}, "3": {"1": 26174.314600001027, "2": 5754.982533333608, "3": 6781.1182333337}, "4": {"1": 26174.314600001027, "2": 5754.982533333608, "3": 6781.1182333337}}, "bleedDamage": {"1": {"1": 0.0, "2": 0.0, "3": 0.0}, "2": {"1": 0.0, "2": 0.0, "3": 0.0}, "3": {"1": 0.0, "2": 0.0, "3": 0.0}, "4": {"1": 0.0, "2": 0.0, "3": 0.0}}}