{"deaths": 13356, "totalAttacks": 131778, "damagingAttacks": 256131.0, "damageDone": {"1": 57923.56180380812, "2": 72404.45225474327, "3": 90505.56531841663, "4": 112226.90099489558}, "bleedDamage": {"1": 0.0, "2": 0.0, "3": 0.0, "4": 0.0}}