{"deaths": 4294, "totalAttacks": 100001, "damagingAttacks": 116965.125, "damageDone": {"1": 167491.8007166423, "2": 167491.8007166423, "3": 167491.8007166423, "4": 167491.8007166423}, "bleedDamage": {"1": 0.0, "2": 0.0, "3": 0.0, "4": 0.0}}