{"deaths": 10094, "totalAttacks": 100001, "damagingAttacks": 110790.375, "damageDone": {"1": 115718.41675063258, "2": 115718.41675063258, "3": 115718.41675063258, "4": 115718.41675063258}, "bleedDamage": {"1": 0.0, "2": 0.0, "3": 0.0, "4": 0.0}}