{"deaths": 2945, "totalAttacks": 1031778, "damagingAttacks": 1885241.625, "damageDone": {"1": 1242106.1545821445, "2": 1552632.693242104, "3": 1940790.8665436022, "4": 2406580.6745170727}, "bleedDamage": {"1": 0.0, "2": 0.0, "3": 0.0, "4": 0.0}, "loadoutDamage": {}}