{"deaths": {"1": 1017, "2": 2032, "3": 3981}, "totalAttacks": {"1": 36784.0, "2": 12768.0, "3": 17368.0}, "damagingAttacks": {"1": 35352.0, "2": 11694.0, "3": 13659.875}, "damageDone": {"1": {"1": 117721.65590601061, "2": 30945.986263577586, "3": 34935.743675425176}, "2": {"1": 117721.65590601061, "2": 30945.986263577586, "3": 34935.743675425176}, "3": {"1": 117721.65590601061, "2": 30945.986263577586, "3": 34935.743675425176}, "4": {"1": 117721.65590601061, "2": 30945.986263577586, "3": 34935.743675425176}}, "bleedDamage": {"1": {"1": 0.0, "2": 0.0, "3": 0.0}, "2": {"1": 0.0, "2": 0.0, "3": 0.0}, "3": {"1": 0.0, "2": 0.0, "3": 0.0}, "4": {"1": 0.0, "2": 0.0, "3": 0.0}}}