{"deaths": 10094, "totalAttacks": 131778, "damagingAttacks": 194807.25, "damageDone": {"1": 101410.48557526075, "2": 101410.48557526075, "3": 101410.48557526075, "4": 101410.48557526075}, "bleedDamage": {"1": 0.0, "2": 0.0, "3": 0.0, "4": 0.0}}