{"deaths": 2598, "totalAttacks": 100001, "damagingAttacks": 116965.125, "damageDone": {"1": 39789.34873332404, "2": 56841.9267619025, "3": 81202.75251707662, "4": 112871.82599869311}, "bleedDamage": {"1": 0.0, "2": 0.0, "3": 0.0, "4": 0.0}}