{"deaths": 4294, "totalAttacks": 100001, "damagingAttacks": 198133.375, "damageDone": {"1": 177306.87500000943, "2": 202636.4285714077, "3": 231584.48979608572, "4": 264151.05867351504}, "bleedDamage": {"1": 0.0, "2": 0.0, "3": 0.0, "4": 0.0}}