{"deaths": 5624, "totalAttacks": 400004, "damagingAttacks": 325908.5, "damageDone": {"1": 101872.39039998653, "2": 109708.72812305368, "3": 117545.06584613721, "4": 127189.78919766172}, "bleedDamage": {"1": 0.0, "2": 0.0, "3": 0.0, "4": 0.0}}