{"deaths": 10094, "totalAttacks": 100001, "damagingAttacks": 177277.0, "damageDone": {"1": 73557.08206224328, "2": 91946.35257787556, "3": 114932.94072242039, "4": 142516.8464957617}, "bleedDamage": {"1": 0.0, "2": 0.0, "3": 0.0, "4": 0.0}}