{"deaths": 5624, "totalAttacks": 100001, "damagingAttacks": 175795.375, "damageDone": {"1": 87321.99298332764, "2": 109152.491229147, "3": 136440.61403650805, "4": 169186.36140514963}, "bleedDamage": {"1": 0.0, "2": 0.0, "3": 0.0, "4": 0.0}}