{"deaths": 10094, "totalAttacks": 100001, "damagingAttacks": 182799.375, "damageDone": {"1": 60926.80517292861, "2": 76158.50646622827, "3": 95198.13308280456, "4": 118045.6850226593}, "bleedDamage": {"1": 0.0, "2": 0.0, "3": 0.0, "4": 0.0}}