{"deaths": 5624, "totalAttacks": 100001, "damagingAttacks": 181692.125, "damageDone": {"1": 111974.1356500416, "2": 139967.66956246653, "3": 174959.5869531207, "4": 216949.8878218585}, "bleedDamage": {"1": 0.0, "2": 0.0, "3": 0.0, "4": 0.0}}