{"deaths": 10094, "totalAttacks": 1031778, "damagingAttacks": 1210213.125, "damageDone": {"1": 1484839.4241289133, "2": 1484839.4241289133, "3": 1484839.4241289133, "4": 1484839.4241289133}, "bleedDamage": {"1": 0.0, "2": 0.0, "3": 0.0, "4": 0.0}, "loadoutDamage": {}}