{"deaths": 10094, "totalAttacks": 100001, "damagingAttacks": 120642.375, "damageDone": {"1": 107378.3989761397, "2": 134222.9987201258, "3": 167778.7484003325, "4": 208045.64801641137}, "bleedDamage": {"1": 0.0, "2": 0.0, "3": 0.0, "4": 0.0}}