{"deaths": 4294, "totalAttacks": 131778, "damagingAttacks": 194807.25, "damageDone": {"1": 187377.74999998708, "2": 187377.74999998708, "3": 187377.74999998708, "4": 187377.74999998708}, "bleedDamage": {"1": 0.0, "2": 0.0, "3": 0.0, "4": 0.0}}