{"deaths": {"1": 1017, "2": 2032, "3": 3981}, "totalAttacks": {"1": 36784.0, "2": 12768.0, "3": 17368.0}, "damagingAttacks": {"1": 36745.0, "2": 12646.0, "3": 16767.375}, "damageDone": {"1": {"1": 98675.57497469883, "2": 24924.902929771506, "3": 32676.45667271169}, "2": {"1": 123344.4687183998, "2": 31156.128662214, "3": 40845.57084088973}, "3": {"1": 154180.58589795587, "2": 38945.160827766565, "3": 51056.96355110869}, "4": {"1": 191183.92651344417, "2": 48291.99942643187, "3": 63310.634803379144}}, "bleedDamage": {"1": {"1": 0.0, "2": 0.0, "3": 0.0}, "2": {"1": 0.0, "2": 0.0, "3": 0.0}, "3": {"1": 0.0, "2": 0.0, "3": 0.0}, "4": {"1": 0.0, "2": 0.0, "3": 0.0}}}