{"deaths": 3410, "totalAttacks": 100001, "damagingAttacks": 130466.875, "damageDone": {"1": 86876.20048337948, "2": 86876.20048337948, "3": 86876.20048337948, "4": 86876.20048337948}, "bleedDamage": {"1": 0.0, "2": 0.0, "3": 0.0, "4": 0.0}}