{"deaths": 3410, "totalAttacks": 100001, "damagingAttacks": 110790.375, "damageDone": {"1": 29079.99336665214, "2": 36349.991708343776, "3": 45437.48963542097, "4": 56342.487147918655}, "bleedDamage": {"1": 0.0, "2": 0.0, "3": 0.0, "4": 0.0}}