{"deaths": 3410, "totalAttacks": 100001, "damagingAttacks": 108403.0, "damageDone": {"1": 30081.059233317257, "2": 37601.32404169468, "3": 47001.65505208472, "4": 58282.052264574224}, "bleedDamage": {"1": 0.0, "2": 0.0, "3": 0.0, "4": 0.0}}