{"deaths": 4294, "totalAttacks": 100001, "damagingAttacks": 197585.5, "damageDone": {"1": 192760.35416670956, "2": 220297.547618991, "3": 251768.6258504118, "4": 287173.58886059106}, "bleedDamage": {"1": 0.0, "2": 0.0, "3": 0.0, "4": 0.0}}