{"deaths": {"1": 393, "2": 919, "3": 1670}, "totalAttacks": {"1": 18392.0, "2": 6384.0, "3": 8684.0}, "damagingAttacks": {"1": 18372.5, "2": 6323.0, "3": 8383.6875}, "damageDone": {"1": {"1": 55296.83863334542, "2": 14513.253866666415, "3": 18937.90715000073}, "2": {"1": 55296.83863334542, "2": 14513.253866666415, "3": 18937.90715000073}, "3": {"1": 55296.83863334542, "2": 14513.253866666415, "3": 18937.90715000073}, "4": {"1": 55296.83863334542, "2": 14513.253866666415, "3": 18937.90715000073}}, "bleedDamage": {"1": {"1": 0.0, "2": 0.0, "3": 0.0}, "2": {"1": 0.0, "2": 0.0, "3": 0.0}, "3": {"1": 0.0, "2": 0.0, "3": 0.0}, "4": {"1": 0.0, "2": 0.0, "3": 0.0}}}