{"deaths": 3294, "totalAttacks": 100001, "damagingAttacks": 197585.5, "damageDone": {"1": 52122.399766655006, "2": 74460.57109523294, "3": 106372.24442179294, "4": 147857.41974619115}, "bleedDamage": {"1": 0.0, "2": 0.0, "3": 0.0, "4": 0.0}}