{"deaths": 4077, "totalAttacks": 100001, "damagingAttacks": 199024.75, "damageDone": {"1": 12686.255833339403, "2": 13662.121666659039, "3": 14637.987500004197, "4": 15839.053141025981}, "bleedDamage": {"1": 0.0, "2": 0.0, "3": 0.0, "4": 0.0}}