{"deaths": 4294, "totalAttacks": 100001, "damagingAttacks": 89817.25, "damageDone": {"1": 92795.04166666836, "2": 92795.04166666836, "3": 92795.04166666836, "4": 92795.04166666836}, "bleedDamage": {"1": 0.0, "2": 0.0, "3": 0.0, "4": 0.0}}