{"deaths": 3294, "totalAttacks": 100001, "damagingAttacks": 198554.125, "damageDone": {"1": 40114.42868334689, "2": 57306.32669049605, "3": 81866.18098649247, "4": 113793.99157100543}, "bleedDamage": {"1": 0.0, "2": 0.0, "3": 0.0, "4": 0.0}}