{"deaths": 10094, "totalAttacks": 1031778, "damagingAttacks": 1885241.625, "damageDone": {"1": 917553.6248145184, "2": 1146942.0310228735, "3": 1433677.5387862239, "4": 1777760.1480829814}, "bleedDamage": {"1": 0.0, "2": 0.0, "3": 0.0, "4": 0.0}, "loadoutDamage": {}}