{"deaths": {"1": 393, "2": 919, "3": 1670}, "totalAttacks": {"1": 36784.0, "2": 12768.0, "3": 17368.0}, "damagingAttacks": {"1": 22723.0, "2": 8031.0, "3": 6517.125}, "damageDone": {"1": {"1": 22989.84276666785, "2": 5442.271599999986, "3": 4559.436250000092}, "2": {"1": 31200.500897619284, "2": 7385.940028571391, "3": 6187.806339285529}, "3": {"1": 42343.53693247678, "2": 10023.775753060812, "3": 8397.73717474476}, "4": {"1": 56418.95087125124, "2": 13355.778773469596, "3": 11189.228756377412}}, "bleedDamage": {"1": {"1": 0.0, "2": 0.0, "3": 0.0}, "2": {"1": 0.0, "2": 0.0, "3": 0.0}, "3": {"1": 0.0, "2": 0.0, "3": 0.0}, "4": {"1": 0.0, "2": 0.0, "3": 0.0}}}