{"deaths": 10094, "totalAttacks": 100001, "damagingAttacks": 191273.5, "damageDone": {"1": 125463.29166670525, "2": 135114.31410257428, "3": 144765.336538473, "4": 156643.51799805052}, "bleedDamage": {"1": 0.0, "2": 0.0, "3": 0.0, "4": 0.0}}