{"deaths": 4294, "totalAttacks": 100001, "damagingAttacks": 126620.75, "damageDone": {"1": 77493.38988333082, "2": 88563.87415233084, "3": 101215.85617415376, "4": 115449.33594869362}, "bleedDamage": {"1": 0.0, "2": 0.0, "3": 0.0, "4": 0.0}}