{"deaths": 3474, "totalAttacks": 1031778, "damagingAttacks": 1885241.625, "damageDone": {"1": 3596369.930679768, "2": 3596369.930679768, "3": 3596369.930679768, "4": 3596369.930679768}, "bleedDamage": {"1": 0.0, "2": 0.0, "3": 0.0, "4": 0.0}, "loadoutDamage": {}}