{"deaths": 5624, "totalAttacks": 200002, "damagingAttacks": 363384.25, "damageDone": {"1": 87659.22121664327, "2": 118966.08593683211, "3": 161453.97377146184, "4": 215122.88472062728}, "bleedDamage": {"1": 0.0, "2": 0.0, "3": 0.0, "4": 0.0}}