{"deaths": 5624, "totalAttacks": 400004, "damagingAttacks": 443161.5, "damageDone": {"1": 139349.1281000236, "2": 189116.67385000945, "3": 256658.3430821422, "4": 341974.13579644443}, "bleedDamage": {"1": 0.0, "2": 0.0, "3": 0.0, "4": 0.0}}