{"deaths": 4294, "totalAttacks": 1031778, "damagingAttacks": 1210213.125, "damageDone": {"1": 1627114.0301432603, "2": 1627114.0301432603, "3": 1627114.0301432603, "4": 1627114.0301432603}, "bleedDamage": {"1": 0.0, "2": 0.0, "3": 0.0, "4": 0.0}, "loadoutDamage": {}}