{"deaths": {"1": 1017, "2": 2032, "3": 3981}, "totalAttacks": {"1": 36784.0, "2": 12768.0, "3": 17368.0}, "damagingAttacks": {"1": 35352.0, "2": 11694.0, "3": 13659.875}, "damageDone": {"1": {"1": 84495.25160088952, "2": 20367.735347615264, "3": 22218.91552154325}, "2": {"1": 93343.63741777636, "2": 22313.242101186053, "3": 24511.313672761462}, "3": {"1": 104404.11968887705, "2": 24745.125543149567, "3": 27376.811361784068}, "4": {"1": 117676.69841421576, "2": 27663.38567350535, "3": 30815.408588614053}}, "bleedDamage": {"1": {"1": 0.0, "2": 0.0, "3": 0.0}, "2": {"1": 0.0, "2": 0.0, "3": 0.0}, "3": {"1": 0.0, "2": 0.0, "3": 0.0}, "4": {"1": 0.0, "2": 0.0, "3": 0.0}}}