{"deaths": 10094, "totalAttacks": 100001, "damagingAttacks": 177277.0, "damageDone": {"1": 122638.833333319, "2": 132072.58974357124, "3": 141506.34615384403, "4": 153117.12327411887}, "bleedDamage": {"1": 0.0, "2": 0.0, "3": 0.0, "4": 0.0}}