{"deaths": 10094, "totalAttacks": 100001, "damagingAttacks": 130466.875, "damageDone": {"1": 119034.4763029766, "2": 119034.4763029766, "3": 119034.4763029766, "4": 119034.4763029766}, "bleedDamage": {"1": 0.0, "2": 0.0, "3": 0.0, "4": 0.0}}