{"deaths": 10094, "totalAttacks": 100001, "damagingAttacks": 116965.125, "damageDone": {"1": 110616.54526727204, "2": 138270.6815839464, "3": 172838.35198011703, "4": 214319.5564550688}, "bleedDamage": {"1": 0.0, "2": 0.0, "3": 0.0, "4": 0.0}}