{"deaths": 10094, "totalAttacks": 100001, "damagingAttacks": 6198.0, "damageDone": {"1": 383.17582416960084, "2": 622.6607142756034, "3": 1011.8236606978548, "4": 1550.664663436343}, "bleedDamage": {"1": 0.0, "2": 0.0, "3": 0.0, "4": 0.0}}