{"deaths": 4294, "totalAttacks": 200002, "damagingAttacks": 337906.75, "damageDone": {"1": 179212.01699991312, "2": 179212.01699991312, "3": 179212.01699991312, "4": 179212.01699991312}, "bleedDamage": {"1": 0.0, "2": 0.0, "3": 0.0, "4": 0.0}}