{"deaths": 3474, "totalAttacks": 3095334, "damagingAttacks": 3630639.375, "damageDone": {"1": 2502806.245072126, "2": 3128507.806333848, "3": 3910634.7579210964, "4": 4849187.099818563}, "bleedDamage": {"1": 0.0, "2": 0.0, "3": 0.0, "4": 0.0}, "loadoutDamage": {}}