{"deaths": 10094, "totalAttacks": 100001, "damagingAttacks": 81477.125, "damageDone": {"1": 32264.883699121438, "2": 32264.883699121438, "3": 32264.883699121438, "4": 32264.883699121438}, "bleedDamage": {"1": 0.0, "2": 0.0, "3": 0.0, "4": 0.0}}