{"deaths": 4294, "totalAttacks": 100001, "damagingAttacks": 198554.125, "damageDone": {"1": 148352.17708328748, "2": 169545.34523816596, "3": 193766.10884364528, "4": 221014.46789979673}, "bleedDamage": {"1": 0.0, "2": 0.0, "3": 0.0, "4": 0.0}}