{"deaths": 10094, "totalAttacks": 100001, "damagingAttacks": 116965.125, "damageDone": {"1": 153454.36909756073, "2": 191817.96137192048, "3": 239772.45171526357, "4": 297317.840126618}, "bleedDamage": {"1": 0.0, "2": 0.0, "3": 0.0, "4": 0.0}}