{"deaths": {"1": 1758, "2": 3288, "3": 5046}, "totalAttacks": {"1": 36784.0, "2": 12768.0, "3": 17368.0}, "damagingAttacks": {"1": 22723.0, "2": 8031.0, "3": 6517.125}, "damageDone": {"1": {"1": 77780.45166666833, "2": 22417.72000000002, "3": 18310.229166666493}, "2": {"1": 83763.56333334124, "2": 24142.1599999998, "3": 19718.708333333114}, "3": {"1": 89746.67499999657, "2": 25866.600000000173, "3": 21127.187499999778}, "4": {"1": 97110.50474357569, "2": 27988.987692308154, "3": 22860.700320512515}}, "bleedDamage": {"1": {"1": 0.0, "2": 0.0, "3": 0.0}, "2": {"1": 0.0, "2": 0.0, "3": 0.0}, "3": {"1": 0.0, "2": 0.0, "3": 0.0}, "4": {"1": 0.0, "2": 0.0, "3": 0.0}}}