{"deaths": 10094, "totalAttacks": 131778, "damagingAttacks": 194807.25, "damageDone": {"1": 86763.63930721146, "2": 86763.63930721146, "3": 86763.63930721146, "4": 86763.63930721146}, "bleedDamage": {"1": 0.0, "2": 0.0, "3": 0.0, "4": 0.0}}