{"deaths": 4294, "totalAttacks": 200002, "damagingAttacks": 241284.75, "damageDone": {"1": 79408.72081663607, "2": 107768.97825119342, "3": 146257.89905526527, "4": 194875.48322873542}, "bleedDamage": {"1": 0.0, "2": 0.0, "3": 0.0, "4": 0.0}}