{"deaths": 5624, "totalAttacks": 100001, "damagingAttacks": 186731.375, "damageDone": {"1": 183597.35916667615, "2": 229496.6989582168, "3": 286870.8736979832, "4": 355719.8833849805}, "bleedDamage": {"1": 0.0, "2": 0.0, "3": 0.0, "4": 0.0}}