{"deaths": 4294, "totalAttacks": 100001, "damagingAttacks": 108403.0, "damageDone": {"1": 134646.97949999437, "2": 134646.97949999437, "3": 134646.97949999437, "4": 134646.97949999437}, "bleedDamage": {"1": 0.0, "2": 0.0, "3": 0.0, "4": 0.0}}