{"deaths": 2598, "totalAttacks": 100001, "damagingAttacks": 120642.375, "damageDone": {"1": 23159.07836666718, "2": 33084.39766667008, "3": 47263.425238117234, "4": 65696.16108096532}, "bleedDamage": {"1": 0.0, "2": 0.0, "3": 0.0, "4": 0.0}}