{"deaths": 4294, "totalAttacks": 100001, "damagingAttacks": 198133.375, "damageDone": {"1": 300006.22301655426, "2": 300006.22301655426, "3": 300006.22301655426, "4": 300006.22301655426}, "bleedDamage": {"1": 0.0, "2": 0.0, "3": 0.0, "4": 0.0}}