{"deaths": 2368, "totalAttacks": 131778, "damagingAttacks": 256131.0, "damageDone": {"1": 126684.49879996722, "2": 144782.28434287483, "3": 165465.46782043093, "4": 188734.0492328625}, "bleedDamage": {"1": 0.0, "2": 0.0, "3": 0.0, "4": 0.0}}