{"deaths": 5624, "totalAttacks": 100001, "damagingAttacks": 186731.375, "damageDone": {"1": 87897.88583335624, "2": 109872.35729155743, "3": 137340.4466146703, "4": 170302.15380210057}, "bleedDamage": {"1": 0.0, "2": 0.0, "3": 0.0, "4": 0.0}}