{"deaths": 4294, "totalAttacks": 100001, "damagingAttacks": 110790.375, "damageDone": {"1": 74260.98958333973, "2": 84869.70238097331, "3": 96993.94557828135, "4": 110633.71917517591}, "bleedDamage": {"1": 0.0, "2": 0.0, "3": 0.0, "4": 0.0}}