{"deaths": 4294, "totalAttacks": 100001, "damagingAttacks": 126620.75, "damageDone": {"1": 164328.76630000788, "2": 164328.76630000788, "3": 164328.76630000788, "4": 164328.76630000788}, "bleedDamage": {"1": 0.0, "2": 0.0, "3": 0.0, "4": 0.0}}