{"deaths": 5624, "totalAttacks": 100001, "damagingAttacks": 181692.125, "damageDone": {"1": 233886.80404999663, "2": 292358.50506244024, "3": 365448.13132826233, "4": 453155.6828463009}, "bleedDamage": {"1": 0.0, "2": 0.0, "3": 0.0, "4": 0.0}}