{"deaths": 4077, "totalAttacks": 131778, "damagingAttacks": 263292.75, "damageDone": {"1": 14083.158333346562, "2": 15166.478205121864, "3": 16249.798076918709, "4": 17583.114842201216}, "bleedDamage": {"1": 0.0, "2": 0.0, "3": 0.0, "4": 0.0}}