{"deaths": 5624, "totalAttacks": 100001, "damagingAttacks": 182799.375, "damageDone": {"1": 306544.13045003393, "2": 306544.13045003393, "3": 306544.13045003393, "4": 306544.13045003393}, "bleedDamage": {"1": 0.0, "2": 0.0, "3": 0.0, "4": 0.0}}