{"deaths": {"1": 1017, "2": 2032, "3": 3981}, "totalAttacks": {"1": 36784.0, "2": 12768.0, "3": 17368.0}, "damagingAttacks": {"1": 36745.0, "2": 12646.0, "3": 16767.375}, "damageDone": {"1": {"1": 51501.643540098084, "2": 13756.623625377191, "3": 16580.22727669086}, "2": {"1": 54601.39333927525, "2": 14507.332416464564, "3": 17569.663088114834}, "3": {"1": 58476.080588247045, "2": 15445.718405323856, "3": 18806.457852395823}, "4": {"1": 63125.70528701362, "2": 16571.781591955212, "3": 20290.61156953151}}, "bleedDamage": {"1": {"1": 0.0, "2": 0.0, "3": 0.0}, "2": {"1": 0.0, "2": 0.0, "3": 0.0}, "3": {"1": 0.0, "2": 0.0, "3": 0.0}, "4": {"1": 0.0, "2": 0.0, "3": 0.0}}}