{"deaths": 10094, "totalAttacks": 100001, "damagingAttacks": 130466.875, "damageDone": {"1": 83247.45652908606, "2": 83247.45652908606, "3": 83247.45652908606, "4": 83247.45652908606}, "bleedDamage": {"1": 0.0, "2": 0.0, "3": 0.0, "4": 0.0}}