{"deaths": {"1": 456, "2": 1074, "3": 2069}, "totalAttacks": {"1": 36784.0, "2": 12768.0, "3": 17368.0}, "damagingAttacks": {"1": 35352.0, "2": 11694.0, "3": 13659.875}, "damageDone": {"1": {"1": 51218.12751637518, "2": 10894.135416246814, "3": 12888.277672352247}, "2": {"1": 69956.87848877654, "2": 14784.709921044572, "3": 17504.85399074333}, "3": {"1": 97089.20413760477, "2": 20377.328458752, "3": 24147.141201422586}, "4": {"1": 132615.10446284068, "2": 27671.991029371, "3": 32815.13930438998}}, "bleedDamage": {"1": {"1": 0.0, "2": 0.0, "3": 0.0}, "2": {"1": 0.0, "2": 0.0, "3": 0.0}, "3": {"1": 0.0, "2": 0.0, "3": 0.0}, "4": {"1": 0.0, "2": 0.0, "3": 0.0}}}