{"deaths": 4077, "totalAttacks": 100001, "damagingAttacks": 198744.625, "damageDone": {"1": 68015.72309996358, "2": 73247.70180004764, "3": 78479.68050007419, "4": 84919.03889991724}, "bleedDamage": {"1": 0.0, "2": 0.0, "3": 0.0, "4": 0.0}}