{"deaths": 10094, "totalAttacks": 100001, "damagingAttacks": 110790.375, "damageDone": {"1": 86328.95280882303, "2": 86328.95280882303, "3": 86328.95280882303, "4": 86328.95280882303}, "bleedDamage": {"1": 0.0, "2": 0.0, "3": 0.0, "4": 0.0}}