{"deaths": 2368, "totalAttacks": 100001, "damagingAttacks": 177396.25, "damageDone": {"1": 117783.90973332118, "2": 134610.182552397, "3": 153840.2086313572, "4": 175473.98797022534}, "bleedDamage": {"1": 0.0, "2": 0.0, "3": 0.0, "4": 0.0}}