{"deaths": 5624, "totalAttacks": 400004, "damagingAttacks": 482569.5, "damageDone": {"1": 122824.82030000581, "2": 166690.82755000217, "3": 226223.26596069447, "4": 301422.1355321197}, "bleedDamage": {"1": 0.0, "2": 0.0, "3": 0.0, "4": 0.0}}