{"deaths": 10094, "totalAttacks": 100001, "damagingAttacks": 177277.0, "damageDone": {"1": 66526.64179715514, "2": 83158.30224648169, "3": 103947.87780813212, "4": 128895.36848209293}, "bleedDamage": {"1": 0.0, "2": 0.0, "3": 0.0, "4": 0.0}}