{"deaths": 5624, "totalAttacks": 400004, "damagingAttacks": 467860.5, "damageDone": {"1": 314408.7928998285, "2": 538986.5021139914, "3": 923976.8607674687, "4": 1469379.8688583772}, "bleedDamage": {"1": 0.0, "2": 0.0, "3": 0.0, "4": 0.0}}