{"deaths": 10094, "totalAttacks": 100001, "damagingAttacks": 116965.125, "damageDone": {"1": 139992.0256673561, "2": 139992.0256673561, "3": 139992.0256673561, "4": 139992.0256673561}, "bleedDamage": {"1": 0.0, "2": 0.0, "3": 0.0, "4": 0.0}}