{"deaths": 10094, "totalAttacks": 100001, "damagingAttacks": 5036.0, "damageDone": {"1": 805.4990842360118, "2": 1308.9360118835027, "3": 2127.0210193107055, "4": 3259.754106517605}, "bleedDamage": {"1": 0.0, "2": 0.0, "3": 0.0, "4": 0.0}}