{"deaths": {"1": 1017, "2": 2032, "3": 3981}, "totalAttacks": {"1": 36784.0, "2": 12768.0, "3": 17368.0}, "damagingAttacks": {"1": 22723.0, "2": 8031.0, "3": 6517.125}, "damageDone": {"1": {"1": 15898.853880236276, "2": 3284.1000457341615, "3": 2866.230483012041}, "2": {"1": 15898.853880236276, "2": 3284.1000457341615, "3": 2866.230483012041}, "3": {"1": 15898.853880236276, "2": 3284.1000457341615, "3": 2866.230483012041}, "4": {"1": 15898.853880236276, "2": 3284.1000457341615, "3": 2866.230483012041}}, "bleedDamage": {"1": {"1": 0.0, "2": 0.0, "3": 0.0}, "2": {"1": 0.0, "2": 0.0, "3": 0.0}, "3": {"1": 0.0, "2": 0.0, "3": 0.0}, "4": {"1": 0.0, "2": 0.0, "3": 0.0}}}