{"deaths": 4294, "totalAttacks": 200002, "damagingAttacks": 253241.5, "damageDone": {"1": 111339.83589995117, "2": 151104.06300712132, "3": 205069.79979552169, "4": 273237.046264819}, "bleedDamage": {"1": 0.0, "2": 0.0, "3": 0.0, "4": 0.0}}