{"deaths": 4294, "totalAttacks": 100001, "damagingAttacks": 130230.0, "damageDone": {"1": 141730.35656662693, "2": 141730.35656662693, "3": 141730.35656662693, "4": 141730.35656662693}, "bleedDamage": {"1": 0.0, "2": 0.0, "3": 0.0, "4": 0.0}}