{"deaths": 5624, "totalAttacks": 400004, "damagingAttacks": 521867.5, "damageDone": {"1": 137498.14260006274, "2": 186604.62209999652, "3": 253249.12999285792, "4": 337431.66627870314}, "bleedDamage": {"1": 0.0, "2": 0.0, "3": 0.0, "4": 0.0}}