{"deaths": {"1": 598, "2": 1147, "3": 2240}, "totalAttacks": {"1": 18392.0, "2": 6384.0, "3": 8684.0}, "damagingAttacks": {"1": 17676.0, "2": 5847.0, "3": 6829.9375}, "damageDone": {"1": {"1": 36130.04420000177, "2": 8754.30586666666, "3": 10145.884816666996}, "2": {"1": 45162.55525000049, "2": 10942.88233333323, "3": 12682.356020832849}, "3": {"1": 56453.194062502684, "2": 13678.602916666252, "3": 15852.94502604097}, "4": {"1": 70001.96063750502, "2": 16961.467616666992, "3": 19657.65183229221}}, "bleedDamage": {"1": {"1": 0.0, "2": 0.0, "3": 0.0}, "2": {"1": 0.0, "2": 0.0, "3": 0.0}, "3": {"1": 0.0, "2": 0.0, "3": 0.0}, "4": {"1": 0.0, "2": 0.0, "3": 0.0}}}