{"deaths": 3294, "totalAttacks": 100001, "damagingAttacks": 89817.25, "damageDone": {"1": 15178.937800007876, "2": 21684.19685713261, "3": 30977.424081631427, "4": 43058.619473447776}, "bleedDamage": {"1": 0.0, "2": 0.0, "3": 0.0, "4": 0.0}}