{"deaths": 6644, "totalAttacks": 1031778, "damagingAttacks": 1210213.125, "damageDone": {"1": 1370720.3041835763, "2": 1370720.3041835763, "3": 1370720.3041835763, "4": 1370720.3041835763}, "bleedDamage": {"1": 0.0, "2": 0.0, "3": 0.0, "4": 0.0}, "loadoutDamage": {}}