{"deaths": 4294, "totalAttacks": 200002, "damagingAttacks": 260460.0, "damageDone": {"1": 96028.43736665601, "2": 130324.30785473694, "3": 176868.7035172092, "4": 235661.62435378408}, "bleedDamage": {"1": 0.0, "2": 0.0, "3": 0.0, "4": 0.0}}