{"deaths": {"1": 1017, "2": 2032, "3": 3981}, "totalAttacks": {"1": 36784.0, "2": 12768.0, "3": 17368.0}, "damagingAttacks": {"1": 35352.0, "2": 11694.0, "3": 13659.875}, "damageDone": {"1": {"1": 130501.54738778833, "2": 33065.28479797219, "3": 38223.70953460588}, "2": {"1": 142715.52798473724, "2": 36024.730997465194, "3": 41653.58743908901}, "3": {"1": 157983.00373091304, "2": 39724.038746830585, "3": 45940.934819692746}, "4": {"1": 176303.97462632085, "2": 44163.20804607116, "3": 51085.751676423555}}, "bleedDamage": {"1": {"1": 0.0, "2": 0.0, "3": 0.0}, "2": {"1": 0.0, "2": 0.0, "3": 0.0}, "3": {"1": 0.0, "2": 0.0, "3": 0.0}, "4": {"1": 0.0, "2": 0.0, "3": 0.0}}}