{"deaths": 4294, "totalAttacks": 100001, "damagingAttacks": 198554.125, "damageDone": {"1": 118139.43956667915, "2": 135016.50236197485, "3": 154304.57412806439, "4": 176003.65486468375}, "bleedDamage": {"1": 0.0, "2": 0.0, "3": 0.0, "4": 0.0}}