{"deaths": 3294, "totalAttacks": 100001, "damagingAttacks": 116965.125, "damageDone": {"1": 25527.438733328592, "2": 36467.76961906655, "3": 52096.81374155015, "4": 72414.57110062097}, "bleedDamage": {"1": 0.0, "2": 0.0, "3": 0.0, "4": 0.0}}