{"deaths": 4294, "totalAttacks": 200002, "damagingAttacks": 363384.25, "damageDone": {"1": 239935.56250000675, "2": 239935.56250000675, "3": 239935.56250000675, "4": 239935.56250000675}, "bleedDamage": {"1": 0.0, "2": 0.0, "3": 0.0, "4": 0.0}}