{"deaths": 4294, "totalAttacks": 263556, "damagingAttacks": 389614.5, "damageDone": {"1": 187377.74999998708, "2": 214145.99999995524, "3": 244738.28571436857, "4": 279154.6071425819}, "bleedDamage": {"1": 0.0, "2": 0.0, "3": 0.0, "4": 0.0}}