{"deaths": {"1": 1017, "2": 2032, "3": 3981}, "totalAttacks": {"1": 36784.0, "2": 12768.0, "3": 17368.0}, "damagingAttacks": {"1": 35352.0, "2": 11694.0, "3": 13659.875}, "damageDone": {"1": {"1": 46342.62499999923, "2": 10189.41666666673, "3": 12006.229166666608}, "2": {"1": 57928.28125000123, "2": 12736.770833333369, "3": 15007.786458333389}, "3": {"1": 72410.35156250138, "2": 15920.963541666599, "3": 18759.733072916653}, "4": {"1": 89788.83593750028, "2": 19741.99479166655, "3": 23262.069010416762}}, "bleedDamage": {"1": {"1": 0.0, "2": 0.0, "3": 0.0}, "2": {"1": 0.0, "2": 0.0, "3": 0.0}, "3": {"1": 0.0, "2": 0.0, "3": 0.0}, "4": {"1": 0.0, "2": 0.0, "3": 0.0}}}