{"deaths": 5624, "totalAttacks": 400004, "damagingAttacks": 359269.0, "damageDone": {"1": 119287.13160001989, "2": 161889.67860000336, "3": 219707.4209571208, "4": 292740.3586713364}, "bleedDamage": {"1": 0.0, "2": 0.0, "3": 0.0, "4": 0.0}}