{"deaths": {"1": 392, "2": 797, "3": 1614}, "totalAttacks": {"1": 18392.0, "2": 6384.0, "3": 8684.0}, "damagingAttacks": {"1": 18372.5, "2": 6323.0, "3": 8383.6875}, "damageDone": {"1": {"1": 2653.399166666178, "2": 696.4133333333378, "3": 908.7287500000091}, "2": {"1": 2857.506794871868, "2": 749.9835897435814, "3": 978.6309615384596}, "3": {"1": 3061.6144230762284, "2": 803.5538461539021, "3": 1048.5331730769847}, "4": {"1": 3312.823811637196, "2": 869.4864694280035, "3": 1134.5666642012447}}, "bleedDamage": {"1": {"1": 0.0, "2": 0.0, "3": 0.0}, "2": {"1": 0.0, "2": 0.0, "3": 0.0}, "3": {"1": 0.0, "2": 0.0, "3": 0.0}, "4": {"1": 0.0, "2": 0.0, "3": 0.0}}}