{"deaths": 4294, "totalAttacks": 131778, "damagingAttacks": 263292.75, "damageDone": {"1": 131236.10433328213, "2": 149984.1192380563, "3": 171410.4219864497, "4": 195515.0125784518}, "bleedDamage": {"1": 0.0, "2": 0.0, "3": 0.0, "4": 0.0}}