{"deaths": 6644, "totalAttacks": 1031778, "damagingAttacks": 1210213.125, "damageDone": {"1": 1854533.3135494576, "2": 1854533.3135494576, "3": 1854533.3135494576, "4": 1854533.3135494576}, "bleedDamage": {"1": 0.0, "2": 0.0, "3": 0.0, "4": 0.0}, "loadoutDamage": {}}