{"deaths": 10094, "totalAttacks": 100001, "damagingAttacks": 126620.75, "damageDone": {"1": 59503.471152863014, "2": 59503.471152863014, "3": 59503.471152863014, "4": 59503.471152863014}, "bleedDamage": {"1": 0.0, "2": 0.0, "3": 0.0, "4": 0.0}}