{"deaths": 2598, "totalAttacks": 100001, "damagingAttacks": 126620.75, "damageDone": {"1": 29729.263200002202, "2": 42470.37599996184, "3": 60671.965714329825, "4": 84334.0323428271}, "bleedDamage": {"1": 0.0, "2": 0.0, "3": 0.0, "4": 0.0}}