{"deaths": 5624, "totalAttacks": 100001, "damagingAttacks": 177396.25, "damageDone": {"1": 316155.6165998674, "2": 316155.6165998674, "3": 316155.6165998674, "4": 316155.6165998674}, "bleedDamage": {"1": 0.0, "2": 0.0, "3": 0.0, "4": 0.0}}