{"deaths": {"1": 1017, "2": 2032, "3": 3981}, "totalAttacks": {"1": 36784.0, "2": 12768.0, "3": 17368.0}, "damagingAttacks": {"1": 22723.0, "2": 8031.0, "3": 6517.125}, "damageDone": {"1": {"1": 31087.423189915356, "2": 7359.171702947443, "3": 6165.380322509526}, "2": {"1": 38859.27898739363, "2": 9198.964628684022, "3": 7706.725403136699}, "3": {"1": 48574.0987342356, "2": 11498.705785854483, "3": 9633.406753920319}, "4": {"1": 60231.882430465324, "2": 14258.395174459965, "3": 11945.424374861455}}, "bleedDamage": {"1": {"1": 0.0, "2": 0.0, "3": 0.0}, "2": {"1": 0.0, "2": 0.0, "3": 0.0}, "3": {"1": 0.0, "2": 0.0, "3": 0.0}, "4": {"1": 0.0, "2": 0.0, "3": 0.0}}}