{"deaths": 12237, "totalAttacks": 200002, "damagingAttacks": 216806.0, "damageDone": {"1": 335524.47499985003, "2": 361334.05000002903, "3": 387143.6249999123, "4": 418909.2557692088}, "bleedDamage": {"1": 0.0, "2": 0.0, "3": 0.0, "4": 0.0}}