{"deaths": {"1": 1017, "2": 2032, "3": 3981}, "totalAttacks": {"1": 36784.0, "2": 12768.0, "3": 17368.0}, "damagingAttacks": {"1": 36745.0, "2": 12646.0, "3": 16767.375}, "damageDone": {"1": {"1": 57956.74032692802, "2": 14360.177884491331, "3": 17865.136990468647}, "2": {"1": 65518.56845193208, "2": 16045.099759491659, "3": 20095.243761301765}, "3": {"1": 74970.85360817806, "2": 18151.252103241128, "3": 22882.877224843847}, "4": {"1": 86313.59579567969, "2": 20678.634915741448, "3": 26228.037381094033}}, "bleedDamage": {"1": {"1": 0.0, "2": 0.0, "3": 0.0}, "2": {"1": 0.0, "2": 0.0, "3": 0.0}, "3": {"1": 0.0, "2": 0.0, "3": 0.0}, "4": {"1": 0.0, "2": 0.0, "3": 0.0}}}