{"deaths": 10094, "totalAttacks": 100001, "damagingAttacks": 130466.875, "damageDone": {"1": 120206.40761788361, "2": 150258.00952237155, "3": 187822.51190306043, "4": 232899.91475978}, "bleedDamage": {"1": 0.0, "2": 0.0, "3": 0.0, "4": 0.0}}