{"deaths": {"1": 598, "2": 1147, "3": 2240}, "totalAttacks": {"1": 73568.0, "2": 25536.0, "3": 34736.0}, "damagingAttacks": {"1": 45446.0, "2": 16062.0, "3": 13034.25}, "damageDone": {"1": {"1": 63694.238599993296, "2": 15078.021600000451, "3": 12632.092499999973}, "2": {"1": 109190.12331427487, "2": 25848.037028572817, "3": 21655.01571428629}, "3": {"1": 187183.06853878006, "2": 44310.920620409444, "3": 37122.884081634365}, "4": {"1": 297673.0742734663, "2": 70466.67237551163, "3": 59035.69760204019}}, "bleedDamage": {"1": {"1": 0.0, "2": 0.0, "3": 0.0}, "2": {"1": 0.0, "2": 0.0, "3": 0.0}, "3": {"1": 0.0, "2": 0.0, "3": 0.0}, "4": {"1": 0.0, "2": 0.0, "3": 0.0}}}