{"deaths": 3294, "totalAttacks": 100001, "damagingAttacks": 130466.875, "damageDone": {"1": 26263.594283354887, "2": 37519.42040477318, "3": 53599.17200680844, "4": 74502.84908949709}, "bleedDamage": {"1": 0.0, "2": 0.0, "3": 0.0, "4": 0.0}}