{"deaths": 10094, "totalAttacks": 100001, "damagingAttacks": 186731.375, "damageDone": {"1": 43419.73809449776, "2": 54274.67261817315, "3": 67843.34077269139, "4": 84125.74255818121}, "bleedDamage": {"1": 0.0, "2": 0.0, "3": 0.0, "4": 0.0}}