{"deaths": {"1": 1017, "2": 2032, "3": 3981}, "totalAttacks": {"1": 36784.0, "2": 12768.0, "3": 17368.0}, "damagingAttacks": {"1": 22723.0, "2": 8031.0, "3": 6517.125}, "damageDone": {"1": {"1": 22754.323087996076, "2": 6239.7314559423485, "3": 4690.335250610462}, "2": {"1": 22754.323087996076, "2": 6239.7314559423485, "3": 4690.335250610462}, "3": {"1": 22754.323087996076, "2": 6239.7314559423485, "3": 4690.335250610462}, "4": {"1": 22754.323087996076, "2": 6239.7314559423485, "3": 4690.335250610462}}, "bleedDamage": {"1": {"1": 0.0, "2": 0.0, "3": 0.0}, "2": {"1": 0.0, "2": 0.0, "3": 0.0}, "3": {"1": 0.0, "2": 0.0, "3": 0.0}, "4": {"1": 0.0, "2": 0.0, "3": 0.0}}}