{"deaths": 10094, "totalAttacks": 100001, "damagingAttacks": 120642.375, "damageDone": {"1": 67110.03056000097, "2": 83887.53819998566, "3": 104859.42275001359, "4": 130025.6842099618}, "bleedDamage": {"1": 0.0, "2": 0.0, "3": 0.0, "4": 0.0}}