{"deaths": 3294, "totalAttacks": 1031778, "damagingAttacks": 1210213.125, "damageDone": {"1": 743624.6354167345, "2": 849856.7261923654, "3": 971264.8299360379, "4": 1107848.94664049}, "bleedDamage": {"1": 0.0, "2": 0.0, "3": 0.0, "4": 0.0}, "loadoutDamage": {}}