{"deaths": 4077, "totalAttacks": 100001, "damagingAttacks": 198028.75, "damageDone": {"1": 12842.203333344918, "2": 13830.06512819953, "3": 14817.92692308305, "4": 16033.756824460484}, "bleedDamage": {"1": 0.0, "2": 0.0, "3": 0.0, "4": 0.0}}