{"deaths": 4294, "totalAttacks": 200002, "damagingAttacks": 354792.5, "damageDone": {"1": 243443.1893999292, "2": 243443.1893999292, "3": 243443.1893999292, "4": 243443.1893999292}, "bleedDamage": {"1": 0.0, "2": 0.0, "3": 0.0, "4": 0.0}}