{"deaths": 10094, "totalAttacks": 100001, "damagingAttacks": 130230.0, "damageDone": {"1": 108392.20300882518, "2": 108392.20300882518, "3": 108392.20300882518, "4": 108392.20300882518}, "bleedDamage": {"1": 0.0, "2": 0.0, "3": 0.0, "4": 0.0}}