{"deaths": 3294, "totalAttacks": 100001, "damagingAttacks": 108403.0, "damageDone": {"1": 23996.39450000209, "2": 34280.56357143388, "3": 48972.23367349846, "4": 68071.40480607738}, "bleedDamage": {"1": 0.0, "2": 0.0, "3": 0.0, "4": 0.0}}