{"deaths": 10094, "totalAttacks": 100001, "damagingAttacks": 175795.375, "damageDone": {"1": 85879.80025045319, "2": 107349.75031301484, "3": 134187.18789137815, "4": 166392.11298525622}, "bleedDamage": {"1": 0.0, "2": 0.0, "3": 0.0, "4": 0.0}}