{"deaths": {"1": 456, "2": 1074, "3": 2069}, "totalAttacks": {"1": 36784.0, "2": 12768.0, "3": 17368.0}, "damagingAttacks": {"1": 35352.0, "2": 11694.0, "3": 13659.875}, "damageDone": {"1": {"1": 73936.95844507871, "2": 17352.38667517249, "3": 20217.388392100434}, "2": {"1": 101826.58657782312, "2": 23758.459047915927, "3": 27708.439280437142}, "3": {"1": 142566.98956969078, "2": 33058.53432881188, "3": 38595.19275979887}, "4": {"1": 196158.1674206592, "2": 45252.61251786491, "3": 52877.64883019134}}, "bleedDamage": {"1": {"1": 0.0, "2": 0.0, "3": 0.0}, "2": {"1": 0.0, "2": 0.0, "3": 0.0}, "3": {"1": 0.0, "2": 0.0, "3": 0.0}, "4": {"1": 0.0, "2": 0.0, "3": 0.0}}}