{"deaths": 4294, "totalAttacks": 100001, "damagingAttacks": 130230.0, "damageDone": {"1": 62432.25069999975, "2": 71351.14365714775, "3": 81544.16417967004, "4": 93011.31226741387}, "bleedDamage": {"1": 0.0, "2": 0.0, "3": 0.0, "4": 0.0}}