{"deaths": 10094, "totalAttacks": 1031778, "damagingAttacks": 1885241.625, "damageDone": {"1": 1250693.552082914, "2": 1346900.748398903, "3": 1443107.9447091066, "4": 1561516.8017126655}, "bleedDamage": {"1": 0.0, "2": 0.0, "3": 0.0, "4": 0.0}, "loadoutDamage": {}}