{"deaths": 5624, "totalAttacks": 100001, "damagingAttacks": 187208.25, "damageDone": {"1": 220223.33306657174, "2": 275279.1663332475, "3": 344098.9579167282, "4": 426682.70781621017}, "bleedDamage": {"1": 0.0, "2": 0.0, "3": 0.0, "4": 0.0}}