{"deaths": {"1": 312, "2": 664, "3": 1367}, "totalAttacks": {"1": 18392.0, "2": 6384.0, "3": 8684.0}, "damagingAttacks": {"1": 18372.5, "2": 6323.0, "3": 8383.6875}, "damageDone": {"1": {"1": 17936.978366667616, "2": 4707.75413333332, "3": 6143.006349999964}, "2": {"1": 19316.745933335966, "2": 5069.889066666492, "3": 6615.545299999583}, "3": {"1": 20696.513500000376, "2": 5432.0239999999885, "3": 7088.084249999977}, "4": {"1": 22394.688966663845, "2": 5877.728533333307, "3": 7669.670650000129}}, "bleedDamage": {"1": {"1": 0.0, "2": 0.0, "3": 0.0}, "2": {"1": 0.0, "2": 0.0, "3": 0.0}, "3": {"1": 0.0, "2": 0.0, "3": 0.0}, "4": {"1": 0.0, "2": 0.0, "3": 0.0}}}