{"deaths": 5624, "totalAttacks": 400004, "damagingAttacks": 482569.5, "damageDone": {"1": 150153.43079992133, "2": 161703.6947076019, "3": 173253.95861538398, "4": 187469.6680402184}, "bleedDamage": {"1": 0.0, "2": 0.0, "3": 0.0, "4": 0.0}}