{"deaths": 3410, "totalAttacks": 131778, "damagingAttacks": 194807.25, "damageDone": {"1": 105830.95319998745, "2": 105830.95319998745, "3": 105830.95319998745, "4": 105830.95319998745}, "bleedDamage": {"1": 0.0, "2": 0.0, "3": 0.0, "4": 0.0}}