{"deaths": {"1": 1017, "2": 2032, "3": 3981}, "totalAttacks": {"1": 36784.0, "2": 12768.0, "3": 17368.0}, "damagingAttacks": {"1": 36745.0, "2": 12646.0, "3": 16767.375}, "damageDone": {"1": {"1": 56232.44911816016, "2": 13032.863324073736, "3": 17214.846439883015}, "2": {"1": 63794.27724317263, "2": 14717.785199073413, "3": 19444.953210716314}, "3": {"1": 73246.5623994084, "2": 16823.93754282373, "3": 22232.586674258106}, "4": {"1": 84589.30458690954, "2": 19351.320355323587, "3": 25577.746830507844}}, "bleedDamage": {"1": {"1": 0.0, "2": 0.0, "3": 0.0}, "2": {"1": 0.0, "2": 0.0, "3": 0.0}, "3": {"1": 0.0, "2": 0.0, "3": 0.0}, "4": {"1": 0.0, "2": 0.0, "3": 0.0}}}