{"deaths": {"1": 393, "2": 919, "3": 1670}, "totalAttacks": {"1": 36784.0, "2": 12768.0, "3": 17368.0}, "damagingAttacks": {"1": 22723.0, "2": 8031.0, "3": 6517.125}, "damageDone": {"1": {"1": 30773.39583333423, "2": 7932.8750000000255, "3": 5737.9687499999945}, "2": {"1": 35169.59523809223, "2": 9066.142857142855, "3": 6557.678571428559}, "3": {"1": 40193.82312925082, "2": 10361.306122448537, "3": 7494.489795917821}, "4": {"1": 45846.079506805945, "2": 11818.364795918265, "3": 8548.402423469308}}, "bleedDamage": {"1": {"1": 0.0, "2": 0.0, "3": 0.0}, "2": {"1": 0.0, "2": 0.0, "3": 0.0}, "3": {"1": 0.0, "2": 0.0, "3": 0.0}, "4": {"1": 0.0, "2": 0.0, "3": 0.0}}}