{"deaths": {"1": 1017, "2": 2032, "3": 3981}, "totalAttacks": {"1": 36784.0, "2": 12768.0, "3": 17368.0}, "damagingAttacks": {"1": 36745.0, "2": 12646.0, "3": 16767.375}, "damageDone": {"1": {"1": 99846.7916666662, "2": 26258.291666666857, "3": 32564.40625000021}, "2": {"1": 99846.7916666662, "2": 26258.291666666857, "3": 32564.40625000021}, "3": {"1": 99846.7916666662, "2": 26258.291666666857, "3": 32564.40625000021}, "4": {"1": 99846.7916666662, "2": 26258.291666666857, "3": 32564.40625000021}}, "bleedDamage": {"1": {"1": 0.0, "2": 0.0, "3": 0.0}, "2": {"1": 0.0, "2": 0.0, "3": 0.0}, "3": {"1": 0.0, "2": 0.0, "3": 0.0}, "4": {"1": 0.0, "2": 0.0, "3": 0.0}}}