{"deaths": 10094, "totalAttacks": 100001, "damagingAttacks": 175795.375, "damageDone": {"1": 82015.95833335837, "2": 88324.87820513695, "3": 94633.79807690142, "4": 102398.62253453005}, "bleedDamage": {"1": 0.0, "2": 0.0, "3": 0.0, "4": 0.0}}