{"deaths": {"1": 1017, "2": 2032, "3": 3981}, "totalAttacks": {"1": 36784.0, "2": 12768.0, "3": 17368.0}, "damagingAttacks": {"1": 35352.0, "2": 11694.0, "3": 13659.875}, "damageDone": {"1": {"1": 71423.6610572756, "2": 15704.01854386633, "3": 18504.105940828}, "2": {"1": 83009.317307282, "2": 18251.372710533073, "3": 21505.663232494964}, "3": {"1": 97491.38761978042, "2": 21435.56541886593, "3": 25257.609847077656}, "4": {"1": 114869.87199478026, "2": 25256.59666886568, "3": 29759.94578457755}}, "bleedDamage": {"1": {"1": 0.0, "2": 0.0, "3": 0.0}, "2": {"1": 0.0, "2": 0.0, "3": 0.0}, "3": {"1": 0.0, "2": 0.0, "3": 0.0}, "4": {"1": 0.0, "2": 0.0, "3": 0.0}}}