{"deaths": 3410, "totalAttacks": 100001, "damagingAttacks": 89817.25, "damageDone": {"1": 52410.63953332115, "2": 52410.63953332115, "3": 52410.63953332115, "4": 52410.63953332115}, "bleedDamage": {"1": 0.0, "2": 0.0, "3": 0.0, "4": 0.0}}