{"deaths": 4294, "totalAttacks": 100001, "damagingAttacks": 120642.375, "damageDone": {"1": 43208.58333332315, "2": 49381.238095254594, "3": 56435.70068028826, "4": 64371.9710884078}, "bleedDamage": {"1": 0.0, "2": 0.0, "3": 0.0, "4": 0.0}}