{"deaths": 12697, "totalAttacks": 100001, "damagingAttacks": 116965.125, "damageDone": {"1": 15455.83573717583, "2": 28979.692007205384, "3": 54336.9225135524, "4": 91527.52725614015}, "bleedDamage": {"1": 0.0, "2": 0.0, "3": 0.0, "4": 0.0}}