{"deaths": 12697, "totalAttacks": 100001, "damagingAttacks": 108403.0, "damageDone": {"1": 50028.02120316743, "2": 81295.53445516068, "3": 132105.24348960107, "4": 202457.14830649027}, "bleedDamage": {"1": 0.0, "2": 0.0, "3": 0.0, "4": 0.0}}