{"deaths": 12697, "totalAttacks": 2063556, "damagingAttacks": 2420426.25, "damageDone": {"1": 1157737.5816089069, "2": 1447171.9770068545, "3": 1808964.9712648853, "4": 2243116.564360691}, "bleedDamage": {"1": 0.0, "2": 0.0, "3": 0.0, "4": 0.0}, "loadoutDamage": {}}