{"deaths": 12697, "totalAttacks": 100001, "damagingAttacks": 81477.125, "damageDone": {"1": 7337.866987179032, "2": 13758.500600963695, "3": 25797.188626802243, "4": 43453.931064716795}, "bleedDamage": {"1": 0.0, "2": 0.0, "3": 0.0, "4": 0.0}}