{"deaths": 8380, "totalAttacks": 100001, "damagingAttacks": 175795.375, "damageDone": {"1": 147402.0833332884, "2": 147402.0833332884, "3": 147402.0833332884, "4": 147402.0833332884}, "bleedDamage": {"1": 0.0, "2": 0.0, "3": 0.0, "4": 0.0}}