{"deaths": 12697, "totalAttacks": 100001, "damagingAttacks": 120642.375, "damageDone": {"1": 39515.81213019338, "2": 64213.19471154981, "3": 104346.44140624396, "4": 159915.55221425806}, "bleedDamage": {"1": 0.0, "2": 0.0, "3": 0.0, "4": 0.0}}