{"deaths": 12697, "totalAttacks": 100001, "damagingAttacks": 177396.25, "damageDone": {"1": 129690.65088759309, "2": 210747.30769228894, "3": 342464.375, "4": 524841.8528102125}, "bleedDamage": {"1": 0.0, "2": 0.0, "3": 0.0, "4": 0.0}}