{"deaths": 12697, "totalAttacks": 100001, "damagingAttacks": 81477.125, "damageDone": {"1": 26809.712031565494, "2": 43565.78205128823, "3": 70794.39583333251, "4": 108495.5533777103}, "bleedDamage": {"1": 0.0, "2": 0.0, "3": 0.0, "4": 0.0}}