{"deaths": 12697, "totalAttacks": 100001, "damagingAttacks": 168953.375, "damageDone": {"1": 74837.74130918826, "2": 121611.32962737656, "3": 197618.41064453125, "4": 302858.98436047684}, "bleedDamage": {"1": 0.0, "2": 0.0, "3": 0.0, "4": 0.0}}