{"deaths": 12697, "totalAttacks": 200002, "damagingAttacks": 233930.25, "damageDone": {"1": 169707.10774172482, "2": 212133.88467699263, "3": 265167.35584620025, "4": 328807.5212493787}, "bleedDamage": {"1": 0.0, "2": 0.0, "3": 0.0, "4": 0.0}}