{"deaths": 12697, "totalAttacks": 100001, "damagingAttacks": 126620.75, "damageDone": {"1": 15163.95673076689, "2": 28432.418870185473, "3": 53310.78538164359, "4": 89799.0562650487}, "bleedDamage": {"1": 0.0, "2": 0.0, "3": 0.0, "4": 0.0}}