{"deaths": 12697, "totalAttacks": 100001, "damagingAttacks": 175795.375, "damageDone": {"1": 89611.62814348482, "2": 145618.89573311288, "3": 236630.70556640625, "4": 362647.0576431223}, "bleedDamage": {"1": 0.0, "2": 0.0, "3": 0.0, "4": 0.0}}