{"deaths": 8380, "totalAttacks": 200002, "damagingAttacks": 354792.5, "damageDone": {"1": 314502.86538451025, "2": 338695.3934912926, "3": 362887.92159746814, "4": 392663.3408055383}, "bleedDamage": {"1": 0.0, "2": 0.0, "3": 0.0, "4": 0.0}}