{"deaths": 12697, "totalAttacks": 200002, "damagingAttacks": 253241.5, "damageDone": {"1": 150645.05152868608, "2": 188306.31441078815, "3": 235382.8930135128, "4": 291874.7873366754}, "bleedDamage": {"1": 0.0, "2": 0.0, "3": 0.0, "4": 0.0}}