{"deaths": 12697, "totalAttacks": 131778, "damagingAttacks": 194807.25, "damageDone": {"1": 19040.31089744081, "2": 35700.58293266586, "3": 66938.59299883562, "4": 112754.34109573964}, "bleedDamage": {"1": 0.0, "2": 0.0, "3": 0.0, "4": 0.0}}