{"deaths": 8380, "totalAttacks": 200002, "damagingAttacks": 351590.75, "damageDone": {"1": 256423.38301275883, "2": 276148.25862921774, "3": 295873.1342455344, "4": 320149.9042349426}, "bleedDamage": {"1": 0.0, "2": 0.0, "3": 0.0, "4": 0.0}}