{"deaths": 12697, "totalAttacks": 100001, "damagingAttacks": 89817.25, "damageDone": {"1": 10503.586538459167, "2": 19694.22475962485, "3": 36926.67142428133, "4": 62200.92653245308}, "bleedDamage": {"1": 0.0, "2": 0.0, "3": 0.0, "4": 0.0}}