{"deaths": 12697, "totalAttacks": 100001, "damagingAttacks": 177277.0, "damageDone": {"1": 120012.91882393797, "2": 195020.99308884467, "3": 316909.11376953125, "4": 485677.28086522856}, "bleedDamage": {"1": 0.0, "2": 0.0, "3": 0.0, "4": 0.0}}