{"deaths": 12697, "totalAttacks": 100001, "damagingAttacks": 110790.375, "damageDone": {"1": 48363.14151874499, "2": 78590.10496792242, "3": 127708.92057293317, "4": 195719.58833354508}, "bleedDamage": {"1": 0.0, "2": 0.0, "3": 0.0, "4": 0.0}}