{"deaths": 8380, "totalAttacks": 1031778, "damagingAttacks": 1210213.125, "damageDone": {"1": 128196.8629809893, "2": 240369.11808975122, "3": 450692.096416556, "4": 759165.7979676939}, "bleedDamage": {"1": 0.0, "2": 0.0, "3": 0.0, "4": 0.0}, "loadoutDamage": {}}