{"deaths": {"1": 1294, "2": 2561, "3": 4793}, "totalAttacks": {"1": 18392.0, "2": 6384.0, "3": 8684.0}, "damagingAttacks": {"1": 11361.5, "2": 4015.5, "3": 3258.5625}, "damageDone": {"1": {"1": 3131.1073717949075, "2": 741.2115384615307, "3": 620.9735576923078}, "2": {"1": 5870.826322115202, "2": 1389.7716346153766, "3": 1164.3254206730787}, "3": {"1": 11007.799353965482, "2": 2605.8218149039226, "3": 2183.110163761998}, "4": {"1": 18542.026467348096, "2": 4389.362079326868, "3": 3677.3277869591766}}, "bleedDamage": {"1": {"1": 0.0, "2": 0.0, "3": 0.0}, "2": {"1": 0.0, "2": 0.0, "3": 0.0}, "3": {"1": 0.0, "2": 0.0, "3": 0.0}, "4": {"1": 0.0, "2": 0.0, "3": 0.0}}}