{"deaths": 12697, "totalAttacks": 100001, "damagingAttacks": 126620.75, "damageDone": {"1": 61701.66148915326, "2": 100265.19991988555, "3": 162930.94986976506, "4": 249698.91133875432}, "bleedDamage": {"1": 0.0, "2": 0.0, "3": 0.0, "4": 0.0}}