{"deaths": 8380, "totalAttacks": 200002, "damagingAttacks": 373462.75, "damageDone": {"1": 253018.85897435405, "2": 272481.8481261471, "3": 291944.83727813076, "4": 315899.2854650711}, "bleedDamage": {"1": 0.0, "2": 0.0, "3": 0.0, "4": 0.0}}