{"deaths": 12697, "totalAttacks": 100001, "damagingAttacks": 89817.25, "damageDone": {"1": 42346.54980275463, "2": 68813.14342947023, "3": 111821.35807290755, "4": 171371.19373304755}, "bleedDamage": {"1": 0.0, "2": 0.0, "3": 0.0, "4": 0.0}}