{"deaths": 12697, "totalAttacks": 131778, "damagingAttacks": 194807.25, "damageDone": {"1": 72094.11341228166, "2": 117152.9342948294, "3": 190373.51822915714, "4": 291755.86521492637}, "bleedDamage": {"1": 0.0, "2": 0.0, "3": 0.0, "4": 0.0}}