{"deaths": 12697, "totalAttacks": 100001, "damagingAttacks": 130230.0, "damageDone": {"1": 13078.616987178022, "2": 24522.40685097116, "3": 45979.51284555986, "4": 77449.93497096459}, "bleedDamage": {"1": 0.0, "2": 0.0, "3": 0.0, "4": 0.0}}