{"deaths": 12697, "totalAttacks": 100001, "damagingAttacks": 191273.5, "damageDone": {"1": 90166.92677514924, "2": 146521.25600955504, "3": 238097.041015625, "4": 364894.2817928977}, "bleedDamage": {"1": 0.0, "2": 0.0, "3": 0.0, "4": 0.0}}