{"deaths": 12697, "totalAttacks": 200002, "damagingAttacks": 179634.5, "damageDone": {"1": 102654.42184420933, "2": 128318.02730521803, "3": 160397.53413149214, "4": 198892.94232305908}, "bleedDamage": {"1": 0.0, "2": 0.0, "3": 0.0, "4": 0.0}}