{"deaths": 12697, "totalAttacks": 131778, "damagingAttacks": 256131.0, "damageDone": {"1": 121907.01183428573, "2": 198098.89423073456, "3": 321910.703125, "4": 493342.43851640896}, "bleedDamage": {"1": 0.0, "2": 0.0, "3": 0.0, "4": 0.0}}