{"deaths": 12697, "totalAttacks": 1031778, "damagingAttacks": 1210213.125, "damageDone": {"1": 500561.2490145534, "2": 813412.0296461942, "3": 1321794.5481770658, "4": 2025708.8046001229}, "bleedDamage": {"1": 0.0, "2": 0.0, "3": 0.0, "4": 0.0}, "loadoutDamage": {}}