{"deaths": 12697, "totalAttacks": 100001, "damagingAttacks": 186731.375, "damageDone": {"1": 78328.46153846609, "2": 127283.74999996355, "3": 206836.09375, "4": 316985.4927882453}, "bleedDamage": {"1": 0.0, "2": 0.0, "3": 0.0, "4": 0.0}}