{"deaths": 8380, "totalAttacks": 400004, "damagingAttacks": 506483.0, "damageDone": {"1": 250054.10182460657, "2": 312567.6272806709, "3": 390709.5341007412, "4": 484479.82228480437}, "bleedDamage": {"1": 0.0, "2": 0.0, "3": 0.0, "4": 0.0}}