{"deaths": 3768, "totalAttacks": 4127112, "damagingAttacks": 4840852.5, "damageDone": {"1": 2028590.3249490203, "2": 8990614.485293396, "3": 9624548.96188906, "4": 10385270.33373024}, "bleedDamage": {"1": 0.0, "2": 2063556.0, "3": 2063556.0, "4": 2063556.0}, "loadoutDamage": {}}