{"deaths": 8380, "totalAttacks": 1031778, "damagingAttacks": 1210213.125, "damageDone": {"1": 749458.583577814, "2": 749458.583577814, "3": 749458.583577814, "4": 749458.583577814}, "bleedDamage": {"1": 0.0, "2": 0.0, "3": 0.0, "4": 0.0}, "loadoutDamage": {}}