{"deaths": 8380, "totalAttacks": 1031778, "damagingAttacks": 1885241.625, "damageDone": {"1": 1089182.3603968099, "2": 1769921.335633822, "3": 2876122.1704101562, "4": 4407784.864718844}, "bleedDamage": {"1": 0.0, "2": 0.0, "3": 0.0, "4": 0.0}, "loadoutDamage": {}}