{"deaths": 8380, "totalAttacks": 400004, "damagingAttacks": 467860.5, "damageDone": {"1": 263961.5623769182, "2": 329951.9529709287, "3": 412439.9412136377, "4": 511425.5271047803}, "bleedDamage": {"1": 0.0, "2": 0.0, "3": 0.0, "4": 0.0}}