{"deaths": 8380, "totalAttacks": 400004, "damagingAttacks": 482569.5, "damageDone": {"1": 160143.0281065569, "2": 200178.7851331561, "3": 250223.4814164712, "4": 310277.11695624323}, "bleedDamage": {"1": 0.0, "2": 0.0, "3": 0.0, "4": 0.0}}