{"deaths": 8380, "totalAttacks": 400004, "damagingAttacks": 359269.0, "damageDone": {"1": 171614.96499021328, "2": 214518.70623773642, "3": 268148.38279716927, "4": 332503.99466844933}, "bleedDamage": {"1": 0.0, "2": 0.0, "3": 0.0, "4": 0.0}}