{"deaths": 8380, "totalAttacks": 527112, "damagingAttacks": 779229.0, "damageDone": {"1": 292170.88067093544, "2": 365213.60083853104, "3": 456517.00104809954, "4": 566081.0812991214}, "bleedDamage": {"1": 0.0, "2": 0.0, "3": 0.0, "4": 0.0}}