{"deaths": 8380, "totalAttacks": 400004, "damagingAttacks": 443161.5, "damageDone": {"1": 195997.99457604153, "2": 244997.49321998484, "3": 306246.86652497115, "4": 379746.1144908096}, "bleedDamage": {"1": 0.0, "2": 0.0, "3": 0.0, "4": 0.0}}