{"deaths": 8380, "totalAttacks": 4127112, "damagingAttacks": 4840852.5, "damageDone": {"1": 2028590.3249490203, "2": 2535737.906181432, "3": 3169672.3827384682, "4": 3930393.7545743613}, "bleedDamage": {"1": 0.0, "2": 0.0, "3": 0.0, "4": 0.0}, "loadoutDamage": {}}