{"deaths": {"1": 534, "2": 1132, "3": 2962}, "totalAttacks": {"1": 73568.0, "2": 25536.0, "3": 34736.0}, "damagingAttacks": {"1": 45446.0, "2": 16062.0, "3": 13034.25}, "damageDone": {"1": {"1": 53538.35059170767, "2": 11058.992110453682, "3": 9651.84368836268}, "2": {"1": 66922.93823964402, "2": 13823.740138066823, "3": 12064.804610453766}, "3": {"1": 83653.672799557, "2": 17279.675172583226, "3": 15081.00576306693}, "4": {"1": 103730.55427144589, "2": 21426.797214004215, "3": 18700.44714620285}}, "bleedDamage": {"1": {"1": 0.0, "2": 0.0, "3": 0.0}, "2": {"1": 0.0, "2": 0.0, "3": 0.0}, "3": {"1": 0.0, "2": 0.0, "3": 0.0}, "4": {"1": 0.0, "2": 0.0, "3": 0.0}}}