{"deaths": 12697, "totalAttacks": 100001, "damagingAttacks": 181692.125, "damageDone": {"1": 151055.2727441579, "2": 245464.81820908622, "3": 398880.32958984375, "4": 611301.8068860797}, "bleedDamage": {"1": 0.0, "2": 0.0, "3": 0.0, "4": 0.0}}