{"deaths": 12697, "totalAttacks": 200002, "damagingAttacks": 162954.25, "damageDone": {"1": 56933.35576923605, "2": 71166.69471156562, "3": 88958.368389482, "4": 110308.376802853}, "bleedDamage": {"1": 0.0, "2": 0.0, "3": 0.0, "4": 0.0}}