{"deaths": 12697, "totalAttacks": 100001, "damagingAttacks": 110790.375, "damageDone": {"1": 12270.10496794565, "2": 23006.44681490846, "3": 43137.087777966415, "4": 72662.02785706389}, "bleedDamage": {"1": 0.0, "2": 0.0, "3": 0.0, "4": 0.0}}