{"deaths": 12697, "totalAttacks": 200002, "damagingAttacks": 241284.75, "damageDone": {"1": 83513.04955622145, "2": 104391.31194527168, "3": 130489.1399316664, "4": 161806.5335151223}, "bleedDamage": {"1": 0.0, "2": 0.0, "3": 0.0, "4": 0.0}}