{"deaths": 12697, "totalAttacks": 100001, "damagingAttacks": 187208.25, "damageDone": {"1": 123668.81194520424, "2": 200961.81941098196, "3": 326562.95654296875, "4": 500472.2233406334}, "bleedDamage": {"1": 0.0, "2": 0.0, "3": 0.0, "4": 0.0}}