{"deaths": 12697, "totalAttacks": 200002, "damagingAttacks": 221580.75, "damageDone": {"1": 111945.16666669757, "2": 139931.45833329775, "3": 174914.32291670743, "4": 216893.76041666983}, "bleedDamage": {"1": 0.0, "2": 0.0, "3": 0.0, "4": 0.0}}