{"deaths": 12697, "totalAttacks": 263556, "damagingAttacks": 389614.5, "damageDone": {"1": 158591.59960565332, "2": 198239.49950701767, "3": 247799.37438367447, "4": 307271.2242357088}, "bleedDamage": {"1": 0.0, "2": 0.0, "3": 0.0, "4": 0.0}}