{"deaths": 8380, "totalAttacks": 400004, "damagingAttacks": 325908.5, "damageDone": {"1": 108649.88560159355, "2": 135812.3570019939, "3": 169765.4462524797, "4": 210509.15335310562}, "bleedDamage": {"1": 0.0, "2": 0.0, "3": 0.0, "4": 0.0}}