{"deaths": 12697, "totalAttacks": 131778, "damagingAttacks": 194807.25, "damageDone": {"1": 111312.58678497677, "2": 111312.58678497677, "3": 111312.58678497677, "4": 111312.58678497677}, "bleedDamage": {"1": 0.0, "2": 0.0, "3": 0.0, "4": 0.0}}