{"deaths": 12697, "totalAttacks": 100001, "damagingAttacks": 130466.875, "damageDone": {"1": 12107.120192307946, "2": 22700.85036057979, "3": 42564.09442608324, "4": 71696.85238882886}, "bleedDamage": {"1": 0.0, "2": 0.0, "3": 0.0, "4": 0.0}}