{"deaths": 8380, "totalAttacks": 400004, "damagingAttacks": 520920.0, "damageDone": {"1": 201455.12278117496, "2": 251818.90347629262, "3": 314773.62934544164, "4": 390319.3003883309}, "bleedDamage": {"1": 0.0, "2": 0.0, "3": 0.0, "4": 0.0}}