{"deaths": 8380, "totalAttacks": 400004, "damagingAttacks": 521867.5, "damageDone": {"1": 181807.5172585175, "2": 227259.39657300652, "3": 284074.2457162663, "4": 352252.0646879533}, "bleedDamage": {"1": 0.0, "2": 0.0, "3": 0.0, "4": 0.0}}