{"deaths": 12697, "totalAttacks": 100001, "damagingAttacks": 108403.0, "damageDone": {"1": 12424.975961537928, "2": 23296.829927886498, "3": 43681.55611479241, "4": 73579.15452222877}, "bleedDamage": {"1": 0.0, "2": 0.0, "3": 0.0, "4": 0.0}}