{"deaths": {"1": 1294, "2": 2561, "3": 4793}, "totalAttacks": {"1": 36784.0, "2": 12768.0, "3": 17368.0}, "damagingAttacks": {"1": 22723.0, "2": 8031.0, "3": 6517.125}, "damageDone": {"1": {"1": 33506.58037475551, "2": 5790.073471400457, "3": 5302.957347139988}, "2": {"1": 41883.22546844416, "2": 7237.591839250537, "3": 6628.696683925195}, "3": {"1": 52354.0318355639, "2": 9046.989799062752, "3": 8285.870854906005}, "4": {"1": 64918.99947608466, "2": 11218.267350838425, "3": 10274.479860083935}}, "bleedDamage": {"1": {"1": 0.0, "2": 0.0, "3": 0.0}, "2": {"1": 0.0, "2": 0.0, "3": 0.0}, "3": {"1": 0.0, "2": 0.0, "3": 0.0}, "4": {"1": 0.0, "2": 0.0, "3": 0.0}}}