{"deaths": 12697, "totalAttacks": 100001, "damagingAttacks": 130230.0, "damageDone": {"1": 49709.70562130989, "2": 80778.27163459055, "3": 131264.69140624904, "4": 201168.96493627533}, "bleedDamage": {"1": 0.0, "2": 0.0, "3": 0.0, "4": 0.0}}