{"deaths": 12697, "totalAttacks": 200002, "damagingAttacks": 260933.75, "damageDone": {"1": 94498.70562133071, "2": 118123.38202660244, "3": 147654.22753336123, "4": 183091.24214130422}, "bleedDamage": {"1": 0.0, "2": 0.0, "3": 0.0, "4": 0.0}}