{"deaths": 12697, "totalAttacks": 100001, "damagingAttacks": 108403.0, "damageDone": {"1": 72638.32100593198, "2": 72638.32100593198, "3": 72638.32100593198, "4": 72638.32100593198}, "bleedDamage": {"1": 0.0, "2": 0.0, "3": 0.0, "4": 0.0}}