{"deaths": 12697, "totalAttacks": 200002, "damagingAttacks": 260460.0, "damageDone": {"1": 108209.07199213425, "2": 135261.33999014215, "3": 169076.67498769978, "4": 209655.07698467938}, "bleedDamage": {"1": 0.0, "2": 0.0, "3": 0.0, "4": 0.0}}