{"deaths": 8380, "totalAttacks": 200002, "damagingAttacks": 382547.0, "damageDone": {"1": 276691.60256405035, "2": 297975.57199213177, "3": 319259.54141998506, "4": 345455.1961008815}, "bleedDamage": {"1": 0.0, "2": 0.0, "3": 0.0, "4": 0.0}}