{"deaths": 12697, "totalAttacks": 100001, "damagingAttacks": 120642.375, "damageDone": {"1": 10815.090544868073, "2": 20278.29477163425, "3": 38021.80269680946, "4": 64045.614320397835}, "bleedDamage": {"1": 0.0, "2": 0.0, "3": 0.0, "4": 0.0}}