{"deaths": {"1": 1294, "2": 2561, "3": 4793}, "totalAttacks": {"1": 18392.0, "2": 6384.0, "3": 8684.0}, "damagingAttacks": {"1": 11361.5, "2": 4015.5, "3": 3258.5625}, "damageDone": {"1": {"1": 18304.93540433924, "2": 4333.236686390456, "3": 3630.3069526628306}, "2": {"1": 18304.93540433924, "2": 4333.236686390456, "3": 3630.3069526628306}, "3": {"1": 18304.93540433924, "2": 4333.236686390456, "3": 3630.3069526628306}, "4": {"1": 18304.93540433924, "2": 4333.236686390456, "3": 3630.3069526628306}}, "bleedDamage": {"1": {"1": 0.0, "2": 0.0, "3": 0.0}, "2": {"1": 0.0, "2": 0.0, "3": 0.0}, "3": {"1": 0.0, "2": 0.0, "3": 0.0}, "4": {"1": 0.0, "2": 0.0, "3": 0.0}}}