{"deaths": 12697, "totalAttacks": 100001, "damagingAttacks": 116965.125, "damageDone": {"1": 90357.19354043933, "2": 90357.19354043933, "3": 90357.19354043933, "4": 90357.19354043933}, "bleedDamage": {"1": 0.0, "2": 0.0, "3": 0.0, "4": 0.0}}