{"deaths": 8380, "totalAttacks": 400004, "damagingAttacks": 433612.0, "damageDone": {"1": 202745.13856032927, "2": 253431.4232001542, "3": 316789.2790002945, "4": 392818.7059601689}, "bleedDamage": {"1": 0.0, "2": 0.0, "3": 0.0, "4": 0.0}}