{"deaths": 12697, "totalAttacks": 100001, "damagingAttacks": 182799.375, "damageDone": {"1": 109910.90976330492, "2": 178605.2283652872, "3": 290233.49609375, "4": 444795.712947976}, "bleedDamage": {"1": 0.0, "2": 0.0, "3": 0.0, "4": 0.0}}