{"deaths": 12697, "totalAttacks": 100001, "damagingAttacks": 116965.125, "damageDone": {"1": 65133.3725345119, "2": 105841.73036857285, "3": 171992.8118489783, "4": 263586.6169754629}, "bleedDamage": {"1": 0.0, "2": 0.0, "3": 0.0, "4": 0.0}}