{"deaths": 12697, "totalAttacks": 200002, "damagingAttacks": 216806.0, "damageDone": {"1": 121045.97435901008, "2": 151307.46794870897, "3": 189134.33493586746, "4": 234526.57532045088}, "bleedDamage": {"1": 0.0, "2": 0.0, "3": 0.0, "4": 0.0}}