{"deaths": {"1": 1294, "2": 2561, "3": 4793}, "totalAttacks": {"1": 18392.0, "2": 6384.0, "3": 8684.0}, "damagingAttacks": {"1": 17676.0, "2": 5847.0, "3": 6829.9375}, "damageDone": {"1": {"1": 28547.278106508395, "2": 5614.1900887573875, "3": 6708.443971893356}, "2": {"1": 46389.326923079505, "2": 9123.05889423061, "3": 10901.221454327095}, "3": {"1": 75382.65625, "2": 14824.970703125, "3": 17714.48486328125}, "4": {"1": 115527.26608727952, "2": 22719.925515440842, "3": 27148.23419875673}}, "bleedDamage": {"1": {"1": 0.0, "2": 0.0, "3": 0.0}, "2": {"1": 0.0, "2": 0.0, "3": 0.0}, "3": {"1": 0.0, "2": 0.0, "3": 0.0}, "4": {"1": 0.0, "2": 0.0, "3": 0.0}}}