{"deaths": 18384, "totalAttacks": 100001, "damagingAttacks": 108403.0, "damageDone": {"1": 132851.66605031426, "2": 132851.66605031426, "3": 132851.66605031426, "4": 132851.66605031426}, "bleedDamage": {"1": 0.0, "2": 0.0, "3": 0.0, "4": 0.0}}