{"deaths": 18384, "totalAttacks": 1031778, "damagingAttacks": 2046474.375, "damageDone": {"1": 2045957.5906041597, "2": 2045957.5906041597, "3": 2045957.5906041597, "4": 2045957.5906041597}, "bleedDamage": {"1": 0.0, "2": 0.0, "3": 0.0, "4": 0.0}, "loadoutDamage": {}}