{"deaths": 18384, "totalAttacks": 263556, "damagingAttacks": 389614.5, "damageDone": {"1": 179782.28205129073, "2": 193611.68836291262, "3": 207441.09467443163, "4": 224461.90244276114}, "bleedDamage": {"1": 0.0, "2": 0.0, "3": 0.0, "4": 0.0}}