{"deaths": 18384, "totalAttacks": 200002, "damagingAttacks": 216806.0, "damageDone": {"1": 113032.1833086375, "2": 121726.96664011174, "3": 130421.74997150278, "4": 141123.0217641289}, "bleedDamage": {"1": 0.0, "2": 0.0, "3": 0.0, "4": 0.0}}