{"deaths": 18384, "totalAttacks": 100001, "damagingAttacks": 177396.25, "damageDone": {"1": 240197.24334321948, "2": 240197.24334321948, "3": 240197.24334321948, "4": 240197.24334321948}, "bleedDamage": {"1": 0.0, "2": 0.0, "3": 0.0, "4": 0.0}}