{"deaths": 18384, "totalAttacks": 200002, "damagingAttacks": 253241.5, "damageDone": {"1": 136547.2625739376, "2": 147050.89815663928, "3": 157554.53373916348, "4": 170482.08522556303}, "bleedDamage": {"1": 0.0, "2": 0.0, "3": 0.0, "4": 0.0}}