{"deaths": 18384, "totalAttacks": 100001, "damagingAttacks": 181692.125, "damageDone": {"1": 31854.271634624998, "2": 31854.271634624998, "3": 31854.271634624998, "4": 31854.271634624998}, "bleedDamage": {"1": 0.0, "2": 0.0, "3": 0.0, "4": 0.0}}