{"deaths": 18384, "totalAttacks": 100001, "damagingAttacks": 177396.25, "damageDone": {"1": 29174.259615385505, "2": 29174.259615385505, "3": 29174.259615385505, "4": 29174.259615385505}, "bleedDamage": {"1": 0.0, "2": 0.0, "3": 0.0, "4": 0.0}}