{"deaths": 18384, "totalAttacks": 100001, "damagingAttacks": 187208.25, "damageDone": {"1": 244893.5653353687, "2": 244893.5653353687, "3": 244893.5653353687, "4": 244893.5653353687}, "bleedDamage": {"1": 0.0, "2": 0.0, "3": 0.0, "4": 0.0}}