{"deaths": 18384, "totalAttacks": 200002, "damagingAttacks": 260460.0, "damageDone": {"1": 122905.80732244434, "2": 132360.1001934083, "3": 141814.39306430682, "4": 153450.44582867142}, "bleedDamage": {"1": 0.0, "2": 0.0, "3": 0.0, "4": 0.0}}