{"deaths": 18384, "totalAttacks": 100001, "damagingAttacks": 177277.0, "damageDone": {"1": 28635.32532052244, "2": 28635.32532052244, "3": 28635.32532052244, "4": 28635.32532052244}, "bleedDamage": {"1": 0.0, "2": 0.0, "3": 0.0, "4": 0.0}}