{"deaths": 18384, "totalAttacks": 100001, "damagingAttacks": 175795.375, "damageDone": {"1": 195839.83647685705, "2": 195839.83647685705, "3": 195839.83647685705, "4": 195839.83647685705}, "bleedDamage": {"1": 0.0, "2": 0.0, "3": 0.0, "4": 0.0}}