{"deaths": 18384, "totalAttacks": 100001, "damagingAttacks": 130230.0, "damageDone": {"1": 90916.43528106445, "2": 97910.00722573716, "3": 104903.5791705133, "4": 113511.05233312122}, "bleedDamage": {"1": 0.0, "2": 0.0, "3": 0.0, "4": 0.0}}