{"deaths": 18384, "totalAttacks": 100001, "damagingAttacks": 187208.25, "damageDone": {"1": 29993.371794879546, "2": 29993.371794879546, "3": 29993.371794879546, "4": 29993.371794879546}, "bleedDamage": {"1": 0.0, "2": 0.0, "3": 0.0, "4": 0.0}}