{"deaths": 18384, "totalAttacks": 100001, "damagingAttacks": 89817.25, "damageDone": {"1": 112307.57914200383, "2": 112307.57914200383, "3": 112307.57914200383, "4": 112307.57914200383}, "bleedDamage": {"1": 0.0, "2": 0.0, "3": 0.0, "4": 0.0}}