{"deaths": 18384, "totalAttacks": 100001, "damagingAttacks": 126620.75, "damageDone": {"1": 162137.69119822685, "2": 162137.69119822685, "3": 162137.69119822685, "4": 162137.69119822685}, "bleedDamage": {"1": 0.0, "2": 0.0, "3": 0.0, "4": 0.0}}