{"deaths": 18384, "totalAttacks": 131778, "damagingAttacks": 194807.25, "damageDone": {"1": 203584.86267244082, "2": 203584.86267244082, "3": 203584.86267244082, "4": 203584.86267244082}, "bleedDamage": {"1": 0.0, "2": 0.0, "3": 0.0, "4": 0.0}}