{"deaths": 18384, "totalAttacks": 100001, "damagingAttacks": 116965.125, "damageDone": {"1": 119125.51029345892, "2": 128289.01108521214, "3": 137452.51187694026, "4": 148730.66669762484}, "bleedDamage": {"1": 0.0, "2": 0.0, "3": 0.0, "4": 0.0}}