{"deaths": 18384, "totalAttacks": 100001, "damagingAttacks": 198744.625, "damageDone": {"1": 158234.4914941387, "2": 158234.4914941387, "3": 158234.4914941387, "4": 158234.4914941387}, "bleedDamage": {"1": 0.0, "2": 0.0, "3": 0.0, "4": 0.0}}