{"deaths": 18384, "totalAttacks": 100001, "damagingAttacks": 182799.375, "damageDone": {"1": 28287.329326928513, "2": 28287.329326928513, "3": 28287.329326928513, "4": 28287.329326928513}, "bleedDamage": {"1": 0.0, "2": 0.0, "3": 0.0, "4": 0.0}}