{"deaths": 18384, "totalAttacks": 131778, "damagingAttacks": 256131.0, "damageDone": {"1": 35742.67307691332, "2": 35742.67307691332, "3": 35742.67307691332, "4": 35742.67307691332}, "bleedDamage": {"1": 0.0, "2": 0.0, "3": 0.0, "4": 0.0}}