{"deaths": 18384, "totalAttacks": 131778, "damagingAttacks": 194807.25, "damageDone": {"1": 131856.33900395723, "2": 141999.13431194262, "3": 152141.92961993167, "4": 164625.36999891538}, "bleedDamage": {"1": 0.0, "2": 0.0, "3": 0.0, "4": 0.0}}