{"deaths": 18384, "totalAttacks": 100001, "damagingAttacks": 130230.0, "damageDone": {"1": 139840.59701676734, "2": 139840.59701676734, "3": 139840.59701676734, "4": 139840.59701676734}, "bleedDamage": {"1": 0.0, "2": 0.0, "3": 0.0, "4": 0.0}}