{"deaths": 18384, "totalAttacks": 200002, "damagingAttacks": 241284.75, "damageDone": {"1": 104323.49710307931, "2": 112348.38149559371, "3": 120373.26588807756, "4": 130250.04667901914}, "bleedDamage": {"1": 0.0, "2": 0.0, "3": 0.0, "4": 0.0}}