{"deaths": 18384, "totalAttacks": 100001, "damagingAttacks": 197585.5, "damageDone": {"1": 237636.83616872624, "2": 237636.83616872624, "3": 237636.83616872624, "4": 237636.83616872624}, "bleedDamage": {"1": 0.0, "2": 0.0, "3": 0.0, "4": 0.0}}