{"deaths": 18384, "totalAttacks": 200002, "damagingAttacks": 233930.25, "damageDone": {"1": 136220.27644233394, "2": 146698.75924551484, "3": 157177.24204871568, "4": 170073.8362682206}, "bleedDamage": {"1": 0.0, "2": 0.0, "3": 0.0, "4": 0.0}}