{"deaths": 18384, "totalAttacks": 100001, "damagingAttacks": 181692.125, "damageDone": {"1": 266636.1417036784, "2": 266636.1417036784, "3": 266636.1417036784, "4": 266636.1417036784}, "bleedDamage": {"1": 0.0, "2": 0.0, "3": 0.0, "4": 0.0}}