{"deaths": 18384, "totalAttacks": 131778, "damagingAttacks": 256131.0, "damageDone": {"1": 280097.95414195897, "2": 280097.95414195897, "3": 280097.95414195897, "4": 280097.95414195897}, "bleedDamage": {"1": 0.0, "2": 0.0, "3": 0.0, "4": 0.0}}