{"deaths": 18384, "totalAttacks": 100001, "damagingAttacks": 116965.125, "damageDone": {"1": 165258.5513436918, "2": 165258.5513436918, "3": 165258.5513436918, "4": 165258.5513436918}, "bleedDamage": {"1": 0.0, "2": 0.0, "3": 0.0, "4": 0.0}}