{"deaths": 18384, "totalAttacks": 1031778, "damagingAttacks": 1885241.625, "damageDone": {"1": 2271746.7827356327, "2": 2271746.7827356327, "3": 2271746.7827356327, "4": 2271746.7827356327}, "bleedDamage": {"1": 0.0, "2": 0.0, "3": 0.0, "4": 0.0}, "loadoutDamage": {}}