{"deaths": {"1": 1315, "2": 3449, "3": 6908}, "totalAttacks": {"1": 18392.0, "2": 6384.0, "3": 8684.0}, "damagingAttacks": {"1": 11361.5, "2": 4015.5, "3": 3258.5625}, "damageDone": {"1": {"1": 33478.763436885754, "2": 7925.261834319603, "3": 6639.640347633137}, "2": {"1": 33478.763436885754, "2": 7925.261834319603, "3": 6639.640347633137}, "3": {"1": 33478.763436885754, "2": 7925.261834319603, "3": 6639.640347633137}, "4": {"1": 33478.763436885754, "2": 7925.261834319603, "3": 6639.640347633137}}, "bleedDamage": {"1": {"1": 0.0, "2": 0.0, "3": 0.0}, "2": {"1": 0.0, "2": 0.0, "3": 0.0}, "3": {"1": 0.0, "2": 0.0, "3": 0.0}, "4": {"1": 0.0, "2": 0.0, "3": 0.0}}}