{"deaths": 18384, "totalAttacks": 100001, "damagingAttacks": 168953.375, "damageDone": {"1": 22876.889423074907, "2": 22876.889423074907, "3": 22876.889423074907, "4": 22876.889423074907}, "bleedDamage": {"1": 0.0, "2": 0.0, "3": 0.0, "4": 0.0}}