{"deaths": 18384, "totalAttacks": 200002, "damagingAttacks": 374416.5, "damageDone": {"1": 320652.0064101685, "2": 345317.5453647155, "3": 369983.084319461, "4": 400340.67072500207}, "bleedDamage": {"1": 0.0, "2": 0.0, "3": 0.0, "4": 0.0}}