{"deaths": 18384, "totalAttacks": 1031778, "damagingAttacks": 1210213.125, "damageDone": {"1": 1013989.4376236763, "2": 1091988.625125552, "3": 1169987.8126446703, "4": 1265986.8126563756}, "bleedDamage": {"1": 0.0, "2": 0.0, "3": 0.0, "4": 0.0}, "loadoutDamage": {}}