{"deaths": 18384, "totalAttacks": 200002, "damagingAttacks": 162954.25, "damageDone": {"1": 71082.63892996228, "2": 76550.53423228997, "3": 82018.42953456727, "4": 88748.1468297772}, "bleedDamage": {"1": 0.0, "2": 0.0, "3": 0.0, "4": 0.0}}