{"deaths": 18384, "totalAttacks": 100001, "damagingAttacks": 182799.375, "damageDone": {"1": 228440.991062717, "2": 228440.991062717, "3": 228440.991062717, "4": 228440.991062717}, "bleedDamage": {"1": 0.0, "2": 0.0, "3": 0.0, "4": 0.0}}