{"deaths": 18384, "totalAttacks": 100001, "damagingAttacks": 191273.5, "damageDone": {"1": 26941.916666650424, "2": 26941.916666650424, "3": 26941.916666650424, "4": 26941.916666650424}, "bleedDamage": {"1": 0.0, "2": 0.0, "3": 0.0, "4": 0.0}}