{"deaths": 18384, "totalAttacks": 200002, "damagingAttacks": 260933.75, "damageDone": {"1": 115827.37795859893, "2": 124737.17626307055, "3": 133646.97456753356, "4": 144612.8801731541}, "bleedDamage": {"1": 0.0, "2": 0.0, "3": 0.0, "4": 0.0}}