{"deaths": {"1": 1315, "2": 3449, "3": 6908}, "totalAttacks": {"1": 18392.0, "2": 6384.0, "3": 8684.0}, "damagingAttacks": {"1": 17676.0, "2": 5847.0, "3": 6829.9375}, "damageDone": {"1": {"1": 52614.07026627188, "2": 12748.383629191212, "3": 14774.858666173252}, "2": {"1": 52614.07026627188, "2": 12748.383629191212, "3": 14774.858666173252}, "3": {"1": 52614.07026627188, "2": 12748.383629191212, "3": 14774.858666173252}, "4": {"1": 52614.07026627188, "2": 12748.383629191212, "3": 14774.858666173252}}, "bleedDamage": {"1": {"1": 0.0, "2": 0.0, "3": 0.0}, "2": {"1": 0.0, "2": 0.0, "3": 0.0}, "3": {"1": 0.0, "2": 0.0, "3": 0.0}, "4": {"1": 0.0, "2": 0.0, "3": 0.0}}}