{"deaths": 18384, "totalAttacks": 100001, "damagingAttacks": 191273.5, "damageDone": {"1": 211319.41074946913, "2": 211319.41074946913, "3": 211319.41074946913, "4": 211319.41074946913}, "bleedDamage": {"1": 0.0, "2": 0.0, "3": 0.0, "4": 0.0}}