{"deaths": 18384, "totalAttacks": 100001, "damagingAttacks": 175795.375, "damageDone": {"1": 24841.258814104436, "2": 24841.258814104436, "3": 24841.258814104436, "4": 24841.258814104436}, "bleedDamage": {"1": 0.0, "2": 0.0, "3": 0.0, "4": 0.0}}