{"deaths": 18384, "totalAttacks": 100001, "damagingAttacks": 110790.375, "damageDone": {"1": 131195.73773418373, "2": 131195.73773418373, "3": 131195.73773418373, "4": 131195.73773418373}, "bleedDamage": {"1": 0.0, "2": 0.0, "3": 0.0, "4": 0.0}}