{"deaths": 18384, "totalAttacks": 100001, "damagingAttacks": 199024.75, "damageDone": {"1": 216886.2250370001, "2": 216886.2250370001, "3": 216886.2250370001, "4": 216886.2250370001}, "bleedDamage": {"1": 0.0, "2": 0.0, "3": 0.0, "4": 0.0}}