{"deaths": {"1": 1315, "2": 3449, "3": 6908}, "totalAttacks": {"1": 36784.0, "2": 12768.0, "3": 17368.0}, "damagingAttacks": {"1": 35352.0, "2": 11694.0, "3": 13659.875}, "damageDone": {"1": {"1": 68890.36538460452, "2": 16692.12820512873, "3": 19345.49839743564}, "2": {"1": 74189.62426035192, "2": 17976.13806706098, "3": 20833.613658777125}, "3": {"1": 79488.88313609848, "2": 19260.14792899518, "3": 22321.7289201197}, "4": {"1": 86011.04790626028, "2": 20840.467759065035, "3": 24153.255395615608}}, "bleedDamage": {"1": {"1": 0.0, "2": 0.0, "3": 0.0}, "2": {"1": 0.0, "2": 0.0, "3": 0.0}, "3": {"1": 0.0, "2": 0.0, "3": 0.0}, "4": {"1": 0.0, "2": 0.0, "3": 0.0}}}