{"deaths": 18384, "totalAttacks": 100001, "damagingAttacks": 177277.0, "damageDone": {"1": 234275.09282552585, "2": 234275.09282552585, "3": 234275.09282552585, "4": 234275.09282552585}, "bleedDamage": {"1": 0.0, "2": 0.0, "3": 0.0, "4": 0.0}}