{"deaths": 18384, "totalAttacks": 100001, "damagingAttacks": 120642.375, "damageDone": {"1": 115638.27582592628, "2": 115638.27582592628, "3": 115638.27582592628, "4": 115638.27582592628}, "bleedDamage": {"1": 0.0, "2": 0.0, "3": 0.0, "4": 0.0}}