{"deaths": 18384, "totalAttacks": 100001, "damagingAttacks": 168953.375, "damageDone": {"1": 176822.49630174442, "2": 176822.49630174442, "3": 176822.49630174442, "4": 176822.49630174442}, "bleedDamage": {"1": 0.0, "2": 0.0, "3": 0.0, "4": 0.0}}