{"deaths": 18384, "totalAttacks": 200002, "damagingAttacks": 221580.75, "damageDone": {"1": 112600.66167405767, "2": 121262.25103359482, "3": 129923.84039310449, "4": 140584.25806651634}, "bleedDamage": {"1": 0.0, "2": 0.0, "3": 0.0, "4": 0.0}}