{"deaths": 18384, "totalAttacks": 100001, "damagingAttacks": 186731.375, "damageDone": {"1": 25005.088141015705, "2": 25005.088141015705, "3": 25005.088141015705, "4": 25005.088141015705}, "bleedDamage": {"1": 0.0, "2": 0.0, "3": 0.0, "4": 0.0}}