{"deaths": {"1": 1315, "2": 3449, "3": 6908}, "totalAttacks": {"1": 36784.0, "2": 12768.0, "3": 17368.0}, "damagingAttacks": {"1": 22723.0, "2": 8031.0, "3": 6517.125}, "damageDone": {"1": {"1": 27419.317924061346, "2": 7133.604536489002, "3": 5881.937808185454}, "2": {"1": 29528.496225912342, "2": 7682.343346988115, "3": 6334.394562661123}, "3": {"1": 31637.67452776442, "2": 8231.082157487741, "3": 6786.851317137164}, "4": {"1": 34233.586283885554, "2": 8906.453001178978, "3": 7343.721168799527}}, "bleedDamage": {"1": {"1": 0.0, "2": 0.0, "3": 0.0}, "2": {"1": 0.0, "2": 0.0, "3": 0.0}, "3": {"1": 0.0, "2": 0.0, "3": 0.0}, "4": {"1": 0.0, "2": 0.0, "3": 0.0}}}