{"deaths": 18384, "totalAttacks": 100001, "damagingAttacks": 199657.5, "damageDone": {"1": 172872.7903108011, "2": 172872.7903108011, "3": 172872.7903108011, "4": 172872.7903108011}, "bleedDamage": {"1": 0.0, "2": 0.0, "3": 0.0, "4": 0.0}}