{"deaths": 18384, "totalAttacks": 100001, "damagingAttacks": 198133.375, "damageDone": {"1": 257752.1200073877, "2": 257752.1200073877, "3": 257752.1200073877, "4": 257752.1200073877}, "bleedDamage": {"1": 0.0, "2": 0.0, "3": 0.0, "4": 0.0}}