{"deaths": 18384, "totalAttacks": 100001, "damagingAttacks": 81477.125, "damageDone": {"1": 78458.73163211343, "2": 78458.73163211343, "3": 78458.73163211343, "4": 78458.73163211343}, "bleedDamage": {"1": 0.0, "2": 0.0, "3": 0.0, "4": 0.0}}