{"deaths": 18384, "totalAttacks": 100001, "damagingAttacks": 130466.875, "damageDone": {"1": 129453.05436387497, "2": 129453.05436387497, "3": 129453.05436387497, "4": 129453.05436387497}, "bleedDamage": {"1": 0.0, "2": 0.0, "3": 0.0, "4": 0.0}}