{"deaths": 18384, "totalAttacks": 1031778, "damagingAttacks": 1885241.625, "damageDone": {"1": 283350.3581718433, "2": 283350.3581718433, "3": 283350.3581718433, "4": 283350.3581718433}, "bleedDamage": {"1": 0.0, "2": 0.0, "3": 0.0, "4": 0.0}, "loadoutDamage": {}}