{"deaths": 18384, "totalAttacks": 100001, "damagingAttacks": 186731.375, "damageDone": {"1": 193239.67800782522, "2": 193239.67800782522, "3": 193239.67800782522, "4": 193239.67800782522}, "bleedDamage": {"1": 0.0, "2": 0.0, "3": 0.0, "4": 0.0}}