{"deaths": 18384, "totalAttacks": 200002, "damagingAttacks": 354554.0, "damageDone": {"1": 306748.68269221886, "2": 330344.73520744283, "3": 353940.78772180877, "4": 382982.0831246267}, "bleedDamage": {"1": 0.0, "2": 0.0, "3": 0.0, "4": 0.0}}