{"deaths": 18384, "totalAttacks": 200002, "damagingAttacks": 179634.5, "damageDone": {"1": 95118.80485701138, "2": 102435.63599985148, "3": 109752.46714266826, "4": 118757.79778004752}, "bleedDamage": {"1": 0.0, "2": 0.0, "3": 0.0, "4": 0.0}}