{"deaths": 5959, "totalAttacks": 600006, "damagingAttacks": 788404.5, "damageDone": {"1": 475354.5722334975, "2": 475354.5722334975, "3": 475354.5722334975, "4": 475354.5722334975}, "bleedDamage": {"1": 0.0, "2": 0.0, "3": 0.0, "4": 0.0}}