{"deaths": 5959, "totalAttacks": 600006, "damagingAttacks": 834160.25, "damageDone": {"1": 235585.88403338855, "2": 235585.88403338855, "3": 235585.88403338855, "4": 235585.88403338855}, "bleedDamage": {"1": 0.0, "2": 0.0, "3": 0.0, "4": 0.0}}