{"deaths": 5959, "totalAttacks": 500005, "damagingAttacks": 651150.0, "damageDone": {"1": 403986.23810014996, "2": 453582.75595719967, "3": 520892.3159060426, "4": 605914.9179470444}, "bleedDamage": {"1": 0.0, "2": 0.0, "3": 0.0, "4": 0.0}}