{"deaths": 3691, "totalAttacks": 4127112, "damagingAttacks": 4840852.5, "damageDone": {"1": 2988311.478185682, "2": 3610249.0354761328, "3": 4387670.982090293, "4": 5320577.318027724}, "bleedDamage": {"1": 0.0, "2": 0.0, "3": 0.0, "4": 0.0}, "loadoutDamage": {}}