{"deaths": 4356, "totalAttacks": 100001, "damagingAttacks": 175795.375, "damageDone": {"1": 83252.69666666679, "2": 142718.9085714904, "3": 244660.98612236447, "4": 389078.9293196928}, "bleedDamage": {"1": 0.0, "2": 0.0, "3": 0.0, "4": 0.0}}