{"deaths": 5959, "totalAttacks": 700007, "damagingAttacks": 628720.75, "damageDone": {"1": 336552.02373337676, "2": 399144.996633331, "3": 477386.2127582221, "4": 571275.6721086006}, "bleedDamage": {"1": 0.0, "2": 0.0, "3": 0.0, "4": 0.0}}