{"deaths": 5959, "totalAttacks": 700007, "damagingAttacks": 911610.0, "damageDone": {"1": 697577.3968001759, "2": 697577.3968001759, "3": 697577.3968001759, "4": 697577.3968001759}, "bleedDamage": {"1": 0.0, "2": 0.0, "3": 0.0, "4": 0.0}}