{"deaths": 5959, "totalAttacks": 658890, "damagingAttacks": 1042521.75, "damageDone": {"1": 736577.3550671298, "2": 736577.3550671298, "3": 736577.3550671298, "4": 736577.3550671298}, "bleedDamage": {"1": 0.0, "2": 0.0, "3": 0.0, "4": 0.0}}