{"deaths": 5959, "totalAttacks": 400004, "damagingAttacks": 502605.25, "damageDone": {"1": 173842.9958667019, "2": 215078.81441676532, "3": 266623.5876042354, "4": 328477.3154292011}, "bleedDamage": {"1": 0.0, "2": 0.0, "3": 0.0, "4": 0.0}}