{"deaths": 5959, "totalAttacks": 900009, "damagingAttacks": 1596566.25, "damageDone": {"1": 1583691.2168655663, "2": 1583691.2168655663, "3": 1583691.2168655663, "4": 1583691.2168655663}, "bleedDamage": {"1": 0.0, "2": 0.0, "3": 0.0, "4": 0.0}}