{"deaths": 5959, "totalAttacks": 5158890, "damagingAttacks": 6051065.625, "damageDone": {"1": 4687585.1919404715, "2": 5309522.749225198, "3": 6086944.695838771, "4": 7019851.0317744315}, "bleedDamage": {"1": 0.0, "2": 0.0, "3": 0.0, "4": 0.0}, "loadoutDamage": {}}