{"deaths": 5959, "totalAttacks": 700007, "damagingAttacks": 758821.0, "damageDone": {"1": 834200.7180664551, "2": 834200.7180664551, "3": 834200.7180664551, "4": 834200.7180664551}, "bleedDamage": {"1": 0.0, "2": 0.0, "3": 0.0, "4": 0.0}}