{"deaths": 5959, "totalAttacks": 400004, "damagingAttacks": 440764.25, "damageDone": {"1": 221755.12616670574, "2": 221755.12616670574, "3": 221755.12616670574, "4": 221755.12616670574}, "bleedDamage": {"1": 0.0, "2": 0.0, "3": 0.0, "4": 0.0}}