{"deaths": 5959, "totalAttacks": 600006, "damagingAttacks": 488862.75, "damageDone": {"1": 261247.20733332058, "2": 261247.20733332058, "3": 261247.20733332058, "4": 261247.20733332058}, "bleedDamage": {"1": 0.0, "2": 0.0, "3": 0.0, "4": 0.0}}