{"deaths": 5959, "totalAttacks": 600006, "damagingAttacks": 759724.5, "damageDone": {"1": 723335.3719836314, "2": 821901.0907328275, "3": 945108.2391712693, "4": 1092956.817296233}, "bleedDamage": {"1": 0.0, "2": 0.0, "3": 0.0, "4": 0.0}}