{"deaths": {"1": 629, "2": 1199, "3": 2364}, "totalAttacks": {"1": 110352.0, "2": 38304.0, "3": 52104.0}, "damagingAttacks": {"1": 74483.5, "2": 25924.5, "3": 23122.75}, "damageDone": {"1": {"1": 80210.50939999631, "2": 18474.170933333895, "3": 19821.401350000335}, "2": {"1": 93541.77925000271, "2": 21704.336199999983, "3": 23565.031654166934}, "3": {"1": 110205.86656249204, "2": 25742.04278333357, "3": 28244.569534375973}, "4": {"1": 130202.77133753216, "2": 30587.290683333737, "3": 33860.014990625496}}, "bleedDamage": {"1": {"1": 0.0, "2": 0.0, "3": 0.0}, "2": {"1": 0.0, "2": 0.0, "3": 0.0}, "3": {"1": 0.0, "2": 0.0, "3": 0.0}, "4": {"1": 0.0, "2": 0.0, "3": 0.0}}}