{"deaths": 5959, "totalAttacks": 600006, "damagingAttacks": 701790.75, "damageDone": {"1": 641674.7039836881, "2": 715249.6831499103, "3": 807218.4071085957, "4": 917580.875858542}, "bleedDamage": {"1": 0.0, "2": 0.0, "3": 0.0, "4": 0.0}}