{"deaths": 5959, "totalAttacks": 600006, "damagingAttacks": 488862.75, "damageDone": {"1": 284437.1472000818, "2": 319800.4805334108, "3": 364004.6471999838, "4": 417049.6472000551}, "bleedDamage": {"1": 0.0, "2": 0.0, "3": 0.0, "4": 0.0}}