{"deaths": 5959, "totalAttacks": 500005, "damagingAttacks": 553951.875, "damageDone": {"1": 274026.3508666386, "2": 334187.49670003605, "3": 409388.9289916904, "4": 499630.6477417352}, "bleedDamage": {"1": 0.0, "2": 0.0, "3": 0.0, "4": 0.0}}