{"deaths": 5959, "totalAttacks": 700007, "damagingAttacks": 886345.25, "damageDone": {"1": 624816.5751169585, "2": 624816.5751169585, "3": 624816.5751169585, "4": 624816.5751169585}, "bleedDamage": {"1": 0.0, "2": 0.0, "3": 0.0, "4": 0.0}}