{"deaths": 5959, "totalAttacks": 600006, "damagingAttacks": 723854.25, "damageDone": {"1": 491941.41106675856, "2": 562239.4996084041, "3": 650112.1102854239, "4": 755559.2430979077}, "bleedDamage": {"1": 0.0, "2": 0.0, "3": 0.0, "4": 0.0}}