{"deaths": 5959, "totalAttacks": 500005, "damagingAttacks": 651150.0, "damageDone": {"1": 235613.7093001054, "2": 285210.2271571277, "3": 352519.7871059441, "4": 437542.38914716203}, "bleedDamage": {"1": 0.0, "2": 0.0, "3": 0.0, "4": 0.0}}