{"deaths": 3691, "totalAttacks": 4127112, "damagingAttacks": 4840852.5, "damageDone": {"1": 2659936.542714354, "2": 3104177.6550667267, "3": 3707076.3075433047, "4": 4468632.500136518}, "bleedDamage": {"1": 0.0, "2": 0.0, "3": 0.0, "4": 0.0}, "loadoutDamage": {}}