{"deaths": 5959, "totalAttacks": 500005, "damagingAttacks": 582338.125, "damageDone": {"1": 157544.99319996554, "2": 157544.99319996554, "3": 157544.99319996554, "4": 157544.99319996554}, "bleedDamage": {"1": 0.0, "2": 0.0, "3": 0.0, "4": 0.0}}