{"deaths": 5959, "totalAttacks": 790668, "damagingAttacks": 1168843.5, "damageDone": {"1": 635355.3702004905, "2": 759117.3910332483, "3": 913819.9170753559, "4": 1099462.948325098}, "bleedDamage": {"1": 0.0, "2": 0.0, "3": 0.0, "4": 0.0}}