{"deaths": 5959, "totalAttacks": 600006, "damagingAttacks": 759724.5, "damageDone": {"1": 217220.5943333444, "2": 249952.94033335813, "3": 294375.40990476415, "4": 350488.00304774946}, "bleedDamage": {"1": 0.0, "2": 0.0, "3": 0.0, "4": 0.0}}