{"deaths": 5959, "totalAttacks": 500005, "damagingAttacks": 708598.875, "damageDone": {"1": 322254.30316677416, "2": 380990.82400021265, "3": 454411.47504169814, "4": 542516.2562915822}, "bleedDamage": {"1": 0.0, "2": 0.0, "3": 0.0, "4": 0.0}}