{"deaths": 5959, "totalAttacks": 900009, "damagingAttacks": 1345627.875, "damageDone": {"1": 1203108.8526663512, "2": 1250804.98808353, "3": 1310425.1573536773, "4": 1381969.360478563}, "bleedDamage": {"1": 0.0, "2": 0.0, "3": 0.0, "4": 0.0}}