{"deaths": 5959, "totalAttacks": 1186002, "damagingAttacks": 2305179.0, "damageDone": {"1": 1827885.1215975564, "2": 1827885.1215975564, "3": 1827885.1215975564, "4": 1827885.1215975564}, "bleedDamage": {"1": 0.0, "2": 0.0, "3": 0.0, "4": 0.0}}