{"deaths": 5959, "totalAttacks": 5158890, "damagingAttacks": 6887326.875, "damageDone": {"1": 4551200.528271904, "2": 4551200.528271904, "3": 4551200.528271904, "4": 4551200.528271904}, "bleedDamage": {"1": 0.0, "2": 0.0, "3": 0.0, "4": 0.0}, "loadoutDamage": {}}