{"deaths": 5959, "totalAttacks": 900009, "damagingAttacks": 1520580.375, "damageDone": {"1": 1151364.3943328604, "2": 1151364.3943328604, "3": 1151364.3943328604, "4": 1151364.3943328604}, "bleedDamage": {"1": 0.0, "2": 0.0, "3": 0.0, "4": 0.0}}