{"deaths": 5959, "totalAttacks": 600006, "damagingAttacks": 723854.25, "damageDone": {"1": 338465.75019992125, "2": 338465.75019992125, "3": 338465.75019992125, "4": 338465.75019992125}, "bleedDamage": {"1": 0.0, "2": 0.0, "3": 0.0, "4": 0.0}}