{"deaths": 5959, "totalAttacks": 800008, "damagingAttacks": 935721.0, "damageDone": {"1": 709232.8781997003, "2": 709232.8781997003, "3": 709232.8781997003, "4": 709232.8781997003}, "bleedDamage": {"1": 0.0, "2": 0.0, "3": 0.0, "4": 0.0}}