{"deaths": 5959, "totalAttacks": 658890, "damagingAttacks": 974036.25, "damageDone": {"1": 274854.208933441, "2": 340361.47033333214, "3": 422245.5470832469, "4": 520506.43918343383}, "bleedDamage": {"1": 0.0, "2": 0.0, "3": 0.0, "4": 0.0}}