{"deaths": 5959, "totalAttacks": 700007, "damagingAttacks": 896807.5, "damageDone": {"1": 275652.5240000776, "2": 275652.5240000776, "3": 275652.5240000776, "4": 275652.5240000776}, "bleedDamage": {"1": 0.0, "2": 0.0, "3": 0.0, "4": 0.0}}