{"deaths": 5959, "totalAttacks": 500005, "damagingAttacks": 649552.625, "damageDone": {"1": 450944.02319999615, "2": 531989.90080439, "3": 633297.2478093293, "4": 754866.064215823}, "bleedDamage": {"1": 0.0, "2": 0.0, "3": 0.0, "4": 0.0}}