{"deaths": 5959, "totalAttacks": 800008, "damagingAttacks": 1427705.75, "damageDone": {"1": 1399058.075565046, "2": 1399058.075565046, "3": 1399058.075565046, "4": 1399058.075565046}, "bleedDamage": {"1": 0.0, "2": 0.0, "3": 0.0, "4": 0.0}}