{"deaths": 5959, "totalAttacks": 400004, "damagingAttacks": 506483.0, "damageDone": {"1": 152533.9352333384, "2": 191800.18523328917, "3": 245090.09594762194, "4": 312403.6673762961}, "bleedDamage": {"1": 0.0, "2": 0.0, "3": 0.0, "4": 0.0}}