{"deaths": 5959, "totalAttacks": 922446, "damagingAttacks": 1363650.75, "damageDone": {"1": 1217128.8342341203, "2": 1217128.8342341203, "3": 1217128.8342341203, "4": 1217128.8342341203}, "bleedDamage": {"1": 0.0, "2": 0.0, "3": 0.0, "4": 0.0}}