{"deaths": 5959, "totalAttacks": 500005, "damagingAttacks": 603211.875, "damageDone": {"1": 203639.34903333476, "2": 252791.7725416315, "3": 314232.3019271397, "4": 387960.9371896533}, "bleedDamage": {"1": 0.0, "2": 0.0, "3": 0.0, "4": 0.0}}