{"deaths": 5959, "totalAttacks": 900009, "damagingAttacks": 1458579.75, "damageDone": {"1": 1649611.9668661512, "2": 1718227.3835336166, "3": 1803996.6543662325, "4": 1906919.7793662709}, "bleedDamage": {"1": 0.0, "2": 0.0, "3": 0.0, "4": 0.0}}