{"deaths": 5959, "totalAttacks": 400004, "damagingAttacks": 482569.5, "damageDone": {"1": 55403.351233327725, "2": 72679.67131667233, "3": 96126.10571547515, "4": 125742.65442978959}, "bleedDamage": {"1": 0.0, "2": 0.0, "3": 0.0, "4": 0.0}}