{"deaths": 4356, "totalAttacks": 100001, "damagingAttacks": 182799.375, "damageDone": {"1": 121136.86846667244, "2": 207663.20308580928, "3": 355994.0624323036, "4": 566129.4465072829}, "bleedDamage": {"1": 0.0, "2": 0.0, "3": 0.0, "4": 0.0}}