{"deaths": 5959, "totalAttacks": 500005, "damagingAttacks": 449086.25, "damageDone": {"1": 198480.02873329498, "2": 246216.72883333173, "3": 305887.6039583628, "4": 377492.6541082724}, "bleedDamage": {"1": 0.0, "2": 0.0, "3": 0.0, "4": 0.0}}