{"deaths": 5959, "totalAttacks": 3095334, "damagingAttacks": 4466900.625, "damageDone": {"1": 3062961.1881847214, "2": 3062961.1881847214, "3": 3062961.1881847214, "4": 3062961.1881847214}, "bleedDamage": {"1": 0.0, "2": 0.0, "3": 0.0, "4": 0.0}, "loadoutDamage": {}}