{"deaths": 5959, "totalAttacks": 700007, "damagingAttacks": 745292.375, "damageDone": {"1": 170464.6817333575, "2": 170464.6817333575, "3": 170464.6817333575, "4": 170464.6817333575}, "bleedDamage": {"1": 0.0, "2": 0.0, "3": 0.0, "4": 0.0}}