{"deaths": {"1": 629, "2": 1199, "3": 2364}, "totalAttacks": {"1": 91960.0, "2": 31920.0, "3": 43420.0}, "damagingAttacks": {"1": 63818.5, "2": 22385.0, "3": 21417.9375}, "damageDone": {"1": {"1": 136791.72666664896, "2": 31964.024399999107, "3": 35420.09518333295}, "2": {"1": 136791.72666664896, "2": 31964.024399999107, "3": 35420.09518333295}, "3": {"1": 136791.72666664896, "2": 31964.024399999107, "3": 35420.09518333295}, "4": {"1": 136791.72666664896, "2": 31964.024399999107, "3": 35420.09518333295}}, "bleedDamage": {"1": {"1": 0.0, "2": 0.0, "3": 0.0}, "2": {"1": 0.0, "2": 0.0, "3": 0.0}, "3": {"1": 0.0, "2": 0.0, "3": 0.0}, "4": {"1": 0.0, "2": 0.0, "3": 0.0}}}