{"deaths": 5959, "totalAttacks": 700007, "damagingAttacks": 911610.0, "damageDone": {"1": 865949.9256000562, "2": 865949.9256000562, "3": 865949.9256000562, "4": 865949.9256000562}, "bleedDamage": {"1": 0.0, "2": 0.0, "3": 0.0, "4": 0.0}}