{"deaths": 5959, "totalAttacks": 900009, "damagingAttacks": 1471852.375, "damageDone": {"1": 1292495.2109830156, "2": 1335318.9505662564, "3": 1388848.6250453827, "4": 1453084.234420236}, "bleedDamage": {"1": 0.0, "2": 0.0, "3": 0.0, "4": 0.0}}