{"deaths": 5959, "totalAttacks": 790668, "damagingAttacks": 1168843.5, "damageDone": {"1": 759253.8967333864, "2": 852942.7717334628, "3": 970053.8654833571, "4": 1110587.1779833252}, "bleedDamage": {"1": 0.0, "2": 0.0, "3": 0.0, "4": 0.0}}