{"deaths": 5959, "totalAttacks": 400004, "damagingAttacks": 433612.0, "damageDone": {"1": 86407.69633333726, "2": 114089.11585714981, "3": 151656.7566394208, "4": 199110.61868032196}, "bleedDamage": {"1": 0.0, "2": 0.0, "3": 0.0, "4": 0.0}}