{"deaths": {"1": 629, "2": 1199, "3": 2364}, "totalAttacks": {"1": 110352.0, "2": 38304.0, "3": 52104.0}, "damagingAttacks": {"1": 68169.0, "2": 24093.0, "3": 19551.375}, "damageDone": {"1": {"1": 103187.30536667652, "2": 28137.199866666717, "3": 21209.187083333403}, "2": {"1": 103187.30536667652, "2": 28137.199866666717, "3": 21209.187083333403}, "3": {"1": 103187.30536667652, "2": 28137.199866666717, "3": 21209.187083333403}, "4": {"1": 103187.30536667652, "2": 28137.199866666717, "3": 21209.187083333403}}, "bleedDamage": {"1": {"1": 0.0, "2": 0.0, "3": 0.0}, "2": {"1": 0.0, "2": 0.0, "3": 0.0}, "3": {"1": 0.0, "2": 0.0, "3": 0.0}, "4": {"1": 0.0, "2": 0.0, "3": 0.0}}}