{"deaths": {"1": 629, "2": 1199, "3": 2364}, "totalAttacks": {"1": 91960.0, "2": 31920.0, "3": 43420.0}, "damagingAttacks": {"1": 63122.0, "2": 21909.0, "3": 19864.1875}, "damageDone": {"1": {"1": 89679.9924999966, "2": 20810.619866667214, "3": 22598.718050000232}, "2": {"1": 105672.39875000564, "2": 24685.578200000036, "3": 27089.63732083383}, "3": {"1": 125662.90656249963, "2": 29529.27611666749, "3": 32703.28640937577}, "4": {"1": 149651.51593750372, "2": 35341.71361666663, "3": 39439.66531562451}}, "bleedDamage": {"1": {"1": 0.0, "2": 0.0, "3": 0.0}, "2": {"1": 0.0, "2": 0.0, "3": 0.0}, "3": {"1": 0.0, "2": 0.0, "3": 0.0}, "4": {"1": 0.0, "2": 0.0, "3": 0.0}}}