{"deaths": 5959, "totalAttacks": 900009, "damagingAttacks": 1563699.25, "damageDone": {"1": 1621928.1558005675, "2": 1676900.9057999174, "3": 1745616.8433007894, "4": 1828075.9683009172}, "bleedDamage": {"1": 0.0, "2": 0.0, "3": 0.0, "4": 0.0}}