{"deaths": {"1": 629, "2": 1199, "3": 2364}, "totalAttacks": {"1": 91960.0, "2": 31920.0, "3": 43420.0}, "damagingAttacks": {"1": 56807.5, "2": 20077.5, "3": 16292.8125}, "damageDone": {"1": {"1": 56483.76333333319, "2": 13243.66153333315, "3": 10373.009716666518}, "2": {"1": 67474.26184523583, "2": 16076.831176190473, "3": 12422.284270238131}, "3": {"1": 82389.9383971062, "2": 19921.847120068032, "3": 15203.44259294228}, "4": {"1": 101230.792988951, "2": 24778.709364966064, "3": 18716.48468477845}}, "bleedDamage": {"1": {"1": 0.0, "2": 0.0, "3": 0.0}, "2": {"1": 0.0, "2": 0.0, "3": 0.0}, "3": {"1": 0.0, "2": 0.0, "3": 0.0}, "4": {"1": 0.0, "2": 0.0, "3": 0.0}}}