{"deaths": 5959, "totalAttacks": 700007, "damagingAttacks": 775532.625, "damageDone": {"1": 319047.54693322344, "2": 374203.2854333924, "3": 443147.9585585062, "4": 525881.5663083664}, "bleedDamage": {"1": 0.0, "2": 0.0, "3": 0.0, "4": 0.0}}