{"deaths": 5959, "totalAttacks": 500005, "damagingAttacks": 773237.0, "damageDone": {"1": 104187.21833328895, "2": 104187.21833328895, "3": 104187.21833328895, "4": 104187.21833328895}, "bleedDamage": {"1": 0.0, "2": 0.0, "3": 0.0, "4": 0.0}}