{"deaths": 5959, "totalAttacks": 500005, "damagingAttacks": 720577.5, "damageDone": {"1": 365923.27180013136, "2": 365923.27180013136, "3": 365923.27180013136, "4": 365923.27180013136}, "bleedDamage": {"1": 0.0, "2": 0.0, "3": 0.0, "4": 0.0}}