{"deaths": 4356, "totalAttacks": 100001, "damagingAttacks": 177396.25, "damageDone": {"1": 139199.87846667698, "2": 238628.3630858563, "3": 409077.1938609913, "4": 650546.3707926833}, "bleedDamage": {"1": 0.0, "2": 0.0, "3": 0.0, "4": 0.0}}