{"deaths": 5959, "totalAttacks": 1000010, "damagingAttacks": 1622740.25, "damageDone": {"1": 2137059.06384944, "2": 2137059.06384944, "3": 2137059.06384944, "4": 2137059.06384944}, "bleedDamage": {"1": 0.0, "2": 0.0, "3": 0.0, "4": 0.0}}