{"deaths": 5959, "totalAttacks": 600006, "damagingAttacks": 701790.75, "damageDone": {"1": 421060.42945012, "2": 494635.4086168672, "3": 586604.1325752066, "4": 696966.6013252516}, "bleedDamage": {"1": 0.0, "2": 0.0, "3": 0.0, "4": 0.0}}