{"deaths": {"1": 629, "2": 1199, "3": 2364}, "totalAttacks": {"1": 110352.0, "2": 38304.0, "3": 52104.0}, "damagingAttacks": {"1": 80798.0, "2": 27756.0, "3": 26694.125}, "damageDone": {"1": {"1": 116799.37249998235, "2": 24743.10773333289, "3": 24708.10559999885}, "2": {"1": 116799.37249998235, "2": 24743.10773333289, "3": 24708.10559999885}, "3": {"1": 116799.37249998235, "2": 24743.10773333289, "3": 24708.10559999885}, "4": {"1": 116799.37249998235, "2": 24743.10773333289, "3": 24708.10559999885}}, "bleedDamage": {"1": {"1": 0.0, "2": 0.0, "3": 0.0}, "2": {"1": 0.0, "2": 0.0, "3": 0.0}, "3": {"1": 0.0, "2": 0.0, "3": 0.0}, "4": {"1": 0.0, "2": 0.0, "3": 0.0}}}