{"deaths": 5959, "totalAttacks": 900009, "damagingAttacks": 1680582.375, "damageDone": {"1": 1257460.450532623, "2": 1257460.450532623, "3": 1257460.450532623, "4": 1257460.450532623}, "bleedDamage": {"1": 0.0, "2": 0.0, "3": 0.0, "4": 0.0}}