{"deaths": 5959, "totalAttacks": 600006, "damagingAttacks": 759724.5, "damageDone": {"1": 339972.8251167578, "2": 394945.57511659287, "3": 463661.5126168005, "4": 546120.6376169076}, "bleedDamage": {"1": 0.0, "2": 0.0, "3": 0.0, "4": 0.0}}