{"deaths": 5959, "totalAttacks": 800008, "damagingAttacks": 1388810.0, "damageDone": {"1": 1673665.27218391, "2": 1726218.8287310333, "3": 1797541.5126164893, "4": 1887633.323842332}, "bleedDamage": {"1": 0.0, "2": 0.0, "3": 0.0, "4": 0.0}}