{"deaths": {"1": 337, "2": 729, "3": 1524}, "totalAttacks": {"1": 18392.0, "2": 6384.0, "3": 8684.0}, "damagingAttacks": {"1": 17676.0, "2": 5847.0, "3": 6829.9375}, "damageDone": {"1": {"1": 27732.644866668208, "2": 7108.408066666986, "3": 7370.257583333839}, "2": {"1": 47541.6769142785, "2": 12185.842400000454, "3": 12634.727285713847}, "3": {"1": 81500.01756735302, "2": 20890.01554285711, "3": 21659.53248979619}, "4": {"1": 129607.66682588149, "2": 33220.92749523889, "3": 34444.67319557897}}, "bleedDamage": {"1": {"1": 0.0, "2": 0.0, "3": 0.0}, "2": {"1": 0.0, "2": 0.0, "3": 0.0}, "3": {"1": 0.0, "2": 0.0, "3": 0.0}, "4": {"1": 0.0, "2": 0.0, "3": 0.0}}}