{"deaths": 5959, "totalAttacks": 500005, "damagingAttacks": 624005.75, "damageDone": {"1": 229378.9884333276, "2": 229378.9884333276, "3": 229378.9884333276, "4": 229378.9884333276}, "bleedDamage": {"1": 0.0, "2": 0.0, "3": 0.0, "4": 0.0}}