{"deaths": 5959, "totalAttacks": 600006, "damagingAttacks": 800350.0, "damageDone": {"1": 358277.07611660764, "2": 358277.07611660764, "3": 358277.07611660764, "4": 358277.07611660764}, "bleedDamage": {"1": 0.0, "2": 0.0, "3": 0.0, "4": 0.0}}