{"deaths": 5959, "totalAttacks": 527112, "damagingAttacks": 779229.0, "damageDone": {"1": 118656.11653328197, "2": 156452.88553339796, "3": 207748.5006047222, "4": 272542.96174774424}, "bleedDamage": {"1": 0.0, "2": 0.0, "3": 0.0, "4": 0.0}}