{"deaths": 5959, "totalAttacks": 800008, "damagingAttacks": 1439359.25, "damageDone": {"1": 1711986.1126989766, "2": 1711986.1126989766, "3": 1711986.1126989766, "4": 1711986.1126989766}, "bleedDamage": {"1": 0.0, "2": 0.0, "3": 0.0, "4": 0.0}}