{"deaths": 5959, "totalAttacks": 400004, "damagingAttacks": 532587.5, "damageDone": {"1": 369140.6209832152, "2": 450186.4985873219, "3": 551493.8455926533, "4": 673062.661999001}, "bleedDamage": {"1": 0.0, "2": 0.0, "3": 0.0, "4": 0.0}}