{"deaths": 5959, "totalAttacks": 400004, "damagingAttacks": 413384.75, "damageDone": {"1": 233490.53486666374, "2": 287236.9411166279, "3": 354419.9489292645, "4": 435039.55830422626}, "bleedDamage": {"1": 0.0, "2": 0.0, "3": 0.0, "4": 0.0}}