{"deaths": 5959, "totalAttacks": 658890, "damagingAttacks": 1035360.0, "damageDone": {"1": 725049.146733885, "2": 810186.8342327018, "3": 916608.9436088222, "4": 1044315.4748586706}, "bleedDamage": {"1": 0.0, "2": 0.0, "3": 0.0, "4": 0.0}}