{"deaths": 5959, "totalAttacks": 527112, "damagingAttacks": 847714.5, "damageDone": {"1": 401840.5920667337, "2": 401840.5920667337, "3": 401840.5920667337, "4": 401840.5920667337}, "bleedDamage": {"1": 0.0, "2": 0.0, "3": 0.0, "4": 0.0}}