{"deaths": 5959, "totalAttacks": 658890, "damagingAttacks": 974036.25, "damageDone": {"1": 571876.1467336292, "2": 638796.7717333086, "3": 729617.6199472965, "4": 844338.6913759571}, "bleedDamage": {"1": 0.0, "2": 0.0, "3": 0.0, "4": 0.0}}