{"deaths": 5959, "totalAttacks": 790668, "damagingAttacks": 1168843.5, "damageDone": {"1": 879546.4800669512, "2": 1003308.5008997141, "3": 1158011.0269420932, "4": 1343654.0581918566}, "bleedDamage": {"1": 0.0, "2": 0.0, "3": 0.0, "4": 0.0}}