{"deaths": 5959, "totalAttacks": 600006, "damagingAttacks": 650418.0, "damageDone": {"1": 541275.3222335902, "2": 609890.7388999943, "3": 695660.0097334095, "4": 798583.1347333363}, "bleedDamage": {"1": 0.0, "2": 0.0, "3": 0.0, "4": 0.0}}