{"deaths": 5959, "totalAttacks": 900009, "damagingAttacks": 1721461.5, "damageDone": {"1": 1378632.5906656487, "2": 1378632.5906656487, "3": 1378632.5906656487, "4": 1378632.5906656487}, "bleedDamage": {"1": 0.0, "2": 0.0, "3": 0.0, "4": 0.0}}