{"deaths": 5959, "totalAttacks": 700007, "damagingAttacks": 1025797.125, "damageDone": {"1": 217294.12413339957, "2": 217294.12413339957, "3": 217294.12413339957, "4": 217294.12413339957}, "bleedDamage": {"1": 0.0, "2": 0.0, "3": 0.0, "4": 0.0}}