{"deaths": 5959, "totalAttacks": 500005, "damagingAttacks": 536546.0, "damageDone": {"1": 510684.2479335887, "2": 581893.7635585859, "3": 670905.6580897281, "4": 777719.9315272722}, "bleedDamage": {"1": 0.0, "2": 0.0, "3": 0.0, "4": 0.0}}