{"deaths": 5959, "totalAttacks": 400004, "damagingAttacks": 520920.0, "damageDone": {"1": 173181.458599949, "2": 222777.97645711957, "3": 290087.53640610015, "4": 375110.13844688784}, "bleedDamage": {"1": 0.0, "2": 0.0, "3": 0.0, "4": 0.0}}