{"deaths": 5959, "totalAttacks": 700007, "damagingAttacks": 948209.875, "damageDone": {"1": 329653.73405002954, "2": 329653.73405002954, "3": 329653.73405002954, "4": 329653.73405002954}, "bleedDamage": {"1": 0.0, "2": 0.0, "3": 0.0, "4": 0.0}}