{"deaths": 3691, "totalAttacks": 5158890, "damagingAttacks": 6051065.625, "damageDone": {"1": 5532953.400286876, "2": 6366233.009613533, "3": 7407832.5213908395, "4": 8657751.935452528}, "bleedDamage": {"1": 0.0, "2": 0.0, "3": 0.0, "4": 0.0}, "loadoutDamage": {}}