{"deaths": 5959, "totalAttacks": 790668, "damagingAttacks": 1230167.25, "damageDone": {"1": 430602.9737331835, "2": 501573.7500333712, "3": 590287.2204086174, "4": 696743.3848580653}, "bleedDamage": {"1": 0.0, "2": 0.0, "3": 0.0, "4": 0.0}}