{"deaths": 4356, "totalAttacks": 100001, "damagingAttacks": 168953.375, "damageDone": {"1": 89625.09973337199, "2": 153643.02811431393, "3": 263388.0481958948, "4": 418860.15997803345}, "bleedDamage": {"1": 0.0, "2": 0.0, "3": 0.0, "4": 0.0}}