{"deaths": 5959, "totalAttacks": 700007, "damagingAttacks": 570339.875, "damageDone": {"1": 184245.2842666645, "2": 216666.38826658748, "3": 257192.76826670993, "4": 305824.4242666189}, "bleedDamage": {"1": 0.0, "2": 0.0, "3": 0.0, "4": 0.0}}