{"deaths": 5959, "totalAttacks": 600006, "damagingAttacks": 759724.5, "damageDone": {"1": 414495.0089668297, "2": 414495.0089668297, "3": 414495.0089668297, "4": 414495.0089668297}, "bleedDamage": {"1": 0.0, "2": 0.0, "3": 0.0, "4": 0.0}}