{"deaths": 5959, "totalAttacks": 800008, "damagingAttacks": 1330756.25, "damageDone": {"1": 1434040.5103671155, "2": 1467181.5966763478, "3": 1512158.7852387629, "4": 1568972.0760548552}, "bleedDamage": {"1": 0.0, "2": 0.0, "3": 0.0, "4": 0.0}}