{"deaths": 3691, "totalAttacks": 5158890, "damagingAttacks": 7401122.625, "damageDone": {"1": 4086385.358614201, "2": 4086385.358614201, "3": 4086385.358614201, "4": 4086385.358614201}, "bleedDamage": {"1": 0.0, "2": 0.0, "3": 0.0, "4": 0.0}, "loadoutDamage": {}}