{"deaths": 5959, "totalAttacks": 600006, "damagingAttacks": 850807.5, "damageDone": {"1": 370344.8193003994, "2": 370344.8193003994, "3": 370344.8193003994, "4": 370344.8193003994}, "bleedDamage": {"1": 0.0, "2": 0.0, "3": 0.0, "4": 0.0}}