{"deaths": 5959, "totalAttacks": 600006, "damagingAttacks": 664742.25, "damageDone": {"1": 576957.1082002417, "2": 656712.7904916024, "3": 756407.3933564635, "4": 876040.9167939533}, "bleedDamage": {"1": 0.0, "2": 0.0, "3": 0.0, "4": 0.0}}