{"deaths": {"1": 629, "2": 1199, "3": 2364}, "totalAttacks": {"1": 91960.0, "2": 31920.0, "3": 43420.0}, "damagingAttacks": {"1": 56807.5, "2": 20077.5, "3": 16292.8125}, "damageDone": {"1": {"1": 90527.276666664, "2": 21155.033066667147, "3": 17789.184433333565}, "2": {"1": 110879.47458333851, "2": 25972.908066667012, "3": 21825.51255833312}, "3": {"1": 136319.72197914994, "2": 31995.251816666332, "3": 26870.92271458294}, "4": {"1": 166848.0188541388, "2": 39222.06431666605, "3": 32925.41490208314}}, "bleedDamage": {"1": {"1": 0.0, "2": 0.0, "3": 0.0}, "2": {"1": 0.0, "2": 0.0, "3": 0.0}, "3": {"1": 0.0, "2": 0.0, "3": 0.0}, "4": {"1": 0.0, "2": 0.0, "3": 0.0}}}