{"deaths": 5959, "totalAttacks": 500005, "damagingAttacks": 697969.875, "damageDone": {"1": 116452.41426669002, "2": 116452.41426669002, "3": 116452.41426669002, "4": 116452.41426669002}, "bleedDamage": {"1": 0.0, "2": 0.0, "3": 0.0, "4": 0.0}}