{"deaths": 5959, "totalAttacks": 600006, "damagingAttacks": 782959.0, "damageDone": {"1": 492446.25694975886, "2": 492446.25694975886, "3": 492446.25694975886, "4": 492446.25694975886}, "bleedDamage": {"1": 0.0, "2": 0.0, "3": 0.0, "4": 0.0}}