{"deaths": 5959, "totalAttacks": 600006, "damagingAttacks": 895330.25, "damageDone": {"1": 238454.5531667231, "2": 238454.5531667231, "3": 238454.5531667231, "4": 238454.5531667231}, "bleedDamage": {"1": 0.0, "2": 0.0, "3": 0.0, "4": 0.0}}