{"deaths": 5959, "totalAttacks": 600006, "damagingAttacks": 664742.25, "damageDone": {"1": 413145.54793333623, "2": 492901.23022507434, "3": 592595.8330897678, "4": 712229.3565273548}, "bleedDamage": {"1": 0.0, "2": 0.0, "3": 0.0, "4": 0.0}}