{"deaths": 5959, "totalAttacks": 400004, "damagingAttacks": 537722.5, "damageDone": {"1": 141512.72981667155, "2": 175133.4985209505, "3": 217159.45940099735, "4": 267590.612457331}, "bleedDamage": {"1": 0.0, "2": 0.0, "3": 0.0, "4": 0.0}}