{"deaths": 5959, "totalAttacks": 800008, "damagingAttacks": 1538572.0, "damageDone": {"1": 1479001.9864988949, "2": 1479001.9864988949, "3": 1479001.9864988949, "4": 1479001.9864988949}, "bleedDamage": {"1": 0.0, "2": 0.0, "3": 0.0, "4": 0.0}}