{"deaths": 5959, "totalAttacks": 700007, "damagingAttacks": 911610.0, "damageDone": {"1": 412917.38420018717, "2": 490855.4785498978, "3": 588278.0964874411, "4": 705185.23801234}, "bleedDamage": {"1": 0.0, "2": 0.0, "3": 0.0, "4": 0.0}}