{"deaths": 3691, "totalAttacks": 7222446, "damagingAttacks": 13357924.125, "damageDone": {"1": 17546203.085545097, "2": 17546203.085545097, "3": 17546203.085545097, "4": 17546203.085545097}, "bleedDamage": {"1": 0.0, "2": 0.0, "3": 0.0, "4": 0.0}, "loadoutDamage": {}}