{"deaths": 5959, "totalAttacks": 400004, "damagingAttacks": 446728.75, "damageDone": {"1": 168409.76603337025, "2": 208628.90045835133, "3": 258902.81848955623, "4": 319231.52012733923}, "bleedDamage": {"1": 0.0, "2": 0.0, "3": 0.0, "4": 0.0}}