{"deaths": 5959, "totalAttacks": 800008, "damagingAttacks": 1505864.25, "damageDone": {"1": 1357851.5546994547, "2": 1357851.5546994547, "3": 1357851.5546994547, "4": 1357851.5546994547}, "bleedDamage": {"1": 0.0, "2": 0.0, "3": 0.0, "4": 0.0}}