{"deaths": 5959, "totalAttacks": 500005, "damagingAttacks": 680001.5, "damageDone": {"1": 126683.63139993873, "2": 126683.63139993873, "3": 126683.63139993873, "4": 126683.63139993873}, "bleedDamage": {"1": 0.0, "2": 0.0, "3": 0.0, "4": 0.0}}