{"deaths": 5959, "totalAttacks": 500005, "damagingAttacks": 713517.875, "damageDone": {"1": 185956.51973330032, "2": 185956.51973330032, "3": 185956.51973330032, "4": 185956.51973330032}, "bleedDamage": {"1": 0.0, "2": 0.0, "3": 0.0, "4": 0.0}}