{"deaths": 3691, "totalAttacks": 4127112, "damagingAttacks": 5677113.75, "damageDone": {"1": 5249351.74401371, "2": 5249351.74401371, "3": 5249351.74401371, "4": 5249351.74401371}, "bleedDamage": {"1": 0.0, "2": 0.0, "3": 0.0, "4": 0.0}, "loadoutDamage": {}}