{"deaths": 5959, "totalAttacks": 600006, "damagingAttacks": 538903.5, "damageDone": {"1": 498939.43543349573, "2": 567212.7479335015, "3": 652554.3885583748, "4": 754964.3573084174}, "bleedDamage": {"1": 0.0, "2": 0.0, "3": 0.0, "4": 0.0}}