{"deaths": 5959, "totalAttacks": 400004, "damagingAttacks": 467480.5, "damageDone": {"1": 275164.74579996284, "2": 275164.74579996284, "3": 275164.74579996284, "4": 275164.74579996284}, "bleedDamage": {"1": 0.0, "2": 0.0, "3": 0.0, "4": 0.0}}