{"deaths": 5959, "totalAttacks": 500005, "damagingAttacks": 633103.75, "damageDone": {"1": 230027.32511660433, "2": 269293.57511654345, "3": 322583.4858307468, "4": 389897.0572596764}, "bleedDamage": {"1": 0.0, "2": 0.0, "3": 0.0, "4": 0.0}}