{"deaths": 5959, "totalAttacks": 600006, "damagingAttacks": 488862.75, "damageDone": {"1": 339316.15986656735, "2": 339316.15986656735, "3": 339316.15986656735, "4": 339316.15986656735}, "bleedDamage": {"1": 0.0, "2": 0.0, "3": 0.0, "4": 0.0}}