{"deaths": {"1": 629, "2": 1199, "3": 2364}, "totalAttacks": {"1": 73568.0, "2": 25536.0, "3": 34736.0}, "damagingAttacks": {"1": 52457.0, "2": 18369.5, "3": 18159.375}, "damageDone": {"1": {"1": 57646.96363333638, "2": 14998.700533333295, "3": 19361.585483333933}, "2": {"1": 57646.96363333638, "2": 14998.700533333295, "3": 19361.585483333933}, "3": {"1": 57646.96363333638, "2": 14998.700533333295, "3": 19361.585483333933}, "4": {"1": 57646.96363333638, "2": 14998.700533333295, "3": 19361.585483333933}}, "bleedDamage": {"1": {"1": 0.0, "2": 0.0, "3": 0.0}, "2": {"1": 0.0, "2": 0.0, "3": 0.0}, "3": {"1": 0.0, "2": 0.0, "3": 0.0}, "4": {"1": 0.0, "2": 0.0, "3": 0.0}}}