{"deaths": 5959, "totalAttacks": 700007, "damagingAttacks": 570339.875, "damageDone": {"1": 372987.46493332356, "2": 372987.46493332356, "3": 372987.46493332356, "4": 372987.46493332356}, "bleedDamage": {"1": 0.0, "2": 0.0, "3": 0.0, "4": 0.0}}