{"deaths": 5959, "totalAttacks": 500005, "damagingAttacks": 697969.875, "damageDone": {"1": 224332.3092000271, "2": 224332.3092000271, "3": 224332.3092000271, "4": 224332.3092000271}, "bleedDamage": {"1": 0.0, "2": 0.0, "3": 0.0, "4": 0.0}}