{"deaths": 5959, "totalAttacks": 900009, "damagingAttacks": 1568053.375, "damageDone": {"1": 1413949.3880336157, "2": 1490858.2057419026, "3": 1586994.2278773128, "4": 1702357.4544398852}, "bleedDamage": {"1": 0.0, "2": 0.0, "3": 0.0, "4": 0.0}}