{"deaths": 5959, "totalAttacks": 658890, "damagingAttacks": 1042521.75, "damageDone": {"1": 492386.24519987626, "2": 492386.24519987626, "3": 492386.24519987626, "4": 492386.24519987626}, "bleedDamage": {"1": 0.0, "2": 0.0, "3": 0.0, "4": 0.0}}