{"deaths": 5959, "totalAttacks": 700007, "damagingAttacks": 628720.75, "damageDone": {"1": 256329.12053325918, "2": 298866.36763345054, "3": 352037.9265084065, "4": 415843.79715831525}, "bleedDamage": {"1": 0.0, "2": 0.0, "3": 0.0, "4": 0.0}}