{"deaths": 5959, "totalAttacks": 800008, "damagingAttacks": 1418216.0, "damageDone": {"1": 1626083.5311988913, "2": 1697293.0468257724, "3": 1786304.9413547989, "4": 1893119.214792077}, "bleedDamage": {"1": 0.0, "2": 0.0, "3": 0.0, "4": 0.0}}