{"deaths": 4356, "totalAttacks": 100001, "damagingAttacks": 177277.0, "damageDone": {"1": 111703.36706664228, "2": 191491.48639999292, "3": 328271.119542862, "4": 522042.2664950797}, "bleedDamage": {"1": 0.0, "2": 0.0, "3": 0.0, "4": 0.0}}