{"deaths": 5959, "totalAttacks": 500005, "damagingAttacks": 603211.875, "damageDone": {"1": 198570.0197332793, "2": 241393.7593167378, "3": 294923.4337957878, "4": 359159.04317084403}, "bleedDamage": {"1": 0.0, "2": 0.0, "3": 0.0, "4": 0.0}}