{"deaths": 5959, "totalAttacks": 800008, "damagingAttacks": 1509482.5, "damageDone": {"1": 1719193.5516314995, "2": 1719193.5516314995, "3": 1719193.5516314995, "4": 1719193.5516314995}, "bleedDamage": {"1": 0.0, "2": 0.0, "3": 0.0, "4": 0.0}}