{"deaths": 5959, "totalAttacks": 500005, "damagingAttacks": 649552.625, "damageDone": {"1": 671558.2977338257, "2": 752604.175337291, "3": 853911.5223431784, "4": 975480.3387494637}, "bleedDamage": {"1": 0.0, "2": 0.0, "3": 0.0, "4": 0.0}}