{"deaths": 5959, "totalAttacks": 500005, "damagingAttacks": 693691.25, "damageDone": {"1": 417830.11678333965, "2": 492267.1897001407, "3": 585313.5308459405, "4": 696969.140220978}, "bleedDamage": {"1": 0.0, "2": 0.0, "3": 0.0, "4": 0.0}}