{"deaths": {"1": 629, "2": 1199, "3": 2364}, "totalAttacks": {"1": 128744.0, "2": 44688.0, "3": 60788.0}, "damagingAttacks": {"1": 79530.5, "2": 28108.5, "3": 22809.9375}, "damageDone": {"1": {"1": 151840.9299999869, "2": 39898.536533333434, "3": 30634.259716666154}, "2": {"1": 151840.9299999869, "2": 39898.536533333434, "3": 30634.259716666154}, "3": {"1": 151840.9299999869, "2": 39898.536533333434, "3": 30634.259716666154}, "4": {"1": 151840.9299999869, "2": 39898.536533333434, "3": 30634.259716666154}}, "bleedDamage": {"1": {"1": 0.0, "2": 0.0, "3": 0.0}, "2": {"1": 0.0, "2": 0.0, "3": 0.0}, "3": {"1": 0.0, "2": 0.0, "3": 0.0}, "4": {"1": 0.0, "2": 0.0, "3": 0.0}}}