{"deaths": 5959, "totalAttacks": 600006, "damagingAttacks": 723854.25, "damageDone": {"1": 382044.01523366297, "2": 424867.75481683016, "3": 478397.42929609853, "4": 542633.0386710694}, "bleedDamage": {"1": 0.0, "2": 0.0, "3": 0.0, "4": 0.0}}