{"deaths": 5959, "totalAttacks": 527112, "damagingAttacks": 779229.0, "damageDone": {"1": 237139.38373338422, "2": 304060.00873317476, "3": 394880.8569474944, "4": 509601.928376434}, "bleedDamage": {"1": 0.0, "2": 0.0, "3": 0.0, "4": 0.0}}