{"deaths": 5959, "totalAttacks": 500005, "damagingAttacks": 449086.25, "damageDone": {"1": 175208.5596332814, "2": 208349.6459428754, "3": 253326.83450574134, "4": 310140.1253221029}, "bleedDamage": {"1": 0.0, "2": 0.0, "3": 0.0, "4": 0.0}}