{"deaths": 5959, "totalAttacks": 500005, "damagingAttacks": 720612.125, "damageDone": {"1": 490797.0746669207, "2": 490797.0746669207, "3": 490797.0746669207, "4": 490797.0746669207}, "bleedDamage": {"1": 0.0, "2": 0.0, "3": 0.0, "4": 0.0}}