{"deaths": 5959, "totalAttacks": 500005, "damagingAttacks": 625960.875, "damageDone": {"1": 535679.181117132, "2": 605115.3816374552, "3": 691910.6322887967, "4": 796064.9330698735}, "bleedDamage": {"1": 0.0, "2": 0.0, "3": 0.0, "4": 0.0}}