{"deaths": 4356, "totalAttacks": 100001, "damagingAttacks": 191273.5, "damageDone": {"1": 117440.60546668306, "2": 201326.752228705, "3": 345131.5752488002, "4": 548855.0745276617}, "bleedDamage": {"1": 0.0, "2": 0.0, "3": 0.0, "4": 0.0}}