{"deaths": 5959, "totalAttacks": 600006, "damagingAttacks": 831244.75, "damageDone": {"1": 363204.5857000828, "2": 363204.5857000828, "3": 363204.5857000828, "4": 363204.5857000828}, "bleedDamage": {"1": 0.0, "2": 0.0, "3": 0.0, "4": 0.0}}