{"deaths": 5959, "totalAttacks": 9286002, "damagingAttacks": 14942089.125, "damageDone": {"1": 19912611.39793731, "2": 19912611.39793731, "3": 19912611.39793731, "4": 19912611.39793731}, "bleedDamage": {"1": 0.0, "2": 0.0, "3": 0.0, "4": 0.0}, "loadoutDamage": {}}