{"deaths": 5959, "totalAttacks": 600006, "damagingAttacks": 808760.25, "damageDone": {"1": 448884.9207004576, "2": 448884.9207004576, "3": 448884.9207004576, "4": 448884.9207004576}, "bleedDamage": {"1": 0.0, "2": 0.0, "3": 0.0, "4": 0.0}}