{"deaths": 5959, "totalAttacks": 600006, "damagingAttacks": 488862.75, "damageDone": {"1": 193629.5482667466, "2": 228992.88159998853, "3": 273197.04826675606, "4": 326242.04826674203}, "bleedDamage": {"1": 0.0, "2": 0.0, "3": 0.0, "4": 0.0}}