{"deaths": 5959, "totalAttacks": 600006, "damagingAttacks": 851079.0, "damageDone": {"1": 342835.97816667426, "2": 342835.97816667426, "3": 342835.97816667426, "4": 342835.97816667426}, "bleedDamage": {"1": 0.0, "2": 0.0, "3": 0.0, "4": 0.0}}