{"deaths": 5959, "totalAttacks": 500005, "damagingAttacks": 633103.75, "damageDone": {"1": 439017.9969835016, "2": 478284.2469833098, "3": 531574.1576977507, "4": 598887.7291261328}, "bleedDamage": {"1": 0.0, "2": 0.0, "3": 0.0, "4": 0.0}}