{"deaths": 5959, "totalAttacks": 400004, "damagingAttacks": 532587.5, "damageDone": {"1": 194685.7308501312, "2": 240460.44252092886, "3": 297678.8321094324, "4": 366340.89961576887}, "bleedDamage": {"1": 0.0, "2": 0.0, "3": 0.0, "4": 0.0}}