{"deaths": 5959, "totalAttacks": 600006, "damagingAttacks": 782801.25, "damageDone": {"1": 554044.7621666983, "2": 632741.0434167145, "3": 731111.394979303, "4": 849155.8168544396}, "bleedDamage": {"1": 0.0, "2": 0.0, "3": 0.0, "4": 0.0}}