{"deaths": 5959, "totalAttacks": 700007, "damagingAttacks": 913268.125, "damageDone": {"1": 733157.2198338101, "2": 733157.2198338101, "3": 733157.2198338101, "4": 733157.2198338101}, "bleedDamage": {"1": 0.0, "2": 0.0, "3": 0.0, "4": 0.0}}