{"deaths": 5959, "totalAttacks": 900009, "damagingAttacks": 1505775.125, "damageDone": {"1": 1820815.230516917, "2": 1894390.2096839468, "3": 1986358.9336417976, "4": 2096721.4023917431}, "bleedDamage": {"1": 0.0, "2": 0.0, "3": 0.0, "4": 0.0}}