{"deaths": 5959, "totalAttacks": 700007, "damagingAttacks": 911610.0, "damageDone": {"1": 355797.49719983, "2": 419455.61979964306, "3": 499028.27305006766, "4": 594515.4569498003}, "bleedDamage": {"1": 0.0, "2": 0.0, "3": 0.0, "4": 0.0}}