{"deaths": 5959, "totalAttacks": 600006, "damagingAttacks": 779007.25, "damageDone": {"1": 278905.604416591, "2": 328527.1922207324, "3": 390554.17697625863, "4": 464986.5586821626}, "bleedDamage": {"1": 0.0, "2": 0.0, "3": 0.0, "4": 0.0}}