{"deaths": 5959, "totalAttacks": 700007, "damagingAttacks": 570339.875, "damageDone": {"1": 229472.1360666931, "2": 273199.9530166269, "3": 327859.72420406947, "4": 393451.44962923817}, "bleedDamage": {"1": 0.0, "2": 0.0, "3": 0.0, "4": 0.0}}