{"deaths": 5959, "totalAttacks": 900009, "damagingAttacks": 1595493.0, "damageDone": {"1": 1541395.5311991922, "2": 1541395.5311991922, "3": 1541395.5311991922, "4": 1541395.5311991922}, "bleedDamage": {"1": 0.0, "2": 0.0, "3": 0.0, "4": 0.0}}