{"deaths": 5959, "totalAttacks": 600006, "damagingAttacks": 538903.5, "damageDone": {"1": 163534.07886668184, "2": 191160.48841434877, "3": 228653.4728003463, "4": 276013.0320247961}, "bleedDamage": {"1": 0.0, "2": 0.0, "3": 0.0, "4": 0.0}}