{"deaths": 5959, "totalAttacks": 1000010, "damagingAttacks": 1510390.75, "damageDone": {"1": 1744244.0937000911, "2": 1744244.0937000911, "3": 1744244.0937000911, "4": 1744244.0937000911}, "bleedDamage": {"1": 0.0, "2": 0.0, "3": 0.0, "4": 0.0}}