{"deaths": 5959, "totalAttacks": 500005, "damagingAttacks": 665993.875, "damageDone": {"1": 707267.0894002134, "2": 707267.0894002134, "3": 707267.0894002134, "4": 707267.0894002134}, "bleedDamage": {"1": 0.0, "2": 0.0, "3": 0.0, "4": 0.0}}