{"deaths": 5959, "totalAttacks": 700007, "damagingAttacks": 775532.625, "damageDone": {"1": 773533.0352834245, "2": 773533.0352834245, "3": 773533.0352834245, "4": 773533.0352834245}, "bleedDamage": {"1": 0.0, "2": 0.0, "3": 0.0, "4": 0.0}}