{"deaths": 5959, "totalAttacks": 527112, "damagingAttacks": 847714.5, "damageDone": {"1": 306318.1829998978, "2": 306318.1829998978, "3": 306318.1829998978, "4": 306318.1829998978}, "bleedDamage": {"1": 0.0, "2": 0.0, "3": 0.0, "4": 0.0}}