{"deaths": 5959, "totalAttacks": 1000010, "damagingAttacks": 1427105.0, "damageDone": {"1": 1333135.5609998968, "2": 1333135.5609998968, "3": 1333135.5609998968, "4": 1333135.5609998968}, "bleedDamage": {"1": 0.0, "2": 0.0, "3": 0.0, "4": 0.0}}