{"deaths": 5959, "totalAttacks": 600006, "damagingAttacks": 781380.0, "damageDone": {"1": 436787.500966809, "2": 521798.5113834584, "3": 628062.2744041147, "4": 755578.7900289613}, "bleedDamage": {"1": 0.0, "2": 0.0, "3": 0.0, "4": 0.0}}