{"deaths": 5959, "totalAttacks": 900009, "damagingAttacks": 1458579.75, "damageDone": {"1": 1698199.6751990528, "2": 1778962.0189503436, "3": 1879914.9486368068, "4": 2001058.4642617523}, "bleedDamage": {"1": 0.0, "2": 0.0, "3": 0.0, "4": 0.0}}