{"deaths": 5959, "totalAttacks": 500005, "damagingAttacks": 584825.625, "damageDone": {"1": 217361.38590003146, "2": 268805.01133323956, "3": 333109.5431249968, "4": 410274.98127487197}, "bleedDamage": {"1": 0.0, "2": 0.0, "3": 0.0, "4": 0.0}}