{"deaths": 5959, "totalAttacks": 500005, "damagingAttacks": 714279.625, "damageDone": {"1": 145130.49654990833, "2": 145130.49654990833, "3": 145130.49654990833, "4": 145130.49654990833}, "bleedDamage": {"1": 0.0, "2": 0.0, "3": 0.0, "4": 0.0}}