{"deaths": 5959, "totalAttacks": 500005, "damagingAttacks": 679707.625, "damageDone": {"1": 488606.8798169326, "2": 488606.8798169326, "3": 488606.8798169326, "4": 488606.8798169326}, "bleedDamage": {"1": 0.0, "2": 0.0, "3": 0.0, "4": 0.0}}