{"deaths": 5959, "totalAttacks": 658890, "damagingAttacks": 974036.25, "damageDone": {"1": 358962.7831997924, "2": 445497.1881664454, "3": 553665.1943751457, "4": 683466.801825167}, "bleedDamage": {"1": 0.0, "2": 0.0, "3": 0.0, "4": 0.0}}