{"deaths": 5959, "totalAttacks": 400004, "damagingAttacks": 559065.25, "damageDone": {"1": 305132.88431665394, "2": 305132.88431665394, "3": 305132.88431665394, "4": 305132.88431665394}, "bleedDamage": {"1": 0.0, "2": 0.0, "3": 0.0, "4": 0.0}}