{"deaths": 5959, "totalAttacks": 1000010, "damagingAttacks": 1690320.0, "damageDone": {"1": 1906771.9058002916, "2": 1906771.9058002916, "3": 1906771.9058002916, "4": 1906771.9058002916}, "bleedDamage": {"1": 0.0, "2": 0.0, "3": 0.0, "4": 0.0}}