{"deaths": 5959, "totalAttacks": 500005, "damagingAttacks": 720577.5, "damageDone": {"1": 534295.8005999407, "2": 534295.8005999407, "3": 534295.8005999407, "4": 534295.8005999407}, "bleedDamage": {"1": 0.0, "2": 0.0, "3": 0.0, "4": 0.0}}