{"deaths": 5959, "totalAttacks": 600006, "damagingAttacks": 788404.5, "damageDone": {"1": 305903.8717000123, "2": 305903.8717000123, "3": 305903.8717000123, "4": 305903.8717000123}, "bleedDamage": {"1": 0.0, "2": 0.0, "3": 0.0, "4": 0.0}}