{"deaths": 5959, "totalAttacks": 500005, "damagingAttacks": 714279.625, "damageDone": {"1": 281401.1834832232, "2": 281401.1834832232, "3": 281401.1834832232, "4": 281401.1834832232}, "bleedDamage": {"1": 0.0, "2": 0.0, "3": 0.0, "4": 0.0}}