{"deaths": 5959, "totalAttacks": 500005, "damagingAttacks": 693691.25, "damageDone": {"1": 626820.7886504512, "2": 701257.8615662577, "3": 794304.2027129143, "4": 905959.8120877475}, "bleedDamage": {"1": 0.0, "2": 0.0, "3": 0.0, "4": 0.0}}