{"deaths": 5959, "totalAttacks": 600006, "damagingAttacks": 650418.0, "damageDone": {"1": 371824.62170004734, "2": 440440.0383667598, "3": 526209.3092001824, "4": 629132.4342002268}, "bleedDamage": {"1": 0.0, "2": 0.0, "3": 0.0, "4": 0.0}}