{"deaths": {"1": 629, "2": 1199, "3": 2364}, "totalAttacks": {"1": 128744.0, "2": 44688.0, "3": 60788.0}, "damagingAttacks": {"1": 79530.5, "2": 28108.5, "3": 22809.9375}, "damageDone": {"1": {"1": 101521.01019999475, "2": 23221.621066666645, "3": 19648.902633333117}, "2": {"1": 120179.90525000893, "2": 27638.648866666594, "3": 23349.408258334035}, "3": {"1": 143503.5240625184, "2": 33159.93361666709, "3": 27975.040289584227}, "4": {"1": 171491.8666374725, "2": 39785.47531666669, "3": 33525.79872708302}}, "bleedDamage": {"1": {"1": 0.0, "2": 0.0, "3": 0.0}, "2": {"1": 0.0, "2": 0.0, "3": 0.0}, "3": {"1": 0.0, "2": 0.0, "3": 0.0}, "4": {"1": 0.0, "2": 0.0, "3": 0.0}}}