{"deaths": 5959, "totalAttacks": 400004, "damagingAttacks": 467480.5, "damageDone": {"1": 350284.00926637737, "2": 350284.00926637737, "3": 350284.00926637737, "4": 350284.00926637737}, "bleedDamage": {"1": 0.0, "2": 0.0, "3": 0.0, "4": 0.0}}