{"deaths": {"1": 629, "2": 1199, "3": 2364}, "totalAttacks": {"1": 91960.0, "2": 31920.0, "3": 43420.0}, "damagingAttacks": {"1": 63122.0, "2": 21909.0, "3": 19864.1875}, "damageDone": {"1": {"1": 134426.3724999763, "2": 30053.524399999587, "3": 30665.55351666607}, "2": {"1": 150418.7787500088, "2": 33928.48273333299, "3": 35156.472787498504}, "3": {"1": 170409.286562483, "2": 38772.1806499999, "3": 40770.121876041965}, "4": {"1": 194397.89593748577, "2": 44584.61815000012, "3": 47506.50078229213}}, "bleedDamage": {"1": {"1": 0.0, "2": 0.0, "3": 0.0}, "2": {"1": 0.0, "2": 0.0, "3": 0.0}, "3": {"1": 0.0, "2": 0.0, "3": 0.0}, "4": {"1": 0.0, "2": 0.0, "3": 0.0}}}