{"deaths": 5959, "totalAttacks": 600006, "damagingAttacks": 701790.75, "damageDone": {"1": 749226.5164834077, "2": 849689.4487747878, "3": 975268.114139695, "4": 1125962.5125772539}, "bleedDamage": {"1": 0.0, "2": 0.0, "3": 0.0, "4": 0.0}}