{"deaths": {"1": 629, "2": 1199, "3": 2364}, "totalAttacks": {"1": 91960.0, "2": 31920.0, "3": 43420.0}, "damagingAttacks": {"1": 69436.5, "2": 23740.5, "3": 23435.5625}, "damageDone": {"1": {"1": 28524.439599998852, "2": 6240.4291999999805, "3": 7204.796566666855}, "2": {"1": 28524.439599998852, "2": 6240.4291999999805, "3": 7204.796566666855}, "3": {"1": 28524.439599998852, "2": 6240.4291999999805, "3": 7204.796566666855}, "4": {"1": 28524.439599998852, "2": 6240.4291999999805, "3": 7204.796566666855}}, "bleedDamage": {"1": {"1": 0.0, "2": 0.0, "3": 0.0}, "2": {"1": 0.0, "2": 0.0, "3": 0.0}, "3": {"1": 0.0, "2": 0.0, "3": 0.0}, "4": {"1": 0.0, "2": 0.0, "3": 0.0}}}