{"deaths": 3691, "totalAttacks": 8254224, "damagingAttacks": 13731876.0, "damageDone": {"1": 17829804.74173676, "2": 18663084.351080555, "3": 19704683.862785365, "4": 20954603.276822712}, "bleedDamage": {"1": 0.0, "2": 0.0, "3": 0.0, "4": 0.0}, "loadoutDamage": {}}