{"deaths": 5959, "totalAttacks": 600006, "damagingAttacks": 723854.25, "damageDone": {"1": 151814.99183335865, "2": 177313.4699166361, "3": 211918.54731540006, "4": 255630.22402974783}, "bleedDamage": {"1": 0.0, "2": 0.0, "3": 0.0, "4": 0.0}}