{"deaths": 5959, "totalAttacks": 5158890, "damagingAttacks": 6726094.125, "damageDone": {"1": 4198361.582633088, "2": 4872531.041530839, "3": 5715242.86518736, "4": 6726497.053538809}, "bleedDamage": {"1": 0.0, "2": 0.0, "3": 0.0, "4": 0.0}, "loadoutDamage": {}}