{"deaths": 5959, "totalAttacks": 600006, "damagingAttacks": 903467.0, "damageDone": {"1": 265553.8759668374, "2": 265553.8759668374, "3": 265553.8759668374, "4": 265553.8759668374}, "bleedDamage": {"1": 0.0, "2": 0.0, "3": 0.0, "4": 0.0}}