{"deaths": 5959, "totalAttacks": 900009, "damagingAttacks": 1345627.875, "damageDone": {"1": 1153777.6443332825, "2": 1189140.9776665526, "3": 1233345.144333306, "4": 1286390.1443333598}, "bleedDamage": {"1": 0.0, "2": 0.0, "3": 0.0, "4": 0.0}}