{"deaths": 5959, "totalAttacks": 6190668, "damagingAttacks": 7261278.75, "damageDone": {"1": 3959993.145107419, "2": 4574570.49460987, "3": 5342792.181491228, "4": 6264658.205771419}, "bleedDamage": {"1": 0.0, "2": 0.0, "3": 0.0, "4": 0.0}, "loadoutDamage": {}}