{"deaths": 5959, "totalAttacks": 600006, "damagingAttacks": 626363.25, "damageDone": {"1": 323621.1410333773, "2": 382981.3932583128, "3": 457181.7085396814, "4": 546222.0868772387}, "bleedDamage": {"1": 0.0, "2": 0.0, "3": 0.0, "4": 0.0}}