{"deaths": 5959, "totalAttacks": 400004, "damagingAttacks": 578887.0, "damageDone": {"1": 359744.83106653375, "2": 359744.83106653375, "3": 359744.83106653375, "4": 359744.83106653375}, "bleedDamage": {"1": 0.0, "2": 0.0, "3": 0.0, "4": 0.0}}