{"deaths": 5959, "totalAttacks": 658890, "damagingAttacks": 974036.25, "damageDone": {"1": 544809.717067098, "2": 668571.737899656, "3": 823274.2639419517, "4": 1008917.2951918208}, "bleedDamage": {"1": 0.0, "2": 0.0, "3": 0.0, "4": 0.0}}