{"deaths": 5959, "totalAttacks": 600006, "damagingAttacks": 832128.5, "damageDone": {"1": 442726.42136660626, "2": 442726.42136660626, "3": 442726.42136660626, "4": 442726.42136660626}, "bleedDamage": {"1": 0.0, "2": 0.0, "3": 0.0, "4": 0.0}}