{"deaths": 5959, "totalAttacks": 500005, "damagingAttacks": 542015.0, "damageDone": {"1": 234593.78836676973, "2": 283604.8002713595, "3": 350119.7449994677, "4": 434138.622550447}, "bleedDamage": {"1": 0.0, "2": 0.0, "3": 0.0, "4": 0.0}}