{"deaths": 5959, "totalAttacks": 500005, "damagingAttacks": 624005.75, "damageDone": {"1": 120577.98363335036, "2": 120577.98363335036, "3": 120577.98363335036, "4": 120577.98363335036}, "bleedDamage": {"1": 0.0, "2": 0.0, "3": 0.0, "4": 0.0}}