{"deaths": 5959, "totalAttacks": 600006, "damagingAttacks": 713823.0, "damageDone": {"1": 425996.24793351325, "2": 425996.24793351325, "3": 425996.24793351325, "4": 425996.24793351325}, "bleedDamage": {"1": 0.0, "2": 0.0, "3": 0.0, "4": 0.0}}