{"deaths": {"1": 629, "2": 1199, "3": 2364}, "totalAttacks": {"1": 110352.0, "2": 38304.0, "3": 52104.0}, "damagingAttacks": {"1": 68169.0, "2": 24093.0, "3": 19551.375}, "damageDone": {"1": {"1": 151865.53916665417, "2": 33825.19106666617, "3": 28847.188933332378}, "2": {"1": 172217.73708335258, "2": 38643.06606666523, "3": 32883.517058332145}, "3": {"1": 197657.98447915178, "2": 44665.409816665786, "3": 37928.92721458273}, "4": {"1": 228186.28135415577, "2": 51892.22231666546, "3": 43983.419402082494}}, "bleedDamage": {"1": {"1": 0.0, "2": 0.0, "3": 0.0}, "2": {"1": 0.0, "2": 0.0, "3": 0.0}, "3": {"1": 0.0, "2": 0.0, "3": 0.0}, "4": {"1": 0.0, "2": 0.0, "3": 0.0}}}