{"deaths": 5959, "totalAttacks": 700007, "damagingAttacks": 570339.875, "damageDone": {"1": 463795.0638668686, "2": 463795.0638668686, "3": 463795.0638668686, "4": 463795.0638668686}, "bleedDamage": {"1": 0.0, "2": 0.0, "3": 0.0, "4": 0.0}}