{"deaths": {"1": 629, "2": 1199, "3": 2364}, "totalAttacks": {"1": 147136.0, "2": 51072.0, "3": 69472.0}, "damagingAttacks": {"1": 135093.5, "2": 44944.5, "3": 51068.125}, "damageDone": {"1": {"1": 331993.56603333034, "2": 80918.49019999873, "3": 90325.33139999885}, "2": {"1": 342984.0645452315, "2": 83751.65984285693, "3": 92374.60595357144}, "3": {"1": 357899.74109711044, "2": 87596.67578673593, "3": 95155.76427627598}, "4": {"1": 376740.59568895074, "2": 92453.53803163288, "3": 98668.80636811355}}, "bleedDamage": {"1": {"1": 0.0, "2": 0.0, "3": 0.0}, "2": {"1": 0.0, "2": 0.0, "3": 0.0}, "3": {"1": 0.0, "2": 0.0, "3": 0.0}, "4": {"1": 0.0, "2": 0.0, "3": 0.0}}}