{"deaths": 5959, "totalAttacks": 600006, "damagingAttacks": 782801.25, "damageDone": {"1": 219520.921550041, "2": 265314.6290082899, "3": 327463.2319874476, "4": 405966.73048733117}, "bleedDamage": {"1": 0.0, "2": 0.0, "3": 0.0, "4": 0.0}}