{"deaths": 5959, "totalAttacks": 700007, "damagingAttacks": 844496.625, "damageDone": {"1": 491475.9257001249, "2": 491475.9257001249, "3": 491475.9257001249, "4": 491475.9257001249}, "bleedDamage": {"1": 0.0, "2": 0.0, "3": 0.0, "4": 0.0}}