{"deaths": 5959, "totalAttacks": 500005, "damagingAttacks": 720612.125, "damageDone": {"1": 338845.6573333777, "2": 338845.6573333777, "3": 338845.6573333777, "4": 338845.6573333777}, "bleedDamage": {"1": 0.0, "2": 0.0, "3": 0.0, "4": 0.0}}