{"deaths": 5959, "totalAttacks": 6190668, "damagingAttacks": 8611335.75, "damageDone": {"1": 3343582.0624997355, "2": 3343582.0624997355, "3": 3343582.0624997355, "4": 3343582.0624997355}, "bleedDamage": {"1": 0.0, "2": 0.0, "3": 0.0, "4": 0.0}, "loadoutDamage": {}}