{"deaths": 5959, "totalAttacks": 400004, "damagingAttacks": 581963.5, "damageDone": {"1": 153955.98233322473, "2": 190234.2041667005, "3": 235581.98145825838, "4": 289999.3142083107}, "bleedDamage": {"1": 0.0, "2": 0.0, "3": 0.0, "4": 0.0}}