{"deaths": 5959, "totalAttacks": 400004, "damagingAttacks": 467860.5, "damageDone": {"1": 192107.06890000828, "2": 244660.62544763627, "3": 315983.30933352985, "4": 406075.12055826676}, "bleedDamage": {"1": 0.0, "2": 0.0, "3": 0.0, "4": 0.0}}