{"deaths": 5959, "totalAttacks": 500005, "damagingAttacks": 652334.375, "damageDone": {"1": 228078.4010665771, "2": 283102.8409165382, "3": 351883.3907292092, "4": 434420.0505040694}, "bleedDamage": {"1": 0.0, "2": 0.0, "3": 0.0, "4": 0.0}}