{"deaths": 5959, "totalAttacks": 658890, "damagingAttacks": 974036.25, "damageDone": {"1": 424517.1337333541, "2": 518206.0087334541, "3": 635317.1024832389, "4": 775850.4149831872}, "bleedDamage": {"1": 0.0, "2": 0.0, "3": 0.0, "4": 0.0}}