{"deaths": 3691, "totalAttacks": 4127112, "damagingAttacks": 6190909.5, "damageDone": {"1": 2387111.64485732, "2": 2387111.64485732, "3": 2387111.64485732, "4": 2387111.64485732}, "bleedDamage": {"1": 0.0, "2": 0.0, "3": 0.0, "4": 0.0}, "loadoutDamage": {}}