{"deaths": 5959, "totalAttacks": 800008, "damagingAttacks": 1453537.0, "damageDone": {"1": 1850698.8242645827, "2": 1931744.7018710494, "3": 2033052.0488736264, "4": 2154620.86527965}, "bleedDamage": {"1": 0.0, "2": 0.0, "3": 0.0, "4": 0.0}}