{"deaths": 5959, "totalAttacks": 900009, "damagingAttacks": 1420573.5, "damageDone": {"1": 1526835.5520337226, "2": 1573233.072867091, "3": 1631229.9739086733, "4": 1700826.2551586793}, "bleedDamage": {"1": 0.0, "2": 0.0, "3": 0.0, "4": 0.0}}