{"deaths": 5959, "totalAttacks": 600006, "damagingAttacks": 576339.0, "damageDone": {"1": 233772.88526665053, "2": 278575.8895167192, "3": 334579.64482901955, "4": 401784.1512041218}, "bleedDamage": {"1": 0.0, "2": 0.0, "3": 0.0, "4": 0.0}}