{"deaths": 4356, "totalAttacks": 131778, "damagingAttacks": 256131.0, "damageDone": {"1": 147800.69993329435, "2": 253372.62845723276, "3": 434353.07735469064, "4": 690742.0466267111}, "bleedDamage": {"1": 0.0, "2": 0.0, "3": 0.0, "4": 0.0}}