{"deaths": 5959, "totalAttacks": 800008, "damagingAttacks": 1351627.0, "damageDone": {"1": 1227309.9359993222, "2": 1281056.3422501485, "3": 1348239.3500614953, "4": 1428858.959436357}, "bleedDamage": {"1": 0.0, "2": 0.0, "3": 0.0, "4": 0.0}}