{"deaths": 5959, "totalAttacks": 700007, "damagingAttacks": 758821.0, "damageDone": {"1": 397984.4828667894, "2": 472027.3996165581, "3": 564581.0455542026, "4": 675645.4206793935}, "bleedDamage": {"1": 0.0, "2": 0.0, "3": 0.0, "4": 0.0}}