{"deaths": 5959, "totalAttacks": 922446, "damagingAttacks": 1486298.25, "damageDone": {"1": 333696.1401332851, "2": 333696.1401332851, "3": 333696.1401332851, "4": 333696.1401332851}, "bleedDamage": {"1": 0.0, "2": 0.0, "3": 0.0, "4": 0.0}}