{"deaths": 3691, "totalAttacks": 3095334, "damagingAttacks": 3630639.375, "damageDone": {"1": 1108691.2001364662, "2": 1474072.943428544, "3": 1969948.1664737696, "4": 2596316.869263455}, "bleedDamage": {"1": 0.0, "2": 0.0, "3": 0.0, "4": 0.0}, "loadoutDamage": {}}