{"deaths": 5959, "totalAttacks": 500005, "damagingAttacks": 522241.375, "damageDone": {"1": 312475.90243336424, "2": 312475.90243336424, "3": 312475.90243336424, "4": 312475.90243336424}, "bleedDamage": {"1": 0.0, "2": 0.0, "3": 0.0, "4": 0.0}}