{"deaths": {"1": 629, "2": 1199, "3": 2364}, "totalAttacks": {"1": 110352.0, "2": 38304.0, "3": 52104.0}, "damagingAttacks": {"1": 68169.0, "2": 24093.0, "3": 19551.375}, "damageDone": {"1": {"1": 87257.15916666607, "2": 21176.53653333319, "3": 16110.978466666487}, "2": {"1": 102643.85708332877, "2": 25142.97403333334, "3": 18979.96284166625}, "3": {"1": 121877.2294791665, "2": 30101.02090833325, "3": 22566.1933104164}, "4": {"1": 144957.27635416514, "2": 36050.677158332954, "3": 26869.66987291652}}, "bleedDamage": {"1": {"1": 0.0, "2": 0.0, "3": 0.0}, "2": {"1": 0.0, "2": 0.0, "3": 0.0}, "3": {"1": 0.0, "2": 0.0, "3": 0.0}, "4": {"1": 0.0, "2": 0.0, "3": 0.0}}}