{"deaths": 3691, "totalAttacks": 3095334, "damagingAttacks": 3630639.375, "damageDone": {"1": 1744436.363597663, "2": 2188677.475946594, "3": 2791576.128430264, "4": 3553132.3210255452}, "bleedDamage": {"1": 0.0, "2": 0.0, "3": 0.0, "4": 0.0}, "loadoutDamage": {}}