{"deaths": 5959, "totalAttacks": 400004, "damagingAttacks": 578132.0, "damageDone": {"1": 265910.97300015384, "2": 324647.4938334152, "3": 398068.14487507596, "4": 486172.9261250464}, "bleedDamage": {"1": 0.0, "2": 0.0, "3": 0.0, "4": 0.0}}