{"deaths": 5959, "totalAttacks": 700007, "damagingAttacks": 1033697.0, "damageDone": {"1": 241885.37013351073, "2": 241885.37013351073, "3": 241885.37013351073, "4": 241885.37013351073}, "bleedDamage": {"1": 0.0, "2": 0.0, "3": 0.0, "4": 0.0}}