{"deaths": 5959, "totalAttacks": 790668, "damagingAttacks": 1237329.0, "damageDone": {"1": 498798.8268664746, "2": 498798.8268664746, "3": 498798.8268664746, "4": 498798.8268664746}, "bleedDamage": {"1": 0.0, "2": 0.0, "3": 0.0, "4": 0.0}}