{"deaths": 4356, "totalAttacks": 100001, "damagingAttacks": 187208.25, "damageDone": {"1": 92677.46720000319, "2": 158875.65805729275, "3": 272358.2709551248, "4": 433125.30589348724}, "bleedDamage": {"1": 0.0, "2": 0.0, "3": 0.0, "4": 0.0}}