{"deaths": 5959, "totalAttacks": 1000010, "damagingAttacks": 1698520.25, "damageDone": {"1": 1752163.1172008135, "2": 1752163.1172008135, "3": 1752163.1172008135, "4": 1752163.1172008135}, "bleedDamage": {"1": 0.0, "2": 0.0, "3": 0.0, "4": 0.0}}