{"deaths": 5959, "totalAttacks": 500005, "damagingAttacks": 603211.875, "damageDone": {"1": 308467.41556671093, "2": 378765.50410837535, "3": 466638.1147853015, "4": 572085.2475978907}, "bleedDamage": {"1": 0.0, "2": 0.0, "3": 0.0, "4": 0.0}}