{"deaths": {"1": 629, "2": 1199, "3": 2364}, "totalAttacks": {"1": 73568.0, "2": 25536.0, "3": 34736.0}, "damagingAttacks": {"1": 51760.5, "2": 17893.5, "3": 16605.625}, "damageDone": {"1": {"1": 38480.16919999649, "2": 9239.752533333383, "3": 10569.563149999636}, "2": {"1": 47512.68024999816, "2": 11428.32900000034, "3": 13106.034354166804}, "3": {"1": 58803.3190625005, "2": 14164.049583333466, "3": 16276.623359374647}, "4": {"1": 72352.08563750653, "2": 17446.914283333288, "3": 20081.330165625535}}, "bleedDamage": {"1": {"1": 0.0, "2": 0.0, "3": 0.0}, "2": {"1": 0.0, "2": 0.0, "3": 0.0}, "3": {"1": 0.0, "2": 0.0, "3": 0.0}, "4": {"1": 0.0, "2": 0.0, "3": 0.0}}}