{"deaths": 5959, "totalAttacks": 500005, "damagingAttacks": 584825.625, "damageDone": {"1": 494524.7456501369, "2": 547078.3021977277, "3": 618400.9860834747, "4": 708492.7973081467}, "bleedDamage": {"1": 0.0, "2": 0.0, "3": 0.0, "4": 0.0}}