{"deaths": 5959, "totalAttacks": 4127112, "damagingAttacks": 6190909.5, "damageDone": {"1": 1637282.1119335974, "2": 1637282.1119335974, "3": 1637282.1119335974, "4": 1637282.1119335974}, "bleedDamage": {"1": 0.0, "2": 0.0, "3": 0.0, "4": 0.0}, "loadoutDamage": {}}