{"deaths": 5959, "totalAttacks": 800008, "damagingAttacks": 1350176.75, "damageDone": {"1": 1512381.13353358, "2": 1561392.1454380753, "3": 1627907.0901649345, "4": 1711925.967717734}, "bleedDamage": {"1": 0.0, "2": 0.0, "3": 0.0, "4": 0.0}}