{"deaths": 5959, "totalAttacks": 400004, "damagingAttacks": 521867.5, "damageDone": {"1": 184782.52508337193, "2": 239717.39487496493, "3": 314271.86102075514, "4": 408445.923520713}, "bleedDamage": {"1": 0.0, "2": 0.0, "3": 0.0, "4": 0.0}}