{"deaths": 5959, "totalAttacks": 800008, "damagingAttacks": 1493851.0, "damageDone": {"1": 1341260.2005325987, "2": 1399996.7213667922, "3": 1473417.3724076045, "4": 1561522.1536576543}, "bleedDamage": {"1": 0.0, "2": 0.0, "3": 0.0, "4": 0.0}}