{"deaths": 5959, "totalAttacks": 400004, "damagingAttacks": 446728.75, "damageDone": {"1": 314066.98843316437, "2": 385276.5040582523, "3": 474288.398589412, "4": 581102.672026818}, "bleedDamage": {"1": 0.0, "2": 0.0, "3": 0.0, "4": 0.0}}