{"deaths": 5959, "totalAttacks": 800008, "damagingAttacks": 1437078.5, "damageDone": {"1": 1511982.6557997316, "2": 1551248.905799456, "3": 1604538.8165138217, "4": 1671852.3879430923}, "bleedDamage": {"1": 0.0, "2": 0.0, "3": 0.0, "4": 0.0}}