{"deaths": 5959, "totalAttacks": 500005, "damagingAttacks": 773237.0, "damageDone": {"1": 203121.6252665934, "2": 203121.6252665934, "3": 203121.6252665934, "4": 203121.6252665934}, "bleedDamage": {"1": 0.0, "2": 0.0, "3": 0.0, "4": 0.0}}