{"deaths": 5959, "totalAttacks": 600006, "damagingAttacks": 488862.75, "damageDone": {"1": 242960.75660011152, "2": 290656.892016587, "3": 350277.06128753704, "4": 421821.26441248466}, "bleedDamage": {"1": 0.0, "2": 0.0, "3": 0.0, "4": 0.0}}