{"deaths": 5959, "totalAttacks": 4127112, "damagingAttacks": 5677113.75, "damageDone": {"1": 4465578.209380643, "2": 4465578.209380643, "3": 4465578.209380643, "4": 4465578.209380643}, "bleedDamage": {"1": 0.0, "2": 0.0, "3": 0.0, "4": 0.0}, "loadoutDamage": {}}