{"deaths": 5959, "totalAttacks": 600006, "damagingAttacks": 782801.25, "damageDone": {"1": 676813.8896667564, "2": 676813.8896667564, "3": 676813.8896667564, "4": 676813.8896667564}, "bleedDamage": {"1": 0.0, "2": 0.0, "3": 0.0, "4": 0.0}}