{"deaths": 5959, "totalAttacks": 600006, "damagingAttacks": 664742.25, "damageDone": {"1": 420807.48738338606, "2": 420807.48738338606, "3": 420807.48738338606, "4": 420807.48738338606}, "bleedDamage": {"1": 0.0, "2": 0.0, "3": 0.0, "4": 0.0}}