{"deaths": 5959, "totalAttacks": 800008, "damagingAttacks": 718538.0, "damageDone": {"1": 466825.76673348085, "2": 466825.76673348085, "3": 466825.76673348085, "4": 466825.76673348085}, "bleedDamage": {"1": 0.0, "2": 0.0, "3": 0.0, "4": 0.0}}