{"deaths": 5959, "totalAttacks": 500005, "damagingAttacks": 553951.875, "damageDone": {"1": 176862.24100008863, "2": 218926.91416670263, "3": 271507.75562498637, "4": 334604.7653750788}, "bleedDamage": {"1": 0.0, "2": 0.0, "3": 0.0, "4": 0.0}}