{"deaths": 5959, "totalAttacks": 700007, "damagingAttacks": 844496.625, "damageDone": {"1": 338216.4035001134, "2": 402665.69107499986, "3": 483227.3005436972, "4": 579901.2319067509}, "bleedDamage": {"1": 0.0, "2": 0.0, "3": 0.0, "4": 0.0}}