{"deaths": 5959, "totalAttacks": 600006, "damagingAttacks": 759724.5, "damageDone": {"1": 514344.7001166785, "2": 612910.4188665929, "3": 736117.5673042692, "4": 883966.1454292521}, "bleedDamage": {"1": 0.0, "2": 0.0, "3": 0.0, "4": 0.0}}