{"deaths": 5959, "totalAttacks": 600006, "damagingAttacks": 650418.0, "damageDone": {"1": 462506.76523330074, "2": 462506.76523330074, "3": 462506.76523330074, "4": 462506.76523330074}, "bleedDamage": {"1": 0.0, "2": 0.0, "3": 0.0, "4": 0.0}}