{"deaths": 5959, "totalAttacks": 600006, "damagingAttacks": 664742.25, "damageDone": {"1": 198725.25526671798, "2": 234546.92038572524, "3": 283162.0373329805, "4": 344570.6061084759}, "bleedDamage": {"1": 0.0, "2": 0.0, "3": 0.0, "4": 0.0}}