{"deaths": 5959, "totalAttacks": 800008, "damagingAttacks": 1041840.0, "damageDone": {"1": 668672.688566576, "2": 668672.688566576, "3": 668672.688566576, "4": 668672.688566576}, "bleedDamage": {"1": 0.0, "2": 0.0, "3": 0.0, "4": 0.0}}