{"deaths": 5959, "totalAttacks": 500005, "damagingAttacks": 603211.875, "damageDone": {"1": 162551.9048667398, "2": 193140.29028324617, "3": 234653.0990630345, "4": 287090.33120603854}, "bleedDamage": {"1": 0.0, "2": 0.0, "3": 0.0, "4": 0.0}}