{"deaths": 5959, "totalAttacks": 600006, "damagingAttacks": 895330.25, "damageDone": {"1": 390405.9705002422, "2": 390405.9705002422, "3": 390405.9705002422, "4": 390405.9705002422}, "bleedDamage": {"1": 0.0, "2": 0.0, "3": 0.0, "4": 0.0}}