{"deaths": {"1": 629, "2": 1199, "3": 2364}, "totalAttacks": {"1": 183920.0, "2": 63840.0, "3": 86840.0}, "damagingAttacks": {"1": 157816.5, "2": 52975.5, "3": 57585.25}, "damageDone": {"1": {"1": 427350.73269995424, "2": 107573.3651999997, "3": 110586.58139999757}, "2": {"1": 427350.73269995424, "2": 107573.3651999997, "3": 110586.58139999757}, "3": {"1": 427350.73269995424, "2": 107573.3651999997, "3": 110586.58139999757}, "4": {"1": 427350.73269995424, "2": 107573.3651999997, "3": 110586.58139999757}}, "bleedDamage": {"1": {"1": 0.0, "2": 0.0, "3": 0.0}, "2": {"1": 0.0, "2": 0.0, "3": 0.0}, "3": {"1": 0.0, "2": 0.0, "3": 0.0}, "4": {"1": 0.0, "2": 0.0, "3": 0.0}}}