{"deaths": 5959, "totalAttacks": 600006, "damagingAttacks": 831244.75, "damageDone": {"1": 583818.8602339397, "2": 583818.8602339397, "3": 583818.8602339397, "4": 583818.8602339397}, "bleedDamage": {"1": 0.0, "2": 0.0, "3": 0.0, "4": 0.0}}