{"deaths": 5959, "totalAttacks": 700007, "damagingAttacks": 818755.875, "damageDone": {"1": 500971.6201667204, "2": 593076.0364919386, "3": 708206.5568975799, "4": 846363.1813859321}, "bleedDamage": {"1": 0.0, "2": 0.0, "3": 0.0, "4": 0.0}}