{"deaths": 2702, "totalAttacks": 1031778, "damagingAttacks": 1885241.625, "damageDone": {"1": 1684251.699394831, "2": 2887288.6275399094, "3": 4949637.647209979, "4": 7871298.758413481}, "bleedDamage": {"1": 0.0, "2": 0.0, "3": 0.0, "4": 0.0}, "loadoutDamage": {}}