{"deaths": 5959, "totalAttacks": 500005, "damagingAttacks": 611008.25, "damageDone": {"1": 558852.0305667599, "2": 631861.624316651, "3": 723123.6165043059, "4": 832638.0071293265}, "bleedDamage": {"1": 0.0, "2": 0.0, "3": 0.0, "4": 0.0}}