{"deaths": 5959, "totalAttacks": 600006, "damagingAttacks": 903467.0, "damageDone": {"1": 433926.404766585, "2": 433926.404766585, "3": 433926.404766585, "4": 433926.404766585}, "bleedDamage": {"1": 0.0, "2": 0.0, "3": 0.0, "4": 0.0}}