{"deaths": 5959, "totalAttacks": 500005, "damagingAttacks": 553951.875, "damageDone": {"1": 352404.4967000777, "2": 432160.17899178807, "3": 531854.781856453, "4": 651488.3052940507}, "bleedDamage": {"1": 0.0, "2": 0.0, "3": 0.0, "4": 0.0}}