{"deaths": {"1": 629, "2": 1199, "3": 2364}, "totalAttacks": {"1": 91960.0, "2": 31920.0, "3": 43420.0}, "damagingAttacks": {"1": 56807.5, "2": 20077.5, "3": 16292.8125}, "damageDone": {"1": {"1": 59271.152133345044, "2": 13960.07946666693, "3": 11712.48083333381}, "2": {"1": 73501.40891666606, "2": 17328.737666666824, "3": 14534.68145833361}, "3": {"1": 91289.22989581792, "2": 21539.56041666679, "3": 18062.432239582617}, "4": {"1": 112634.61507084739, "2": 26592.5477166672, "3": 22295.733177083934}}, "bleedDamage": {"1": {"1": 0.0, "2": 0.0, "3": 0.0}, "2": {"1": 0.0, "2": 0.0, "3": 0.0}, "3": {"1": 0.0, "2": 0.0, "3": 0.0}, "4": {"1": 0.0, "2": 0.0, "3": 0.0}}}