{"deaths": 5959, "totalAttacks": 500005, "damagingAttacks": 542015.0, "damageDone": {"1": 357580.29506671504, "2": 438342.6388167712, "3": 539295.568504244, "4": 660439.0841293142}, "bleedDamage": {"1": 0.0, "2": 0.0, "3": 0.0, "4": 0.0}}