{"deaths": {"1": 629, "2": 1199, "3": 2364}, "totalAttacks": {"1": 110352.0, "2": 38304.0, "3": 52104.0}, "damagingAttacks": {"1": 68169.0, "2": 24093.0, "3": 19551.375}, "damageDone": {"1": {"1": 107119.15916666861, "2": 24582.28653333377, "3": 20780.353466666482}, "2": {"1": 127471.35708333425, "2": 29400.161533333037, "3": 24816.681591666358}, "3": {"1": 152911.6044791737, "2": 35422.505283333754, "3": 29862.09174791641}, "4": {"1": 183439.90135417093, "2": 42649.31778333372, "3": 35916.583935416194}}, "bleedDamage": {"1": {"1": 0.0, "2": 0.0, "3": 0.0}, "2": {"1": 0.0, "2": 0.0, "3": 0.0}, "3": {"1": 0.0, "2": 0.0, "3": 0.0}, "4": {"1": 0.0, "2": 0.0, "3": 0.0}}}