{"deaths": 5959, "totalAttacks": 700007, "damagingAttacks": 818755.875, "damageDone": {"1": 737304.2627834565, "2": 737304.2627834565, "3": 737304.2627834565, "4": 737304.2627834565}, "bleedDamage": {"1": 0.0, "2": 0.0, "3": 0.0, "4": 0.0}}