{"deaths": 5959, "totalAttacks": 400004, "damagingAttacks": 440764.25, "damageDone": {"1": 278804.5973667394, "2": 278804.5973667394, "3": 278804.5973667394, "4": 278804.5973667394}, "bleedDamage": {"1": 0.0, "2": 0.0, "3": 0.0, "4": 0.0}}