{"deaths": 5959, "totalAttacks": 500005, "damagingAttacks": 764863.375, "damageDone": {"1": 93348.09073335763, "2": 93348.09073335763, "3": 93348.09073335763, "4": 93348.09073335763}, "bleedDamage": {"1": 0.0, "2": 0.0, "3": 0.0, "4": 0.0}}