{"deaths": 5959, "totalAttacks": 600006, "damagingAttacks": 781380.0, "damageDone": {"1": 542856.488100183, "2": 612291.6131001939, "3": 699085.5193504073, "4": 803238.2068504151}, "bleedDamage": {"1": 0.0, "2": 0.0, "3": 0.0, "4": 0.0}}