{"deaths": 5959, "totalAttacks": 500005, "damagingAttacks": 407385.625, "damageDone": {"1": 103673.47733336005, "2": 128399.520000042, "3": 159307.07333332024, "4": 196396.13733333547}, "bleedDamage": {"1": 0.0, "2": 0.0, "3": 0.0, "4": 0.0}}