{"deaths": {"1": 629, "2": 1199, "3": 2364}, "totalAttacks": {"1": 91960.0, "2": 31920.0, "3": 43420.0}, "damagingAttacks": {"1": 56807.5, "2": 20077.5, "3": 16292.8125}, "damageDone": {"1": {"1": 70665.27666666487, "2": 17749.2830666672, "3": 13119.809433333397}, "2": {"1": 86051.97458333189, "2": 21715.720566667034, "3": 15988.793808333348}, "3": {"1": 105285.34697916431, "2": 26673.767441667016, "3": 19575.024277083405}, "4": {"1": 128365.39385416526, "2": 32623.423691667187, "3": 23878.500839583434}}, "bleedDamage": {"1": {"1": 0.0, "2": 0.0, "3": 0.0}, "2": {"1": 0.0, "2": 0.0, "3": 0.0}, "3": {"1": 0.0, "2": 0.0, "3": 0.0}, "4": {"1": 0.0, "2": 0.0, "3": 0.0}}}