{"deaths": 5959, "totalAttacks": 400004, "damagingAttacks": 482569.5, "damageDone": {"1": 112922.54056664412, "2": 143510.92598329452, "3": 185023.73476306716, "4": 237460.96690588992}, "bleedDamage": {"1": 0.0, "2": 0.0, "3": 0.0, "4": 0.0}}