{"deaths": 5959, "totalAttacks": 700007, "damagingAttacks": 803640.25, "damageDone": {"1": 253025.22423342676, "2": 253025.22423342676, "3": 253025.22423342676, "4": 253025.22423342676}, "bleedDamage": {"1": 0.0, "2": 0.0, "3": 0.0, "4": 0.0}}