{"deaths": 5959, "totalAttacks": 900009, "damagingAttacks": 1684874.25, "damageDone": {"1": 1610537.1662148985, "2": 1610537.1662148985, "3": 1610537.1662148985, "4": 1610537.1662148985}, "bleedDamage": {"1": 0.0, "2": 0.0, "3": 0.0, "4": 0.0}}