{"deaths": 5959, "totalAttacks": 1186002, "damagingAttacks": 2182531.5, "damageDone": {"1": 2098633.4549317053, "2": 2222395.4757669787, "3": 2377098.0018065427, "4": 2562741.0330565562}, "bleedDamage": {"1": 0.0, "2": 0.0, "3": 0.0, "4": 0.0}}