{"deaths": 5959, "totalAttacks": 400004, "damagingAttacks": 559065.25, "damageDone": {"1": 238651.9361832593, "2": 238651.9361832593, "3": 238651.9361832593, "4": 238651.9361832593}, "bleedDamage": {"1": 0.0, "2": 0.0, "3": 0.0, "4": 0.0}}