{"deaths": 5959, "totalAttacks": 700007, "damagingAttacks": 775532.625, "damageDone": {"1": 609721.4750168346, "2": 609721.4750168346, "3": 609721.4750168346, "4": 609721.4750168346}, "bleedDamage": {"1": 0.0, "2": 0.0, "3": 0.0, "4": 0.0}}