{"deaths": 5959, "totalAttacks": 400004, "damagingAttacks": 590145.25, "damageDone": {"1": 282502.32716685446, "2": 282502.32716685446, "3": 282502.32716685446, "4": 282502.32716685446}, "bleedDamage": {"1": 0.0, "2": 0.0, "3": 0.0, "4": 0.0}}