{"deaths": 5959, "totalAttacks": 500005, "damagingAttacks": 449086.25, "damageDone": {"1": 137297.81459999792, "2": 169738.96116669165, "3": 210290.39437508985, "4": 258952.1142249919}, "bleedDamage": {"1": 0.0, "2": 0.0, "3": 0.0, "4": 0.0}}