{"deaths": 5959, "totalAttacks": 400004, "damagingAttacks": 325908.5, "damageDone": {"1": 89231.57653332273, "2": 114491.1003428234, "3": 148771.88265579753, "4": 192073.9234721274}, "bleedDamage": {"1": 0.0, "2": 0.0, "3": 0.0, "4": 0.0}}