{"deaths": 3691, "totalAttacks": 4127112, "damagingAttacks": 5515881.0, "damageDone": {"1": 4178113.2718687346, "2": 4868626.232799831, "3": 5731767.433961914, "4": 6767536.875366367}, "bleedDamage": {"1": 0.0, "2": 0.0, "3": 0.0, "4": 0.0}, "loadoutDamage": {}}