{"deaths": 5959, "totalAttacks": 400004, "damagingAttacks": 537722.5, "damageDone": {"1": 265382.4884833859, "2": 324909.3452542368, "3": 399317.9162177304, "4": 488608.20137385477}, "bleedDamage": {"1": 0.0, "2": 0.0, "3": 0.0, "4": 0.0}}