{"deaths": 5959, "totalAttacks": 500005, "damagingAttacks": 449086.25, "damageDone": {"1": 214819.00926665732, "2": 261216.53010004215, "3": 319213.43114170985, "4": 388809.7123916976}, "bleedDamage": {"1": 0.0, "2": 0.0, "3": 0.0, "4": 0.0}}