{"deaths": 5959, "totalAttacks": 600006, "damagingAttacks": 603718.5, "damageDone": {"1": 314860.5557667661, "2": 314860.5557667661, "3": 314860.5557667661, "4": 314860.5557667661}, "bleedDamage": {"1": 0.0, "2": 0.0, "3": 0.0, "4": 0.0}}