{"deaths": 5959, "totalAttacks": 500005, "damagingAttacks": 712193.5, "damageDone": {"1": 522043.9047666752, "2": 586275.8839333294, "3": 666565.8578919958, "4": 762913.8266421802}, "bleedDamage": {"1": 0.0, "2": 0.0, "3": 0.0, "4": 0.0}}