{"deaths": 5959, "totalAttacks": 600006, "damagingAttacks": 701790.75, "damageDone": {"1": 499696.26083330024, "2": 499696.26083330024, "3": 499696.26083330024, "4": 499696.26083330024}, "bleedDamage": {"1": 0.0, "2": 0.0, "3": 0.0, "4": 0.0}}