{"deaths": 5959, "totalAttacks": 800008, "damagingAttacks": 1406363.0, "damageDone": {"1": 1359307.6797319225, "2": 1418834.5365035813, "3": 1493243.107466273, "4": 1582533.392622649}, "bleedDamage": {"1": 0.0, "2": 0.0, "3": 0.0, "4": 0.0}}