{"deaths": 5959, "totalAttacks": 400004, "damagingAttacks": 590145.25, "damageDone": {"1": 217662.24956662295, "2": 217662.24956662295, "3": 217662.24956662295, "4": 217662.24956662295}, "bleedDamage": {"1": 0.0, "2": 0.0, "3": 0.0, "4": 0.0}}