{"deaths": 5959, "totalAttacks": 600006, "damagingAttacks": 719411.25, "damageDone": {"1": 345256.00526687916, "2": 406116.80261649675, "3": 482192.7993041215, "4": 573483.9953291002}, "bleedDamage": {"1": 0.0, "2": 0.0, "3": 0.0, "4": 0.0}}