{"deaths": 5959, "totalAttacks": 400004, "damagingAttacks": 443161.5, "damageDone": {"1": 153704.0591999635, "2": 196676.30622377223, "3": 254995.7843275456, "4": 328662.49351129896}, "bleedDamage": {"1": 0.0, "2": 0.0, "3": 0.0, "4": 0.0}}