{"deaths": 5959, "totalAttacks": 500005, "damagingAttacks": 641715.625, "damageDone": {"1": 397768.6208499623, "2": 397768.6208499623, "3": 397768.6208499623, "4": 397768.6208499623}, "bleedDamage": {"1": 0.0, "2": 0.0, "3": 0.0, "4": 0.0}}