{"deaths": 5959, "totalAttacks": 527112, "damagingAttacks": 840552.75, "damageDone": {"1": 205168.2269333414, "2": 253253.9928334925, "3": 313361.20020848163, "4": 385489.8490581726}, "bleedDamage": {"1": 0.0, "2": 0.0, "3": 0.0, "4": 0.0}}