{"deaths": 5959, "totalAttacks": 400004, "damagingAttacks": 521867.5, "damageDone": {"1": 94856.84215000836, "2": 125884.05660832953, "3": 167992.4190875702, "4": 221181.92958756298}, "bleedDamage": {"1": 0.0, "2": 0.0, "3": 0.0, "4": 0.0}}