{"deaths": 3691, "totalAttacks": 3095334, "damagingAttacks": 4466900.625, "damageDone": {"1": 3550078.030270939, "2": 3550078.030270939, "3": 3550078.030270939, "4": 3550078.030270939}, "bleedDamage": {"1": 0.0, "2": 0.0, "3": 0.0, "4": 0.0}, "loadoutDamage": {}}