{"deaths": 5959, "totalAttacks": 500005, "damagingAttacks": 542015.0, "damageDone": {"1": 234775.84466671981, "2": 291244.87541657314, "3": 361831.1638542336, "4": 446534.7099789583}, "bleedDamage": {"1": 0.0, "2": 0.0, "3": 0.0, "4": 0.0}}