{"deaths": 5959, "totalAttacks": 600006, "damagingAttacks": 782801.25, "damageDone": {"1": 402093.344833364, "2": 480789.6260834894, "3": 579159.9776459454, "4": 697204.3995209503}, "bleedDamage": {"1": 0.0, "2": 0.0, "3": 0.0, "4": 0.0}}