{"deaths": 5959, "totalAttacks": 500005, "damagingAttacks": 584825.625, "damageDone": {"1": 273910.47111673997, "2": 326464.02766426414, "3": 397786.7115503049, "4": 487878.5227750524}, "bleedDamage": {"1": 0.0, "2": 0.0, "3": 0.0, "4": 0.0}}