{"deaths": 5959, "totalAttacks": 800008, "damagingAttacks": 1462395.0, "damageDone": {"1": 1585589.5261319203, "2": 1655025.7266543799, "3": 1741820.977303469, "4": 1845975.278084534}, "bleedDamage": {"1": 0.0, "2": 0.0, "3": 0.0, "4": 0.0}}