{"deaths": {"1": 629, "2": 1199, "3": 2364}, "totalAttacks": {"1": 110352.0, "2": 38304.0, "3": 52104.0}, "damagingAttacks": {"1": 80798.0, "2": 27756.0, "3": 26694.125}, "damageDone": {"1": {"1": 72052.99249999199, "2": 15500.203200000142, "3": 16641.270133333244}, "2": {"1": 72052.99249999199, "2": 15500.203200000142, "3": 16641.270133333244}, "3": {"1": 72052.99249999199, "2": 15500.203200000142, "3": 16641.270133333244}, "4": {"1": 72052.99249999199, "2": 15500.203200000142, "3": 16641.270133333244}}, "bleedDamage": {"1": {"1": 0.0, "2": 0.0, "3": 0.0}, "2": {"1": 0.0, "2": 0.0, "3": 0.0}, "3": {"1": 0.0, "2": 0.0, "3": 0.0}, "4": {"1": 0.0, "2": 0.0, "3": 0.0}}}