{"deaths": 5959, "totalAttacks": 800008, "damagingAttacks": 1351210.0, "damageDone": {"1": 1206847.7318162783, "2": 1237436.1172336233, "3": 1278948.9260129135, "4": 1331386.1581563812}, "bleedDamage": {"1": 0.0, "2": 0.0, "3": 0.0, "4": 0.0}}