{"deaths": 5959, "totalAttacks": 400004, "damagingAttacks": 433612.0, "damageDone": {"1": 171761.75339995438, "2": 220772.76530472047, "3": 287287.7100326466, "4": 371306.58758371434}, "bleedDamage": {"1": 0.0, "2": 0.0, "3": 0.0, "4": 0.0}}