{"deaths": 5959, "totalAttacks": 500005, "damagingAttacks": 708598.875, "damageDone": {"1": 474205.72050024796, "2": 532942.2413332829, "3": 606362.8923751919, "4": 694467.6736250295}, "bleedDamage": {"1": 0.0, "2": 0.0, "3": 0.0, "4": 0.0}}