{"deaths": {"1": 629, "2": 1199, "3": 2364}, "totalAttacks": {"1": 91960.0, "2": 31920.0, "3": 43420.0}, "damagingAttacks": {"1": 69436.5, "2": 23740.5, "3": 23435.5625}, "damageDone": {"1": {"1": 55461.10999999604, "2": 12072.949733333147, "3": 13650.10110000025}, "2": {"1": 55461.10999999604, "2": 12072.949733333147, "3": 13650.10110000025}, "3": {"1": 55461.10999999604, "2": 12072.949733333147, "3": 13650.10110000025}, "4": {"1": 55461.10999999604, "2": 12072.949733333147, "3": 13650.10110000025}}, "bleedDamage": {"1": {"1": 0.0, "2": 0.0, "3": 0.0}, "2": {"1": 0.0, "2": 0.0, "3": 0.0}, "3": {"1": 0.0, "2": 0.0, "3": 0.0}, "4": {"1": 0.0, "2": 0.0, "3": 0.0}}}