{"deaths": 5959, "totalAttacks": 600006, "damagingAttacks": 650418.0, "damageDone": {"1": 589863.0305669119, "2": 670625.374316224, "3": 771578.3040043592, "4": 892721.819629344}, "bleedDamage": {"1": 0.0, "2": 0.0, "3": 0.0, "4": 0.0}}