{"deaths": 5959, "totalAttacks": 800008, "damagingAttacks": 1419170.0, "damageDone": {"1": 1667188.6751987028, "2": 1740198.2689502973, "3": 1831460.261136046, "4": 1940974.651760932}, "bleedDamage": {"1": 0.0, "2": 0.0, "3": 0.0, "4": 0.0}}