{"deaths": 5959, "totalAttacks": 500005, "damagingAttacks": 584825.625, "damageDone": {"1": 292561.6131999214, "2": 362805.29545802105, "3": 450609.8982814998, "4": 555975.4216684728}, "bleedDamage": {"1": 0.0, "2": 0.0, "3": 0.0, "4": 0.0}}