{"deaths": 5959, "totalAttacks": 4127112, "damagingAttacks": 4840852.5, "damageDone": {"1": 3083456.653235546, "2": 3832915.236803126, "3": 4769738.466299532, "4": 5893926.341647745}, "bleedDamage": {"1": 0.0, "2": 0.0, "3": 0.0, "4": 0.0}, "loadoutDamage": {}}