{"deaths": {"1": 629, "2": 1199, "3": 2364}, "totalAttacks": {"1": 73568.0, "2": 25536.0, "3": 34736.0}, "damagingAttacks": {"1": 52457.0, "2": 18369.5, "3": 18159.375}, "damageDone": {"1": {"1": 75453.46416666944, "2": 19293.866400000123, "3": 24362.090683333572}, "2": {"1": 75453.46416666944, "2": 19293.866400000123, "3": 24362.090683333572}, "3": {"1": 75453.46416666944, "2": 19293.866400000123, "3": 24362.090683333572}, "4": {"1": 75453.46416666944, "2": 19293.866400000123, "3": 24362.090683333572}}, "bleedDamage": {"1": {"1": 0.0, "2": 0.0, "3": 0.0}, "2": {"1": 0.0, "2": 0.0, "3": 0.0}, "3": {"1": 0.0, "2": 0.0, "3": 0.0}, "4": {"1": 0.0, "2": 0.0, "3": 0.0}}}