{"deaths": 5959, "totalAttacks": 600006, "damagingAttacks": 880899.5, "damageDone": {"1": 328581.8355333067, "2": 328581.8355333067, "3": 328581.8355333067, "4": 328581.8355333067}, "bleedDamage": {"1": 0.0, "2": 0.0, "3": 0.0, "4": 0.0}}