{"deaths": 5959, "totalAttacks": 400004, "damagingAttacks": 567070.5, "damageDone": {"1": 179144.63596677713, "2": 221186.69475006466, "3": 273739.26822925045, "4": 336802.35640405497}, "bleedDamage": {"1": 0.0, "2": 0.0, "3": 0.0, "4": 0.0}}