{"deaths": 5959, "totalAttacks": 500005, "damagingAttacks": 449086.25, "damageDone": {"1": 318641.22710005695, "2": 351782.3134095248, "3": 396759.5019724073, "4": 453572.79278887186}, "bleedDamage": {"1": 0.0, "2": 0.0, "3": 0.0, "4": 0.0}}