{"deaths": 5959, "totalAttacks": 500005, "damagingAttacks": 407385.625, "damageDone": {"1": 213710.48053333082, "2": 238970.00434281642, "3": 273250.78665579867, "4": 316552.8274721224}, "bleedDamage": {"1": 0.0, "2": 0.0, "3": 0.0, "4": 0.0}}