{"deaths": 5959, "totalAttacks": 600006, "damagingAttacks": 834160.25, "damageDone": {"1": 369430.5152334991, "2": 369430.5152334991, "3": 369430.5152334991, "4": 369430.5152334991}, "bleedDamage": {"1": 0.0, "2": 0.0, "3": 0.0, "4": 0.0}}