{"deaths": 5959, "totalAttacks": 500005, "damagingAttacks": 651150.0, "damageDone": {"1": 374355.2502664752, "2": 459366.2606834127, "3": 565630.0237040591, "4": 693146.5393293675}, "bleedDamage": {"1": 0.0, "2": 0.0, "3": 0.0, "4": 0.0}}