{"deaths": 5959, "totalAttacks": 500005, "damagingAttacks": 679707.625, "damageDone": {"1": 354762.24861664977, "2": 354762.24861664977, "3": 354762.24861664977, "4": 354762.24861664977}, "bleedDamage": {"1": 0.0, "2": 0.0, "3": 0.0, "4": 0.0}}