{"deaths": 5959, "totalAttacks": 500005, "damagingAttacks": 658364.875, "damageDone": {"1": 315011.8527833131, "2": 374538.70955421746, "3": 448947.2805176935, "4": 538237.5656740653}, "bleedDamage": {"1": 0.0, "2": 0.0, "3": 0.0, "4": 0.0}}