{"deaths": 5959, "totalAttacks": 500005, "damagingAttacks": 633103.75, "damageDone": {"1": 436851.31023335585, "2": 535417.0289835209, "3": 658624.1774209908, "4": 806472.7555459439}, "bleedDamage": {"1": 0.0, "2": 0.0, "3": 0.0, "4": 0.0}}