{"deaths": 5959, "totalAttacks": 500005, "damagingAttacks": 651150.0, "damageDone": {"1": 312051.70859990036, "2": 381486.83360002685, "3": 468280.73984998243, "4": 572433.427349964}, "bleedDamage": {"1": 0.0, "2": 0.0, "3": 0.0, "4": 0.0}}