{"deaths": 5959, "totalAttacks": 400004, "damagingAttacks": 502605.25, "damageDone": {"1": 326569.2950666314, "2": 399578.8888166849, "3": 490840.8810044423, "4": 600355.2716293653}, "bleedDamage": {"1": 0.0, "2": 0.0, "3": 0.0, "4": 0.0}}