{"deaths": {"1": 629, "2": 1199, "3": 2364}, "totalAttacks": {"1": 128744.0, "2": 44688.0, "3": 60788.0}, "damagingAttacks": {"1": 79530.5, "2": 28108.5, "3": 22809.9375}, "damageDone": {"1": {"1": 196587.30999999354, "2": 49141.441066666725, "3": 38701.09518333367}, "2": {"1": 196587.30999999354, "2": 49141.441066666725, "3": 38701.09518333367}, "3": {"1": 196587.30999999354, "2": 49141.441066666725, "3": 38701.09518333367}, "4": {"1": 196587.30999999354, "2": 49141.441066666725, "3": 38701.09518333367}}, "bleedDamage": {"1": {"1": 0.0, "2": 0.0, "3": 0.0}, "2": {"1": 0.0, "2": 0.0, "3": 0.0}, "3": {"1": 0.0, "2": 0.0, "3": 0.0}, "4": {"1": 0.0, "2": 0.0, "3": 0.0}}}