{"deaths": 5959, "totalAttacks": 700007, "damagingAttacks": 818755.875, "damageDone": {"1": 957918.5373167992, "2": 957918.5373167992, "3": 957918.5373167992, "4": 957918.5373167992}, "bleedDamage": {"1": 0.0, "2": 0.0, "3": 0.0, "4": 0.0}}