{"deaths": 5959, "totalAttacks": 500005, "damagingAttacks": 542015.0, "damageDone": {"1": 404044.4889001475, "2": 453055.50080468133, "3": 519570.44553264795, "4": 603589.3230836932}, "bleedDamage": {"1": 0.0, "2": 0.0, "3": 0.0, "4": 0.0}}