{"deaths": 5959, "totalAttacks": 700007, "damagingAttacks": 913268.125, "damageDone": {"1": 885108.6371669231, "2": 885108.6371669231, "3": 885108.6371669231, "4": 885108.6371669231}, "bleedDamage": {"1": 0.0, "2": 0.0, "3": 0.0, "4": 0.0}}