{"deaths": 5959, "totalAttacks": 600006, "damagingAttacks": 488862.75, "damageDone": {"1": 333768.3555333612, "2": 381464.49095022824, "3": 441084.66022089537, "4": 512628.86334592657}, "bleedDamage": {"1": 0.0, "2": 0.0, "3": 0.0, "4": 0.0}}