{"deaths": {"1": 629, "2": 1199, "3": 2364}, "totalAttacks": {"1": 91960.0, "2": 31920.0, "3": 43420.0}, "damagingAttacks": {"1": 56807.5, "2": 20077.5, "3": 16292.8125}, "damageDone": {"1": {"1": 101230.14333333258, "2": 22486.566066666677, "3": 18439.845183332884}, "2": {"1": 112220.64184523925, "2": 25319.735709523393, "3": 20489.119736904628}, "3": {"1": 127136.3183971065, "2": 29164.751653401043, "3": 23270.278059608663}, "4": {"1": 145977.17298893846, "2": 34021.61389829971, "3": 26783.32015144598}}, "bleedDamage": {"1": {"1": 0.0, "2": 0.0, "3": 0.0}, "2": {"1": 0.0, "2": 0.0, "3": 0.0}, "3": {"1": 0.0, "2": 0.0, "3": 0.0}, "4": {"1": 0.0, "2": 0.0, "3": 0.0}}}