{"deaths": 5959, "totalAttacks": 4127112, "damagingAttacks": 4840852.5, "damageDone": {"1": 2323125.483602397, "2": 2882501.274778325, "3": 3581721.0137468055, "4": 4420784.700513877}, "bleedDamage": {"1": 0.0, "2": 0.0, "3": 0.0, "4": 0.0}, "loadoutDamage": {}}