{"deaths": 5959, "totalAttacks": 700007, "damagingAttacks": 758821.0, "damageDone": {"1": 353439.271866663, "2": 416345.88586680836, "3": 494979.15336698183, "4": 589339.0743665744}, "bleedDamage": {"1": 0.0, "2": 0.0, "3": 0.0, "4": 0.0}}