{"deaths": 5959, "totalAttacks": 600006, "damagingAttacks": 880899.5, "damageDone": {"1": 537572.5074004341, "2": 537572.5074004341, "3": 537572.5074004341, "4": 537572.5074004341}, "bleedDamage": {"1": 0.0, "2": 0.0, "3": 0.0, "4": 0.0}}