{"deaths": 5959, "totalAttacks": 900009, "damagingAttacks": 1599374.5, "damageDone": {"1": 1487562.6739996062, "2": 1556997.7989997535, "3": 1643791.7052496707, "4": 1747944.3927496788}, "bleedDamage": {"1": 0.0, "2": 0.0, "3": 0.0, "4": 0.0}}