{"deaths": 5959, "totalAttacks": 900009, "damagingAttacks": 1645194.375, "damageDone": {"1": 1498795.2657154114, "2": 1498795.2657154114, "3": 1498795.2657154114, "4": 1498795.2657154114}, "bleedDamage": {"1": 0.0, "2": 0.0, "3": 0.0, "4": 0.0}}