{"deaths": 5959, "totalAttacks": 500005, "damagingAttacks": 680001.5, "damageDone": {"1": 243071.8367332099, "2": 243071.8367332099, "3": 243071.8367332099, "4": 243071.8367332099}, "bleedDamage": {"1": 0.0, "2": 0.0, "3": 0.0, "4": 0.0}}