{"deaths": 5959, "totalAttacks": 900009, "damagingAttacks": 1505775.125, "damageDone": {"1": 1928367.0430155187, "2": 2028829.9753080439, "3": 2154408.64067141, "4": 2305103.039108751}, "bleedDamage": {"1": 0.0, "2": 0.0, "3": 0.0, "4": 0.0}}