{"deaths": 5959, "totalAttacks": 7222446, "damagingAttacks": 13196691.375, "damageDone": {"1": 17258738.148036018, "2": 17949251.10885583, "3": 18812392.310101435, "4": 19848161.75149774}, "bleedDamage": {"1": 0.0, "2": 0.0, "3": 0.0, "4": 0.0}, "loadoutDamage": {}}