{"deaths": 5959, "totalAttacks": 800008, "damagingAttacks": 1043735.0, "damageDone": {"1": 701324.4494665052, "2": 701324.4494665052, "3": 701324.4494665052, "4": 701324.4494665052}, "bleedDamage": {"1": 0.0, "2": 0.0, "3": 0.0, "4": 0.0}}