{"deaths": 5959, "totalAttacks": 500005, "damagingAttacks": 553951.875, "damageDone": {"1": 231664.2405665355, "2": 287429.4136248637, "3": 357135.87994800153, "4": 440783.6395353104}, "bleedDamage": {"1": 0.0, "2": 0.0, "3": 0.0, "4": 0.0}}