{"deaths": 5959, "totalAttacks": 500005, "damagingAttacks": 553951.875, "damageDone": {"1": 378256.6707000981, "2": 421228.91772384825, "3": 479548.3958275961, "4": 553215.1050112258}, "bleedDamage": {"1": 0.0, "2": 0.0, "3": 0.0, "4": 0.0}}