{"deaths": 5959, "totalAttacks": 800008, "damagingAttacks": 1469978.25, "damageDone": {"1": 1886407.6159313805, "2": 1886407.6159313805, "3": 1886407.6159313805, "4": 1886407.6159313805}, "bleedDamage": {"1": 0.0, "2": 0.0, "3": 0.0, "4": 0.0}}