{"deaths": 5959, "totalAttacks": 500005, "damagingAttacks": 625960.875, "damageDone": {"1": 371867.6208500229, "2": 441303.821370953, "3": 528099.0720218996, "4": 632253.3728032269}, "bleedDamage": {"1": 0.0, "2": 0.0, "3": 0.0, "4": 0.0}}