{"deaths": {"1": 629, "2": 1199, "3": 2364}, "totalAttacks": {"1": 147136.0, "2": 51072.0, "3": 69472.0}, "damagingAttacks": {"1": 142104.5, "2": 47252.0, "3": 56193.25}, "damageDone": {"1": {"1": 367555.14936671866, "2": 90395.94853333187, "3": 107305.58139999949}, "2": {"1": 367555.14936671866, "2": 90395.94853333187, "3": 107305.58139999949}, "3": {"1": 367555.14936671866, "2": 90395.94853333187, "3": 107305.58139999949}, "4": {"1": 367555.14936671866, "2": 90395.94853333187, "3": 107305.58139999949}}, "bleedDamage": {"1": {"1": 0.0, "2": 0.0, "3": 0.0}, "2": {"1": 0.0, "2": 0.0, "3": 0.0}, "3": {"1": 0.0, "2": 0.0, "3": 0.0}, "4": {"1": 0.0, "2": 0.0, "3": 0.0}}}