{"deaths": 5959, "totalAttacks": 500005, "damagingAttacks": 557297.75, "damageDone": {"1": 403468.6013000416, "2": 403468.6013000416, "3": 403468.6013000416, "4": 403468.6013000416}, "bleedDamage": {"1": 0.0, "2": 0.0, "3": 0.0, "4": 0.0}}