{"deaths": 5959, "totalAttacks": 600006, "damagingAttacks": 782801.25, "damageDone": {"1": 394943.4906666383, "2": 471852.30837505066, "3": 567988.3305104322, "4": 683351.5570730307}, "bleedDamage": {"1": 0.0, "2": 0.0, "3": 0.0, "4": 0.0}}