{"deaths": 5959, "totalAttacks": 600006, "damagingAttacks": 664742.25, "damageDone": {"1": 334767.40210006514, "2": 394928.54793337896, "3": 470129.9802250541, "4": 560371.6989751133}, "bleedDamage": {"1": 0.0, "2": 0.0, "3": 0.0, "4": 0.0}}