{"deaths": 5959, "totalAttacks": 500005, "damagingAttacks": 407385.625, "damageDone": {"1": 122902.88160000916, "2": 148162.40540951153, "3": 182443.18772241814, "4": 225745.22853880635}, "bleedDamage": {"1": 0.0, "2": 0.0, "3": 0.0, "4": 0.0}}