{"deaths": 5959, "totalAttacks": 922446, "damagingAttacks": 1363650.75, "damageDone": {"1": 490295.7109331467, "2": 576189.6715331338, "3": 683557.1222835311, "4": 812398.0631833301}, "bleedDamage": {"1": 0.0, "2": 0.0, "3": 0.0, "4": 0.0}}