{"deaths": 5959, "totalAttacks": 5158890, "damagingAttacks": 6051065.625, "damageDone": {"1": 2716118.030511881, "2": 3149844.5603204966, "3": 3738473.422200676, "4": 4482004.616157985}, "bleedDamage": {"1": 0.0, "2": 0.0, "3": 0.0, "4": 0.0}, "loadoutDamage": {}}