{"deaths": 5959, "totalAttacks": 600006, "damagingAttacks": 842423.5, "damageDone": {"1": 315340.1181333378, "2": 368883.89596667077, "3": 435813.6182583347, "4": 516129.2850082275}, "bleedDamage": {"1": 0.0, "2": 0.0, "3": 0.0, "4": 0.0}}