{"deaths": 5959, "totalAttacks": 400004, "damagingAttacks": 443161.5, "damageDone": {"1": 76561.57866668991, "2": 100832.30378571113, "3": 133771.1450187352, "4": 175378.10236573877}, "bleedDamage": {"1": 0.0, "2": 0.0, "3": 0.0, "4": 0.0}}