{"deaths": 5959, "totalAttacks": 600006, "damagingAttacks": 759724.5, "damageDone": {"1": 547323.1852332442, "2": 547323.1852332442, "3": 547323.1852332442, "4": 547323.1852332442}, "bleedDamage": {"1": 0.0, "2": 0.0, "3": 0.0, "4": 0.0}}