{"deaths": 5959, "totalAttacks": 700007, "damagingAttacks": 775532.625, "damageDone": {"1": 390904.6310333329, "2": 464024.64055838797, "3": 555424.6524645482, "4": 665104.6667524766}, "bleedDamage": {"1": 0.0, "2": 0.0, "3": 0.0, "4": 0.0}}