{"deaths": 5959, "totalAttacks": 600006, "damagingAttacks": 650418.0, "damageDone": {"1": 420412.33003339387, "2": 501174.67378338537, "3": 602127.6034710279, "4": 723271.1190962777}, "bleedDamage": {"1": 0.0, "2": 0.0, "3": 0.0, "4": 0.0}}