{"deaths": 5959, "totalAttacks": 5158890, "damagingAttacks": 7401122.625, "damageDone": {"1": 3302611.823961109, "2": 3302611.823961109, "3": 3302611.823961109, "4": 3302611.823961109}, "bleedDamage": {"1": 0.0, "2": 0.0, "3": 0.0, "4": 0.0}, "loadoutDamage": {}}