{"deaths": 3691, "totalAttacks": 5158890, "damagingAttacks": 6051065.625, "damageDone": {"1": 5916486.342777059, "2": 5916486.342777059, "3": 5916486.342777059, "4": 5916486.342777059}, "bleedDamage": {"1": 0.0, "2": 0.0, "3": 0.0, "4": 0.0}, "loadoutDamage": {}}