{"deaths": 5959, "totalAttacks": 900009, "damagingAttacks": 1568053.375, "damageDone": {"1": 1421099.2421995134, "2": 1499795.5234501883, "3": 1598165.8750117496, "4": 1716210.296886711}, "bleedDamage": {"1": 0.0, "2": 0.0, "3": 0.0, "4": 0.0}}