{"deaths": 5959, "totalAttacks": 600006, "damagingAttacks": 820312.0, "damageDone": {"1": 373773.00146661716, "2": 435823.7454500706, "3": 513387.1754292912, "4": 606463.2914041753}, "bleedDamage": {"1": 0.0, "2": 0.0, "3": 0.0, "4": 0.0}}