{"deaths": 5959, "totalAttacks": 700007, "damagingAttacks": 628720.75, "damageDone": {"1": 628844.8104331192, "2": 628844.8104331192, "3": 628844.8104331192, "4": 628844.8104331192}, "bleedDamage": {"1": 0.0, "2": 0.0, "3": 0.0, "4": 0.0}}