{"deaths": 5959, "totalAttacks": 700007, "damagingAttacks": 818755.875, "damageDone": {"1": 402368.11846646125, "2": 469821.659366531, "3": 554138.5854917576, "4": 655318.8968417414}, "bleedDamage": {"1": 0.0, "2": 0.0, "3": 0.0, "4": 0.0}}