{"deaths": 5959, "totalAttacks": 500005, "damagingAttacks": 658364.875, "damageDone": {"1": 448856.4839836192, "2": 508383.34075415856, "3": 582791.9117181109, "4": 672082.1968742844}, "bleedDamage": {"1": 0.0, "2": 0.0, "3": 0.0, "4": 0.0}}