{"deaths": 5959, "totalAttacks": 500005, "damagingAttacks": 665993.875, "damageDone": {"1": 486652.81486657646, "2": 486652.81486657646, "3": 486652.81486657646, "4": 486652.81486657646}, "bleedDamage": {"1": 0.0, "2": 0.0, "3": 0.0, "4": 0.0}}