{"deaths": 5959, "totalAttacks": 658890, "damagingAttacks": 974036.25, "damageDone": {"1": 327685.0368668113, "2": 394605.6618666463, "3": 485426.5100807106, "4": 600147.5815096595}, "bleedDamage": {"1": 0.0, "2": 0.0, "3": 0.0, "4": 0.0}}