{"deaths": 5959, "totalAttacks": 7222446, "damagingAttacks": 12521662.875, "damageDone": {"1": 15740561.418780806, "2": 16184802.5311121, "3": 16787701.183611885, "4": 17549257.376196098}, "bleedDamage": {"1": 0.0, "2": 0.0, "3": 0.0, "4": 0.0}, "loadoutDamage": {}}