{"deaths": 5959, "totalAttacks": 600006, "damagingAttacks": 538903.5, "damageDone": {"1": 411436.2687666856, "2": 457833.78960007674, "3": 515830.6906417423, "4": 585426.9718917451}, "bleedDamage": {"1": 0.0, "2": 0.0, "3": 0.0, "4": 0.0}}