{"deaths": {"1": 629, "2": 1199, "3": 2364}, "totalAttacks": {"1": 128744.0, "2": 44688.0, "3": 60788.0}, "damagingAttacks": {"1": 79530.5, "2": 28108.5, "3": 22809.9375}, "damageDone": {"1": {"1": 83311.52860000363, "2": 20099.22946666695, "3": 15368.019633333362}, "2": {"1": 97418.05325000118, "2": 23735.65936666634, "3": 17998.304508332898}, "3": {"1": 115051.20906249035, "2": 28281.196741666226, "3": 21286.160602083375}, "4": {"1": 136210.99603750036, "2": 33735.84159166715, "3": 25231.587914583713}}, "bleedDamage": {"1": {"1": 0.0, "2": 0.0, "3": 0.0}, "2": {"1": 0.0, "2": 0.0, "3": 0.0}, "3": {"1": 0.0, "2": 0.0, "3": 0.0}, "4": {"1": 0.0, "2": 0.0, "3": 0.0}}}