{"deaths": 5959, "totalAttacks": 400004, "damagingAttacks": 567070.5, "damageDone": {"1": 340336.7268999679, "2": 414773.7998167267, "3": 507820.14096243883, "4": 619475.7503375068}, "bleedDamage": {"1": 0.0, "2": 0.0, "3": 0.0, "4": 0.0}}