{"deaths": 5959, "totalAttacks": 500005, "damagingAttacks": 536546.0, "damageDone": {"1": 367251.58046671085, "2": 438461.0960919202, "3": 527472.9906230271, "4": 634287.2640607173}, "bleedDamage": {"1": 0.0, "2": 0.0, "3": 0.0, "4": 0.0}}