{"deaths": 5959, "totalAttacks": 900009, "damagingAttacks": 1635229.125, "damageDone": {"1": 1762959.3867648274, "2": 1762959.3867648274, "3": 1762959.3867648274, "4": 1762959.3867648274}, "bleedDamage": {"1": 0.0, "2": 0.0, "3": 0.0, "4": 0.0}}