{"deaths": 5959, "totalAttacks": 800008, "damagingAttacks": 1497666.0, "damageDone": {"1": 1699785.4474648626, "2": 1774222.520383746, "3": 1867268.8615272923, "4": 1978924.470902209}, "bleedDamage": {"1": 0.0, "2": 0.0, "3": 0.0, "4": 0.0}}