{"deaths": 4356, "totalAttacks": 100001, "damagingAttacks": 186731.375, "damageDone": {"1": 118233.08458343985, "2": 202685.2878570895, "3": 347460.4934692457, "4": 552558.7014197531}, "bleedDamage": {"1": 0.0, "2": 0.0, "3": 0.0, "4": 0.0}}