{"deaths": 5959, "totalAttacks": 500005, "damagingAttacks": 705507.75, "damageDone": {"1": 437238.2209499682, "2": 437238.2209499682, "3": 437238.2209499682, "4": 437238.2209499682}, "bleedDamage": {"1": 0.0, "2": 0.0, "3": 0.0, "4": 0.0}}