{"deaths": 5959, "totalAttacks": 600006, "damagingAttacks": 663815.25, "damageDone": {"1": 191216.2982667856, "2": 191216.2982667856, "3": 191216.2982667856, "4": 191216.2982667856}, "bleedDamage": {"1": 0.0, "2": 0.0, "3": 0.0, "4": 0.0}}