{"deaths": 5959, "totalAttacks": 800008, "damagingAttacks": 1012966.0, "damageDone": {"1": 602308.8214000725, "2": 602308.8214000725, "3": 602308.8214000725, "4": 602308.8214000725}, "bleedDamage": {"1": 0.0, "2": 0.0, "3": 0.0, "4": 0.0}}