{"deaths": 5959, "totalAttacks": 658890, "damagingAttacks": 1035360.0, "damageDone": {"1": 480858.03686673625, "2": 565995.7243666141, "3": 672417.8337417895, "4": 800124.3649917591}, "bleedDamage": {"1": 0.0, "2": 0.0, "3": 0.0, "4": 0.0}}