{"deaths": 5959, "totalAttacks": 700007, "damagingAttacks": 913268.125, "damageDone": {"1": 373338.556966491, "2": 443848.5610414151, "3": 531986.0661352271, "4": 637751.0722478194}, "bleedDamage": {"1": 0.0, "2": 0.0, "3": 0.0, "4": 0.0}}