{"deaths": {"1": 629, "2": 1199, "3": 2364}, "totalAttacks": {"1": 91960.0, "2": 31920.0, "3": 43420.0}, "damagingAttacks": {"1": 56807.5, "2": 20077.5, "3": 16292.8125}, "damageDone": {"1": {"1": 45383.64173333617, "2": 11578.779066666613, "3": 8447.653833333321}, "2": {"1": 56142.02091666275, "2": 14352.112166666599, "3": 10453.647708333403}, "3": {"1": 69589.99489583053, "2": 17818.77854166665, "3": 12961.140052083136}, "4": {"1": 85727.56367084924, "2": 21978.778191666264, "3": 15970.130864583238}}, "bleedDamage": {"1": {"1": 0.0, "2": 0.0, "3": 0.0}, "2": {"1": 0.0, "2": 0.0, "3": 0.0}, "3": {"1": 0.0, "2": 0.0, "3": 0.0}, "4": {"1": 0.0, "2": 0.0, "3": 0.0}}}