{"deaths": 5959, "totalAttacks": 500005, "damagingAttacks": 712193.5, "damageDone": {"1": 353671.3759668155, "2": 417903.35513364075, "3": 498193.32909167686, "4": 594541.2978413989}, "bleedDamage": {"1": 0.0, "2": 0.0, "3": 0.0, "4": 0.0}}