{"deaths": 5959, "totalAttacks": 700007, "damagingAttacks": 919550.625, "damageDone": {"1": 257600.96446681806, "2": 257600.96446681806, "3": 257600.96446681806, "4": 257600.96446681806}, "bleedDamage": {"1": 0.0, "2": 0.0, "3": 0.0, "4": 0.0}}