{"deaths": 5959, "totalAttacks": 500005, "damagingAttacks": 611008.25, "damageDone": {"1": 389401.33003331756, "2": 462410.9237835528, "3": 553672.9159707297, "4": 663187.3065958275}, "bleedDamage": {"1": 0.0, "2": 0.0, "3": 0.0, "4": 0.0}}