{"deaths": 5959, "totalAttacks": 600006, "damagingAttacks": 736751.25, "damageDone": {"1": 329952.6599499423, "2": 387834.6767040846, "3": 460187.1976469639, "4": 547010.2227781654}, "bleedDamage": {"1": 0.0, "2": 0.0, "3": 0.0, "4": 0.0}}