{"deaths": 5959, "totalAttacks": 700007, "damagingAttacks": 844496.625, "damageDone": {"1": 237462.47099992487, "2": 276723.27545005764, "3": 325799.2810125856, "4": 384690.487687523}, "bleedDamage": {"1": 0.0, "2": 0.0, "3": 0.0, "4": 0.0}}