{"deaths": 5959, "totalAttacks": 400004, "damagingAttacks": 413384.75, "damageDone": {"1": 126193.18766659415, "2": 156549.15791673167, "3": 194494.1207291981, "4": 240028.0761042124}, "bleedDamage": {"1": 0.0, "2": 0.0, "3": 0.0, "4": 0.0}}