{"deaths": 5959, "totalAttacks": 500005, "damagingAttacks": 652334.375, "damageDone": {"1": 223079.22303339106, "2": 276853.86837502423, "3": 344072.1750520327, "4": 424734.1430646759}, "bleedDamage": {"1": 0.0, "2": 0.0, "3": 0.0, "4": 0.0}}