{"deaths": 5959, "totalAttacks": 500005, "damagingAttacks": 754278.75, "damageDone": {"1": 251088.4456499318, "2": 251088.4456499318, "3": 251088.4456499318, "4": 251088.4456499318}, "bleedDamage": {"1": 0.0, "2": 0.0, "3": 0.0, "4": 0.0}}