{"deaths": 5959, "totalAttacks": 600006, "damagingAttacks": 752506.0, "damageDone": {"1": 402070.39501653146, "2": 402070.39501653146, "3": 402070.39501653146, "4": 402070.39501653146}, "bleedDamage": {"1": 0.0, "2": 0.0, "3": 0.0, "4": 0.0}}