{"deaths": 5959, "totalAttacks": 790668, "damagingAttacks": 1168843.5, "damageDone": {"1": 882392.0712327193, "2": 882392.0712327193, "3": 882392.0712327193, "4": 882392.0712327193}, "bleedDamage": {"1": 0.0, "2": 0.0, "3": 0.0, "4": 0.0}}