{"deaths": 5959, "totalAttacks": 6190668, "damagingAttacks": 7261278.75, "damageDone": {"1": 7615760.0564992335, "2": 7615760.0564992335, "3": 7615760.0564992335, "4": 7615760.0564992335}, "bleedDamage": {"1": 0.0, "2": 0.0, "3": 0.0, "4": 0.0}, "loadoutDamage": {}}