{"deaths": {"1": 629, "2": 1199, "3": 2364}, "totalAttacks": {"1": 110352.0, "2": 38304.0, "3": 52104.0}, "damagingAttacks": {"1": 68169.0, "2": 24093.0, "3": 19551.375}, "damageDone": {"1": {"1": 52538.13276666339, "2": 12166.35446666664, "3": 9630.050883333257}, "2": {"1": 61699.812326191495, "2": 14528.084680952767, "3": 11338.326151190671}, "3": {"1": 74133.5202998353, "2": 17733.289971768852, "3": 13656.69972899686}, "4": {"1": 89839.25668758502, "2": 21781.970339115665, "3": 16585.171616751806}}, "bleedDamage": {"1": {"1": 0.0, "2": 0.0, "3": 0.0}, "2": {"1": 0.0, "2": 0.0, "3": 0.0}, "3": {"1": 0.0, "2": 0.0, "3": 0.0}, "4": {"1": 0.0, "2": 0.0, "3": 0.0}}}