{"deaths": 5959, "totalAttacks": 400004, "damagingAttacks": 359269.0, "damageDone": {"1": 122023.96760001153, "2": 155165.05390950543, "3": 200142.24247241675, "4": 256955.5332887447}, "bleedDamage": {"1": 0.0, "2": 0.0, "3": 0.0, "4": 0.0}}