{"deaths": 5959, "totalAttacks": 400004, "damagingAttacks": 578132.0, "damageDone": {"1": 140678.18953331443, "2": 173852.57650001146, "3": 215320.56020840703, "4": 265082.14065832295}, "bleedDamage": {"1": 0.0, "2": 0.0, "3": 0.0, "4": 0.0}}