{"deaths": 3691, "totalAttacks": 4127112, "damagingAttacks": 4840852.5, "damageDone": {"1": 3833679.6865353254, "2": 4666959.295882404, "3": 5708558.807601853, "4": 6958478.22165559}, "bleedDamage": {"1": 0.0, "2": 0.0, "3": 0.0, "4": 0.0}, "loadoutDamage": {}}