{"deaths": 5959, "totalAttacks": 400004, "damagingAttacks": 520920.0, "damageDone": {"1": 87277.01219999572, "2": 115289.1254857131, "3": 153305.56494492234, "4": 201326.33057764356}, "bleedDamage": {"1": 0.0, "2": 0.0, "3": 0.0, "4": 0.0}}