{"deaths": 5959, "totalAttacks": 700007, "damagingAttacks": 628720.75, "damageDone": {"1": 485412.1429670051, "2": 485412.1429670051, "3": 485412.1429670051, "4": 485412.1429670051}, "bleedDamage": {"1": 0.0, "2": 0.0, "3": 0.0, "4": 0.0}}