{"deaths": 5959, "totalAttacks": 600006, "damagingAttacks": 781380.0, "damageDone": {"1": 374483.95929993555, "2": 443919.08430013567, "3": 530712.9905500328, "4": 634865.6780500332}, "bleedDamage": {"1": 0.0, "2": 0.0, "3": 0.0, "4": 0.0}}