{"deaths": {"1": 629, "2": 1199, "3": 2364}, "totalAttacks": {"1": 165528.0, "2": 57456.0, "3": 78156.0}, "damagingAttacks": {"1": 146455.0, "2": 48960.0, "3": 54326.6875}, "damageDone": {"1": {"1": 362766.96186666045, "2": 88851.36519999968, "3": 96063.30014999957}, "2": {"1": 378153.65978334215, "2": 92817.80269999789, "3": 98932.28452499877}, "3": {"1": 397387.03217915597, "2": 97775.8495749995, "3": 102518.51499374949}, "4": {"1": 420467.0790541571, "2": 103725.50582499936, "3": 106821.99155624931}}, "bleedDamage": {"1": {"1": 0.0, "2": 0.0, "3": 0.0}, "2": {"1": 0.0, "2": 0.0, "3": 0.0}, "3": {"1": 0.0, "2": 0.0, "3": 0.0}, "4": {"1": 0.0, "2": 0.0, "3": 0.0}}}