{"deaths": 5959, "totalAttacks": 600006, "damagingAttacks": 759724.5, "damageDone": {"1": 548963.4969833165, "2": 603936.24698347, "3": 672652.1844830086, "4": 755111.3094830193}, "bleedDamage": {"1": 0.0, "2": 0.0, "3": 0.0, "4": 0.0}}