{"deaths": 5959, "totalAttacks": 700007, "damagingAttacks": 844496.625, "damageDone": {"1": 625320.5569001191, "2": 625320.5569001191, "3": 625320.5569001191, "4": 625320.5569001191}, "bleedDamage": {"1": 0.0, "2": 0.0, "3": 0.0, "4": 0.0}}