{"deaths": 5959, "totalAttacks": 600006, "damagingAttacks": 538903.5, "damageDone": {"1": 329717.195733302, "2": 329717.195733302, "3": 329717.195733302, "4": 329717.195733302}, "bleedDamage": {"1": 0.0, "2": 0.0, "3": 0.0, "4": 0.0}}