{"deaths": 5959, "totalAttacks": 500005, "damagingAttacks": 631197.5, "damageDone": {"1": 603649.4680666305, "2": 603649.4680666305, "3": 603649.4680666305, "4": 603649.4680666305}, "bleedDamage": {"1": 0.0, "2": 0.0, "3": 0.0, "4": 0.0}}