{"deaths": 5959, "totalAttacks": 6190668, "damagingAttacks": 7261278.75, "damageDone": {"1": 6831986.521835321, "2": 6831986.521835321, "3": 6831986.521835321, "4": 6831986.521835321}, "bleedDamage": {"1": 0.0, "2": 0.0, "3": 0.0, "4": 0.0}, "loadoutDamage": {}}