{"deaths": 5959, "totalAttacks": 5158890, "damagingAttacks": 6051065.625, "damageDone": {"1": 5138349.28012679, "2": 5138349.28012679, "3": 5138349.28012679, "4": 5138349.28012679}, "bleedDamage": {"1": 0.0, "2": 0.0, "3": 0.0, "4": 0.0}, "loadoutDamage": {}}