{"deaths": {"1": 629, "2": 1199, "3": 2364}, "totalAttacks": {"1": 110352.0, "2": 38304.0, "3": 52104.0}, "damagingAttacks": {"1": 75180.0, "2": 26400.5, "3": 24676.5}, "damageDone": {"1": {"1": 93220.4091666576, "2": 22963.843200000392, "3": 27565.09888333352}, "2": {"1": 93220.4091666576, "2": 22963.843200000392, "3": 27565.09888333352}, "3": {"1": 93220.4091666576, "2": 22963.843200000392, "3": 27565.09888333352}, "4": {"1": 93220.4091666576, "2": 22963.843200000392, "3": 27565.09888333352}}, "bleedDamage": {"1": {"1": 0.0, "2": 0.0, "3": 0.0}, "2": {"1": 0.0, "2": 0.0, "3": 0.0}, "3": {"1": 0.0, "2": 0.0, "3": 0.0}, "4": {"1": 0.0, "2": 0.0, "3": 0.0}}}