{"deaths": 5959, "totalAttacks": 500005, "damagingAttacks": 652334.375, "damageDone": {"1": 241125.8552500559, "2": 296060.72504169174, "3": 370615.19118747197, "4": 464789.2536875223}, "bleedDamage": {"1": 0.0, "2": 0.0, "3": 0.0, "4": 0.0}}