{"deaths": 5959, "totalAttacks": 600006, "damagingAttacks": 488862.75, "damageDone": {"1": 113518.61759998577, "2": 134574.95664761885, "3": 163151.4167836547, "4": 199247.99800818463}, "bleedDamage": {"1": 0.0, "2": 0.0, "3": 0.0, "4": 0.0}}