{"deaths": 3691, "totalAttacks": 8254224, "damagingAttacks": 13731876.0, "damageDone": {"1": 16984436.533381496, "2": 17606374.090641096, "3": 18383796.037270404, "4": 19316702.373203725}, "bleedDamage": {"1": 0.0, "2": 0.0, "3": 0.0, "4": 0.0}, "loadoutDamage": {}}