{"deaths": 5959, "totalAttacks": 600006, "damagingAttacks": 781380.0, "damageDone": {"1": 635145.1461001632, "2": 635145.1461001632, "3": 635145.1461001632, "4": 635145.1461001632}, "bleedDamage": {"1": 0.0, "2": 0.0, "3": 0.0, "4": 0.0}}