{"deaths": 5959, "totalAttacks": 922446, "damagingAttacks": 1363650.75, "damageDone": {"1": 972937.7243672502, "2": 972937.7243672502, "3": 972937.7243672502, "4": 972937.7243672502}, "bleedDamage": {"1": 0.0, "2": 0.0, "3": 0.0, "4": 0.0}}