{"deaths": 5959, "totalAttacks": 1000010, "damagingAttacks": 1566982.75, "damageDone": {"1": 1942537.3627001971, "2": 1942537.3627001971, "3": 1942537.3627001971, "4": 1942537.3627001971}, "bleedDamage": {"1": 0.0, "2": 0.0, "3": 0.0, "4": 0.0}}