{"deaths": 5959, "totalAttacks": 7222446, "damagingAttacks": 8471491.875, "damageDone": {"1": 6874879.648733259, "2": 6874879.648733259, "3": 6874879.648733259, "4": 6874879.648733259}, "bleedDamage": {"1": 0.0, "2": 0.0, "3": 0.0, "4": 0.0}, "loadoutDamage": {}}