{"deaths": 5959, "totalAttacks": 500005, "damagingAttacks": 603211.875, "damageDone": {"1": 126799.08986666144, "2": 156741.44858331504, "3": 194169.39697908948, "4": 239082.93505415958}, "bleedDamage": {"1": 0.0, "2": 0.0, "3": 0.0, "4": 0.0}}