{"deaths": 5959, "totalAttacks": 400004, "damagingAttacks": 530925.25, "damageDone": {"1": 261722.68894990714, "2": 261722.68894990714, "3": 261722.68894990714, "4": 261722.68894990714}, "bleedDamage": {"1": 0.0, "2": 0.0, "3": 0.0, "4": 0.0}}