{"deaths": 5959, "totalAttacks": 600006, "damagingAttacks": 723854.25, "damageDone": {"1": 358096.7798667121, "2": 428394.86840824614, "3": 516267.47908562224, "4": 621714.6118983978}, "bleedDamage": {"1": 0.0, "2": 0.0, "3": 0.0, "4": 0.0}}