{"deaths": 5959, "totalAttacks": 500005, "damagingAttacks": 652334.375, "damageDone": {"1": 338600.1605000543, "2": 415508.97820829356, "3": 511645.000343716, "4": 627008.2269060508}, "bleedDamage": {"1": 0.0, "2": 0.0, "3": 0.0, "4": 0.0}}