{"deaths": 5959, "totalAttacks": 600006, "damagingAttacks": 808760.25, "damageDone": {"1": 285073.3604333466, "2": 285073.3604333466, "3": 285073.3604333466, "4": 285073.3604333466}, "bleedDamage": {"1": 0.0, "2": 0.0, "3": 0.0, "4": 0.0}}