{"deaths": 5959, "totalAttacks": 790668, "damagingAttacks": 1291491.0, "damageDone": {"1": 364607.0368667289, "2": 364607.0368667289, "3": 364607.0368667289, "4": 364607.0368667289}, "bleedDamage": {"1": 0.0, "2": 0.0, "3": 0.0, "4": 0.0}}