{"deaths": 5959, "totalAttacks": 790668, "damagingAttacks": 1168843.5, "damageDone": {"1": 678485.4437665176, "2": 678485.4437665176, "3": 678485.4437665176, "4": 678485.4437665176}, "bleedDamage": {"1": 0.0, "2": 0.0, "3": 0.0, "4": 0.0}}