{"deaths": 5959, "totalAttacks": 800008, "damagingAttacks": 1469144.5, "damageDone": {"1": 1348692.423999782, "2": 1398288.9418571081, "3": 1465598.501806487, "4": 1550621.103846961}, "bleedDamage": {"1": 0.0, "2": 0.0, "3": 0.0, "4": 0.0}}