{"deaths": 5959, "totalAttacks": 500005, "damagingAttacks": 652334.375, "damageDone": {"1": 345750.0146667714, "2": 424446.29591668537, "3": 522816.64747923875, "4": 640861.0693542158}, "bleedDamage": {"1": 0.0, "2": 0.0, "3": 0.0, "4": 0.0}}