{"deaths": 5959, "totalAttacks": 500005, "damagingAttacks": 641715.625, "damageDone": {"1": 561580.1811170181, "2": 561580.1811170181, "3": 561580.1811170181, "4": 561580.1811170181}, "bleedDamage": {"1": 0.0, "2": 0.0, "3": 0.0, "4": 0.0}}