{"deaths": 5959, "totalAttacks": 400004, "damagingAttacks": 506483.0, "damageDone": {"1": 73073.61923335862, "2": 95251.1972333576, "3": 125349.33880478256, "4": 163368.04394767885}, "bleedDamage": {"1": 0.0, "2": 0.0, "3": 0.0, "4": 0.0}}