{"deaths": {"1": 629, "2": 1199, "3": 2364}, "totalAttacks": {"1": 110352.0, "2": 38304.0, "3": 52104.0}, "damagingAttacks": {"1": 68169.0, "2": 24093.0, "3": 19551.375}, "damageDone": {"1": {"1": 132003.5391666676, "2": 30419.441066666437, "3": 24177.813933333015}, "2": {"1": 147390.2370833205, "2": 34385.87856666652, "3": 27046.798308332935}, "3": {"1": 166623.60947916543, "2": 39343.92544166634, "3": 30633.02877708297}, "4": {"1": 189703.65635415947, "2": 45293.58169166611, "3": 34936.50533958314}}, "bleedDamage": {"1": {"1": 0.0, "2": 0.0, "3": 0.0}, "2": {"1": 0.0, "2": 0.0, "3": 0.0}, "3": {"1": 0.0, "2": 0.0, "3": 0.0}, "4": {"1": 0.0, "2": 0.0, "3": 0.0}}}