{"deaths": 5959, "totalAttacks": 700007, "damagingAttacks": 758821.0, "damageDone": {"1": 664750.0175337229, "2": 664750.0175337229, "3": 664750.0175337229, "4": 664750.0175337229}, "bleedDamage": {"1": 0.0, "2": 0.0, "3": 0.0, "4": 0.0}}