{"deaths": {"1": 629, "2": 1199, "3": 2364}, "totalAttacks": {"1": 128744.0, "2": 44688.0, "3": 60788.0}, "damagingAttacks": {"1": 92159.5, "2": 31771.5, "3": 29952.6875}, "damageDone": {"1": {"1": 65516.64219999826, "2": 14047.407599999955, "3": 14855.27276666653}, "2": {"1": 65516.64219999826, "2": 14047.407599999955, "3": 14855.27276666653}, "3": {"1": 65516.64219999826, "2": 14047.407599999955, "3": 14855.27276666653}, "4": {"1": 65516.64219999826, "2": 14047.407599999955, "3": 14855.27276666653}}, "bleedDamage": {"1": {"1": 0.0, "2": 0.0, "3": 0.0}, "2": {"1": 0.0, "2": 0.0, "3": 0.0}, "3": {"1": 0.0, "2": 0.0, "3": 0.0}, "4": {"1": 0.0, "2": 0.0, "3": 0.0}}}