{"deaths": 5959, "totalAttacks": 1054224, "damagingAttacks": 1558458.0, "damageDone": {"1": 933167.0710998788, "2": 933167.0710998788, "3": 933167.0710998788, "4": 933167.0710998788}, "bleedDamage": {"1": 0.0, "2": 0.0, "3": 0.0, "4": 0.0}}