{"deaths": 5959, "totalAttacks": 400004, "damagingAttacks": 590347.5, "damageDone": {"1": 233231.3866999454, "2": 233231.3866999454, "3": 233231.3866999454, "4": 233231.3866999454}, "bleedDamage": {"1": 0.0, "2": 0.0, "3": 0.0, "4": 0.0}}