{"deaths": 5959, "totalAttacks": 500005, "damagingAttacks": 407385.625, "damageDone": {"1": 209289.45153331017, "2": 256985.58695003562, "3": 316605.7562209329, "4": 388149.9593458938}, "bleedDamage": {"1": 0.0, "2": 0.0, "3": 0.0, "4": 0.0}}