{"deaths": 5959, "totalAttacks": 600006, "damagingAttacks": 650418.0, "damageDone": {"1": 216208.43853334174, "2": 257064.01805717224, "3": 312510.87598228204, "4": 382549.01230892446}, "bleedDamage": {"1": 0.0, "2": 0.0, "3": 0.0, "4": 0.0}}