{"deaths": 5959, "totalAttacks": 400004, "damagingAttacks": 590347.5, "damageDone": {"1": 303491.02110000147, "2": 303491.02110000147, "3": 303491.02110000147, "4": 303491.02110000147}, "bleedDamage": {"1": 0.0, "2": 0.0, "3": 0.0, "4": 0.0}}