{"deaths": 5959, "totalAttacks": 800008, "damagingAttacks": 965139.0, "damageDone": {"1": 471995.85400006105, "2": 471995.85400006105, "3": 471995.85400006105, "4": 471995.85400006105}, "bleedDamage": {"1": 0.0, "2": 0.0, "3": 0.0, "4": 0.0}}