{"deaths": 5959, "totalAttacks": 900009, "damagingAttacks": 1501176.375, "damageDone": {"1": 1548489.30738329, "2": 1608650.4532171604, "3": 1683851.8855082616, "4": 1774093.604258181}, "bleedDamage": {"1": 0.0, "2": 0.0, "3": 0.0, "4": 0.0}}