{"deaths": 4356, "totalAttacks": 100001, "damagingAttacks": 181692.125, "damageDone": {"1": 135515.60569999332, "2": 232312.46691439018, "3": 398249.94328132126, "4": 633328.0348015269}, "bleedDamage": {"1": 0.0, "2": 0.0, "3": 0.0, "4": 0.0}}