{"deaths": 5959, "totalAttacks": 1000010, "damagingAttacks": 1592494.75, "damageDone": {"1": 1535771.752649949, "2": 1535771.752649949, "3": 1535771.752649949, "4": 1535771.752649949}, "bleedDamage": {"1": 0.0, "2": 0.0, "3": 0.0, "4": 0.0}}