{"deaths": 5959, "totalAttacks": 500005, "damagingAttacks": 584825.625, "damageDone": {"1": 446808.8397331847, "2": 547271.7720248828, "3": 672850.4373897489, "4": 823544.8358274163}, "bleedDamage": {"1": 0.0, "2": 0.0, "3": 0.0, "4": 0.0}}