{"deaths": 5959, "totalAttacks": 600006, "damagingAttacks": 781380.0, "damageDone": {"1": 489189.80023330543, "2": 489189.80023330543, "3": 489189.80023330543, "4": 489189.80023330543}, "bleedDamage": {"1": 0.0, "2": 0.0, "3": 0.0, "4": 0.0}}