{"deaths": 5959, "totalAttacks": 500005, "damagingAttacks": 542015.0, "damageDone": {"1": 308992.58673333394, "2": 377608.0034000204, "3": 463377.2742333761, "4": 566300.399233317}, "bleedDamage": {"1": 0.0, "2": 0.0, "3": 0.0, "4": 0.0}}