{"deaths": 5959, "totalAttacks": 400004, "damagingAttacks": 549028.75, "damageDone": {"1": 311593.10718324623, "2": 311593.10718324623, "3": 311593.10718324623, "4": 311593.10718324623}, "bleedDamage": {"1": 0.0, "2": 0.0, "3": 0.0, "4": 0.0}}