{"deaths": 5959, "totalAttacks": 500005, "damagingAttacks": 633103.75, "damageDone": {"1": 286645.0030332952, "2": 355562.1535830304, "3": 441708.5917710099, "4": 545084.3175957204}, "bleedDamage": {"1": 0.0, "2": 0.0, "3": 0.0, "4": 0.0}}