{"deaths": 5959, "totalAttacks": 500005, "damagingAttacks": 542015.0, "damageDone": {"1": 200803.31900005008, "2": 248779.2183334206, "3": 308749.09250002494, "4": 380712.941500102}, "bleedDamage": {"1": 0.0, "2": 0.0, "3": 0.0, "4": 0.0}}