{"deaths": 5959, "totalAttacks": 700007, "damagingAttacks": 913268.125, "damageDone": {"1": 379893.54326677165, "2": 452042.2939169363, "3": 542228.2322289464, "4": 650451.3582042715}, "bleedDamage": {"1": 0.0, "2": 0.0, "3": 0.0, "4": 0.0}}