{"deaths": {"1": 629, "2": 1199, "3": 2364}, "totalAttacks": {"1": 73568.0, "2": 25536.0, "3": 34736.0}, "damagingAttacks": {"1": 51760.5, "2": 17893.5, "3": 16605.625}, "damageDone": {"1": {"1": 73088.11000000386, "2": 17383.36640000022, "3": 19607.549016666482}, "2": {"1": 89080.51624999453, "2": 21258.324733334397, "3": 24098.4682874995}, "3": {"1": 109071.02406250931, "2": 26102.022650000355, "3": 29712.117376041526}, "4": {"1": 133059.63343750525, "2": 31914.46015000025, "3": 36448.49628229199}}, "bleedDamage": {"1": {"1": 0.0, "2": 0.0, "3": 0.0}, "2": {"1": 0.0, "2": 0.0, "3": 0.0}, "3": {"1": 0.0, "2": 0.0, "3": 0.0}, "4": {"1": 0.0, "2": 0.0, "3": 0.0}}}