{"deaths": 5959, "totalAttacks": 500005, "damagingAttacks": 494861.875, "damageDone": {"1": 267161.83993350546, "2": 320908.24618332065, "3": 388091.2539958614, "4": 468710.86337075254}, "bleedDamage": {"1": 0.0, "2": 0.0, "3": 0.0, "4": 0.0}}