{"deaths": 5959, "totalAttacks": 1317780, "damagingAttacks": 2377338.75, "damageDone": {"1": 2436215.8091017446, "2": 2436215.8091017446, "3": 2436215.8091017446, "4": 2436215.8091017446}, "bleedDamage": {"1": 0.0, "2": 0.0, "3": 0.0, "4": 0.0}}