{"deaths": 5959, "totalAttacks": 400004, "damagingAttacks": 530925.25, "damageDone": {"1": 337027.5696166662, "2": 337027.5696166662, "3": 337027.5696166662, "4": 337027.5696166662}, "bleedDamage": {"1": 0.0, "2": 0.0, "3": 0.0, "4": 0.0}}