{"deaths": {"1": 629, "2": 1199, "3": 2364}, "totalAttacks": {"1": 147136.0, "2": 51072.0, "3": 69472.0}, "damagingAttacks": {"1": 141408.0, "2": 46776.0, "3": 54639.5}, "damageDone": {"1": {"1": 365189.7952000484, "2": 88485.44853333202, "3": 102551.03973333095}, "2": {"1": 381182.20144996, "2": 92360.40686666274, "3": 107041.95900416092}, "3": {"1": 401172.7092625672, "2": 97204.10478333155, "3": 112655.60809270597}, "4": {"1": 425161.3186375727, "2": 103016.54228333067, "3": 119391.98699895586}}, "bleedDamage": {"1": {"1": 0.0, "2": 0.0, "3": 0.0}, "2": {"1": 0.0, "2": 0.0, "3": 0.0}, "3": {"1": 0.0, "2": 0.0, "3": 0.0}, "4": {"1": 0.0, "2": 0.0, "3": 0.0}}}