{"deaths": 5959, "totalAttacks": 600006, "damagingAttacks": 781380.0, "damageDone": {"1": 605160.029766715, "2": 690171.0401834671, "3": 796434.803204216, "4": 923951.3188291122}, "bleedDamage": {"1": 0.0, "2": 0.0, "3": 0.0, "4": 0.0}}