{"deaths": 5959, "totalAttacks": 800008, "damagingAttacks": 1437586.5, "damageDone": {"1": 1260131.7526167578, "2": 1315066.6224083267, "3": 1389621.0885538405, "4": 1483795.1510539558}, "bleedDamage": {"1": 0.0, "2": 0.0, "3": 0.0, "4": 0.0}}