{"deaths": 5959, "totalAttacks": 600006, "damagingAttacks": 663815.25, "damageDone": {"1": 282023.8971999752, "2": 282023.8971999752, "3": 282023.8971999752, "4": 282023.8971999752}, "bleedDamage": {"1": 0.0, "2": 0.0, "3": 0.0, "4": 0.0}}