{"deaths": 5959, "totalAttacks": 800008, "damagingAttacks": 1379006.5, "damageDone": {"1": 1272623.9984993858, "2": 1272623.9984993858, "3": 1272623.9984993858, "4": 1272623.9984993858}, "bleedDamage": {"1": 0.0, "2": 0.0, "3": 0.0, "4": 0.0}}