{"deaths": 5959, "totalAttacks": 500005, "damagingAttacks": 582338.125, "damageDone": {"1": 83299.14573334513, "2": 83299.14573334513, "3": 83299.14573334513, "4": 83299.14573334513}, "bleedDamage": {"1": 0.0, "2": 0.0, "3": 0.0, "4": 0.0}}