{"deaths": 5959, "totalAttacks": 500005, "damagingAttacks": 651150.0, "damageDone": {"1": 246601.88893343185, "2": 306041.5874166424, "3": 380341.2105208821, "4": 469500.75824557105}, "bleedDamage": {"1": 0.0, "2": 0.0, "3": 0.0, "4": 0.0}}