{"deaths": 5959, "totalAttacks": 500005, "damagingAttacks": 522241.375, "damageDone": {"1": 403283.5013666303, "2": 403283.5013666303, "3": 403283.5013666303, "4": 403283.5013666303}, "bleedDamage": {"1": 0.0, "2": 0.0, "3": 0.0, "4": 0.0}}