{"deaths": 5959, "totalAttacks": 600006, "damagingAttacks": 839065.75, "damageDone": {"1": 287149.5957333169, "2": 336112.3595000245, "3": 397315.81420839723, "4": 470759.9598582756}, "bleedDamage": {"1": 0.0, "2": 0.0, "3": 0.0, "4": 0.0}}