{"deaths": 5959, "totalAttacks": 4127112, "damagingAttacks": 5515881.0, "damageDone": {"1": 4961886.806521504, "2": 5652399.767456341, "3": 6515540.968624526, "4": 7551310.4100331105}, "bleedDamage": {"1": 0.0, "2": 0.0, "3": 0.0, "4": 0.0}, "loadoutDamage": {}}