{"deaths": 5959, "totalAttacks": 600006, "damagingAttacks": 647115.0, "damageDone": {"1": 407235.21546662267, "2": 407235.21546662267, "3": 407235.21546662267, "4": 407235.21546662267}, "bleedDamage": {"1": 0.0, "2": 0.0, "3": 0.0, "4": 0.0}}