{"deaths": 5959, "totalAttacks": 900009, "damagingAttacks": 1420573.5, "damageDone": {"1": 1614338.7186993614, "2": 1682612.0312001235, "3": 1767953.6718241991, "4": 1870363.6405740788}, "bleedDamage": {"1": 0.0, "2": 0.0, "3": 0.0, "4": 0.0}}