{"deaths": 5959, "totalAttacks": 658890, "damagingAttacks": 1096683.75, "damageDone": {"1": 139509.66213330583, "2": 139509.66213330583, "3": 139509.66213330583, "4": 139509.66213330583}, "bleedDamage": {"1": 0.0, "2": 0.0, "3": 0.0, "4": 0.0}}