{"deaths": 5959, "totalAttacks": 800008, "damagingAttacks": 1438967.75, "damageDone": {"1": 1662300.5520320097, "2": 1662300.5520320097, "3": 1662300.5520320097, "4": 1662300.5520320097}, "bleedDamage": {"1": 0.0, "2": 0.0, "3": 0.0, "4": 0.0}}