{"deaths": 5959, "totalAttacks": 500005, "damagingAttacks": 553951.875, "damageDone": {"1": 214445.1104333427, "2": 257417.35745708912, "3": 315736.8355607454, "4": 389403.5447447203}, "bleedDamage": {"1": 0.0, "2": 0.0, "3": 0.0, "4": 0.0}}