{"deaths": 5959, "totalAttacks": 600006, "damagingAttacks": 781380.0, "damageDone": {"1": 216927.2472000139, "2": 258270.90448575307, "3": 314380.15365910507, "4": 385254.9947202871}, "bleedDamage": {"1": 0.0, "2": 0.0, "3": 0.0, "4": 0.0}}