{"deaths": 5959, "totalAttacks": 600006, "damagingAttacks": 782801.25, "damageDone": {"1": 524315.3888667647, "2": 524315.3888667647, "3": 524315.3888667647, "4": 524315.3888667647}, "bleedDamage": {"1": 0.0, "2": 0.0, "3": 0.0, "4": 0.0}}