{"deaths": 3691, "totalAttacks": 6190668, "damagingAttacks": 7261278.75, "damageDone": {"1": 4795356.995934736, "2": 5618775.308157728, "3": 6648048.198422336, "4": 7883175.6667502}, "bleedDamage": {"1": 0.0, "2": 0.0, "3": 0.0, "4": 0.0}, "loadoutDamage": {}}