{"deaths": 5959, "totalAttacks": 400004, "damagingAttacks": 515170.5, "damageDone": {"1": 311126.5696167727, "2": 380562.7701377355, "3": 467358.02078851993, "4": 571512.3215697232}, "bleedDamage": {"1": 0.0, "2": 0.0, "3": 0.0, "4": 0.0}}