{"deaths": 5959, "totalAttacks": 790668, "damagingAttacks": 1168843.5, "damageDone": {"1": 515062.7868667197, "2": 608751.6618668592, "3": 725862.7556168714, "4": 866396.0681169273}, "bleedDamage": {"1": 0.0, "2": 0.0, "3": 0.0, "4": 0.0}}