{"deaths": 5959, "totalAttacks": 800008, "damagingAttacks": 1530188.0, "damageDone": {"1": 1466750.0906655383, "2": 1530982.0698341413, "3": 1611272.0437905581, "4": 1707620.0125405658}, "bleedDamage": {"1": 0.0, "2": 0.0, "3": 0.0, "4": 0.0}}