{"deaths": 5959, "totalAttacks": 500005, "damagingAttacks": 713517.875, "damageDone": {"1": 96652.94266661833, "2": 96652.94266661833, "3": 96652.94266661833, "4": 96652.94266661833}, "bleedDamage": {"1": 0.0, "2": 0.0, "3": 0.0, "4": 0.0}}