{"deaths": 5959, "totalAttacks": 500005, "damagingAttacks": 449086.25, "damageDone": {"1": 302322.1759331758, "2": 370595.48843330203, "3": 455937.12905809336, "4": 558347.0978081351}, "bleedDamage": {"1": 0.0, "2": 0.0, "3": 0.0, "4": 0.0}}