{"deaths": 5959, "totalAttacks": 900009, "damagingAttacks": 1599374.5, "damageDone": {"1": 1549866.215666359, "2": 1634877.2260832333, "3": 1741140.9891036465, "4": 1868657.5047286153}, "bleedDamage": {"1": 0.0, "2": 0.0, "3": 0.0, "4": 0.0}}