{"deaths": 5959, "totalAttacks": 600006, "damagingAttacks": 723854.25, "damageDone": {"1": 248199.38403334995, "2": 291023.1236166649, "3": 344552.7980958586, "4": 408788.4074708367}, "bleedDamage": {"1": 0.0, "2": 0.0, "3": 0.0, "4": 0.0}}