{"deaths": 5959, "totalAttacks": 400004, "damagingAttacks": 359269.0, "damageDone": {"1": 59943.86786665666, "2": 78661.95341431425, "3": 104065.06951465081, "4": 136153.21616775764}, "bleedDamage": {"1": 0.0, "2": 0.0, "3": 0.0, "4": 0.0}}