{"deaths": 5959, "totalAttacks": 600006, "damagingAttacks": 538903.5, "damageDone": {"1": 432227.5509334954, "2": 432227.5509334954, "3": 432227.5509334954, "4": 432227.5509334954}, "bleedDamage": {"1": 0.0, "2": 0.0, "3": 0.0, "4": 0.0}}