{"deaths": 5959, "totalAttacks": 1054224, "damagingAttacks": 2049048.0, "damageDone": {"1": 1944136.1215975052, "2": 2029273.8090998607, "3": 2135695.9184724404, "4": 2263402.449722466}, "bleedDamage": {"1": 0.0, "2": 0.0, "3": 0.0, "4": 0.0}}