{"deaths": 5959, "totalAttacks": 600006, "damagingAttacks": 538903.5, "damageDone": {"1": 355506.7679667153, "2": 423780.080466877, "3": 509121.72109176056, "4": 611531.6898418346}, "bleedDamage": {"1": 0.0, "2": 0.0, "3": 0.0, "4": 0.0}}