{"deaths": 5959, "totalAttacks": 1186002, "damagingAttacks": 2182531.5, "damageDone": {"1": 1978340.871600052, "2": 2072029.746599882, "3": 2189140.8403501147, "4": 2329674.152850092}, "bleedDamage": {"1": 0.0, "2": 0.0, "3": 0.0, "4": 0.0}}