{"deaths": 5959, "totalAttacks": 600006, "damagingAttacks": 701790.75, "damageDone": {"1": 655500.8605667391, "2": 655500.8605667391, "3": 655500.8605667391, "4": 655500.8605667391}, "bleedDamage": {"1": 0.0, "2": 0.0, "3": 0.0, "4": 0.0}}