{"deaths": 5959, "totalAttacks": 1000010, "damagingAttacks": 1611966.75, "damageDone": {"1": 1823443.380300361, "2": 1823443.380300361, "3": 1823443.380300361, "4": 1823443.380300361}, "bleedDamage": {"1": 0.0, "2": 0.0, "3": 0.0, "4": 0.0}}