{"deaths": 5959, "totalAttacks": 500005, "damagingAttacks": 407385.625, "damageDone": {"1": 159958.24319999412, "2": 195321.57653332275, "3": 239525.7431999824, "4": 292570.7432000245}, "bleedDamage": {"1": 0.0, "2": 0.0, "3": 0.0, "4": 0.0}}