{"deaths": 5959, "totalAttacks": 600006, "damagingAttacks": 701790.75, "damageDone": {"1": 255218.16013339418, "2": 299026.8048714137, "3": 358481.3941587992, "4": 433581.92799578473}, "bleedDamage": {"1": 0.0, "2": 0.0, "3": 0.0, "4": 0.0}}