{"deaths": 5959, "totalAttacks": 400004, "damagingAttacks": 515170.5, "damageDone": {"1": 165473.81255001115, "2": 204691.3786042388, "3": 253713.33617192178, "4": 312539.68525309395}, "bleedDamage": {"1": 0.0, "2": 0.0, "3": 0.0, "4": 0.0}}