{"deaths": 5959, "totalAttacks": 800008, "damagingAttacks": 867224.0, "damageDone": {"1": 637728.8092997362, "2": 637728.8092997362, "3": 637728.8092997362, "4": 637728.8092997362}, "bleedDamage": {"1": 0.0, "2": 0.0, "3": 0.0, "4": 0.0}}