{"deaths": 5959, "totalAttacks": 600006, "damagingAttacks": 766517.75, "damageDone": {"1": 402793.32915012626, "2": 470353.1727208425, "3": 554802.9771844284, "4": 656142.7425406725}, "bleedDamage": {"1": 0.0, "2": 0.0, "3": 0.0, "4": 0.0}}