{"deaths": {"1": 629, "2": 1199, "3": 2364}, "totalAttacks": {"1": 73568.0, "2": 25536.0, "3": 34736.0}, "damagingAttacks": {"1": 45446.0, "2": 16062.0, "3": 13034.25}, "damageDone": {"1": {"1": 39891.88083333234, "2": 9816.408066666556, "3": 7381.8406833332565}, "2": {"1": 50882.379345240464, "2": 12649.577709523772, "3": 9431.115236904627}, "3": {"1": 65798.055897106, "2": 16494.59365340159, "3": 12212.273559608804}, "4": {"1": 84638.91048894604, "2": 21351.455898299402, "3": 15725.315651445757}}, "bleedDamage": {"1": {"1": 0.0, "2": 0.0, "3": 0.0}, "2": {"1": 0.0, "2": 0.0, "3": 0.0}, "3": {"1": 0.0, "2": 0.0, "3": 0.0}, "4": {"1": 0.0, "2": 0.0, "3": 0.0}}}