{"deaths": 5959, "totalAttacks": 790668, "damagingAttacks": 1168843.5, "damageDone": {"1": 302917.9609335494, "2": 358702.99393342325, "3": 434411.2530047419, "4": 530042.7381479187}, "bleedDamage": {"1": 0.0, "2": 0.0, "3": 0.0, "4": 0.0}}