{"deaths": 5959, "totalAttacks": 600006, "damagingAttacks": 664742.25, "damageDone": {"1": 498578.9623669086, "2": 558740.1082000927, "3": 633941.5404919223, "4": 724183.259241935}, "bleedDamage": {"1": 0.0, "2": 0.0, "3": 0.0, "4": 0.0}}