{"deaths": 5959, "totalAttacks": 600006, "damagingAttacks": 723854.25, "damageDone": {"1": 441846.5613999223, "2": 441846.5613999223, "3": 441846.5613999223, "4": 441846.5613999223}, "bleedDamage": {"1": 0.0, "2": 0.0, "3": 0.0, "4": 0.0}}