{"deaths": 5959, "totalAttacks": 500005, "damagingAttacks": 754278.75, "damageDone": {"1": 128737.20671665813, "2": 128737.20671665813, "3": 128737.20671665813, "4": 128737.20671665813}, "bleedDamage": {"1": 0.0, "2": 0.0, "3": 0.0, "4": 0.0}}