{"deaths": 5959, "totalAttacks": 922446, "damagingAttacks": 1363650.75, "damageDone": {"1": 600579.9513334401, "2": 714044.9720337414, "3": 855876.2479082367, "4": 1026073.7789585694}, "bleedDamage": {"1": 0.0, "2": 0.0, "3": 0.0, "4": 0.0}}