{"deaths": 5959, "totalAttacks": 500005, "damagingAttacks": 557297.75, "damageDone": {"1": 546901.268766739, "2": 546901.268766739, "3": 546901.268766739, "4": 546901.268766739}, "bleedDamage": {"1": 0.0, "2": 0.0, "3": 0.0, "4": 0.0}}