{"deaths": 5959, "totalAttacks": 600006, "damagingAttacks": 650418.0, "damageDone": {"1": 601917.9825667286, "2": 601917.9825667286, "3": 601917.9825667286, "4": 601917.9825667286}, "bleedDamage": {"1": 0.0, "2": 0.0, "3": 0.0, "4": 0.0}}