{"deaths": 5959, "totalAttacks": 5158890, "damagingAttacks": 6051065.625, "damageDone": {"1": 3903811.6572983377, "2": 4525749.214588404, "3": 5303171.161202367, "4": 6236077.497140521}, "bleedDamage": {"1": 0.0, "2": 0.0, "3": 0.0, "4": 0.0}, "loadoutDamage": {}}