{"deaths": 5959, "totalAttacks": 790668, "damagingAttacks": 1291491.0, "damageDone": {"1": 608798.1467338051, "2": 608798.1467338051, "3": 608798.1467338051, "4": 608798.1467338051}, "bleedDamage": {"1": 0.0, "2": 0.0, "3": 0.0, "4": 0.0}}