{"deaths": 5959, "totalAttacks": 700007, "damagingAttacks": 886345.25, "damageDone": {"1": 833807.2469833561, "2": 833807.2469833561, "3": 833807.2469833561, "4": 833807.2469833561}, "bleedDamage": {"1": 0.0, "2": 0.0, "3": 0.0, "4": 0.0}}