{"deaths": 5959, "totalAttacks": 900009, "damagingAttacks": 1582158.375, "damageDone": {"1": 1279881.7109821106, "2": 1279881.7109821106, "3": 1279881.7109821106, "4": 1279881.7109821106}, "bleedDamage": {"1": 0.0, "2": 0.0, "3": 0.0, "4": 0.0}}