{"deaths": 3691, "totalAttacks": 3095334, "damagingAttacks": 4305667.875, "damageDone": {"1": 2357369.1016452555, "2": 2925305.797315231, "3": 3635226.6669238927, "4": 4487131.7104356615}, "bleedDamage": {"1": 0.0, "2": 0.0, "3": 0.0, "4": 0.0}, "loadoutDamage": {}}