{"deaths": 5959, "totalAttacks": 3095334, "damagingAttacks": 4305667.875, "damageDone": {"1": 3262613.092768792, "2": 3953126.053718487, "3": 4816267.254873279, "4": 5852036.696279903}, "bleedDamage": {"1": 0.0, "2": 0.0, "3": 0.0, "4": 0.0}, "loadoutDamage": {}}