{"deaths": 5959, "totalAttacks": 1054224, "damagingAttacks": 1987724.25, "damageDone": {"1": 1790963.1215997718, "2": 1857883.7465991578, "3": 1948704.5948141878, "4": 2063425.6662436847}, "bleedDamage": {"1": 0.0, "2": 0.0, "3": 0.0, "4": 0.0}}