{"deaths": 3691, "totalAttacks": 5158890, "damagingAttacks": 6051065.625, "damageDone": {"1": 4749179.865627586, "2": 5582459.47500063, "3": 6624058.986697979, "4": 7873978.400754481}, "bleedDamage": {"1": 0.0, "2": 0.0, "3": 0.0, "4": 0.0}, "loadoutDamage": {}}