{"deaths": 5959, "totalAttacks": 500005, "damagingAttacks": 407385.625, "damageDone": {"1": 138165.85819999262, "2": 171514.99608330443, "3": 213201.41843756574, "4": 263225.12526239216}, "bleedDamage": {"1": 0.0, "2": 0.0, "3": 0.0, "4": 0.0}}