{"deaths": 5959, "totalAttacks": 500005, "damagingAttacks": 651150.0, "damageDone": {"1": 203039.2526000936, "2": 251588.29200000426, "3": 312274.59125005995, "4": 385098.150350112}, "bleedDamage": {"1": 0.0, "2": 0.0, "3": 0.0, "4": 0.0}}