{"deaths": 5959, "totalAttacks": 800008, "damagingAttacks": 1264150.75, "damageDone": {"1": 1083050.9776664837, "2": 1108310.501476421, "3": 1142591.2837890785, "4": 1185893.3246053234}, "bleedDamage": {"1": 0.0, "2": 0.0, "3": 0.0, "4": 0.0}}