{"deaths": 5959, "totalAttacks": 400004, "damagingAttacks": 578887.0, "damageDone": {"1": 275357.9723999283, "2": 275357.9723999283, "3": 275357.9723999283, "4": 275357.9723999283}, "bleedDamage": {"1": 0.0, "2": 0.0, "3": 0.0, "4": 0.0}}