{"deaths": 5959, "totalAttacks": 400004, "damagingAttacks": 522794.5, "damageDone": {"1": 371366.73256656073, "2": 371366.73256656073, "3": 371366.73256656073, "4": 371366.73256656073}, "bleedDamage": {"1": 0.0, "2": 0.0, "3": 0.0, "4": 0.0}}