{"deaths": 5959, "totalAttacks": 500005, "damagingAttacks": 584825.625, "damageDone": {"1": 339257.02723335254, "2": 412832.00640006055, "3": 504800.73035835364, "4": 615163.199108282}, "bleedDamage": {"1": 0.0, "2": 0.0, "3": 0.0, "4": 0.0}}