{"deaths": 5959, "totalAttacks": 600006, "damagingAttacks": 538903.5, "damageDone": {"1": 268003.6012999776, "2": 314401.12213340646, "3": 372398.0231751096, "4": 441994.30442515237}, "bleedDamage": {"1": 0.0, "2": 0.0, "3": 0.0, "4": 0.0}}