{"deaths": 5959, "totalAttacks": 500005, "damagingAttacks": 603211.875, "damageDone": {"1": 296396.5360667863, "2": 326984.9214832814, "3": 368497.7302631673, "4": 420934.9624058393}, "bleedDamage": {"1": 0.0, "2": 0.0, "3": 0.0, "4": 0.0}}