{"deaths": {"1": 629, "2": 1199, "3": 2364}, "totalAttacks": {"1": 147136.0, "2": 51072.0, "3": 69472.0}, "damagingAttacks": {"1": 90892.0, "2": 32124.0, "3": 26068.5}, "damageDone": {"1": {"1": 146019.95063333886, "2": 38222.79266666689, "3": 29404.008883333227}, "2": {"1": 146019.95063333886, "2": 38222.79266666689, "3": 29404.008883333227}, "3": {"1": 146019.95063333886, "2": 38222.79266666689, "3": 29404.008883333227}, "4": {"1": 146019.95063333886, "2": 38222.79266666689, "3": 29404.008883333227}}, "bleedDamage": {"1": {"1": 0.0, "2": 0.0, "3": 0.0}, "2": {"1": 0.0, "2": 0.0, "3": 0.0}, "3": {"1": 0.0, "2": 0.0, "3": 0.0}, "4": {"1": 0.0, "2": 0.0, "3": 0.0}}}