{"deaths": 5959, "totalAttacks": 600006, "damagingAttacks": 713823.0, "damageDone": {"1": 282563.5804666324, "2": 282563.5804666324, "3": 282563.5804666324, "4": 282563.5804666324}, "bleedDamage": {"1": 0.0, "2": 0.0, "3": 0.0, "4": 0.0}}