{"deaths": 5959, "totalAttacks": 700007, "damagingAttacks": 1007520.25, "damageDone": {"1": 299375.6342167709, "2": 299375.6342167709, "3": 299375.6342167709, "4": 299375.6342167709}, "bleedDamage": {"1": 0.0, "2": 0.0, "3": 0.0, "4": 0.0}}