{"deaths": 5959, "totalAttacks": 500005, "damagingAttacks": 633103.75, "damageDone": {"1": 164724.18803341937, "2": 203161.13483334318, "3": 251207.31833327885, "4": 308862.73853344464}, "bleedDamage": {"1": 0.0, "2": 0.0, "3": 0.0, "4": 0.0}}