{"deaths": 5959, "totalAttacks": 500005, "damagingAttacks": 494861.875, "damageDone": {"1": 357969.4388667168, "2": 411715.8451169446, "3": 478898.85292921023, "4": 559518.4623041963}, "bleedDamage": {"1": 0.0, "2": 0.0, "3": 0.0, "4": 0.0}}