{"deaths": 5959, "totalAttacks": 500005, "damagingAttacks": 705507.75, "damageDone": {"1": 646228.8928169368, "2": 646228.8928169368, "3": 646228.8928169368, "4": 646228.8928169368}, "bleedDamage": {"1": 0.0, "2": 0.0, "3": 0.0, "4": 0.0}}