{"deaths": 5959, "totalAttacks": 600006, "damagingAttacks": 701790.75, "damageDone": {"1": 528612.2419500255, "2": 629075.1742417373, "3": 754653.8396064155, "4": 905348.2380440981}, "bleedDamage": {"1": 0.0, "2": 0.0, "3": 0.0, "4": 0.0}}