{"deaths": {"1": 629, "2": 1199, "3": 2364}, "totalAttacks": {"1": 110352.0, "2": 38304.0, "3": 52104.0}, "damagingAttacks": {"1": 68169.0, "2": 24093.0, "3": 19551.375}, "damageDone": {"1": {"1": 135249.04749999812, "2": 36471.283066667114, "3": 27643.090683333303}, "2": {"1": 135249.04749999812, "2": 36471.283066667114, "3": 27643.090683333303}, "3": {"1": 135249.04749999812, "2": 36471.283066667114, "3": 27643.090683333303}, "4": {"1": 135249.04749999812, "2": 36471.283066667114, "3": 27643.090683333303}}, "bleedDamage": {"1": {"1": 0.0, "2": 0.0, "3": 0.0}, "2": {"1": 0.0, "2": 0.0, "3": 0.0}, "3": {"1": 0.0, "2": 0.0, "3": 0.0}, "4": {"1": 0.0, "2": 0.0, "3": 0.0}}}