{"deaths": 5959, "totalAttacks": 800008, "damagingAttacks": 1478149.75, "damageDone": {"1": 1611490.5261319594, "2": 1611490.5261319594, "3": 1611490.5261319594, "4": 1611490.5261319594}, "bleedDamage": {"1": 0.0, "2": 0.0, "3": 0.0, "4": 0.0}}