{"deaths": 5959, "totalAttacks": 500005, "damagingAttacks": 652334.375, "damageDone": {"1": 393077.2725834059, "2": 448012.14237508987, "3": 522566.6085206266, "4": 616740.6710210282}, "bleedDamage": {"1": 0.0, "2": 0.0, "3": 0.0, "4": 0.0}}