{"deaths": 5959, "totalAttacks": 400004, "damagingAttacks": 325908.5, "damageDone": {"1": 44715.72800000799, "2": 58982.30704762461, "3": 78344.09289796859, "4": 102801.0855510419}, "bleedDamage": {"1": 0.0, "2": 0.0, "3": 0.0, "4": 0.0}}