{"deaths": {"1": 629, "2": 1199, "3": 2364}, "totalAttacks": {"1": 73568.0, "2": 25536.0, "3": 34736.0}, "damagingAttacks": {"1": 45446.0, "2": 16062.0, "3": 13034.25}, "damageDone": {"1": {"1": 19730.938966666326, "2": 4965.934466666656, "3": 3664.4830833332935}, "2": {"1": 25938.372526192845, "2": 6566.108680952383, "3": 4821.9133511904465}, "3": {"1": 34362.7466426857, "2": 8737.77368605437, "3": 6392.711571853738}, "4": {"1": 45004.061316155, "2": 11480.92948197261, "3": 8376.877745323105}}, "bleedDamage": {"1": {"1": 0.0, "2": 0.0, "3": 0.0}, "2": {"1": 0.0, "2": 0.0, "3": 0.0}, "3": {"1": 0.0, "2": 0.0, "3": 0.0}, "4": {"1": 0.0, "2": 0.0, "3": 0.0}}}