{"deaths": 5959, "totalAttacks": 400004, "damagingAttacks": 549028.75, "damageDone": {"1": 404849.4126497894, "2": 404849.4126497894, "3": 404849.4126497894, "4": 404849.4126497894}, "bleedDamage": {"1": 0.0, "2": 0.0, "3": 0.0, "4": 0.0}}