{"deaths": 5959, "totalAttacks": 700007, "damagingAttacks": 886345.25, "damageDone": {"1": 487030.2293333035, "2": 577395.2802831975, "3": 690351.5939704925, "4": 825899.1703961209}, "bleedDamage": {"1": 0.0, "2": 0.0, "3": 0.0, "4": 0.0}}