{"deaths": 3691, "totalAttacks": 4127112, "damagingAttacks": 4840852.5, "damageDone": {"1": 3443710.0773561434, "2": 3887951.1897123763, "3": 4490849.842181155, "4": 5252406.034781816}, "bleedDamage": {"1": 0.0, "2": 0.0, "3": 0.0, "4": 0.0}, "loadoutDamage": {}}