{"deaths": 5959, "totalAttacks": 400004, "damagingAttacks": 522794.5, "damageDone": {"1": 289686.0549666353, "2": 289686.0549666353, "3": 289686.0549666353, "4": 289686.0549666353}, "bleedDamage": {"1": 0.0, "2": 0.0, "3": 0.0, "4": 0.0}}