{"deaths": 5959, "totalAttacks": 600006, "damagingAttacks": 664742.25, "damageDone": {"1": 548980.4237832956, "2": 548980.4237832956, "3": 548980.4237832956, "4": 548980.4237832956}, "bleedDamage": {"1": 0.0, "2": 0.0, "3": 0.0, "4": 0.0}}