{"deaths": 5959, "totalAttacks": 658890, "damagingAttacks": 1096683.75, "damageDone": {"1": 274061.38373337284, "2": 274061.38373337284, "3": 274061.38373337284, "4": 274061.38373337284}, "bleedDamage": {"1": 0.0, "2": 0.0, "3": 0.0, "4": 0.0}}