{"deaths": 5959, "totalAttacks": 400004, "damagingAttacks": 467860.5, "damageDone": {"1": 94697.180633329, "2": 124379.42937139176, "3": 164662.4812302571, "4": 215546.3362100049}, "bleedDamage": {"1": 0.0, "2": 0.0, "3": 0.0, "4": 0.0}}