{"deaths": 5959, "totalAttacks": 527112, "damagingAttacks": 840552.75, "damageDone": {"1": 390312.38373342756, "2": 475450.07123343274, "3": 581872.1806085039, "4": 709578.7118586504}, "bleedDamage": {"1": 0.0, "2": 0.0, "3": 0.0, "4": 0.0}}