{"deaths": 5959, "totalAttacks": 400004, "damagingAttacks": 581963.5, "damageDone": {"1": 291239.1252666628, "2": 355471.1044331421, "3": 435761.0783918978, "4": 532109.0471418344}, "bleedDamage": {"1": 0.0, "2": 0.0, "3": 0.0, "4": 0.0}}