{"deaths": 5959, "totalAttacks": 500005, "damagingAttacks": 631197.5, "damageDone": {"1": 434198.76753323723, "2": 434198.76753323723, "3": 434198.76753323723, "4": 434198.76753323723}, "bleedDamage": {"1": 0.0, "2": 0.0, "3": 0.0, "4": 0.0}}