{"deaths": 5959, "totalAttacks": 500005, "damagingAttacks": 633103.75, "damageDone": {"1": 262479.4352334369, "2": 317452.1852333532, "3": 386168.12273345346, "4": 468627.2477334346}, "bleedDamage": {"1": 0.0, "2": 0.0, "3": 0.0, "4": 0.0}}