{"deaths": 5959, "totalAttacks": 8254224, "damagingAttacks": 15081933.0, "damageDone": {"1": 16383236.700134672, "2": 16383236.700134672, "3": 16383236.700134672, "4": 16383236.700134672}, "bleedDamage": {"1": 0.0, "2": 0.0, "3": 0.0, "4": 0.0}, "loadoutDamage": {}}