{"deaths": 5959, "totalAttacks": 700007, "damagingAttacks": 886345.25, "damageDone": {"1": 327166.09433342685, "2": 377565.111533414, "3": 440563.8830333687, "4": 516162.4088334242}, "bleedDamage": {"1": 0.0, "2": 0.0, "3": 0.0, "4": 0.0}}