{"deaths": {"1": 629, "2": 1199, "3": 2364}, "totalAttacks": {"1": 165528.0, "2": 57456.0, "3": 78156.0}, "damagingAttacks": {"1": 159084.0, "2": 52623.0, "3": 61469.4375}, "damageDone": {"1": {"1": 347562.79520003975, "2": 83175.031866665, "3": 96593.59181666486}, "2": {"1": 347562.79520003975, "2": 83175.031866665, "3": 96593.59181666486}, "3": {"1": 347562.79520003975, "2": 83175.031866665, "3": 96593.59181666486}, "4": {"1": 347562.79520003975, "2": 83175.031866665, "3": 96593.59181666486}}, "bleedDamage": {"1": {"1": 0.0, "2": 0.0, "3": 0.0}, "2": {"1": 0.0, "2": 0.0, "3": 0.0}, "3": {"1": 0.0, "2": 0.0, "3": 0.0}, "4": {"1": 0.0, "2": 0.0, "3": 0.0}}}