{"deaths": 5959, "totalAttacks": 1000010, "damagingAttacks": 1729604.5, "damageDone": {"1": 1810656.1115012432, "2": 1810656.1115012432, "3": 1810656.1115012432, "4": 1810656.1115012432}, "bleedDamage": {"1": 0.0, "2": 0.0, "3": 0.0, "4": 0.0}}