{"deaths": 5959, "totalAttacks": 900009, "damagingAttacks": 1501176.375, "damageDone": {"1": 1626867.4532159432, "2": 1706623.1355081631, "3": 1806317.7383720137, "4": 1925951.261809381}, "bleedDamage": {"1": 0.0, "2": 0.0, "3": 0.0, "4": 0.0}}