{"deaths": 5959, "totalAttacks": 600006, "damagingAttacks": 782801.25, "damageDone": {"1": 546894.9080000749, "2": 623803.7257083558, "3": 719939.7478439013, "4": 835302.974406289}, "bleedDamage": {"1": 0.0, "2": 0.0, "3": 0.0, "4": 0.0}}