{"deaths": 5959, "totalAttacks": 800008, "damagingAttacks": 651817.0, "damageDone": {"1": 357577.7876000402, "2": 357577.7876000402, "3": 357577.7876000402, "4": 357577.7876000402}, "bleedDamage": {"1": 0.0, "2": 0.0, "3": 0.0, "4": 0.0}}