{"deaths": 5959, "totalAttacks": 900009, "damagingAttacks": 1471852.375, "damageDone": {"1": 1402392.6068154194, "2": 1472690.6953574456, "3": 1560563.3060340825, "4": 1666010.4388467637}, "bleedDamage": {"1": 0.0, "2": 0.0, "3": 0.0, "4": 0.0}}