{"deaths": 5959, "totalAttacks": 800008, "damagingAttacks": 1390386.0, "damageDone": {"1": 1428167.0157171062, "2": 1471139.2627399974, "3": 1529458.7408443068, "4": 1603125.4500282633}, "bleedDamage": {"1": 0.0, "2": 0.0, "3": 0.0, "4": 0.0}}