{"deaths": 5959, "totalAttacks": 500005, "damagingAttacks": 764863.375, "damageDone": {"1": 182111.2230000108, "2": 182111.2230000108, "3": 182111.2230000108, "4": 182111.2230000108}, "bleedDamage": {"1": 0.0, "2": 0.0, "3": 0.0, "4": 0.0}}