{"deaths": 5959, "totalAttacks": 600006, "damagingAttacks": 739600.5, "damageDone": {"1": 438648.62836649263, "2": 438648.62836649263, "3": 438648.62836649263, "4": 438648.62836649263}, "bleedDamage": {"1": 0.0, "2": 0.0, "3": 0.0, "4": 0.0}}