{"deaths": 5959, "totalAttacks": 800008, "damagingAttacks": 886323.0, "damageDone": {"1": 585424.7103832727, "2": 585424.7103832727, "3": 585424.7103832727, "4": 585424.7103832727}, "bleedDamage": {"1": 0.0, "2": 0.0, "3": 0.0, "4": 0.0}}