{"deaths": {"1": 629, "2": 1199, "3": 2364}, "totalAttacks": {"1": 165528.0, "2": 57456.0, "3": 78156.0}, "damagingAttacks": {"1": 146455.0, "2": 48960.0, "3": 54326.6875}, "damageDone": {"1": {"1": 382628.96186668455, "2": 92257.11519999709, "3": 100732.67514999813}, "2": {"1": 402981.1597833429, "2": 97074.99019999715, "3": 104769.00327499809}, "3": {"1": 428421.4071791964, "2": 103097.33394999553, "3": 109814.41343124783}, "4": {"1": 458949.70405419817, "2": 110324.14644999526, "3": 115868.90561874789}}, "bleedDamage": {"1": {"1": 0.0, "2": 0.0, "3": 0.0}, "2": {"1": 0.0, "2": 0.0, "3": 0.0}, "3": {"1": 0.0, "2": 0.0, "3": 0.0}, "4": {"1": 0.0, "2": 0.0, "3": 0.0}}}