{"deaths": 5959, "totalAttacks": 1054224, "damagingAttacks": 2056209.75, "damageDone": {"1": 1955664.3299314908, "2": 1955664.3299314908, "3": 1955664.3299314908, "4": 1955664.3299314908}, "bleedDamage": {"1": 0.0, "2": 0.0, "3": 0.0, "4": 0.0}}