{"deaths": 5959, "totalAttacks": 700007, "damagingAttacks": 954802.625, "damageDone": {"1": 212696.11686663644, "2": 212696.11686663644, "3": 212696.11686663644, "4": 212696.11686663644}, "bleedDamage": {"1": 0.0, "2": 0.0, "3": 0.0, "4": 0.0}}