{"deaths": 5959, "totalAttacks": 900009, "damagingAttacks": 1563699.25, "damageDone": {"1": 1796300.0307990299, "2": 1894865.7495497114, "3": 2018072.897986456, "4": 2165921.476111446}, "bleedDamage": {"1": 0.0, "2": 0.0, "3": 0.0, "4": 0.0}}