{"deaths": 13932, "totalAttacks": 200002, "damagingAttacks": 260933.75, "damageDone": {"1": 44861.5951676543, "2": 64488.54305353473, "3": 92702.28063938522, "4": 129502.80792544062}, "bleedDamage": {"1": 0.0, "2": 0.0, "3": 0.0, "4": 0.0}}