{"deaths": 13932, "totalAttacks": 100001, "damagingAttacks": 175795.375, "damageDone": {"1": 154925.6841715698, "2": 166843.04449253465, "3": 178760.4048134604, "4": 193427.92520832716}, "bleedDamage": {"1": 0.0, "2": 0.0, "3": 0.0, "4": 0.0}}