{"deaths": {"1": 1043, "2": 1920, "3": 3541}, "totalAttacks": {"1": 36784.0, "2": 12768.0, "3": 17368.0}, "damagingAttacks": {"1": 35352.0, "2": 11694.0, "3": 13659.875}, "damageDone": {"1": {"1": 116583.6952662632, "2": 28248.216962525057, "3": 32738.535749506555}, "2": {"1": 189448.50480770154, "2": 45903.352564104025, "3": 53200.12059294838}, "3": {"1": 307853.8203125, "2": 74592.94791666786, "3": 86450.19596354151}, "4": {"1": 471799.6417806703, "2": 114317.00302021841, "3": 132488.76186129038}}, "bleedDamage": {"1": {"1": 0.0, "2": 0.0, "3": 0.0}, "2": {"1": 0.0, "2": 0.0, "3": 0.0}, "3": {"1": 0.0, "2": 0.0, "3": 0.0}, "4": {"1": 0.0, "2": 0.0, "3": 0.0}}}