{"deaths": {"1": 1043, "2": 1920, "3": 3541}, "totalAttacks": {"1": 18392.0, "2": 6384.0, "3": 8684.0}, "damagingAttacks": {"1": 11361.5, "2": 4015.5, "3": 3258.5625}, "damageDone": {"1": {"1": 24161.788091713694, "2": 4990.908777120087, "3": 4355.864521696049}, "2": {"1": 34732.57038183892, "2": 7174.4313671103055, "3": 6261.555249938288}, "3": {"1": 49928.069923899035, "2": 10313.245090220893, "3": 9000.985671786144}, "4": {"1": 69748.28671788289, "2": 14407.34994645284, "3": 12574.155787240104}}, "bleedDamage": {"1": {"1": 0.0, "2": 0.0, "3": 0.0}, "2": {"1": 0.0, "2": 0.0, "3": 0.0}, "3": {"1": 0.0, "2": 0.0, "3": 0.0}, "4": {"1": 0.0, "2": 0.0, "3": 0.0}}}