{"deaths": 10111, "totalAttacks": 100001, "damagingAttacks": 108403.0, "damageDone": {"1": 137230.8333333558, "2": 274461.6666667116, "3": 548923.3333334232, "4": 960615.8333332123}, "bleedDamage": {"1": 0.0, "2": 0.0, "3": 0.0, "4": 0.0}}