{"deaths": 10111, "totalAttacks": 300003, "damagingAttacks": 269451.75, "damageDone": {"1": 158981.03642760622, "2": 278216.8137481725, "3": 486879.4240594312, "4": 784968.8673608676}, "bleedDamage": {"1": 0.0, "2": 0.0, "3": 0.0, "4": 0.0}}