{"deaths": 10111, "totalAttacks": 131778, "damagingAttacks": 194807.25, "damageDone": {"1": 187377.74999998708, "2": 374755.49999997416, "3": 749510.9999999483, "4": 1311644.2499999152}, "bleedDamage": {"1": 0.0, "2": 0.0, "3": 0.0, "4": 0.0}}