{"deaths": {"1": 592, "2": 1178, "3": 2592}, "totalAttacks": {"1": 55176.0, "2": 19152.0, "3": 26052.0}, "damagingAttacks": {"1": 34084.5, "2": 12046.5, "3": 9775.6875}, "damageDone": {"1": {"1": 51891.68454141726, "2": 8967.094304733608, "3": 8212.696930473036}, "2": {"1": 90810.44794748072, "2": 15692.415033284055, "3": 14372.219628328208}, "3": {"1": 158918.28390811113, "2": 27461.72630824671, "3": 25151.384349574157}, "4": {"1": 256215.1924232492, "2": 44275.0281296229, "3": 40550.191094213376}}, "bleedDamage": {"1": {"1": 0.0, "2": 0.0, "3": 0.0}, "2": {"1": 0.0, "2": 0.0, "3": 0.0}, "3": {"1": 0.0, "2": 0.0, "3": 0.0}, "4": {"1": 0.0, "2": 0.0, "3": 0.0}}}