{"deaths": 13932, "totalAttacks": 100001, "damagingAttacks": 116965.125, "damageDone": {"1": 119125.51029345892, "2": 171242.92104680982, "3": 246161.69900484235, "4": 343881.8441672161}, "bleedDamage": {"1": 0.0, "2": 0.0, "3": 0.0, "4": 0.0}}