{"deaths": 13932, "totalAttacks": 2063556, "damagingAttacks": 2420426.25, "damageDone": {"1": 500561.2490145534, "2": 719556.7954534043, "3": 1034362.8934662492, "4": 1444979.543053144}, "bleedDamage": {"1": 0.0, "2": 0.0, "3": 0.0, "4": 0.0}, "loadoutDamage": {}}