{"deaths": 10111, "totalAttacks": 1031778, "damagingAttacks": 1885241.625, "damageDone": {"1": 1841898.3154568945, "2": 1983582.8012828338, "3": 2125267.2870844575, "4": 2299648.1926645907}, "bleedDamage": {"1": 0.0, "2": 0.0, "3": 0.0, "4": 0.0}, "loadoutDamage": {}}