{"deaths": 13932, "totalAttacks": 100001, "damagingAttacks": 177396.25, "damageDone": {"1": 203605.0369822659, "2": 219266.9629040562, "3": 234928.88882591098, "4": 254205.1053447486}, "bleedDamage": {"1": 0.0, "2": 0.0, "3": 0.0, "4": 0.0}}