{"deaths": 13932, "totalAttacks": 200002, "damagingAttacks": 351590.75, "damageDone": {"1": 167275.03920122978, "2": 209093.79900139954, "3": 261367.24875184815, "4": 324095.3884523098}, "bleedDamage": {"1": 0.0, "2": 0.0, "3": 0.0, "4": 0.0}}