{"deaths": 13932, "totalAttacks": 100001, "damagingAttacks": 191273.5, "damageDone": {"1": 164814.9038462628, "2": 177492.97337275642, "3": 190171.0428995972, "4": 205774.82077850273}, "bleedDamage": {"1": 0.0, "2": 0.0, "3": 0.0, "4": 0.0}}