{"deaths": 13932, "totalAttacks": 200002, "damagingAttacks": 373462.75, "damageDone": {"1": 428185.7613411153, "2": 695801.8621794696, "3": 1130678.0260417655, "4": 1732814.2529279226}, "bleedDamage": {"1": 0.0, "2": 0.0, "3": 0.0, "4": 0.0}}