{"deaths": 10111, "totalAttacks": 100001, "damagingAttacks": 89817.25, "damageDone": {"1": 92795.04166666836, "2": 185590.08333333672, "3": 371180.16666667344, "4": 649565.2916666972}, "bleedDamage": {"1": 0.0, "2": 0.0, "3": 0.0, "4": 0.0}}