{"deaths": 13932, "totalAttacks": 200002, "damagingAttacks": 373462.75, "damageDone": {"1": 146213.1282052245, "2": 182766.41025642375, "3": 228458.01282055763, "4": 283287.9358975818}, "bleedDamage": {"1": 0.0, "2": 0.0, "3": 0.0, "4": 0.0}}