{"deaths": 13932, "totalAttacks": 200002, "damagingAttacks": 365598.75, "damageDone": {"1": 205167.0315583119, "2": 256458.78944766737, "3": 320573.48680973536, "4": 397511.12364385003}, "bleedDamage": {"1": 0.0, "2": 0.0, "3": 0.0, "4": 0.0}}