{"deaths": 10111, "totalAttacks": 300003, "damagingAttacks": 390690.0, "damageDone": {"1": 167583.53032559398, "2": 293271.17806964513, "3": 513224.5616216483, "4": 827443.6809822965}, "bleedDamage": {"1": 0.0, "2": 0.0, "3": 0.0, "4": 0.0}}