{"deaths": 10111, "totalAttacks": 395334, "damagingAttacks": 584421.75, "damageDone": {"1": 245611.01627226427, "2": 429819.2784764, "3": 752183.7373336981, "4": 1212704.3928432507}, "bleedDamage": {"1": 0.0, "2": 0.0, "3": 0.0, "4": 0.0}}