{"deaths": 10111, "totalAttacks": 300003, "damagingAttacks": 332371.125, "damageDone": {"1": 173369.62500006324, "2": 303396.84375010023, "3": 530944.4765627093, "4": 856012.5234375679}, "bleedDamage": {"1": 0.0, "2": 0.0, "3": 0.0, "4": 0.0}}