{"deaths": 10111, "totalAttacks": 300003, "damagingAttacks": 325209.0, "damageDone": {"1": 187464.05769241322, "2": 328062.1009617263, "3": 574108.676682619, "4": 925603.7848558594}, "bleedDamage": {"1": 0.0, "2": 0.0, "3": 0.0, "4": 0.0}}