{"deaths": 13932, "totalAttacks": 100001, "damagingAttacks": 186731.375, "damageDone": {"1": 147568.90532549281, "2": 158920.3595812214, "3": 170271.81383715227, "4": 184242.8344597159}, "bleedDamage": {"1": 0.0, "2": 0.0, "3": 0.0, "4": 0.0}}