{"deaths": 10111, "totalAttacks": 100001, "damagingAttacks": 120642.375, "damageDone": {"1": 85647.47916668619, "2": 171294.95833337237, "3": 342589.91666674474, "4": 599532.3541665692}, "bleedDamage": {"1": 0.0, "2": 0.0, "3": 0.0, "4": 0.0}}