{"deaths": 10111, "totalAttacks": 300003, "damagingAttacks": 350895.375, "damageDone": {"1": 262825.6181584181, "2": 459944.8317773584, "3": 804903.4556096036, "4": 1297701.489656108}, "bleedDamage": {"1": 0.0, "2": 0.0, "3": 0.0, "4": 0.0}}