{"deaths": 10111, "totalAttacks": 100001, "damagingAttacks": 130230.0, "damageDone": {"1": 138870.24999999045, "2": 277740.4999999809, "3": 555480.9999999618, "4": 972091.749999889}, "bleedDamage": {"1": 0.0, "2": 0.0, "3": 0.0, "4": 0.0}}