{"deaths": 13932, "totalAttacks": 200002, "damagingAttacks": 241284.75, "damageDone": {"1": 39515.81213019338, "2": 56803.97993714826, "3": 81655.72115962073, "4": 114071.03579767972}, "bleedDamage": {"1": 0.0, "2": 0.0, "3": 0.0, "4": 0.0}}