{"deaths": 10111, "totalAttacks": 300003, "damagingAttacks": 244431.375, "damageDone": {"1": 88172.76201927815, "2": 154302.33353364436, "3": 270029.0836840264, "4": 435353.0124699269}, "bleedDamage": {"1": 0.0, "2": 0.0, "3": 0.0, "4": 0.0}}