{"deaths": 13932, "totalAttacks": 263556, "damagingAttacks": 512262.0, "damageDone": {"1": 620648.7041419086, "2": 1008554.1442313216, "3": 1638900.4843753437, "4": 2511687.724575027}, "bleedDamage": {"1": 0.0, "2": 0.0, "3": 0.0, "4": 0.0}}