{"deaths": 13932, "totalAttacks": 200002, "damagingAttacks": 365598.75, "damageDone": {"1": 506185.7931457823, "2": 822551.9138625948, "3": 1336646.8600260057, "4": 2048470.631636194}, "bleedDamage": {"1": 0.0, "2": 0.0, "3": 0.0, "4": 0.0}}