{"deaths": 13932, "totalAttacks": 200002, "damagingAttacks": 351590.75, "damageDone": {"1": 433947.26356009254, "2": 705164.3032854202, "3": 1145891.9928382486, "4": 1756130.332218607}, "bleedDamage": {"1": 0.0, "2": 0.0, "3": 0.0, "4": 0.0}}