{"deaths": 13932, "totalAttacks": 200002, "damagingAttacks": 337906.75, "damageDone": {"1": 391808.1213017611, "2": 636688.1971155878, "3": 1034618.3203126007, "4": 1585598.4908936848}, "bleedDamage": {"1": 0.0, "2": 0.0, "3": 0.0, "4": 0.0}}