{"deaths": 13932, "totalAttacks": 100001, "damagingAttacks": 126620.75, "damageDone": {"1": 112849.0914078356, "2": 162220.56889875836, "3": 233192.06779195621, "4": 325763.5880873469}, "bleedDamage": {"1": 0.0, "2": 0.0, "3": 0.0, "4": 0.0}}