{"deaths": 13932, "totalAttacks": 200002, "damagingAttacks": 253241.5, "damageDone": {"1": 61701.66148915326, "2": 88696.13839069403, "3": 127500.69893657979, "4": 178115.34312689328}, "bleedDamage": {"1": 0.0, "2": 0.0, "3": 0.0, "4": 0.0}}