{"deaths": 13932, "totalAttacks": 200002, "damagingAttacks": 382547.0, "damageDone": {"1": 168311.59664689336, "2": 210389.49580876966, "3": 262986.86976088944, "4": 326103.7185036989}, "bleedDamage": {"1": 0.0, "2": 0.0, "3": 0.0, "4": 0.0}}