{"deaths": 13932, "totalAttacks": 200002, "damagingAttacks": 337906.75, "damageDone": {"1": 139697.1171104513, "2": 174621.3963880514, "3": 218276.74548521405, "4": 270663.1644014872}, "bleedDamage": {"1": 0.0, "2": 0.0, "3": 0.0, "4": 0.0}}