{"deaths": 13932, "totalAttacks": 200002, "damagingAttacks": 354554.0, "damageDone": {"1": 519113.1553253037, "2": 843558.8774044372, "3": 1370783.1757809857, "4": 2100786.050455684}, "bleedDamage": {"1": 0.0, "2": 0.0, "3": 0.0, "4": 0.0}}