{"deaths": 10111, "totalAttacks": 100001, "damagingAttacks": 110790.375, "damageDone": {"1": 120322.29166666948, "2": 240644.58333333896, "3": 481289.1666666779, "4": 842256.0416666908}, "bleedDamage": {"1": 0.0, "2": 0.0, "3": 0.0, "4": 0.0}}