{"deaths": 10111, "totalAttacks": 100001, "damagingAttacks": 81477.125, "damageDone": {"1": 70726.66666666455, "2": 141453.3333333291, "3": 282906.6666666582, "4": 495086.666666615}, "bleedDamage": {"1": 0.0, "2": 0.0, "3": 0.0, "4": 0.0}}