{"deaths": 13932, "totalAttacks": 131778, "damagingAttacks": 194807.25, "damageDone": {"1": 131856.33900395723, "2": 189543.48731835184, "3": 272468.76302004495, "4": 380632.1661090195}, "bleedDamage": {"1": 0.0, "2": 0.0, "3": 0.0, "4": 0.0}}