{"deaths": 13932, "totalAttacks": 131778, "damagingAttacks": 256131.0, "damageDone": {"1": 218990.88017754833, "2": 235836.33249877024, "3": 252681.78482052294, "4": 273414.64921588474}, "bleedDamage": {"1": 0.0, "2": 0.0, "3": 0.0, "4": 0.0}}