{"deaths": {"1": 592, "2": 1178, "3": 2592}, "totalAttacks": {"1": 18392.0, "2": 6384.0, "3": 8684.0}, "damagingAttacks": {"1": 11361.5, "2": 4015.5, "3": 3258.5625}, "damageDone": {"1": {"1": 30773.39583333423, "2": 7932.8750000000255, "3": 5737.9687499999945}, "2": {"1": 61546.79166666846, "2": 15865.750000000051, "3": 11475.937499999989}, "3": {"1": 123093.58333333692, "2": 31731.500000000102, "3": 22951.874999999978}, "4": {"1": 215413.7708333241, "2": 55530.124999999935, "3": 40165.78124999995}}, "bleedDamage": {"1": {"1": 0.0, "2": 0.0, "3": 0.0}, "2": {"1": 0.0, "2": 0.0, "3": 0.0}, "3": {"1": 0.0, "2": 0.0, "3": 0.0}, "4": {"1": 0.0, "2": 0.0, "3": 0.0}}}