{"deaths": {"1": 1043, "2": 1920, "3": 3541}, "totalAttacks": {"1": 36784.0, "2": 12768.0, "3": 17368.0}, "damagingAttacks": {"1": 35352.0, "2": 11694.0, "3": 13659.875}, "damageDone": {"1": {"1": 53288.25246548759, "2": 10479.82149901405, "3": 12522.428747534452}, "2": {"1": 66610.31558185465, "2": 13099.776873767369, "3": 15653.035934418978}, "3": {"1": 83262.89447733651, "2": 16374.721092208376, "3": 19566.29491802219}, "4": {"1": 103245.98915187217, "2": 20304.654154339125, "3": 24262.205698348007}}, "bleedDamage": {"1": {"1": 0.0, "2": 0.0, "3": 0.0}, "2": {"1": 0.0, "2": 0.0, "3": 0.0}, "3": {"1": 0.0, "2": 0.0, "3": 0.0}, "4": {"1": 0.0, "2": 0.0, "3": 0.0}}}