{"deaths": 13932, "totalAttacks": 100001, "damagingAttacks": 130466.875, "damageDone": {"1": 82049.49642500903, "2": 117946.15111106465, "3": 169547.59222214323, "4": 236853.81975832485}, "bleedDamage": {"1": 0.0, "2": 0.0, "3": 0.0, "4": 0.0}}