{"deaths": 13932, "totalAttacks": 263556, "damagingAttacks": 512262.0, "damageDone": {"1": 227559.75542415332, "2": 284449.69428004604, "3": 355562.1178503498, "4": 440897.02613427036}, "bleedDamage": {"1": 0.0, "2": 0.0, "3": 0.0, "4": 0.0}}