{"deaths": 13932, "totalAttacks": 200002, "damagingAttacks": 382547.0, "damageDone": {"1": 468247.3274160871, "2": 760901.9070520721, "3": 1236465.598958377, "4": 1894938.4031372012}, "bleedDamage": {"1": 0.0, "2": 0.0, "3": 0.0, "4": 0.0}}