{"deaths": 13932, "totalAttacks": 200002, "damagingAttacks": 162954.25, "damageDone": {"1": 26809.712031565494, "2": 38538.96104536447, "3": 55399.756502708646, "4": 77392.09840362177}, "bleedDamage": {"1": 0.0, "2": 0.0, "3": 0.0, "4": 0.0}}