{"deaths": 13932, "totalAttacks": 200002, "damagingAttacks": 233930.25, "damageDone": {"1": 65133.3725345119, "2": 93629.22301842793, "3": 134592.00808891538, "4": 188021.72774614632}, "bleedDamage": {"1": 0.0, "2": 0.0, "3": 0.0, "4": 0.0}}