{"deaths": 13932, "totalAttacks": 200002, "damagingAttacks": 260460.0, "damageDone": {"1": 49709.70562130989, "2": 71457.70183064106, "3": 102720.44638152562, "4": 143497.93927402122}, "bleedDamage": {"1": 0.0, "2": 0.0, "3": 0.0, "4": 0.0}}