{"deaths": 13932, "totalAttacks": 2063556, "damagingAttacks": 3770483.25, "damageDone": {"1": 2033140.4060688706, "2": 2541425.5075806673, "3": 3176781.884477506, "4": 3939209.536737927}, "bleedDamage": {"1": 0.0, "2": 0.0, "3": 0.0, "4": 0.0}, "loadoutDamage": {}}