{"deaths": 13932, "totalAttacks": 100001, "damagingAttacks": 182799.375, "damageDone": {"1": 186431.00221890607, "2": 200771.84854343164, "3": 215112.69486823629, "4": 232762.96726748624}, "bleedDamage": {"1": 0.0, "2": 0.0, "3": 0.0, "4": 0.0}}