{"deaths": 13932, "totalAttacks": 100001, "damagingAttacks": 168953.375, "damageDone": {"1": 135749.19378701807, "2": 146191.43946290883, "3": 156633.6851388935, "4": 169485.67981693213}, "bleedDamage": {"1": 0.0, "2": 0.0, "3": 0.0, "4": 0.0}}