{"deaths": 10111, "totalAttacks": 300003, "damagingAttacks": 361927.125, "damageDone": {"1": 129336.76830622247, "2": 226339.34453585566, "3": 396093.85293807666, "4": 638600.2935115985}, "bleedDamage": {"1": 0.0, "2": 0.0, "3": 0.0, "4": 0.0}}