{"deaths": 10111, "totalAttacks": 300003, "damagingAttacks": 379862.25, "damageDone": {"1": 233304.18694537523, "2": 408282.32715446514, "3": 714494.0725202467, "4": 1151939.4230419484}, "bleedDamage": {"1": 0.0, "2": 0.0, "3": 0.0, "4": 0.0}}