{"deaths": 10111, "totalAttacks": 100001, "damagingAttacks": 130466.875, "damageDone": {"1": 153817.63541665152, "2": 307635.27083330305, "3": 615270.5416666061, "4": 1076723.4479165764}, "bleedDamage": {"1": 0.0, "2": 0.0, "3": 0.0, "4": 0.0}}