{"deaths": 10111, "totalAttacks": 3095334, "damagingAttacks": 3630639.375, "damageDone": {"1": 1792989.6961903514, "2": 3137731.968332232, "3": 5491030.944584878, "4": 8852886.62494022}, "bleedDamage": {"1": 0.0, "2": 0.0, "3": 0.0, "4": 0.0}, "loadoutDamage": {}}