{"deaths": 10111, "totalAttacks": 300003, "damagingAttacks": 391400.625, "damageDone": {"1": 146350.2681213662, "2": 256112.9692123624, "3": 448197.696121725, "4": 722604.4488489209}, "bleedDamage": {"1": 0.0, "2": 0.0, "3": 0.0, "4": 0.0}}