{"deaths": 10111, "totalAttacks": 100001, "damagingAttacks": 116965.125, "damageDone": {"1": 147149.95833333913, "2": 294299.91666667827, "3": 588599.8333333565, "4": 1030049.7083331377}, "bleedDamage": {"1": 0.0, "2": 0.0, "3": 0.0, "4": 0.0}}