{"deaths": 4515, "totalAttacks": 2063556, "damagingAttacks": 3770483.25, "damageDone": {"1": 5033798.626444486, "2": 8179922.768001943, "3": 13292374.498052929, "4": 20371153.816450354}, "bleedDamage": {"1": 0.0, "2": 0.0, "3": 0.0, "4": 0.0}, "loadoutDamage": {}}