{"deaths": 13932, "totalAttacks": 100001, "damagingAttacks": 181692.125, "damageDone": {"1": 230847.76349852848, "2": 248605.28376771175, "3": 266362.8040370101, "4": 288218.21359884326}, "bleedDamage": {"1": 0.0, "2": 0.0, "3": 0.0, "4": 0.0}}