{"deaths": 13932, "totalAttacks": 200002, "damagingAttacks": 374416.5, "damageDone": {"1": 230848.44896457382, "2": 288560.5612055364, "3": 360700.70150718914, "4": 447268.86986879614}, "bleedDamage": {"1": 0.0, "2": 0.0, "3": 0.0, "4": 0.0}}