{"deaths": 13932, "totalAttacks": 100001, "damagingAttacks": 177277.0, "damageDone": {"1": 195412.78291419803, "2": 210444.5354461366, "3": 225476.28797818648, "4": 243976.9064787454}, "bleedDamage": {"1": 0.0, "2": 0.0, "3": 0.0, "4": 0.0}}