{"deaths": 10111, "totalAttacks": 1031778, "damagingAttacks": 1210213.125, "damageDone": {"1": 1243875.1145833079, "2": 2487750.2291666158, "3": 4975500.4583332315, "4": 8707125.802083965}, "bleedDamage": {"1": 0.0, "2": 0.0, "3": 0.0, "4": 0.0}, "loadoutDamage": {}}