{"deaths": 13932, "totalAttacks": 200002, "damagingAttacks": 363384.25, "damageDone": {"1": 590819.6521204325, "2": 960081.934695967, "3": 1560133.1438802935, "4": 2390973.279674657}, "bleedDamage": {"1": 0.0, "2": 0.0, "3": 0.0, "4": 0.0}}