{"deaths": 13932, "totalAttacks": 100001, "damagingAttacks": 187208.25, "damageDone": {"1": 203565.09892747516, "2": 219223.9526911558, "3": 234882.80645506625, "4": 254155.24185627856}, "bleedDamage": {"1": 0.0, "2": 0.0, "3": 0.0, "4": 0.0}}