{"deaths": 10111, "totalAttacks": 100001, "damagingAttacks": 126620.75, "damageDone": {"1": 109945.49999997544, "2": 219890.99999995087, "3": 439781.99999990175, "4": 769618.5000001963}, "bleedDamage": {"1": 0.0, "2": 0.0, "3": 0.0, "4": 0.0}}