{"deaths": 13932, "totalAttacks": 200002, "damagingAttacks": 363384.25, "damageDone": {"1": 281969.842455794, "2": 352462.3030695623, "3": 440577.8788368758, "4": 546316.5697579442}, "bleedDamage": {"1": 0.0, "2": 0.0, "3": 0.0, "4": 0.0}}