{"deaths": 13932, "totalAttacks": 200002, "damagingAttacks": 354554.0, "damageDone": {"1": 224024.11513825002, "2": 280030.14392241865, "3": 350037.6799031821, "4": 434046.7230799478}, "bleedDamage": {"1": 0.0, "2": 0.0, "3": 0.0, "4": 0.0}}