{"deaths": 13932, "totalAttacks": 200002, "damagingAttacks": 354792.5, "damageDone": {"1": 242089.2149902618, "2": 302611.5187376461, "3": 378264.3984221148, "4": 469047.85404341965}, "bleedDamage": {"1": 0.0, "2": 0.0, "3": 0.0, "4": 0.0}}