{"deaths": 13932, "totalAttacks": 200002, "damagingAttacks": 354792.5, "damageDone": {"1": 532235.6183430996, "2": 864882.87980821, "3": 1405434.679687569, "4": 2153891.0179818594}, "bleedDamage": {"1": 0.0, "2": 0.0, "3": 0.0, "4": 0.0}}