{"deaths": 13932, "totalAttacks": 200002, "damagingAttacks": 179634.5, "damageDone": {"1": 42346.54980275463, "2": 60873.16534149922, "3": 87505.17517835797, "4": 122242.57931346644}, "bleedDamage": {"1": 0.0, "2": 0.0, "3": 0.0, "4": 0.0}}