{"deaths": 13932, "totalAttacks": 200002, "damagingAttacks": 374416.5, "damageDone": {"1": 542641.8570019125, "2": 881793.0176289743, "3": 1432913.653645999, "4": 2196003.765053845}, "bleedDamage": {"1": 0.0, "2": 0.0, "3": 0.0, "4": 0.0}}