{"deaths": 13932, "totalAttacks": 200002, "damagingAttacks": 221580.75, "damageDone": {"1": 48363.14151874499, "2": 69522.01593322054, "3": 99937.89790394845, "4": 139610.7874310699}, "bleedDamage": {"1": 0.0, "2": 0.0, "3": 0.0, "4": 0.0}}