{"deaths": {"1": 1043, "2": 1920, "3": 3541}, "totalAttacks": {"1": 18392.0, "2": 6384.0, "3": 8684.0}, "damagingAttacks": {"1": 17676.0, "2": 5847.0, "3": 6829.9375}, "damageDone": {"1": {"1": 45245.75813609808, "2": 9948.24704142009, "3": 11722.058062130003}, "2": {"1": 48726.20106963891, "2": 10713.496813836839, "3": 12623.754836139839}, "3": {"1": 52206.64400318245, "2": 11478.746586253252, "3": 13525.451610149283}, "4": {"1": 56490.26607524078, "2": 12420.592459998012, "3": 14635.232255086321}}, "bleedDamage": {"1": {"1": 0.0, "2": 0.0, "3": 0.0}, "2": {"1": 0.0, "2": 0.0, "3": 0.0}, "3": {"1": 0.0, "2": 0.0, "3": 0.0}, "4": {"1": 0.0, "2": 0.0, "3": 0.0}}}