{"deaths": 54410, "totalAttacks": 100001, "damagingAttacks": 108403.0, "damageDone": {"1": 137230.8333333558, "2": 147787.05128203816, "3": 158343.26923085973, "4": 171335.5374753693}, "bleedDamage": {"1": 0.0, "2": 0.0, "3": 0.0, "4": 0.0}}