{"deaths": 54410, "totalAttacks": 200002, "damagingAttacks": 337906.75, "damageDone": {"1": 83829.6874999779, "2": 90278.12500000706, "3": 96726.56250000904, "4": 104663.10096153813}, "bleedDamage": {"1": 0.0, "2": 0.0, "3": 0.0, "4": 0.0}}