{"deaths": 54410, "totalAttacks": 2063556, "damagingAttacks": 3770483.25, "damageDone": {"1": 1211671.9999996114, "2": 1304877.538461319, "3": 1398083.0769189515, "4": 1512797.5858027232}, "bleedDamage": {"1": 0.0, "2": 0.0, "3": 0.0, "4": 0.0}, "loadoutDamage": {}}