{"deaths": 54410, "totalAttacks": 100001, "damagingAttacks": 116965.125, "damageDone": {"1": 158813.46930831898, "2": 171029.89002423524, "3": 183246.310740409, "4": 198281.90546767332}, "bleedDamage": {"1": 92152.37352069769, "2": 99241.01763762445, "3": 106329.66175467776, "4": 115054.14682163722}}