{"deaths": {"1": 6747, "2": 14451, "3": 21989}, "totalAttacks": {"1": 36784.0, "2": 12768.0, "3": 17368.0}, "damagingAttacks": {"1": 35352.0, "2": 11694.0, "3": 13659.875}, "damageDone": {"1": {"1": 33682.83333333043, "2": 7950.833333333219, "3": 7323.916666666687}, "2": {"1": 36273.82051282477, "2": 8562.435897435906, "3": 7887.2948717947575}, "3": {"1": 38864.807692305374, "2": 9174.038461538616, "3": 8450.673076923025}, "4": {"1": 42053.71499014036, "2": 9926.78007889543, "3": 9144.061637080817}}, "bleedDamage": {"1": {"1": 0.0, "2": 0.0, "3": 0.0}, "2": {"1": 0.0, "2": 0.0, "3": 0.0}, "3": {"1": 0.0, "2": 0.0, "3": 0.0}, "4": {"1": 0.0, "2": 0.0, "3": 0.0}}}