{"deaths": 54410, "totalAttacks": 200002, "damagingAttacks": 354792.5, "damageDone": {"1": 189421.5416666294, "2": 203992.42948716102, "3": 218563.3173076563, "4": 236496.71770214487}, "bleedDamage": {"1": 0.0, "2": 0.0, "3": 0.0, "4": 0.0}}