{"deaths": 54410, "totalAttacks": 100001, "damagingAttacks": 177277.0, "damageDone": {"1": 100868.6262327394, "2": 100868.6262327394, "3": 100868.6262327394, "4": 100868.6262327394}, "bleedDamage": {"1": 0.0, "2": 0.0, "3": 0.0, "4": 0.0}}