{"deaths": 54410, "totalAttacks": 100001, "damagingAttacks": 120642.375, "damageDone": {"1": 94123.78425854334, "2": 101364.07535534771, "3": 108604.36645219853, "4": 117515.49395590808}, "bleedDamage": {"1": 63388.215236643264, "2": 68264.23179331009, "3": 73140.24835000046, "4": 79141.49949661063}}