{"deaths": 54410, "totalAttacks": 100001, "damagingAttacks": 191273.5, "damageDone": {"1": 103191.70143004882, "2": 103191.70143004882, "3": 103191.70143004882, "4": 103191.70143004882}, "bleedDamage": {"1": 0.0, "2": 0.0, "3": 0.0, "4": 0.0}}