{"deaths": 54410, "totalAttacks": 100001, "damagingAttacks": 175795.375, "damageDone": {"1": 67456.9124753607, "2": 67456.9124753607, "3": 67456.9124753607, "4": 67456.9124753607}, "bleedDamage": {"1": 0.0, "2": 0.0, "3": 0.0, "4": 0.0}}