{"deaths": 54410, "totalAttacks": 100001, "damagingAttacks": 177396.25, "damageDone": {"1": 135977.9837278044, "2": 135977.9837278044, "3": 135977.9837278044, "4": 135977.9837278044}, "bleedDamage": {"1": 0.0, "2": 0.0, "3": 0.0, "4": 0.0}}