{"deaths": 54410, "totalAttacks": 100001, "damagingAttacks": 89817.25, "damageDone": {"1": 89341.39187659408, "2": 96213.80663630982, "3": 103086.22139607648, "4": 111544.57802346647}, "bleedDamage": {"1": 54946.946745521265, "2": 59173.63495671011, "3": 63400.3231679069, "4": 68602.40096634219}}