{"deaths": 54410, "totalAttacks": 131778, "damagingAttacks": 194807.25, "damageDone": {"1": 187377.74999998708, "2": 201791.42307690956, "3": 216205.0961538598, "4": 233945.0014793375}, "bleedDamage": {"1": 0.0, "2": 0.0, "3": 0.0, "4": 0.0}}