{"deaths": 54410, "totalAttacks": 100001, "damagingAttacks": 187208.25, "damageDone": {"1": 71687.34800299717, "2": 71687.34800299717, "3": 71687.34800299717, "4": 71687.34800299717}, "bleedDamage": {"1": 0.0, "2": 0.0, "3": 0.0, "4": 0.0}}