{"deaths": 54410, "totalAttacks": 100001, "damagingAttacks": 116965.125, "damageDone": {"1": 147149.95833333913, "2": 158469.18589737816, "3": 169788.4134616145, "4": 183719.77046349444}, "bleedDamage": {"1": 0.0, "2": 0.0, "3": 0.0, "4": 0.0}}