{"deaths": 54410, "totalAttacks": 100001, "damagingAttacks": 120642.375, "damageDone": {"1": 85647.47916668619, "2": 92235.74679485837, "3": 98824.01442313378, "4": 106932.65150393253}, "bleedDamage": {"1": 0.0, "2": 0.0, "3": 0.0, "4": 0.0}}