{"deaths": 54410, "totalAttacks": 200002, "damagingAttacks": 373462.75, "damageDone": {"1": 129823.24999992854, "2": 139809.6538462304, "3": 149796.05769238767, "4": 162087.01627223537}, "bleedDamage": {"1": 0.0, "2": 0.0, "3": 0.0, "4": 0.0}}