{"deaths": 54410, "totalAttacks": 100001, "damagingAttacks": 126620.75, "damageDone": {"1": 154358.62213207345, "2": 166232.36229595586, "3": 178106.10246002686, "4": 192719.9365079241}, "bleedDamage": {"1": 91748.84171600982, "2": 98806.44492484065, "3": 105864.0481338179, "4": 114550.3290062698}}