{"deaths": 54410, "totalAttacks": 100001, "damagingAttacks": 186731.375, "damageDone": {"1": 129339.82291672745, "2": 139289.04006405495, "3": 149238.25721155084, "4": 161483.44754679475}, "bleedDamage": {"1": 0.0, "2": 0.0, "3": 0.0, "4": 0.0}}