{"deaths": 54410, "totalAttacks": 100001, "damagingAttacks": 126620.75, "damageDone": {"1": 109945.49999997544, "2": 118402.84615381759, "3": 126860.19230774161, "4": 137269.2337277053}, "bleedDamage": {"1": 0.0, "2": 0.0, "3": 0.0, "4": 0.0}}