{"deaths": {"1": 6747, "2": 14451, "3": 21989}, "totalAttacks": {"1": 18392.0, "2": 6384.0, "3": 8684.0}, "damagingAttacks": {"1": 11361.5, "2": 4015.5, "3": 3258.5625}, "damageDone": {"1": {"1": 26093.166082334195, "2": 5841.429844593302, "3": 4513.942344567973}, "2": {"1": 28100.33270405142, "2": 6290.770601869926, "3": 4861.168678765532}, "3": {"1": 30107.499325767894, "2": 6740.111359146138, "3": 5208.395012962825}, "4": {"1": 32577.85824480514, "2": 7293.1461373326065, "3": 5635.750501206089}}, "bleedDamage": {"1": {"1": 18689.331360941833, "2": 5589.609467455425, "3": 5027.132396449523}, "2": {"1": 20126.972234858888, "2": 6019.579426490703, "3": 5413.834888484094}, "3": {"1": 21564.613108776066, "2": 6449.549385525395, "3": 5800.537380518357}, "4": {"1": 23334.017261295823, "2": 6978.743181261111, "3": 6276.478909176674}}}