{"deaths": 54410, "totalAttacks": 100001, "damagingAttacks": 81477.125, "damageDone": {"1": 70726.66666666455, "2": 76167.17948718242, "3": 81607.69230768552, "4": 88303.7080867792}, "bleedDamage": {"1": 0.0, "2": 0.0, "3": 0.0, "4": 0.0}}