{"deaths": 54410, "totalAttacks": 200002, "damagingAttacks": 351590.75, "damageDone": {"1": 72329.99999999726, "2": 77893.84615384629, "3": 83457.69230768728, "4": 90305.50295856789}, "bleedDamage": {"1": 0.0, "2": 0.0, "3": 0.0, "4": 0.0}}