{"deaths": 54410, "totalAttacks": 100001, "damagingAttacks": 130230.0, "damageDone": {"1": 147789.04826707175, "2": 159157.43659522868, "3": 170525.82492349655, "4": 184517.68748134546}, "bleedDamage": {"1": 102548.68934904084, "2": 110437.05006818665, "3": 118325.41078736719, "4": 128034.16244177814}}