{"deaths": 54410, "totalAttacks": 100001, "damagingAttacks": 110790.375, "damageDone": {"1": 120322.29166666948, "2": 129577.85256412011, "3": 138833.41346149085, "4": 150224.8730276113}, "bleedDamage": {"1": 0.0, "2": 0.0, "3": 0.0, "4": 0.0}}