{"deaths": 54410, "totalAttacks": 263556, "damagingAttacks": 512262.0, "damageDone": {"1": 135932.16666669212, "2": 146388.4871794187, "3": 156844.80769228365, "4": 169714.12524650103}, "bleedDamage": {"1": 0.0, "2": 0.0, "3": 0.0, "4": 0.0}}