{"deaths": 54410, "totalAttacks": 100001, "damagingAttacks": 168953.375, "damageDone": {"1": 76010.66438608352, "2": 76010.66438608352, "3": 76010.66438608352, "4": 76010.66438608352}, "bleedDamage": {"1": 0.0, "2": 0.0, "3": 0.0, "4": 0.0}}