{"deaths": 54410, "totalAttacks": 100001, "damagingAttacks": 81477.125, "damageDone": {"1": 72147.62493012956, "2": 77697.44223242224, "3": 83247.25953476907, "4": 90077.80390683954}, "bleedDamage": {"1": 63532.76701180251, "2": 68419.90293576884, "3": 73307.03885978433, "4": 79321.97538161278}}