{"deaths": 54410, "totalAttacks": 200002, "damagingAttacks": 382547.0, "damageDone": {"1": 113235.91666662726, "2": 121946.37179485733, "3": 130656.82692314727, "4": 141377.38708080008}, "bleedDamage": {"1": 0.0, "2": 0.0, "3": 0.0, "4": 0.0}}