{"deaths": 54410, "totalAttacks": 100001, "damagingAttacks": 181692.125, "damageDone": {"1": 129115.45845669371, "2": 129115.45845669371, "3": 129115.45845669371, "4": 129115.45845669371}, "bleedDamage": {"1": 0.0, "2": 0.0, "3": 0.0, "4": 0.0}}