{"deaths": {"1": 6747, "2": 14451, "3": 21989}, "totalAttacks": {"1": 18392.0, "2": 6384.0, "3": 8684.0}, "damagingAttacks": {"1": 11361.5, "2": 4015.5, "3": 3258.5625}, "damageDone": {"1": {"1": 30773.39583333423, "2": 7932.8750000000255, "3": 5737.9687499999945}, "2": {"1": 33140.58012820633, "2": 8543.096153846342, "3": 6179.350961538583}, "3": {"1": 35507.76442307647, "2": 9153.317307692463, "3": 6620.733173076947}, "4": {"1": 38421.22201676617, "2": 9904.358727810493, "3": 7163.972818047223}}, "bleedDamage": {"1": {"1": 0.0, "2": 0.0, "3": 0.0}, "2": {"1": 0.0, "2": 0.0, "3": 0.0}, "3": {"1": 0.0, "2": 0.0, "3": 0.0}, "4": {"1": 0.0, "2": 0.0, "3": 0.0}}}