{"deaths": {"1": 6747, "2": 14451, "3": 21989}, "totalAttacks": {"1": 18392.0, "2": 6384.0, "3": 8684.0}, "damagingAttacks": {"1": 17676.0, "2": 5847.0, "3": 6829.9375}, "damageDone": {"1": {"1": 32099.208333335013, "2": 7799.958333333397, "3": 7670.624999999928}, "2": {"1": 34568.37820512072, "2": 8399.955128205176, "3": 8260.673076923118}, "3": {"1": 37037.5480769276, "2": 8999.951923076736, "3": 8850.721153846105}, "4": {"1": 40076.5263806716, "2": 9738.409516765547, "3": 9576.93417159764}}, "bleedDamage": {"1": {"1": 0.0, "2": 0.0, "3": 0.0}, "2": {"1": 0.0, "2": 0.0, "3": 0.0}, "3": {"1": 0.0, "2": 0.0, "3": 0.0}, "4": {"1": 0.0, "2": 0.0, "3": 0.0}}}