{"deaths": 54410, "totalAttacks": 1031778, "damagingAttacks": 1210213.125, "damageDone": {"1": 1459802.6218095399, "2": 1572095.131178706, "3": 1684387.6405359788, "4": 1822593.8058982617}, "bleedDamage": {"1": 897648.9430588038, "2": 966698.8617549309, "3": 1035748.7804398461, "4": 1120733.2957471898}, "loadoutDamage": {}}