{"deaths": 54410, "totalAttacks": 100001, "damagingAttacks": 110790.375, "damageDone": {"1": 126730.45486980304, "2": 136478.95139819878, "3": 146227.4479266962, "4": 158225.5975001233}, "bleedDamage": {"1": 87312.66494078773, "2": 94029.02378235351, "3": 100745.38262398975, "4": 109011.67042897607}}