{"deaths": 54410, "totalAttacks": 100001, "damagingAttacks": 108403.0, "damageDone": {"1": 127429.04533069814, "2": 137231.279586778, "3": 147033.51384305186, "4": 159097.80215833348}, "bleedDamage": {"1": 85624.00000005, "2": 92210.46153841795, "3": 98796.923076939, "4": 106903.33727805816}}