{"deaths": 54410, "totalAttacks": 200002, "damagingAttacks": 363384.25, "damageDone": {"1": 168987.39583333881, "2": 181986.42628217727, "3": 194985.4567307945, "4": 210984.26343685106}, "bleedDamage": {"1": 0.0, "2": 0.0, "3": 0.0, "4": 0.0}}