{"deaths": 54410, "totalAttacks": 1031778, "damagingAttacks": 1210213.125, "damageDone": {"1": 1466722.8470096996, "2": 1579547.6813942571, "3": 1692372.515766835, "4": 1831233.850378746}, "bleedDamage": {"1": 897648.9430588038, "2": 966698.8617549309, "3": 1035748.7804398461, "4": 1120733.2957471898}, "loadoutDamage": {}}