{"deaths": 54410, "totalAttacks": 100001, "damagingAttacks": 130230.0, "damageDone": {"1": 138870.24999999045, "2": 149552.57692307094, "3": 160234.9038461253, "4": 173382.38313607927}, "bleedDamage": {"1": 0.0, "2": 0.0, "3": 0.0, "4": 0.0}}