{"deaths": 54410, "totalAttacks": 1031778, "damagingAttacks": 1210213.125, "damageDone": {"1": 1243875.1145833079, "2": 1339557.8157074968, "3": 1435240.5168251158, "4": 1553003.8412866974}, "bleedDamage": {"1": 0.0, "2": 0.0, "3": 0.0, "4": 0.0}, "loadoutDamage": {}}