{"deaths": 54410, "totalAttacks": 131778, "damagingAttacks": 194807.25, "damageDone": {"1": 230777.52718654892, "2": 248529.64466210944, "3": 266281.7621382701, "4": 288130.5221083384}, "bleedDamage": {"1": 153597.26183452143, "2": 165412.4358215341, "3": 177227.60980899705, "4": 191769.36240852877}}