{"deaths": 54410, "totalAttacks": 200002, "damagingAttacks": 374416.5, "damageDone": {"1": 58756.250000014385, "2": 63275.96153844981, "3": 67795.67307690377, "4": 73358.39497042117}, "bleedDamage": {"1": 0.0, "2": 0.0, "3": 0.0, "4": 0.0}}