{"deaths": 54410, "totalAttacks": 200002, "damagingAttacks": 354554.0, "damageDone": {"1": 121470.52083334666, "2": 130814.40705125264, "3": 140158.29326920753, "4": 151658.46092208955}, "bleedDamage": {"1": 0.0, "2": 0.0, "3": 0.0, "4": 0.0}}