{"deaths": 54410, "totalAttacks": 100001, "damagingAttacks": 130466.875, "damageDone": {"1": 153817.63541665152, "2": 165649.76121788158, "3": 177481.88701925284, "4": 192044.50339001897}, "bleedDamage": {"1": 0.0, "2": 0.0, "3": 0.0, "4": 0.0}}