{"deaths": 54410, "totalAttacks": 100001, "damagingAttacks": 130466.875, "damageDone": {"1": 140727.204581214, "2": 151552.37416434736, "3": 162377.5437475491, "4": 175700.82938841337}, "bleedDamage": {"1": 102802.9400887001, "2": 110710.85855703645, "3": 118618.77702542674, "4": 128351.59975575315}}