{"deaths": 54410, "totalAttacks": 100001, "damagingAttacks": 168953.375, "damageDone": {"1": 92415.84375002747, "2": 99524.75480769352, "3": 106633.66586537461, "4": 115383.09485944443}, "bleedDamage": {"1": 0.0, "2": 0.0, "3": 0.0, "4": 0.0}}