{"deaths": 54410, "totalAttacks": 100001, "damagingAttacks": 89817.25, "damageDone": {"1": 92795.04166666836, "2": 99933.12179488306, "3": 107071.20192301225, "4": 115856.53131165136}, "bleedDamage": {"1": 0.0, "2": 0.0, "3": 0.0, "4": 0.0}}