{"deaths": 54410, "totalAttacks": 200002, "damagingAttacks": 365598.75, "damageDone": {"1": 137899.10416671805, "2": 148506.72756407384, "3": 159114.35096160584, "4": 172169.88745061163}, "bleedDamage": {"1": 0.0, "2": 0.0, "3": 0.0, "4": 0.0}}